-1.42566,-1.61483,0.77462,0.52587,1.41177,-2.38038
-1.42527,-1.61430,0.77357,0.52619,1.41022,-2.37967
-1.42488,-1.61377,0.77251,0.52652,1.40866,-2.37897
-1.42449,-1.61323,0.77145,0.52683,1.40709,-2.37825
-1.42410,-1.61271,0.77040,0.52717,1.40554,-2.37754
-1.42371,-1.61216,0.76932,0.52749,1.40399,-2.37683
-1.42332,-1.61162,0.76825,0.52782,1.40243,-2.37612
-1.42300,-1.61100,0.76726,0.52750,1.40099,-2.37606
-1.42269,-1.61039,0.76628,0.52719,1.39957,-2.37599
-1.42247,-1.60990,0.76587,0.52626,1.39857,-2.37569
-1.42225,-1.60941,0.76547,0.52534,1.39759,-2.37540
-1.42205,-1.60876,0.76481,0.52424,1.39667,-2.37513
-1.42185,-1.60809,0.76414,0.52314,1.39577,-2.37486
-1.42160,-1.60733,0.76314,0.52230,1.39460,-2.37521
-1.42135,-1.60656,0.76212,0.52145,1.39343,-2.37556
-1.42115,-1.60604,0.76163,0.52049,1.39244,-2.37516
-1.42094,-1.60551,0.76114,0.51953,1.39145,-2.37476
-1.42071,-1.60492,0.76057,0.51851,1.39040,-2.37444
-1.42048,-1.60432,0.76000,0.51749,1.38938,-2.37413
-1.42024,-1.60388,0.75962,0.51660,1.38820,-2.37375
-1.42000,-1.60344,0.75925,0.51571,1.38702,-2.37339
-1.41974,-1.60308,0.75902,0.51483,1.38578,-2.37267
-1.41947,-1.60273,0.75880,0.51396,1.38453,-2.37197
-1.41928,-1.60210,0.75816,0.51295,1.38364,-2.37169
-1.41909,-1.60149,0.75752,0.51195,1.38275,-2.37142
-1.41888,-1.60089,0.75688,0.51103,1.38177,-2.37123
-1.41868,-1.60029,0.75623,0.51010,1.38079,-2.37105
-1.41854,-1.59952,0.75541,0.50897,1.38018,-2.37074
-1.41841,-1.59875,0.75459,0.50785,1.37957,-2.37046
-1.41817,-1.59823,0.75405,0.50699,1.37845,-2.37025
-1.41794,-1.59771,0.75352,0.50613,1.37735,-2.37005
-1.41775,-1.59708,0.75285,0.50515,1.37648,-2.36977
-1.41756,-1.59644,0.75218,0.50417,1.37561,-2.36951
-1.41738,-1.59587,0.75159,0.50324,1.37475,-2.36918
-1.41720,-1.59529,0.75100,0.50231,1.37388,-2.36884
-1.41700,-1.59466,0.75031,0.50135,1.37296,-2.36858
-1.41680,-1.59403,0.74963,0.50038,1.37203,-2.36831
-1.41668,-1.59326,0.74879,0.49931,1.37149,-2.36802
-1.41655,-1.59249,0.74796,0.49825,1.37094,-2.36773
-1.41631,-1.59198,0.74742,0.49737,1.36979,-2.36745
-1.41608,-1.59146,0.74687,0.49649,1.36865,-2.36717
-1.41591,-1.59085,0.74624,0.49550,1.36788,-2.36677
-1.41574,-1.59023,0.74562,0.49452,1.36710,-2.36638
-1.41558,-1.58948,0.74474,0.49350,1.36640,-2.36624
-1.41542,-1.58873,0.74388,0.49250,1.36567,-2.36609
-1.41522,-1.58819,0.74334,0.49159,1.36471,-2.36558
-1.41502,-1.58766,0.74280,0.49070,1.36378,-2.36509
-1.41483,-1.58697,0.74198,0.48976,1.36286,-2.36501
-1.41463,-1.58627,0.74115,0.48883,1.36191,-2.36493
-1.41446,-1.58562,0.74043,0.48787,1.36115,-2.36462
-1.41430,-1.58496,0.73971,0.48689,1.36039,-2.36430
-1.41414,-1.58425,0.73890,0.48592,1.35966,-2.36409
-1.41397,-1.58355,0.73810,0.48497,1.35890,-2.36387
-1.41381,-1.58288,0.73733,0.48403,1.35815,-2.36362
-1.41364,-1.58219,0.73654,0.48309,1.35738,-2.36336
-1.41347,-1.58157,0.73585,0.48216,1.35657,-2.36300
-1.41329,-1.58096,0.73516,0.48126,1.35575,-2.36266
-1.41313,-1.58029,0.73440,0.48032,1.35497,-2.36237
-1.41296,-1.57963,0.73365,0.47939,1.35420,-2.36209
-1.41283,-1.57874,0.73258,0.47831,1.35364,-2.36197
-1.41271,-1.57785,0.73152,0.47722,1.35310,-2.36186
-1.41249,-1.57723,0.73079,0.47636,1.35212,-2.36157
-1.41229,-1.57658,0.73003,0.47548,1.35115,-2.36128
-1.41209,-1.57596,0.72934,0.47458,1.35026,-2.36098
-1.41190,-1.57533,0.72864,0.47367,1.34937,-2.36065
-1.41170,-1.57474,0.72797,0.47280,1.34848,-2.36034
-1.41151,-1.57415,0.72731,0.47194,1.34759,-2.36002
-1.41132,-1.57354,0.72663,0.47108,1.34675,-2.35973
-1.41114,-1.57292,0.72591,0.47021,1.34592,-2.35943
-1.41092,-1.57231,0.72523,0.46930,1.34494,-2.35907
-1.41071,-1.57170,0.72455,0.46840,1.34398,-2.35872
-1.41052,-1.57112,0.72389,0.46756,1.34307,-2.35839
-1.41032,-1.57053,0.72322,0.46672,1.34219,-2.35806
-1.41012,-1.56991,0.72251,0.46584,1.34127,-2.35774
-1.40992,-1.56929,0.72180,0.46497,1.34037,-2.35741
-1.40972,-1.56868,0.72112,0.46409,1.33942,-2.35706
-1.40951,-1.56808,0.72043,0.46323,1.33848,-2.35670
-1.40932,-1.56737,0.71965,0.46228,1.33770,-2.35653
-1.40914,-1.56666,0.71886,0.46132,1.33694,-2.35634
-1.40890,-1.56632,0.71849,0.46058,1.33560,-2.35567
-1.40866,-1.56599,0.71814,0.45984,1.33427,-2.35498
-1.40847,-1.56539,0.71743,0.45901,1.33340,-2.35462
-1.40829,-1.56478,0.71673,0.45817,1.33254,-2.35426
-1.40813,-1.56399,0.71576,0.45723,1.33180,-2.35404
-1.40797,-1.56320,0.71477,0.45628,1.33106,-2.35381
-1.40778,-1.56257,0.71404,0.45540,1.33018,-2.35336
-1.40759,-1.56193,0.71329,0.45451,1.32929,-2.35293
-1.40740,-1.56147,0.71282,0.45375,1.32840,-2.35220
-1.40721,-1.56101,0.71235,0.45298,1.32749,-2.35150
-1.40703,-1.56032,0.71151,0.45212,1.32670,-2.35121
-1.40686,-1.55963,0.71067,0.45126,1.32589,-2.35090
-1.40668,-1.55903,0.70997,0.45046,1.32505,-2.35052
-1.40650,-1.55844,0.70927,0.44967,1.32422,-2.35015
-1.40630,-1.55791,0.70866,0.44885,1.32324,-2.34963
-1.40610,-1.55736,0.70805,0.44804,1.32227,-2.34912
-1.40597,-1.55652,0.70698,0.44705,1.32167,-2.34874
-1.40585,-1.55568,0.70590,0.44606,1.32108,-2.34837
-1.40566,-1.55511,0.70525,0.44526,1.32016,-2.34793
-1.40546,-1.55456,0.70460,0.44448,1.31923,-2.34750
-1.40525,-1.55402,0.70397,0.44372,1.31824,-2.34710
-1.40503,-1.55348,0.70335,0.44296,1.31723,-2.34669
-1.40492,-1.55309,0.70288,0.44256,1.31670,-2.34664
-1.40481,-1.55270,0.70240,0.44217,1.31617,-2.34659
-1.40470,-1.55230,0.70190,0.44177,1.31566,-2.34655
-1.40459,-1.55190,0.70140,0.44137,1.31514,-2.34651
-1.40447,-1.55151,0.70092,0.44099,1.31456,-2.34651
-1.40435,-1.55111,0.70042,0.44062,1.31400,-2.34652
-1.40444,-1.54988,0.69859,0.44001,1.31452,-2.34755
-1.40453,-1.54862,0.69672,0.43942,1.31505,-2.34860
-1.40429,-1.54842,0.69639,0.43918,1.31372,-2.34900
-1.40404,-1.54820,0.69605,0.43893,1.31238,-2.34940
-1.40384,-1.54768,0.69535,0.43871,1.31169,-2.35037
-1.40363,-1.54715,0.69464,0.43848,1.31100,-2.35135
-1.40352,-1.54634,0.69349,0.43808,1.31068,-2.35257
-1.40340,-1.54553,0.69233,0.43768,1.31034,-2.35380
-1.40308,-1.54507,0.69172,0.43758,1.30923,-2.35512
-1.40275,-1.54462,0.69111,0.43748,1.30812,-2.35642
-1.40246,-1.54402,0.69029,0.43732,1.30722,-2.35792
-1.40217,-1.54341,0.68945,0.43718,1.30634,-2.35941
-1.40185,-1.54291,0.68877,0.43707,1.30528,-2.36078
-1.40153,-1.54242,0.68808,0.43694,1.30420,-2.36212
-1.40123,-1.54189,0.68734,0.43677,1.30313,-2.36343
-1.40093,-1.54136,0.68659,0.43659,1.30206,-2.36472
-1.40061,-1.54083,0.68587,0.43646,1.30101,-2.36611
-1.40030,-1.54031,0.68513,0.43633,1.29994,-2.36748
-1.40012,-1.53946,0.68394,0.43595,1.29947,-2.36878
-1.39994,-1.53861,0.68275,0.43557,1.29900,-2.37009
-1.39968,-1.53804,0.68193,0.43541,1.29810,-2.37144
-1.39941,-1.53748,0.68112,0.43526,1.29719,-2.37280
-1.39922,-1.53664,0.67993,0.43490,1.29660,-2.37416
-1.39902,-1.53581,0.67874,0.43456,1.29603,-2.37551
-1.39880,-1.53506,0.67768,0.43427,1.29537,-2.37687
-1.39857,-1.53431,0.67661,0.43399,1.29471,-2.37823
-1.39829,-1.53370,0.67574,0.43382,1.29375,-2.37960
-1.39800,-1.53309,0.67485,0.43364,1.29277,-2.38098
-1.39778,-1.53231,0.67373,0.43331,1.29207,-2.38230
-1.39755,-1.53151,0.67260,0.43298,1.29137,-2.38363
-1.39749,-1.53028,0.67078,0.43241,1.29138,-2.38492
-1.39744,-1.52903,0.66895,0.43184,1.29140,-2.38619
-1.39710,-1.52856,0.66829,0.43181,1.29032,-2.38759
-1.39675,-1.52807,0.66761,0.43177,1.28923,-2.38899
-1.39661,-1.52735,0.66662,0.43125,1.28861,-2.38978
-1.39647,-1.52664,0.66561,0.43075,1.28802,-2.39057
-1.39638,-1.52569,0.66425,0.43026,1.28781,-2.39153
-1.39629,-1.52473,0.66286,0.42980,1.28761,-2.39250
-1.39629,-1.52327,0.66072,0.42913,1.28796,-2.39359
-1.39630,-1.52181,0.65856,0.42849,1.28831,-2.39467
-1.39620,-1.52084,0.65714,0.42803,1.28807,-2.39557
-1.39610,-1.51986,0.65571,0.42758,1.28785,-2.39648
-1.39604,-1.51890,0.65436,0.42702,1.28774,-2.39713
-1.39597,-1.51794,0.65299,0.42647,1.28759,-2.39780
-1.39594,-1.51687,0.65146,0.42571,1.28749,-2.39847
-1.39592,-1.51578,0.64991,0.42496,1.28737,-2.39914
-1.39576,-1.51521,0.64915,0.42447,1.28666,-2.39981
-1.39560,-1.51464,0.64839,0.42399,1.28596,-2.40049
-1.39570,-1.51321,0.64631,0.42310,1.28644,-2.40091
-1.39580,-1.51175,0.64418,0.42221,1.28693,-2.40133
-1.39569,-1.51093,0.64290,0.42202,1.28662,-2.40182
-1.39559,-1.51011,0.64162,0.42183,1.28634,-2.40231
-1.39559,-1.50926,0.64043,0.42109,1.28619,-2.40228
-1.39561,-1.50842,0.63925,0.42036,1.28606,-2.40226
-1.39561,-1.50744,0.63782,0.41979,1.28610,-2.40239
-1.39561,-1.50645,0.63638,0.41921,1.28616,-2.40251
-1.39542,-1.50556,0.63506,0.41897,1.28569,-2.40353
-1.39524,-1.50468,0.63374,0.41873,1.28523,-2.40455
-1.39519,-1.50375,0.63238,0.41819,1.28504,-2.40487
-1.39514,-1.50282,0.63103,0.41765,1.28483,-2.40520
-1.39505,-1.50211,0.63000,0.41711,1.28432,-2.40549
-1.39496,-1.50141,0.62899,0.41656,1.28380,-2.40577
-1.39492,-1.50030,0.62732,0.41608,1.28374,-2.40631
-1.39488,-1.49918,0.62562,0.41559,1.28368,-2.40686
-1.39481,-1.49825,0.62428,0.41510,1.28351,-2.40724
-1.39474,-1.49730,0.62290,0.41461,1.28336,-2.40762
-1.39470,-1.49634,0.62145,0.41405,1.28310,-2.40787
-1.39465,-1.49538,0.62002,0.41350,1.28283,-2.40811
-1.39449,-1.49505,0.61958,0.41327,1.28209,-2.40810
-1.39431,-1.49472,0.61913,0.41306,1.28133,-2.40809
-1.39437,-1.49345,0.61725,0.41224,1.28152,-2.40821
-1.39444,-1.49217,0.61536,0.41142,1.28172,-2.40831
-1.39414,-1.49228,0.61561,0.41146,1.28050,-2.40836
-1.39384,-1.49239,0.61588,0.41151,1.27931,-2.40840
-1.39370,-1.49200,0.61522,0.41135,1.27852,-2.40832
-1.39356,-1.49160,0.61455,0.41119,1.27774,-2.40826
-1.39388,-1.48920,0.61104,0.40968,1.27917,-2.40870
-1.39421,-1.48676,0.60746,0.40820,1.28063,-2.40915
-1.39413,-1.48600,0.60634,0.40773,1.28023,-2.40911
-1.39406,-1.48524,0.60521,0.40727,1.27986,-2.40908
-1.39396,-1.48440,0.60394,0.40693,1.27952,-2.40929
-1.39387,-1.48356,0.60265,0.40659,1.27918,-2.40950
-1.39381,-1.48282,0.60154,0.40615,1.27883,-2.40940
-1.39377,-1.48209,0.60042,0.40573,1.27851,-2.40930
-1.39368,-1.48140,0.59942,0.40530,1.27806,-2.40918
-1.39360,-1.48072,0.59842,0.40489,1.27763,-2.40907
-1.39351,-1.48006,0.59744,0.40449,1.27720,-2.40896
-1.39343,-1.47938,0.59643,0.40407,1.27676,-2.40884
-1.39335,-1.47871,0.59544,0.40367,1.27634,-2.40872
-1.39326,-1.47803,0.59442,0.40326,1.27589,-2.40859
-1.39317,-1.47734,0.59341,0.40285,1.27545,-2.40849
-1.39308,-1.47663,0.59237,0.40244,1.27501,-2.40840
-1.39300,-1.47596,0.59137,0.40204,1.27458,-2.40829
-1.39292,-1.47528,0.59035,0.40164,1.27415,-2.40819
-1.39314,-1.47344,0.58756,0.40083,1.27441,-2.40731
-1.39337,-1.47158,0.58473,0.40003,1.27466,-2.40643
-1.39361,-1.46979,0.58199,0.39922,1.27494,-2.40532
-1.39385,-1.46799,0.57923,0.39843,1.27521,-2.40422
-1.39399,-1.46627,0.57661,0.39777,1.27522,-2.40359
-1.39413,-1.46452,0.57395,0.39713,1.27524,-2.40298
-1.39439,-1.46249,0.57084,0.39624,1.27562,-2.40211
-1.39465,-1.46046,0.56773,0.39536,1.27601,-2.40125
-1.39495,-1.45835,0.56446,0.39449,1.27651,-2.40020
-1.39524,-1.45623,0.56117,0.39364,1.27701,-2.39916
-1.39534,-1.45489,0.55914,0.39310,1.27675,-2.39801
-1.39544,-1.45355,0.55711,0.39258,1.27648,-2.39686
-1.39563,-1.45231,0.55532,0.39163,1.27616,-2.39518
-1.39583,-1.45109,0.55353,0.39069,1.27584,-2.39352
-1.39613,-1.44932,0.55079,0.38985,1.27618,-2.39176
-1.39642,-1.44754,0.54804,0.38903,1.27652,-2.39000
-1.39665,-1.44574,0.54521,0.38841,1.27672,-2.38895
-1.39688,-1.44394,0.54238,0.38782,1.27693,-2.38790
-1.39708,-1.44175,0.53873,0.38754,1.27715,-2.38755
-1.39728,-1.43957,0.53508,0.38727,1.27737,-2.38721
-1.39751,-1.43776,0.53224,0.38665,1.27756,-2.38607
-1.39774,-1.43596,0.52940,0.38604,1.27773,-2.38493
-1.39796,-1.43413,0.52653,0.38543,1.27789,-2.38380
-1.39818,-1.43229,0.52361,0.38485,1.27806,-2.38268
-1.39842,-1.43049,0.52075,0.38426,1.27827,-2.38130
-1.39867,-1.42867,0.51786,0.38369,1.27850,-2.37994
-1.39886,-1.42699,0.51525,0.38311,1.27855,-2.37881
-1.39905,-1.42532,0.51263,0.38254,1.27860,-2.37770
-1.39929,-1.42317,0.50911,0.38211,1.27889,-2.37685
-1.39954,-1.42101,0.50556,0.38169,1.27918,-2.37602
-1.39969,-1.41938,0.50297,0.38124,1.27908,-2.37494
-1.39984,-1.41775,0.50037,0.38081,1.27898,-2.37386
-1.40015,-1.41550,0.49667,0.38035,1.27948,-2.37275
-1.40046,-1.41324,0.49294,0.37991,1.27998,-2.37164
-1.40065,-1.41143,0.49012,0.37935,1.28005,-2.37056
-1.40083,-1.40961,0.48726,0.37880,1.28012,-2.36948
-1.40106,-1.40756,0.48391,0.37838,1.28035,-2.36842
-1.40130,-1.40549,0.48053,0.37799,1.28059,-2.36736
-1.40157,-1.40347,0.47714,0.37771,1.28090,-2.36597
-1.40183,-1.40145,0.47376,0.37745,1.28119,-2.36458
-1.40210,-1.39916,0.46993,0.37721,1.28157,-2.36352
-1.40236,-1.39686,0.46607,0.37699,1.28195,-2.36245
-1.40255,-1.39476,0.46257,0.37675,1.28206,-2.36147
-1.40273,-1.39264,0.45906,0.37651,1.28216,-2.36049
-1.40299,-1.39058,0.45567,0.37613,1.28241,-2.35939
-1.40324,-1.38849,0.45224,0.37578,1.28267,-2.35830
-1.40352,-1.38634,0.44865,0.37544,1.28297,-2.35698
-1.40381,-1.38416,0.44500,0.37511,1.28328,-2.35566
-1.40402,-1.38176,0.44094,0.37500,1.28348,-2.35487
-1.40423,-1.37935,0.43686,0.37492,1.28370,-2.35408
-1.40447,-1.37693,0.43273,0.37482,1.28390,-2.35325
-1.40471,-1.37451,0.42858,0.37475,1.28412,-2.35243
-1.40495,-1.37245,0.42513,0.37455,1.28431,-2.35088
-1.40520,-1.37041,0.42169,0.37437,1.28452,-2.34934
-1.40544,-1.36789,0.41740,0.37425,1.28475,-2.34857
-1.40568,-1.36533,0.41304,0.37415,1.28496,-2.34779
-1.40587,-1.36339,0.40975,0.37407,1.28498,-2.34633
-1.40606,-1.36144,0.40646,0.37401,1.28499,-2.34485
-1.40626,-1.35943,0.40304,0.37387,1.28494,-2.34343
-1.40646,-1.35738,0.39954,0.37376,1.28491,-2.34202
-1.40662,-1.35513,0.39562,0.37397,1.28484,-2.34115
-1.40677,-1.35287,0.39167,0.37419,1.28477,-2.34026
-1.40694,-1.35029,0.38715,0.37449,1.28486,-2.33970
-1.40711,-1.34764,0.38252,0.37483,1.28494,-2.33914
-1.40721,-1.34585,0.37950,0.37477,1.28455,-2.33802
-1.40730,-1.34404,0.37643,0.37473,1.28416,-2.33688
-1.40739,-1.34227,0.37337,0.37490,1.28381,-2.33570
-1.40747,-1.34050,0.37031,0.37508,1.28346,-2.33452
-1.40752,-1.33878,0.36741,0.37513,1.28296,-2.33362
-1.40756,-1.33705,0.36449,0.37520,1.28245,-2.33275
-1.40768,-1.33483,0.36049,0.37565,1.28223,-2.33165
-1.40780,-1.33259,0.35648,0.37612,1.28199,-2.33055
-1.40794,-1.33042,0.35266,0.37645,1.28183,-2.32957
-1.40807,-1.32824,0.34881,0.37680,1.28165,-2.32858
-1.40818,-1.32622,0.34528,0.37703,1.28132,-2.32738
-1.40829,-1.32420,0.34174,0.37728,1.28100,-2.32617
-1.40836,-1.32194,0.33773,0.37771,1.28061,-2.32516
-1.40843,-1.31964,0.33364,0.37817,1.28022,-2.32414
-1.40852,-1.31763,0.33013,0.37842,1.27985,-2.32318
-1.40862,-1.31557,0.32653,0.37870,1.27949,-2.32222
-1.40865,-1.31345,0.32283,0.37900,1.27889,-2.32134
-1.40868,-1.31131,0.31910,0.37933,1.27832,-2.32047
-1.40876,-1.30909,0.31505,0.38007,1.27795,-2.31950
-1.40883,-1.30685,0.31095,0.38083,1.27759,-2.31851
-1.40878,-1.30502,0.30781,0.38106,1.27670,-2.31759
-1.40873,-1.30319,0.30466,0.38130,1.27582,-2.31669
-1.40884,-1.30047,0.29969,0.38213,1.27555,-2.31581
-1.40896,-1.29772,0.29465,0.38300,1.27529,-2.31493
-1.40900,-1.29550,0.29064,0.38367,1.27484,-2.31411
-1.40904,-1.29323,0.28654,0.38438,1.27438,-2.31329
-1.40899,-1.29120,0.28297,0.38487,1.27354,-2.31270
-1.40893,-1.28916,0.27936,0.38538,1.27269,-2.31211
-1.40911,-1.28608,0.27371,0.38646,1.27276,-2.31109
-1.40931,-1.28293,0.26792,0.38761,1.27286,-2.31005
-1.40931,-1.27987,0.26218,0.38900,1.27232,-2.30970
-1.40933,-1.27673,0.25628,0.39048,1.27182,-2.30935
-1.40938,-1.27398,0.25124,0.39154,1.27136,-2.30847
-1.40943,-1.27117,0.24605,0.39266,1.27091,-2.30760
-1.40938,-1.26886,0.24187,0.39356,1.27017,-2.30686
-1.40932,-1.26649,0.23758,0.39452,1.26941,-2.30613
-1.40932,-1.26649,0.23758,0.39452,1.26941,-2.30613
-1.40932,-1.26649,0.23758,0.39452,1.26941,-2.30613
-1.40932,-1.26649,0.23758,0.39452,1.26941,-2.30613
-1.40932,-1.26649,0.23758,0.39452,1.26941,-2.30613
-1.40932,-1.26649,0.23758,0.39452,1.26941,-2.30613
-1.40932,-1.26649,0.23758,0.39452,1.26941,-2.30613
-1.40932,-1.26649,0.23758,0.39452,1.26941,-2.30613
-1.40932,-1.26649,0.23758,0.39452,1.26941,-2.30613
-1.40932,-1.26649,0.23758,0.39452,1.26941,-2.30613
-1.40932,-1.26649,0.23758,0.39452,1.26941,-2.30613
-1.40932,-1.26649,0.23758,0.39452,1.26941,-2.30613
-1.40932,-1.26649,0.23758,0.39452,1.26941,-2.30613
-1.40932,-1.26649,0.23758,0.39452,1.26941,-2.30613
-1.40932,-1.26649,0.23758,0.39452,1.26941,-2.30613
-1.40932,-1.26649,0.23758,0.39452,1.26941,-2.30613
-1.40932,-1.26649,0.23758,0.39452,1.26941,-2.30613
-1.40932,-1.26649,0.23758,0.39452,1.26941,-2.30613
-1.40932,-1.26649,0.23758,0.39452,1.26941,-2.30613
-1.40932,-1.26649,0.23758,0.39452,1.26941,-2.30613
-1.40932,-1.26649,0.23758,0.39452,1.26941,-2.30613
-1.40932,-1.26649,0.23758,0.39452,1.26941,-2.30613
-1.40932,-1.26649,0.23758,0.39452,1.26941,-2.30613
-1.40932,-1.26649,0.23758,0.39452,1.26941,-2.30613
-1.40932,-1.26649,0.23758,0.39452,1.26941,-2.30613
-1.40932,-1.26649,0.23758,0.39452,1.26941,-2.30613
-1.40932,-1.26649,0.23758,0.39452,1.26941,-2.30613
-1.40932,-1.26649,0.23758,0.39452,1.26941,-2.30613
-1.40932,-1.26649,0.23758,0.39452,1.26941,-2.30613
-1.40932,-1.26649,0.23758,0.39452,1.26941,-2.30613
-1.40932,-1.26649,0.23758,0.39452,1.26941,-2.30613
-1.40932,-1.26649,0.23758,0.39452,1.26941,-2.30613
-1.40932,-1.26649,0.23758,0.39452,1.26941,-2.30613
-1.40932,-1.26649,0.23758,0.39452,1.26941,-2.30613
-1.40932,-1.26649,0.23758,0.39452,1.26941,-2.30613
-1.40932,-1.26649,0.23758,0.39452,1.26941,-2.30613
-1.40932,-1.26649,0.23758,0.39452,1.26941,-2.30613
-1.40932,-1.26649,0.23758,0.39452,1.26941,-2.30613
-1.40932,-1.26649,0.23758,0.39452,1.26941,-2.30613
-1.40932,-1.26649,0.23758,0.39452,1.26941,-2.30613
-1.40932,-1.26649,0.23758,0.39452,1.26941,-2.30613
-1.40932,-1.26649,0.23758,0.39452,1.26941,-2.30613
-1.40932,-1.26649,0.23758,0.39452,1.26941,-2.30613
-1.40932,-1.26649,0.23758,0.39452,1.26941,-2.30613
-1.40932,-1.26649,0.23758,0.39452,1.26941,-2.30613
-1.40932,-1.26649,0.23758,0.39452,1.26941,-2.30613
-1.40932,-1.26649,0.23758,0.39452,1.26941,-2.30613
-1.40932,-1.26649,0.23758,0.39452,1.26941,-2.30613
-1.40932,-1.26649,0.23758,0.39452,1.26941,-2.30613
-1.40932,-1.26649,0.23758,0.39452,1.26941,-2.30613
-1.40932,-1.26649,0.23758,0.39452,1.26941,-2.30613
-1.40932,-1.26649,0.23758,0.39452,1.26941,-2.30613
-1.40932,-1.26649,0.23758,0.39452,1.26941,-2.30613
-1.40932,-1.26649,0.23758,0.39452,1.26941,-2.30613
-1.40932,-1.26649,0.23758,0.39452,1.26941,-2.30613
-1.40932,-1.26649,0.23758,0.39452,1.26941,-2.30613
-1.40932,-1.26649,0.23758,0.39452,1.26941,-2.30613
-1.40932,-1.26649,0.23758,0.39452,1.26941,-2.30613
-1.40932,-1.26649,0.23758,0.39452,1.26941,-2.30613
-1.40932,-1.26649,0.23758,0.39452,1.26941,-2.30613
-1.40932,-1.26649,0.23758,0.39452,1.26941,-2.30613
-1.40932,-1.26649,0.23758,0.39452,1.26941,-2.30613
-1.40932,-1.26649,0.23758,0.39452,1.26941,-2.30613
-1.40932,-1.26649,0.23758,0.39452,1.26941,-2.30613
-1.40932,-1.26649,0.23758,0.39452,1.26941,-2.30613
-1.40932,-1.26649,0.23758,0.39452,1.26941,-2.30613
-1.40932,-1.26649,0.23758,0.39452,1.26941,-2.30613
-1.40932,-1.26649,0.23758,0.39452,1.26941,-2.30613
-1.40932,-1.26649,0.23758,0.39452,1.26941,-2.30613
-1.40932,-1.26649,0.23758,0.39452,1.26941,-2.30613
-1.40932,-1.26649,0.23758,0.39452,1.26941,-2.30613
-1.40932,-1.26649,0.23758,0.39452,1.26941,-2.30613
-1.40932,-1.26649,0.23758,0.39452,1.26941,-2.30613
-1.40932,-1.26649,0.23758,0.39452,1.26941,-2.30613
-1.40932,-1.26649,0.23758,0.39452,1.26941,-2.30613
-1.40932,-1.26649,0.23758,0.39452,1.26941,-2.30613
-1.40932,-1.26649,0.23758,0.39452,1.26941,-2.30613
-1.40932,-1.26649,0.23758,0.39452,1.26941,-2.30613
-1.40932,-1.26649,0.23758,0.39452,1.26941,-2.30613
-1.40932,-1.26649,0.23758,0.39452,1.26941,-2.30613
-1.40932,-1.26649,0.23758,0.39452,1.26941,-2.30613
-1.40932,-1.26649,0.23758,0.39452,1.26941,-2.30613
-1.40932,-1.26649,0.23758,0.39452,1.26941,-2.30613
-1.40932,-1.26649,0.23758,0.39452,1.26941,-2.30613
-1.40932,-1.26649,0.23758,0.39452,1.26941,-2.30613
-1.40932,-1.26649,0.23758,0.39452,1.26941,-2.30613
-1.40932,-1.26649,0.23758,0.39452,1.26941,-2.30613
-1.40932,-1.26649,0.23758,0.39452,1.26941,-2.30613
-1.40932,-1.26649,0.23758,0.39452,1.26941,-2.30613
-1.40932,-1.26649,0.23758,0.39452,1.26941,-2.30613
-1.40932,-1.26649,0.23758,0.39452,1.26941,-2.30613
-1.40932,-1.26649,0.23758,0.39452,1.26941,-2.30613
-1.40932,-1.26649,0.23758,0.39452,1.26941,-2.30613
-1.40932,-1.26649,0.23758,0.39452,1.26941,-2.30613
-1.40932,-1.26649,0.23758,0.39452,1.26941,-2.30613
-1.40932,-1.26649,0.23758,0.39452,1.26941,-2.30613
-1.40932,-1.26649,0.23758,0.39452,1.26941,-2.30613
-1.40932,-1.26649,0.23758,0.39452,1.26941,-2.30613
-1.40932,-1.26649,0.23758,0.39452,1.26941,-2.30613
-1.40932,-1.26649,0.23758,0.39452,1.26941,-2.30613
-1.40932,-1.26649,0.23758,0.39452,1.26941,-2.30613
-1.40932,-1.26649,0.23758,0.39452,1.26941,-2.30613
-1.40932,-1.26649,0.23758,0.39452,1.26941,-2.30613
-1.40932,-1.26649,0.23758,0.39452,1.26941,-2.30613
-1.40932,-1.26649,0.23758,0.39452,1.26941,-2.30613
-1.40932,-1.26649,0.23758,0.39452,1.26941,-2.30613
-1.40932,-1.26649,0.23758,0.39452,1.26941,-2.30613
-1.40932,-1.26649,0.23758,0.39452,1.26941,-2.30613
-1.40932,-1.26649,0.23758,0.39452,1.26941,-2.30613
-1.40932,-1.26649,0.23758,0.39452,1.26941,-2.30613
-1.40932,-1.26649,0.23758,0.39452,1.26941,-2.30613
-1.40932,-1.26649,0.23758,0.39452,1.26941,-2.30613
-1.40932,-1.26649,0.23758,0.39452,1.26941,-2.30613
-1.40932,-1.26649,0.23758,0.39452,1.26941,-2.30613
-1.40932,-1.26649,0.23758,0.39452,1.26941,-2.30613
-1.40932,-1.26649,0.23758,0.39452,1.26941,-2.30613
-1.40932,-1.26649,0.23758,0.39452,1.26941,-2.30613
-1.40932,-1.26649,0.23758,0.39452,1.26941,-2.30613
-1.40932,-1.26649,0.23758,0.39452,1.26941,-2.30613
-1.40932,-1.26649,0.23758,0.39452,1.26941,-2.30613
-1.40932,-1.26649,0.23758,0.39452,1.26941,-2.30613
-1.40932,-1.26649,0.23758,0.39452,1.26941,-2.30613
-1.40932,-1.26649,0.23758,0.39452,1.26941,-2.30613
-1.40932,-1.26649,0.23758,0.39452,1.26941,-2.30613
-1.40932,-1.26649,0.23758,0.39452,1.26941,-2.30613
-1.40932,-1.26649,0.23758,0.39452,1.26941,-2.30613
-1.40932,-1.26649,0.23758,0.39452,1.26941,-2.30613
-1.40932,-1.26649,0.23758,0.39452,1.26941,-2.30613
-1.40932,-1.26649,0.23758,0.39452,1.26941,-2.30613
-1.40932,-1.26649,0.23758,0.39452,1.26941,-2.30613
-1.40932,-1.26649,0.23758,0.39452,1.26941,-2.30613
-1.40932,-1.26649,0.23758,0.39452,1.26941,-2.30613
-1.40932,-1.26649,0.23758,0.39452,1.26941,-2.30613
-1.40932,-1.26649,0.23758,0.39452,1.26941,-2.30613
-1.40932,-1.26649,0.23758,0.39452,1.26941,-2.30613
-1.40932,-1.26649,0.23758,0.39452,1.26941,-2.30613
-1.40932,-1.26649,0.23758,0.39452,1.26941,-2.30613
-1.40932,-1.26649,0.23758,0.39452,1.26941,-2.30613
-1.40932,-1.26649,0.23758,0.39452,1.26941,-2.30613
-1.40932,-1.26649,0.23758,0.39452,1.26941,-2.30613
-1.40932,-1.26649,0.23758,0.39452,1.26941,-2.30613
-1.40932,-1.26649,0.23758,0.39452,1.26941,-2.30613
-1.40932,-1.26649,0.23758,0.39452,1.26941,-2.30613
-1.40932,-1.26649,0.23758,0.39452,1.26941,-2.30613
-1.40932,-1.26649,0.23758,0.39452,1.26941,-2.30613
-1.40932,-1.26649,0.23758,0.39452,1.26941,-2.30613
-1.40932,-1.26649,0.23758,0.39452,1.26941,-2.30613
-1.40932,-1.26649,0.23758,0.39452,1.26941,-2.30613
-1.40932,-1.26649,0.23758,0.39452,1.26941,-2.30613
-1.40932,-1.26649,0.23758,0.39452,1.26941,-2.30613
-1.40932,-1.26649,0.23758,0.39452,1.26941,-2.30613
-1.40932,-1.26649,0.23758,0.39452,1.26941,-2.30613
-1.40932,-1.26649,0.23758,0.39452,1.26941,-2.30613
-1.40932,-1.26649,0.23758,0.39452,1.26941,-2.30613
-1.40932,-1.26649,0.23758,0.39452,1.26941,-2.30613
-1.40932,-1.26649,0.23758,0.39452,1.26941,-2.30613
-1.40932,-1.26649,0.23758,0.39452,1.26941,-2.30613
-1.40932,-1.26649,0.23758,0.39452,1.26941,-2.30613
-1.40932,-1.26649,0.23758,0.39452,1.26941,-2.30613
-1.40932,-1.26649,0.23758,0.39452,1.26941,-2.30613
-1.40932,-1.26649,0.23758,0.39452,1.26941,-2.30613
-1.40932,-1.26649,0.23758,0.39452,1.26941,-2.30613
-1.40932,-1.26649,0.23758,0.39452,1.26941,-2.30613
-1.40932,-1.26649,0.23758,0.39452,1.26941,-2.30613
-1.40932,-1.26649,0.23758,0.39452,1.26941,-2.30613
-1.40932,-1.26649,0.23758,0.39452,1.26941,-2.30613
-1.40932,-1.26649,0.23758,0.39452,1.26941,-2.30613
-1.40932,-1.26649,0.23758,0.39452,1.26941,-2.30613
-1.40932,-1.26649,0.23758,0.39452,1.26941,-2.30613
-1.40932,-1.26649,0.23758,0.39452,1.26941,-2.30613
-1.40932,-1.26649,0.23758,0.39452,1.26941,-2.30613
-1.40932,-1.26649,0.23758,0.39452,1.26941,-2.30613
-1.40932,-1.26649,0.23758,0.39452,1.26941,-2.30613
-1.40932,-1.26649,0.23758,0.39452,1.26941,-2.30613
-1.40932,-1.26649,0.23758,0.39452,1.26941,-2.30613
-1.40932,-1.26649,0.23758,0.39452,1.26941,-2.30613
-1.40932,-1.26649,0.23758,0.39452,1.26941,-2.30613
-1.40932,-1.26649,0.23758,0.39452,1.26941,-2.30613
-1.40932,-1.26649,0.23758,0.39452,1.26941,-2.30613
-1.40932,-1.26649,0.23758,0.39452,1.26941,-2.30613
-1.40932,-1.26649,0.23758,0.39452,1.26941,-2.30613
-1.40932,-1.26649,0.23758,0.39452,1.26941,-2.30613
-1.40932,-1.26649,0.23758,0.39452,1.26941,-2.30613
-1.40932,-1.26649,0.23758,0.39452,1.26941,-2.30613
-1.40932,-1.26649,0.23758,0.39452,1.26941,-2.30613
-1.40932,-1.26649,0.23758,0.39452,1.26941,-2.30613
-1.40932,-1.26649,0.23758,0.39452,1.26941,-2.30613
-1.40932,-1.26649,0.23758,0.39452,1.26941,-2.30613
-1.40932,-1.26649,0.23758,0.39452,1.26941,-2.30613
-1.40932,-1.26649,0.23758,0.39452,1.26941,-2.30613
-1.40932,-1.26649,0.23758,0.39452,1.26941,-2.30613
-1.40932,-1.26649,0.23758,0.39452,1.26941,-2.30613
-1.40932,-1.26649,0.23758,0.39452,1.26941,-2.30613
-1.40932,-1.26649,0.23758,0.39452,1.26941,-2.30613
-1.40932,-1.26649,0.23758,0.39452,1.26941,-2.30613
-1.40932,-1.26649,0.23758,0.39452,1.26941,-2.30613
-1.40932,-1.26649,0.23758,0.39452,1.26941,-2.30613
-1.40932,-1.26649,0.23758,0.39452,1.26941,-2.30613
-1.40932,-1.26649,0.23758,0.39452,1.26941,-2.30613
-1.40932,-1.26649,0.23758,0.39452,1.26941,-2.30613
-1.40932,-1.26649,0.23758,0.39452,1.26941,-2.30613
-1.40932,-1.26649,0.23758,0.39452,1.26941,-2.30613
-1.40932,-1.26649,0.23758,0.39452,1.26941,-2.30613
-1.40932,-1.26649,0.23758,0.39452,1.26941,-2.30613
-1.40932,-1.26649,0.23758,0.39452,1.26941,-2.30613
-1.40932,-1.26649,0.23758,0.39452,1.26941,-2.30613
-1.40932,-1.26649,0.23758,0.39452,1.26941,-2.30613
-1.40932,-1.26649,0.23758,0.39452,1.26941,-2.30613
-1.40932,-1.26649,0.23758,0.39452,1.26941,-2.30613
-1.40932,-1.26649,0.23758,0.39452,1.26941,-2.30613
-1.40932,-1.26649,0.23758,0.39452,1.26941,-2.30613
-1.40932,-1.26649,0.23758,0.39452,1.26941,-2.30613
-1.40932,-1.26649,0.23758,0.39452,1.26941,-2.30613
-1.40932,-1.26649,0.23758,0.39452,1.26941,-2.30613
-1.40932,-1.26649,0.23758,0.39452,1.26941,-2.30613
-1.40932,-1.26649,0.23758,0.39452,1.26941,-2.30613
-1.40932,-1.26649,0.23758,0.39452,1.26941,-2.30613
-1.40932,-1.26649,0.23758,0.39452,1.26941,-2.30613
-1.40932,-1.26649,0.23758,0.39452,1.26941,-2.30613
-1.40932,-1.26649,0.23758,0.39452,1.26941,-2.30613
-1.40932,-1.26649,0.23758,0.39452,1.26941,-2.30613
-1.40932,-1.26649,0.23758,0.39452,1.26941,-2.30613
-1.40932,-1.26649,0.23758,0.39452,1.26941,-2.30613
-1.40932,-1.26649,0.23758,0.39452,1.26941,-2.30613
-1.40932,-1.26649,0.23758,0.39452,1.26941,-2.30613
-1.40932,-1.26649,0.23758,0.39452,1.26941,-2.30613
-1.40932,-1.26649,0.23758,0.39452,1.26941,-2.30613
-1.40932,-1.26649,0.23758,0.39452,1.26941,-2.30613
-1.40932,-1.26649,0.23758,0.39452,1.26941,-2.30613
-1.40932,-1.26649,0.23758,0.39452,1.26941,-2.30613
-1.40932,-1.26649,0.23758,0.39452,1.26941,-2.30613
-1.40932,-1.26649,0.23758,0.39452,1.26941,-2.30613
-1.40932,-1.26649,0.23758,0.39452,1.26941,-2.30613
-1.40932,-1.26649,0.23758,0.39452,1.26941,-2.30613
-1.40932,-1.26649,0.23758,0.39452,1.26941,-2.30613
-1.40932,-1.26649,0.23758,0.39452,1.26941,-2.30613
-1.40932,-1.26649,0.23758,0.39452,1.26941,-2.30613
-1.40932,-1.26649,0.23758,0.39452,1.26941,-2.30613
-1.40932,-1.26649,0.23758,0.39452,1.26941,-2.30613
-1.40932,-1.26649,0.23758,0.39452,1.26941,-2.30613
-1.40932,-1.26649,0.23758,0.39452,1.26941,-2.30613
-1.40932,-1.26649,0.23758,0.39452,1.26941,-2.30613
-1.40932,-1.26649,0.23758,0.39452,1.26941,-2.30613
-1.40932,-1.26649,0.23758,0.39452,1.26941,-2.30613
-1.40932,-1.26649,0.23758,0.39452,1.26941,-2.30613
-1.40932,-1.26649,0.23758,0.39452,1.26941,-2.30613
-1.40932,-1.26649,0.23758,0.39452,1.26941,-2.30613
-1.40932,-1.26649,0.23758,0.39452,1.26941,-2.30613
-1.40932,-1.26649,0.23758,0.39452,1.26941,-2.30613
-1.40932,-1.26649,0.23758,0.39452,1.26941,-2.30613
-1.40932,-1.26649,0.23758,0.39452,1.26941,-2.30613
-1.40932,-1.26649,0.23758,0.39452,1.26941,-2.30613
-1.40932,-1.26649,0.23758,0.39452,1.26941,-2.30613
-1.40932,-1.26649,0.23758,0.39452,1.26941,-2.30613
-1.40932,-1.26649,0.23758,0.39452,1.26941,-2.30613
-1.40932,-1.26649,0.23758,0.39452,1.26941,-2.30613
-1.40932,-1.26649,0.23758,0.39452,1.26941,-2.30613
-1.40932,-1.26649,0.23758,0.39452,1.26941,-2.30613
-1.40932,-1.26649,0.23758,0.39452,1.26941,-2.30613
-1.40932,-1.26649,0.23758,0.39452,1.26941,-2.30613
-1.40932,-1.26649,0.23758,0.39452,1.26941,-2.30613
-1.40932,-1.26649,0.23758,0.39452,1.26941,-2.30613
-1.40932,-1.26649,0.23758,0.39452,1.26941,-2.30613
-1.40932,-1.26649,0.23758,0.39452,1.26941,-2.30613
-1.40932,-1.26649,0.23758,0.39452,1.26941,-2.30613
-1.40932,-1.26649,0.23758,0.39452,1.26941,-2.30613
-1.40932,-1.26649,0.23758,0.39452,1.26941,-2.30613
-1.40932,-1.26649,0.23758,0.39452,1.26941,-2.30613
-1.40932,-1.26649,0.23758,0.39452,1.26941,-2.30613
-1.40932,-1.26649,0.23758,0.39452,1.26941,-2.30613
-1.40932,-1.26649,0.23758,0.39452,1.26941,-2.30613
-1.40932,-1.26649,0.23758,0.39452,1.26941,-2.30613
-1.40932,-1.26649,0.23758,0.39452,1.26941,-2.30613
-1.40932,-1.26649,0.23758,0.39452,1.26941,-2.30613
-1.40932,-1.26649,0.23758,0.39452,1.26941,-2.30613
-1.40932,-1.26649,0.23758,0.39452,1.26941,-2.30613
-1.40932,-1.26649,0.23758,0.39452,1.26941,-2.30613
-1.40932,-1.26649,0.23758,0.39452,1.26941,-2.30613
-1.40932,-1.26649,0.23758,0.39452,1.26941,-2.30613
-1.40932,-1.26649,0.23758,0.39452,1.26941,-2.30613
-1.40932,-1.26649,0.23758,0.39452,1.26941,-2.30613
-1.40932,-1.26649,0.23758,0.39452,1.26941,-2.30613
-1.40932,-1.26649,0.23758,0.39452,1.26941,-2.30613
-1.40932,-1.26649,0.23758,0.39452,1.26941,-2.30613
-1.40932,-1.26649,0.23758,0.39452,1.26941,-2.30613
-1.40932,-1.26649,0.23758,0.39452,1.26941,-2.30613
-1.40932,-1.26649,0.23758,0.39452,1.26941,-2.30613
-1.40932,-1.26649,0.23758,0.39452,1.26941,-2.30613
-1.40932,-1.26649,0.23758,0.39452,1.26941,-2.30613
-1.40932,-1.26649,0.23758,0.39452,1.26941,-2.30613
-1.40932,-1.26649,0.23758,0.39452,1.26941,-2.30613
-1.40932,-1.26649,0.23758,0.39452,1.26941,-2.30613
-1.40932,-1.26649,0.23758,0.39452,1.26941,-2.30613
-1.40932,-1.26649,0.23758,0.39452,1.26941,-2.30613
-1.40932,-1.26649,0.23758,0.39452,1.26941,-2.30613
-1.40932,-1.26649,0.23758,0.39452,1.26941,-2.30613
-1.40932,-1.26649,0.23758,0.39452,1.26941,-2.30613
-1.40932,-1.26649,0.23758,0.39452,1.26941,-2.30613
-1.40932,-1.26649,0.23758,0.39452,1.26941,-2.30613
-1.40932,-1.26649,0.23758,0.39452,1.26941,-2.30613
-1.40932,-1.26649,0.23758,0.39452,1.26941,-2.30613
-1.40877,-1.26863,0.24198,0.39328,1.26710,-2.30623
-1.40821,-1.27073,0.24626,0.39210,1.26480,-2.30634
-1.40760,-1.27278,0.25045,0.39108,1.26244,-2.30684
-1.40699,-1.27478,0.25452,0.39011,1.26009,-2.30735
-1.40658,-1.27669,0.25849,0.38885,1.25817,-2.30707
-1.40618,-1.27856,0.26236,0.38764,1.25624,-2.30678
-1.40535,-1.28073,0.26668,0.38694,1.25325,-2.30793
-1.40454,-1.28286,0.27090,0.38628,1.25026,-2.30908
-1.40420,-1.28469,0.27469,0.38489,1.24841,-2.30807
-1.40387,-1.28648,0.27840,0.38354,1.24655,-2.30706
-1.40329,-1.28807,0.28165,0.38291,1.24429,-2.30757
-1.40272,-1.28964,0.28483,0.38231,1.24203,-2.30808
-1.40200,-1.29143,0.28846,0.38165,1.23937,-2.30890
-1.40127,-1.29322,0.29206,0.38100,1.23667,-2.30974
-1.40102,-1.29377,0.29323,0.38079,1.23531,-2.30955
-1.40077,-1.29431,0.29441,0.38057,1.23396,-2.30937
-1.40062,-1.29482,0.29548,0.38023,1.23270,-2.30878
-1.40047,-1.29532,0.29654,0.37989,1.23142,-2.30819
-1.40006,-1.29645,0.29885,0.37937,1.22956,-2.30808
-1.39966,-1.29759,0.30117,0.37885,1.22770,-2.30798
-1.39925,-1.29869,0.30340,0.37847,1.22583,-2.30771
-1.39882,-1.29976,0.30556,0.37810,1.22394,-2.30745
-1.39825,-1.30065,0.30738,0.37794,1.22174,-2.30816
-1.39768,-1.30154,0.30920,0.37778,1.21953,-2.30888
-1.39727,-1.30271,0.31159,0.37726,1.21762,-2.30878
-1.39686,-1.30387,0.31394,0.37675,1.21570,-2.30869
-1.39637,-1.30547,0.31710,0.37603,1.21346,-2.30838
-1.39587,-1.30707,0.32027,0.37533,1.21123,-2.30808
-1.39538,-1.30827,0.32270,0.37492,1.20914,-2.30824
-1.39489,-1.30944,0.32506,0.37453,1.20705,-2.30839
-1.39445,-1.31007,0.32636,0.37453,1.20530,-2.30888
-1.39402,-1.31070,0.32768,0.37453,1.20355,-2.30938
-1.39353,-1.31189,0.33010,0.37408,1.20148,-2.30961
-1.39303,-1.31309,0.33252,0.37364,1.19941,-2.30984
-1.39265,-1.31465,0.33558,0.37292,1.19746,-2.30913
-1.39228,-1.31619,0.33860,0.37222,1.19551,-2.30842
-1.39173,-1.31800,0.34222,0.37146,1.19320,-2.30815
-1.39118,-1.31979,0.34578,0.37073,1.19088,-2.30789
-1.39069,-1.32088,0.34799,0.37045,1.18882,-2.30808
-1.39020,-1.32194,0.35012,0.37020,1.18676,-2.30828
-1.38967,-1.32333,0.35286,0.36976,1.18452,-2.30832
-1.38913,-1.32472,0.35558,0.36935,1.18227,-2.30838
-1.38857,-1.32610,0.35831,0.36894,1.17998,-2.30845
-1.38803,-1.32751,0.36106,0.36855,1.17771,-2.30853
-1.38745,-1.32892,0.36375,0.36825,1.17536,-2.30880
-1.38688,-1.33028,0.36636,0.36797,1.17302,-2.30906
-1.38635,-1.33163,0.36903,0.36758,1.17080,-2.30903
-1.38581,-1.33295,0.37167,0.36720,1.16860,-2.30899
-1.38526,-1.33412,0.37388,0.36707,1.16633,-2.30938
-1.38471,-1.33526,0.37605,0.36695,1.16405,-2.30976
-1.38416,-1.33655,0.37854,0.36669,1.16180,-2.30988
-1.38361,-1.33783,0.38101,0.36642,1.15953,-2.30999
-1.38306,-1.33910,0.38346,0.36617,1.15725,-2.31008
-1.38252,-1.34037,0.38592,0.36593,1.15500,-2.31018
-1.38196,-1.34162,0.38832,0.36571,1.15270,-2.31031
-1.38141,-1.34285,0.39068,0.36550,1.15041,-2.31042
-1.38066,-1.34477,0.39436,0.36507,1.14754,-2.31058
-1.37991,-1.34667,0.39800,0.36464,1.14467,-2.31072
-1.37931,-1.34786,0.40023,0.36462,1.14231,-2.31126
-1.37872,-1.34907,0.40251,0.36460,1.13996,-2.31179
-1.37840,-1.34958,0.40350,0.36457,1.13834,-2.31151
-1.37809,-1.35008,0.40446,0.36454,1.13671,-2.31123
-1.37754,-1.35123,0.40662,0.36448,1.13446,-2.31137
-1.37699,-1.35237,0.40877,0.36442,1.13221,-2.31153
-1.37616,-1.35416,0.41219,0.36425,1.12922,-2.31213
-1.37534,-1.35593,0.41557,0.36411,1.12626,-2.31272
-1.37497,-1.35636,0.41633,0.36436,1.12457,-2.31295
-1.37460,-1.35678,0.41708,0.36462,1.12291,-2.31316
-1.37368,-1.35835,0.41998,0.36493,1.11985,-2.31473
-1.37276,-1.35993,0.42288,0.36526,1.11679,-2.31633
-1.37215,-1.36129,0.42540,0.36522,1.11438,-2.31671
-1.37155,-1.36265,0.42790,0.36521,1.11195,-2.31711
-1.37081,-1.36407,0.43048,0.36543,1.10922,-2.31749
-1.37007,-1.36549,0.43303,0.36569,1.10651,-2.31790
-1.36934,-1.36678,0.43537,0.36597,1.10387,-2.31877
-1.36861,-1.36806,0.43769,0.36626,1.10126,-2.31964
-1.36784,-1.36986,0.44100,0.36620,1.09832,-2.32023
-1.36706,-1.37166,0.44430,0.36615,1.09539,-2.32081
-1.36633,-1.37289,0.44650,0.36651,1.09282,-2.32170
-1.36561,-1.37410,0.44865,0.36688,1.09024,-2.32261
-1.36495,-1.37469,0.44959,0.36757,1.08796,-2.32369
-1.36429,-1.37527,0.45051,0.36828,1.08566,-2.32476
-1.36299,-1.37830,0.45587,0.36862,1.08141,-2.32592
-1.36170,-1.38130,0.46118,0.36903,1.07715,-2.32710
-1.36118,-1.38191,0.46224,0.36931,1.07507,-2.32752
-1.36068,-1.38252,0.46333,0.36959,1.07302,-2.32796
-1.36004,-1.38365,0.46527,0.36986,1.07057,-2.32852
-1.35939,-1.38477,0.46719,0.37013,1.06811,-2.32909
-1.35858,-1.38625,0.46971,0.37057,1.06521,-2.32989
-1.35776,-1.38771,0.47220,0.37102,1.06229,-2.33070
-1.35697,-1.38868,0.47383,0.37169,1.05965,-2.33210
-1.35617,-1.38964,0.47543,0.37237,1.05699,-2.33348
-1.35561,-1.39027,0.47653,0.37284,1.05494,-2.33430
-1.35505,-1.39088,0.47759,0.37333,1.05289,-2.33514
-1.35439,-1.39210,0.47968,0.37375,1.05047,-2.33576
-1.35373,-1.39331,0.48174,0.37418,1.04806,-2.33637
-1.35286,-1.39361,0.48201,0.37540,1.04544,-2.33879
-1.35199,-1.39394,0.48231,0.37663,1.04282,-2.34123
-1.35148,-1.39435,0.48296,0.37726,1.04104,-2.34224
-1.35098,-1.39474,0.48360,0.37789,1.03928,-2.34326
-1.35025,-1.39509,0.48389,0.37944,1.03750,-2.34623
-1.34952,-1.39546,0.48419,0.38100,1.03574,-2.34921
-1.34892,-1.39589,0.48479,0.38192,1.03408,-2.35092
-1.34832,-1.39631,0.48535,0.38284,1.03243,-2.35263
-1.34804,-1.39712,0.48675,0.38309,1.03119,-2.35284
-1.34776,-1.39792,0.48813,0.38333,1.02997,-2.35302
-1.34728,-1.39850,0.48900,0.38407,1.02842,-2.35425
-1.34679,-1.39909,0.48987,0.38482,1.02689,-2.35549
-1.34644,-1.39881,0.48916,0.38620,1.02629,-2.35803
-1.34609,-1.39851,0.48842,0.38758,1.02570,-2.36058
-1.34560,-1.39898,0.48914,0.38809,1.02388,-2.36113
-1.34510,-1.39944,0.48986,0.38861,1.02207,-2.36168
-1.34482,-1.39934,0.48950,0.38935,1.02108,-2.36285
-1.34453,-1.39923,0.48911,0.39009,1.02008,-2.36404
-1.34397,-1.40005,0.49036,0.39123,1.01857,-2.36600
-1.34341,-1.40087,0.49162,0.39238,1.01706,-2.36797
-1.34314,-1.40135,0.49245,0.39255,1.01585,-2.36793
-1.34287,-1.40183,0.49328,0.39273,1.01463,-2.36788
-1.34238,-1.40242,0.49408,0.39363,1.01310,-2.36955
-1.34189,-1.40300,0.49486,0.39454,1.01156,-2.37124
-1.34154,-1.40347,0.49563,0.39495,1.01029,-2.37168
-1.34118,-1.40392,0.49636,0.39536,1.00900,-2.37213
-1.34080,-1.40378,0.49586,0.39654,1.00798,-2.37412
-1.34041,-1.40362,0.49531,0.39772,1.00697,-2.37611
-1.33995,-1.40403,0.49588,0.39833,1.00528,-2.37679
-1.33949,-1.40446,0.49647,0.39893,1.00360,-2.37746
-1.33910,-1.40560,0.49843,0.39907,1.00208,-2.37763
-1.33871,-1.40673,0.50038,0.39922,1.00054,-2.37780
-1.33844,-1.40669,0.50026,0.39963,0.99951,-2.37825
-1.33816,-1.40666,0.50015,0.40003,0.99848,-2.37869
-1.33780,-1.40660,0.49983,0.40106,0.99750,-2.38036
-1.33744,-1.40652,0.49947,0.40211,0.99653,-2.38203
-1.33705,-1.40732,0.50074,0.40267,0.99510,-2.38272
-1.33664,-1.40811,0.50198,0.40326,0.99366,-2.38342
-1.33618,-1.40863,0.50277,0.40384,0.99191,-2.38414
-1.33571,-1.40914,0.50353,0.40442,0.99017,-2.38487
-1.33535,-1.40934,0.50361,0.40548,0.98918,-2.38650
-1.33500,-1.40953,0.50366,0.40654,0.98821,-2.38812
-1.33458,-1.40982,0.50402,0.40731,0.98685,-2.38929
-1.33416,-1.41010,0.50439,0.40808,0.98549,-2.39045
-1.33371,-1.41069,0.50518,0.40902,0.98397,-2.39177
-1.33326,-1.41128,0.50596,0.40999,0.98244,-2.39312
-1.33301,-1.41147,0.50625,0.41043,0.98154,-2.39363
-1.33276,-1.41165,0.50653,0.41086,0.98064,-2.39412
-1.33237,-1.41206,0.50702,0.41196,0.97953,-2.39574
-1.33198,-1.41247,0.50749,0.41306,0.97844,-2.39737
-1.33156,-1.41312,0.50849,0.41350,0.97681,-2.39790
-1.33114,-1.41378,0.50951,0.41396,0.97518,-2.39843
-1.33071,-1.41408,0.50979,0.41508,0.97394,-2.40000
-1.33028,-1.41438,0.51005,0.41620,0.97270,-2.40157
-1.33003,-1.41491,0.51090,0.41650,0.97173,-2.40193
-1.32978,-1.41542,0.51172,0.41679,0.97073,-2.40228
-1.32933,-1.41585,0.51222,0.41783,0.96942,-2.40372
-1.32888,-1.41627,0.51272,0.41887,0.96811,-2.40514
-1.32861,-1.41621,0.51245,0.41936,0.96708,-2.40561
-1.32834,-1.41614,0.51218,0.41985,0.96605,-2.40609
-1.32807,-1.41655,0.51278,0.42025,0.96505,-2.40647
-1.32780,-1.41696,0.51340,0.42063,0.96404,-2.40685
-1.32744,-1.41750,0.51416,0.42133,0.96290,-2.40778
-1.32709,-1.41803,0.51491,0.42204,0.96179,-2.40873
-1.32671,-1.41795,0.51466,0.42238,0.96049,-2.40939
-1.32634,-1.41788,0.51443,0.42273,0.95921,-2.41008
-1.32587,-1.41822,0.51483,0.42336,0.95756,-2.41075
-1.32542,-1.41856,0.51523,0.42398,0.95591,-2.41144
-1.32527,-1.41883,0.51559,0.42445,0.95543,-2.41205
-1.32513,-1.41909,0.51593,0.42493,0.95496,-2.41267
-1.32475,-1.41974,0.51681,0.42597,0.95386,-2.41388
-1.32437,-1.42036,0.51765,0.42700,0.95278,-2.41506
-1.32392,-1.42042,0.51763,0.42731,0.95102,-2.41557
-1.32348,-1.42048,0.51760,0.42761,0.94928,-2.41606
-1.32274,-1.42171,0.51935,0.42911,0.94669,-2.41762
-1.32201,-1.42293,0.52109,0.43060,0.94412,-2.41916
-1.32171,-1.42328,0.52151,0.43140,0.94321,-2.42028
-1.32141,-1.42363,0.52193,0.43219,0.94230,-2.42139
-1.32088,-1.42390,0.52211,0.43314,0.94048,-2.42241
-1.32035,-1.42417,0.52231,0.43408,0.93865,-2.42342
-1.31991,-1.42507,0.52362,0.43504,0.93719,-2.42435
-1.31948,-1.42598,0.52495,0.43602,0.93574,-2.42527
-1.31909,-1.42660,0.52580,0.43685,0.93438,-2.42611
-1.31870,-1.42721,0.52664,0.43768,0.93301,-2.42696
-1.31821,-1.42804,0.52776,0.43894,0.93141,-2.42834
-1.31771,-1.42886,0.52887,0.44021,0.92981,-2.42971
-1.31734,-1.42974,0.53021,0.44086,0.92834,-2.43005
-1.31697,-1.43061,0.53153,0.44150,0.92687,-2.43039
-1.31665,-1.43093,0.53189,0.44221,0.92582,-2.43116
-1.31634,-1.43125,0.53225,0.44292,0.92479,-2.43191
-1.31583,-1.43208,0.53335,0.44426,0.92315,-2.43340
-1.31532,-1.43292,0.53444,0.44563,0.92149,-2.43489
-1.31483,-1.43336,0.53498,0.44632,0.91973,-2.43549
-1.31434,-1.43380,0.53550,0.44703,0.91797,-2.43609
-1.31379,-1.43429,0.53601,0.44821,0.91617,-2.43744
-1.31325,-1.43479,0.53652,0.44940,0.91438,-2.43880
-1.31280,-1.43534,0.53721,0.45027,0.91279,-2.43971
-1.31236,-1.43586,0.53786,0.45113,0.91121,-2.44060
-1.31191,-1.43650,0.53874,0.45181,0.90943,-2.44095
-1.31146,-1.43715,0.53963,0.45252,0.90767,-2.44131
-1.31099,-1.43742,0.53980,0.45350,0.90608,-2.44230
-1.31052,-1.43772,0.54001,0.45449,0.90449,-2.44327
-1.30991,-1.43855,0.54103,0.45598,0.90240,-2.44486
-1.30929,-1.43939,0.54206,0.45746,0.90031,-2.44645
-1.30846,-1.44161,0.54536,0.45957,0.89711,-2.44787
-1.30765,-1.44380,0.54860,0.46170,0.89394,-2.44929
-1.30697,-1.44698,0.55339,0.46483,0.89169,-2.45174
-1.30630,-1.45012,0.55810,0.46805,0.88947,-2.45424
-1.30581,-1.45098,0.55919,0.46956,0.88784,-2.45567
-1.30531,-1.45185,0.56027,0.47108,0.88620,-2.45712
-1.30517,-1.45282,0.56173,0.47206,0.88582,-2.45796
-1.30503,-1.45377,0.56316,0.47305,0.88546,-2.45881
-1.30465,-1.45491,0.56477,0.47447,0.88422,-2.45985
-1.30427,-1.45605,0.56638,0.47589,0.88298,-2.46089
-1.30403,-1.45636,0.56671,0.47665,0.88221,-2.46171
-1.30378,-1.45667,0.56704,0.47741,0.88142,-2.46254
-1.30334,-1.45760,0.56828,0.47875,0.87977,-2.46348
-1.30290,-1.45851,0.56950,0.48008,0.87814,-2.46443
-1.30278,-1.45904,0.57021,0.48093,0.87790,-2.46535
-1.30266,-1.45957,0.57095,0.48179,0.87766,-2.46629
-1.30229,-1.45977,0.57105,0.48240,0.87622,-2.46663
-1.30192,-1.45996,0.57116,0.48303,0.87477,-2.46700
-1.30173,-1.46055,0.57199,0.48367,0.87404,-2.46735
-1.30153,-1.46113,0.57282,0.48431,0.87330,-2.46772
-1.30145,-1.46109,0.57259,0.48504,0.87339,-2.46893
-1.30137,-1.46106,0.57237,0.48579,0.87351,-2.47015
-1.30113,-1.46111,0.57224,0.48661,0.87280,-2.47120
-1.30088,-1.46118,0.57214,0.48744,0.87211,-2.47225
-1.29962,-1.46521,0.57778,0.49240,0.86743,-2.47508
-1.29835,-1.46917,0.58328,0.49749,0.86277,-2.47796
-1.29829,-1.46963,0.58394,0.49814,0.86270,-2.47857
-1.29824,-1.47008,0.58460,0.49877,0.86263,-2.47916
-1.29778,-1.47122,0.58606,0.50056,0.86101,-2.48036
-1.29732,-1.47235,0.58751,0.50236,0.85937,-2.48155
-1.29669,-1.47343,0.58872,0.50481,0.85731,-2.48379
-1.29605,-1.47451,0.58990,0.50728,0.85523,-2.48603
-1.29584,-1.47534,0.59105,0.50842,0.85454,-2.48684
-1.29563,-1.47617,0.59220,0.50956,0.85384,-2.48765
-1.29507,-1.47692,0.59296,0.51127,0.85171,-2.48900
-1.29450,-1.47766,0.59371,0.51301,0.84958,-2.49039
-1.29397,-1.47883,0.59513,0.51509,0.84769,-2.49181
-1.29344,-1.47999,0.59653,0.51721,0.84581,-2.49324
-1.29340,-1.48268,0.60063,0.51990,0.84597,-2.49471
-1.29337,-1.48534,0.60466,0.52260,0.84613,-2.49617
-1.29313,-1.48583,0.60523,0.52363,0.84532,-2.49696
-1.29290,-1.48631,0.60577,0.52464,0.84454,-2.49772
-1.29239,-1.48657,0.60582,0.52574,0.84252,-2.49842
-1.29188,-1.48683,0.60586,0.52688,0.84050,-2.49912
-1.29153,-1.48721,0.60620,0.52788,0.83920,-2.49978
-1.29119,-1.48761,0.60656,0.52889,0.83790,-2.50043
-1.29087,-1.48757,0.60618,0.52991,0.83695,-2.50167
-1.29055,-1.48751,0.60578,0.53094,0.83599,-2.50291
-1.29039,-1.48746,0.60558,0.53129,0.83544,-2.50329
-1.29023,-1.48741,0.60536,0.53165,0.83488,-2.50368
-1.29012,-1.48875,0.60740,0.53283,0.83439,-2.50376
-1.29002,-1.49009,0.60940,0.53400,0.83390,-2.50383
-1.28971,-1.49097,0.61050,0.53559,0.83292,-2.50491
-1.28941,-1.49185,0.61158,0.53716,0.83195,-2.50598
-1.28914,-1.49257,0.61240,0.53884,0.83128,-2.50746
-1.28888,-1.49329,0.61322,0.54052,0.83064,-2.50897
-1.28862,-1.49393,0.61388,0.54225,0.83003,-2.51067
-1.28835,-1.49456,0.61454,0.54398,0.82943,-2.51237
-1.28789,-1.49539,0.61546,0.54560,0.82767,-2.51324
-1.28743,-1.49621,0.61636,0.54725,0.82591,-2.51413
-1.28717,-1.49711,0.61750,0.54881,0.82507,-2.51515
-1.28692,-1.49802,0.61865,0.55040,0.82425,-2.51619
-1.28625,-1.49975,0.62064,0.55412,0.82216,-2.51906
-1.28557,-1.50146,0.62256,0.55789,0.82009,-2.52196
-1.28519,-1.50223,0.62336,0.55977,0.81888,-2.52350
-1.28479,-1.50299,0.62415,0.56168,0.81766,-2.52504
-1.28430,-1.50422,0.62554,0.56425,0.81591,-2.52683
-1.28382,-1.50544,0.62691,0.56686,0.81418,-2.52866
-1.28323,-1.50547,0.62648,0.56825,0.81202,-2.53026
-1.28264,-1.50548,0.62602,0.56963,0.80985,-2.53186
-1.28235,-1.50654,0.62732,0.57160,0.80898,-2.53293
-1.28206,-1.50759,0.62860,0.57356,0.80810,-2.53400
-1.28171,-1.50815,0.62907,0.57531,0.80702,-2.53530
-1.28135,-1.50872,0.62954,0.57706,0.80592,-2.53658
-1.28100,-1.50931,0.63011,0.57852,0.80470,-2.53752
-1.28066,-1.50988,0.63066,0.57997,0.80345,-2.53843
-1.28030,-1.51054,0.63120,0.58221,0.80245,-2.54032
-1.27994,-1.51118,0.63173,0.58444,0.80146,-2.54220
-1.27949,-1.51217,0.63277,0.58675,0.79996,-2.54380
-1.27904,-1.51315,0.63378,0.58908,0.79846,-2.54541
-1.27866,-1.51378,0.63447,0.59010,0.79664,-2.54519
-1.27828,-1.51440,0.63514,0.59111,0.79482,-2.54495
-1.27795,-1.51495,0.63554,0.59290,0.79359,-2.54610
-1.27763,-1.51550,0.63595,0.59469,0.79237,-2.54725
-1.27731,-1.51628,0.63671,0.59708,0.79162,-2.54923
-1.27699,-1.51704,0.63745,0.59946,0.79088,-2.55120
-1.27652,-1.51769,0.63783,0.60191,0.78924,-2.55286
-1.27606,-1.51833,0.63819,0.60437,0.78762,-2.55453
-1.27595,-1.51872,0.63863,0.60542,0.78725,-2.55519
-1.27584,-1.51909,0.63906,0.60645,0.78688,-2.55583
-1.27545,-1.51999,0.63987,0.60924,0.78566,-2.55774
-1.27507,-1.52087,0.64065,0.61203,0.78446,-2.55967
-1.27443,-1.52204,0.64167,0.61522,0.78242,-2.56150
-1.27379,-1.52320,0.64264,0.61846,0.78038,-2.56337
-1.27372,-1.52327,0.64247,0.61982,0.78014,-2.56511
-1.27364,-1.52331,0.64227,0.62119,0.77988,-2.56685
-1.27326,-1.52416,0.64316,0.62331,0.77866,-2.56757
-1.27289,-1.52500,0.64402,0.62545,0.77744,-2.56831
-1.27247,-1.52570,0.64448,0.62786,0.77590,-2.56984
-1.27206,-1.52637,0.64490,0.63026,0.77437,-2.57135
-1.27206,-1.52637,0.64490,0.63026,0.77437,-2.57135
-1.27206,-1.52637,0.64490,0.63026,0.77437,-2.57135
-1.27206,-1.52637,0.64490,0.63026,0.77437,-2.57135
-1.27206,-1.52637,0.64490,0.63026,0.77437,-2.57135
-1.27206,-1.52637,0.64490,0.63026,0.77437,-2.57135
-1.27206,-1.52637,0.64490,0.63026,0.77437,-2.57135
-1.27206,-1.52637,0.64490,0.63026,0.77437,-2.57135
-1.27206,-1.52637,0.64490,0.63026,0.77437,-2.57135
-1.27206,-1.52637,0.64490,0.63026,0.77437,-2.57135
-1.27206,-1.52637,0.64490,0.63026,0.77437,-2.57135
-1.27206,-1.52637,0.64490,0.63026,0.77437,-2.57135
-1.27206,-1.52637,0.64490,0.63026,0.77437,-2.57135
-1.27206,-1.52637,0.64490,0.63026,0.77437,-2.57135
-1.27206,-1.52637,0.64490,0.63026,0.77437,-2.57135
-1.27206,-1.52637,0.64490,0.63026,0.77437,-2.57135
-1.27206,-1.52637,0.64490,0.63026,0.77437,-2.57135
-1.27206,-1.52637,0.64490,0.63026,0.77437,-2.57135
-1.27206,-1.52637,0.64490,0.63026,0.77437,-2.57135
-1.27206,-1.52637,0.64490,0.63026,0.77437,-2.57135
-1.27206,-1.52637,0.64490,0.63026,0.77437,-2.57135
-1.27206,-1.52637,0.64490,0.63026,0.77437,-2.57135
-1.27206,-1.52637,0.64490,0.63026,0.77437,-2.57135
-1.27206,-1.52637,0.64490,0.63026,0.77437,-2.57135
-1.27206,-1.52637,0.64490,0.63026,0.77437,-2.57135
-1.27206,-1.52637,0.64490,0.63026,0.77437,-2.57135
-1.27206,-1.52637,0.64490,0.63026,0.77437,-2.57135
-1.27206,-1.52637,0.64490,0.63026,0.77437,-2.57135
-1.27206,-1.52637,0.64490,0.63026,0.77437,-2.57135
-1.27206,-1.52637,0.64490,0.63026,0.77437,-2.57135
-1.27206,-1.52637,0.64490,0.63026,0.77437,-2.57135
-1.27206,-1.52637,0.64490,0.63026,0.77437,-2.57135
-1.27206,-1.52637,0.64490,0.63026,0.77437,-2.57135
-1.27206,-1.52637,0.64490,0.63026,0.77437,-2.57135
-1.27206,-1.52637,0.64490,0.63026,0.77437,-2.57135
-1.27206,-1.52637,0.64490,0.63026,0.77437,-2.57135
-1.27206,-1.52637,0.64490,0.63026,0.77437,-2.57135
-1.27206,-1.52637,0.64490,0.63026,0.77437,-2.57135
-1.27206,-1.52637,0.64490,0.63026,0.77437,-2.57135
-1.27206,-1.52637,0.64490,0.63026,0.77437,-2.57135
-1.27206,-1.52637,0.64490,0.63026,0.77437,-2.57135
-1.27206,-1.52637,0.64490,0.63026,0.77437,-2.57135
-1.27206,-1.52637,0.64490,0.63026,0.77437,-2.57135
-1.27206,-1.52637,0.64490,0.63026,0.77437,-2.57135
-1.27206,-1.52637,0.64490,0.63026,0.77437,-2.57135
-1.27206,-1.52637,0.64490,0.63026,0.77437,-2.57135
-1.27206,-1.52637,0.64490,0.63026,0.77437,-2.57135
-1.27206,-1.52637,0.64490,0.63026,0.77437,-2.57135
-1.27206,-1.52637,0.64490,0.63026,0.77437,-2.57135
-1.27206,-1.52637,0.64490,0.63026,0.77437,-2.57135
-1.27206,-1.52637,0.64490,0.63026,0.77437,-2.57135
-1.27206,-1.52637,0.64490,0.63026,0.77437,-2.57135
-1.27206,-1.52637,0.64490,0.63026,0.77437,-2.57135
-1.27206,-1.52637,0.64490,0.63026,0.77437,-2.57135
-1.27206,-1.52637,0.64490,0.63026,0.77437,-2.57135
-1.27206,-1.52637,0.64490,0.63026,0.77437,-2.57135
-1.27206,-1.52637,0.64490,0.63026,0.77437,-2.57135
-1.27206,-1.52637,0.64490,0.63026,0.77437,-2.57135
-1.27206,-1.52637,0.64490,0.63026,0.77437,-2.57135
-1.27206,-1.52637,0.64490,0.63026,0.77437,-2.57135
-1.27206,-1.52637,0.64490,0.63026,0.77437,-2.57135
-1.27206,-1.52637,0.64490,0.63026,0.77437,-2.57135
-1.27206,-1.52637,0.64490,0.63026,0.77437,-2.57135
-1.27206,-1.52637,0.64490,0.63026,0.77437,-2.57135
-1.27206,-1.52637,0.64490,0.63026,0.77437,-2.57135
-1.27206,-1.52637,0.64490,0.63026,0.77437,-2.57135
-1.27206,-1.52637,0.64490,0.63026,0.77437,-2.57135
-1.27206,-1.52637,0.64490,0.63026,0.77437,-2.57135
-1.27206,-1.52637,0.64490,0.63026,0.77437,-2.57135
-1.27206,-1.52637,0.64490,0.63026,0.77437,-2.57135
-1.27206,-1.52637,0.64490,0.63026,0.77437,-2.57135
-1.27206,-1.52637,0.64490,0.63026,0.77437,-2.57135
-1.27206,-1.52637,0.64490,0.63026,0.77437,-2.57135
-1.27206,-1.52637,0.64490,0.63026,0.77437,-2.57135
-1.27206,-1.52637,0.64490,0.63026,0.77437,-2.57135
-1.27206,-1.52637,0.64490,0.63026,0.77437,-2.57135
-1.27206,-1.52637,0.64490,0.63026,0.77437,-2.57135
-1.27206,-1.52637,0.64490,0.63026,0.77437,-2.57135
-1.27206,-1.52637,0.64490,0.63026,0.77437,-2.57135
-1.27206,-1.52637,0.64490,0.63026,0.77437,-2.57135
-1.27206,-1.52637,0.64490,0.63026,0.77437,-2.57135
-1.27206,-1.52637,0.64490,0.63026,0.77437,-2.57135
-1.27206,-1.52637,0.64490,0.63026,0.77437,-2.57135
-1.27206,-1.52637,0.64490,0.63026,0.77437,-2.57135
-1.27206,-1.52637,0.64490,0.63026,0.77437,-2.57135
-1.27206,-1.52637,0.64490,0.63026,0.77437,-2.57135
-1.27206,-1.52637,0.64490,0.63026,0.77437,-2.57135
-1.27206,-1.52637,0.64490,0.63026,0.77437,-2.57135
-1.27206,-1.52637,0.64490,0.63026,0.77437,-2.57135
-1.27206,-1.52637,0.64490,0.63026,0.77437,-2.57135
-1.27206,-1.52637,0.64490,0.63026,0.77437,-2.57135
-1.27206,-1.52637,0.64490,0.63026,0.77437,-2.57135
-1.27206,-1.52637,0.64490,0.63026,0.77437,-2.57135
-1.27206,-1.52637,0.64490,0.63026,0.77437,-2.57135
-1.27206,-1.52637,0.64490,0.63026,0.77437,-2.57135
-1.27206,-1.52637,0.64490,0.63026,0.77437,-2.57135
-1.27206,-1.52637,0.64490,0.63026,0.77437,-2.57135
-1.27206,-1.52637,0.64490,0.63026,0.77437,-2.57135
-1.27206,-1.52637,0.64490,0.63026,0.77437,-2.57135
-1.27206,-1.52637,0.64490,0.63026,0.77437,-2.57135
-1.27206,-1.52637,0.64490,0.63026,0.77437,-2.57135
-1.27206,-1.52637,0.64490,0.63026,0.77437,-2.57135
-1.27206,-1.52637,0.64490,0.63026,0.77437,-2.57135
-1.27206,-1.52637,0.64490,0.63026,0.77437,-2.57135
-1.27206,-1.52637,0.64490,0.63026,0.77437,-2.57135
-1.27206,-1.52637,0.64490,0.63026,0.77437,-2.57135
-1.27206,-1.52637,0.64490,0.63026,0.77437,-2.57135
-1.27206,-1.52637,0.64490,0.63026,0.77437,-2.57135
-1.27206,-1.52637,0.64490,0.63026,0.77437,-2.57135
-1.27206,-1.52637,0.64490,0.63026,0.77437,-2.57135
-1.27206,-1.52637,0.64490,0.63026,0.77437,-2.57135
-1.27206,-1.52637,0.64490,0.63026,0.77437,-2.57135
-1.27206,-1.52637,0.64490,0.63026,0.77437,-2.57135
-1.27206,-1.52637,0.64490,0.63026,0.77437,-2.57135
-1.27206,-1.52637,0.64490,0.63026,0.77437,-2.57135
-1.27206,-1.52637,0.64490,0.63026,0.77437,-2.57135
-1.27206,-1.52637,0.64490,0.63026,0.77437,-2.57135
-1.27206,-1.52637,0.64490,0.63026,0.77437,-2.57135
-1.27206,-1.52637,0.64490,0.63026,0.77437,-2.57135
-1.27206,-1.52637,0.64490,0.63026,0.77437,-2.57135
-1.27206,-1.52637,0.64490,0.63026,0.77437,-2.57135
-1.27206,-1.52637,0.64490,0.63026,0.77437,-2.57135
-1.27206,-1.52637,0.64490,0.63026,0.77437,-2.57135
-1.27206,-1.52637,0.64490,0.63026,0.77437,-2.57135
-1.27206,-1.52637,0.64490,0.63026,0.77437,-2.57135
-1.27206,-1.52637,0.64490,0.63026,0.77437,-2.57135
-1.27206,-1.52637,0.64490,0.63026,0.77437,-2.57135
-1.27206,-1.52637,0.64490,0.63026,0.77437,-2.57135
-1.27206,-1.52637,0.64490,0.63026,0.77437,-2.57135
-1.27206,-1.52637,0.64490,0.63026,0.77437,-2.57135
-1.27206,-1.52637,0.64490,0.63026,0.77437,-2.57135
-1.27206,-1.52637,0.64490,0.63026,0.77437,-2.57135
-1.27206,-1.52637,0.64490,0.63026,0.77437,-2.57135
-1.27206,-1.52637,0.64490,0.63026,0.77437,-2.57135
-1.27206,-1.52637,0.64490,0.63026,0.77437,-2.57135
-1.27206,-1.52637,0.64490,0.63026,0.77437,-2.57135
-1.27206,-1.52637,0.64490,0.63026,0.77437,-2.57135
-1.27206,-1.52637,0.64490,0.63026,0.77437,-2.57135
-1.27206,-1.52637,0.64490,0.63026,0.77437,-2.57135
-1.27206,-1.52637,0.64490,0.63026,0.77437,-2.57135
-1.27206,-1.52637,0.64490,0.63026,0.77437,-2.57135
-1.27206,-1.52637,0.64490,0.63026,0.77437,-2.57135
-1.27206,-1.52637,0.64490,0.63026,0.77437,-2.57135
-1.27206,-1.52637,0.64490,0.63026,0.77437,-2.57135
-1.27206,-1.52637,0.64490,0.63026,0.77437,-2.57135
-1.27206,-1.52637,0.64490,0.63026,0.77437,-2.57135
-1.27206,-1.52637,0.64490,0.63026,0.77437,-2.57135
-1.27206,-1.52637,0.64490,0.63026,0.77437,-2.57135
-1.27206,-1.52637,0.64490,0.63026,0.77437,-2.57135
-1.27206,-1.52637,0.64490,0.63026,0.77437,-2.57135
-1.27206,-1.52637,0.64490,0.63026,0.77437,-2.57135
-1.27206,-1.52637,0.64490,0.63026,0.77437,-2.57135
-1.27206,-1.52637,0.64490,0.63026,0.77437,-2.57135
-1.27206,-1.52637,0.64490,0.63026,0.77437,-2.57135
-1.27206,-1.52637,0.64490,0.63026,0.77437,-2.57135
-1.27206,-1.52637,0.64490,0.63026,0.77437,-2.57135
-1.27206,-1.52637,0.64490,0.63026,0.77437,-2.57135
-1.27206,-1.52637,0.64490,0.63026,0.77437,-2.57135
-1.27206,-1.52637,0.64490,0.63026,0.77437,-2.57135
-1.27206,-1.52637,0.64490,0.63026,0.77437,-2.57135
-1.27206,-1.52637,0.64490,0.63026,0.77437,-2.57135
-1.27206,-1.52637,0.64490,0.63026,0.77437,-2.57135
-1.27206,-1.52637,0.64490,0.63026,0.77437,-2.57135
-1.27206,-1.52637,0.64490,0.63026,0.77437,-2.57135
-1.27206,-1.52637,0.64490,0.63026,0.77437,-2.57135
-1.27206,-1.52637,0.64490,0.63026,0.77437,-2.57135
-1.27206,-1.52637,0.64490,0.63026,0.77437,-2.57135
-1.27206,-1.52637,0.64490,0.63026,0.77437,-2.57135
-1.27206,-1.52637,0.64490,0.63026,0.77437,-2.57135
-1.27206,-1.52637,0.64490,0.63026,0.77437,-2.57135
-1.27206,-1.52637,0.64490,0.63026,0.77437,-2.57135
-1.27206,-1.52637,0.64490,0.63026,0.77437,-2.57135
-1.27206,-1.52637,0.64490,0.63026,0.77437,-2.57135
-1.27206,-1.52637,0.64490,0.63026,0.77437,-2.57135
-1.27206,-1.52637,0.64490,0.63026,0.77437,-2.57135
-1.27206,-1.52637,0.64490,0.63026,0.77437,-2.57135
-1.27206,-1.52637,0.64490,0.63026,0.77437,-2.57135
-1.27206,-1.52637,0.64490,0.63026,0.77437,-2.57135
-1.27206,-1.52637,0.64490,0.63026,0.77437,-2.57135
-1.27206,-1.52637,0.64490,0.63026,0.77437,-2.57135
-1.27206,-1.52637,0.64490,0.63026,0.77437,-2.57135
-1.27206,-1.52637,0.64490,0.63026,0.77437,-2.57135
-1.27206,-1.52637,0.64490,0.63026,0.77437,-2.57135
-1.27206,-1.52637,0.64490,0.63026,0.77437,-2.57135
-1.27206,-1.52637,0.64490,0.63026,0.77437,-2.57135
-1.27206,-1.52637,0.64490,0.63026,0.77437,-2.57135
-1.27206,-1.52637,0.64490,0.63026,0.77437,-2.57135
-1.27206,-1.52637,0.64490,0.63026,0.77437,-2.57135
-1.27206,-1.52637,0.64490,0.63026,0.77437,-2.57135
-1.27206,-1.52637,0.64490,0.63026,0.77437,-2.57135
-1.27206,-1.52637,0.64490,0.63026,0.77437,-2.57135
-1.27206,-1.52637,0.64490,0.63026,0.77437,-2.57135
-1.27206,-1.52637,0.64490,0.63026,0.77437,-2.57135
-1.27206,-1.52637,0.64490,0.63026,0.77437,-2.57135
-1.27206,-1.52637,0.64490,0.63026,0.77437,-2.57135
-1.27206,-1.52637,0.64490,0.63026,0.77437,-2.57135
-1.27206,-1.52637,0.64490,0.63026,0.77437,-2.57135
-1.27206,-1.52637,0.64490,0.63026,0.77437,-2.57135
-1.27206,-1.52637,0.64490,0.63026,0.77437,-2.57135
-1.27206,-1.52637,0.64490,0.63026,0.77437,-2.57135
-1.27206,-1.52637,0.64490,0.63026,0.77437,-2.57135
-1.27206,-1.52637,0.64490,0.63026,0.77437,-2.57135
-1.27206,-1.52637,0.64490,0.63026,0.77437,-2.57135
-1.27206,-1.52637,0.64490,0.63026,0.77437,-2.57135
-1.27206,-1.52637,0.64490,0.63026,0.77437,-2.57135
-1.27206,-1.52637,0.64490,0.63026,0.77437,-2.57135
-1.27206,-1.52637,0.64490,0.63026,0.77437,-2.57135
-1.27206,-1.52637,0.64490,0.63026,0.77437,-2.57135
-1.27206,-1.52637,0.64490,0.63026,0.77437,-2.57135
-1.27206,-1.52637,0.64490,0.63026,0.77437,-2.57135
-1.27206,-1.52637,0.64490,0.63026,0.77437,-2.57135
-1.27206,-1.52637,0.64490,0.63026,0.77437,-2.57135
-1.27206,-1.52637,0.64490,0.63026,0.77437,-2.57135
-1.27206,-1.52637,0.64490,0.63026,0.77437,-2.57135
-1.27206,-1.52637,0.64490,0.63026,0.77437,-2.57135
-1.27206,-1.52637,0.64490,0.63026,0.77437,-2.57135
-1.27206,-1.52637,0.64490,0.63026,0.77437,-2.57135
-1.27206,-1.52637,0.64490,0.63026,0.77437,-2.57135
-1.27206,-1.52637,0.64490,0.63026,0.77437,-2.57135
-1.27206,-1.52637,0.64490,0.63026,0.77437,-2.57135
-1.27206,-1.52637,0.64490,0.63026,0.77437,-2.57135
-1.27206,-1.52637,0.64490,0.63026,0.77437,-2.57135
-1.27206,-1.52637,0.64490,0.63026,0.77437,-2.57135
-1.27206,-1.52637,0.64490,0.63026,0.77437,-2.57135
-1.27206,-1.52637,0.64490,0.63026,0.77437,-2.57135
-1.27206,-1.52637,0.64490,0.63026,0.77437,-2.57135
-1.27206,-1.52637,0.64490,0.63026,0.77437,-2.57135
-1.27206,-1.52637,0.64490,0.63026,0.77437,-2.57135
-1.27206,-1.52637,0.64490,0.63026,0.77437,-2.57135
-1.27206,-1.52637,0.64490,0.63026,0.77437,-2.57135
-1.27206,-1.52637,0.64490,0.63026,0.77437,-2.57135
-1.27206,-1.52637,0.64490,0.63026,0.77437,-2.57135
-1.27206,-1.52637,0.64490,0.63026,0.77437,-2.57135
-1.27206,-1.52637,0.64490,0.63026,0.77437,-2.57135
-1.27206,-1.52637,0.64490,0.63026,0.77437,-2.57135
-1.27206,-1.52637,0.64490,0.63026,0.77437,-2.57135
-1.27206,-1.52637,0.64490,0.63026,0.77437,-2.57135
-1.27206,-1.52637,0.64490,0.63026,0.77437,-2.57135
-1.27206,-1.52637,0.64490,0.63026,0.77437,-2.57135
-1.27206,-1.52637,0.64490,0.63026,0.77437,-2.57135
-1.27206,-1.52637,0.64490,0.63026,0.77437,-2.57135
-1.27206,-1.52637,0.64490,0.63026,0.77437,-2.57135
-1.27206,-1.52637,0.64490,0.63026,0.77437,-2.57135
-1.27206,-1.52637,0.64490,0.63026,0.77437,-2.57135
-1.27206,-1.52637,0.64490,0.63026,0.77437,-2.57135
-1.27206,-1.52637,0.64490,0.63026,0.77437,-2.57135
-1.27206,-1.52637,0.64490,0.63026,0.77437,-2.57135
-1.27206,-1.52637,0.64490,0.63026,0.77437,-2.57135
-1.27206,-1.52637,0.64490,0.63026,0.77437,-2.57135
-1.27206,-1.52637,0.64490,0.63026,0.77437,-2.57135
-1.27206,-1.52637,0.64490,0.63026,0.77437,-2.57135
-1.27206,-1.52637,0.64490,0.63026,0.77437,-2.57135
-1.27206,-1.52637,0.64490,0.63026,0.77437,-2.57135
-1.27206,-1.52637,0.64490,0.63026,0.77437,-2.57135
-1.27206,-1.52637,0.64490,0.63026,0.77437,-2.57135
-1.27206,-1.52637,0.64490,0.63026,0.77437,-2.57135
-1.27206,-1.52637,0.64490,0.63026,0.77437,-2.57135
-1.27206,-1.52637,0.64490,0.63026,0.77437,-2.57135
-1.27206,-1.52637,0.64490,0.63026,0.77437,-2.57135
-1.27206,-1.52637,0.64490,0.63026,0.77437,-2.57135
-1.27206,-1.52637,0.64490,0.63026,0.77437,-2.57135
-1.27206,-1.52637,0.64490,0.63026,0.77437,-2.57135
-1.27206,-1.52637,0.64490,0.63026,0.77437,-2.57135
-1.27206,-1.52637,0.64490,0.63026,0.77437,-2.57135
-1.27206,-1.52637,0.64490,0.63026,0.77437,-2.57135
-1.27206,-1.52637,0.64490,0.63026,0.77437,-2.57135
-1.27206,-1.52637,0.64490,0.63026,0.77437,-2.57135
-1.27206,-1.52637,0.64490,0.63026,0.77437,-2.57135
-1.27206,-1.52637,0.64490,0.63026,0.77437,-2.57135
-1.27206,-1.52637,0.64490,0.63026,0.77437,-2.57135
-1.27206,-1.52637,0.64490,0.63026,0.77437,-2.57135
-1.27206,-1.52637,0.64490,0.63026,0.77437,-2.57135
-1.27206,-1.52637,0.64490,0.63026,0.77437,-2.57135
-1.27206,-1.52637,0.64490,0.63026,0.77437,-2.57135
-1.27206,-1.52637,0.64490,0.63026,0.77437,-2.57135
-1.27206,-1.52637,0.64490,0.63026,0.77437,-2.57135
-1.27206,-1.52637,0.64490,0.63026,0.77437,-2.57135
-1.27206,-1.52637,0.64490,0.63026,0.77437,-2.57135
-1.27206,-1.52637,0.64490,0.63026,0.77437,-2.57135
-1.27206,-1.52637,0.64490,0.63026,0.77437,-2.57135
-1.27206,-1.52637,0.64490,0.63026,0.77437,-2.57135
-1.27206,-1.52637,0.64490,0.63026,0.77437,-2.57135
-1.27206,-1.52637,0.64490,0.63026,0.77437,-2.57135
-1.27206,-1.52637,0.64490,0.63026,0.77437,-2.57135
-1.27206,-1.52637,0.64490,0.63026,0.77437,-2.57135
-1.27206,-1.52637,0.64490,0.63026,0.77437,-2.57135
-1.27206,-1.52637,0.64490,0.63026,0.77437,-2.57135
-1.27206,-1.52637,0.64490,0.63026,0.77437,-2.57135
-1.27206,-1.52637,0.64490,0.63026,0.77437,-2.57135
-1.27206,-1.52637,0.64490,0.63026,0.77437,-2.57135
-1.27206,-1.52637,0.64490,0.63026,0.77437,-2.57135
-1.27206,-1.52637,0.64490,0.63026,0.77437,-2.57135
-1.27206,-1.52637,0.64490,0.63026,0.77437,-2.57135
-1.27206,-1.52637,0.64490,0.63026,0.77437,-2.57135
-1.27206,-1.52637,0.64490,0.63026,0.77437,-2.57135
-1.27206,-1.52637,0.64490,0.63026,0.77437,-2.57135
-1.27206,-1.52637,0.64490,0.63026,0.77437,-2.57135
-1.27206,-1.52637,0.64490,0.63026,0.77437,-2.57135
-1.27206,-1.52637,0.64490,0.63026,0.77437,-2.57135
-1.27206,-1.52637,0.64490,0.63026,0.77437,-2.57135
-1.27206,-1.52637,0.64490,0.63026,0.77437,-2.57135
-1.27206,-1.52637,0.64490,0.63026,0.77437,-2.57135
-1.27206,-1.52637,0.64490,0.63026,0.77437,-2.57135
-1.27206,-1.52637,0.64490,0.63026,0.77437,-2.57135
-1.27206,-1.52637,0.64490,0.63026,0.77437,-2.57135
-1.27206,-1.52637,0.64490,0.63026,0.77437,-2.57135
-1.27206,-1.52637,0.64490,0.63026,0.77437,-2.57135
-1.27206,-1.52637,0.64490,0.63026,0.77437,-2.57135
-1.27206,-1.52637,0.64490,0.63026,0.77437,-2.57135
-1.27206,-1.52637,0.64490,0.63026,0.77437,-2.57135
-1.27206,-1.52637,0.64490,0.63026,0.77437,-2.57135
-1.27206,-1.52637,0.64490,0.63026,0.77437,-2.57135
-1.27206,-1.52637,0.64490,0.63026,0.77437,-2.57135
-1.27206,-1.52637,0.64490,0.63026,0.77437,-2.57135
-1.27206,-1.52637,0.64490,0.63026,0.77437,-2.57135
-1.27206,-1.52637,0.64490,0.63026,0.77437,-2.57135
-1.27206,-1.52637,0.64490,0.63026,0.77437,-2.57135
-1.27206,-1.52637,0.64490,0.63026,0.77437,-2.57135
-1.27206,-1.52637,0.64490,0.63026,0.77437,-2.57135
-1.27206,-1.52637,0.64490,0.63026,0.77437,-2.57135
-1.27206,-1.52637,0.64490,0.63026,0.77437,-2.57135
-1.27206,-1.52637,0.64490,0.63026,0.77437,-2.57135
-1.27206,-1.52637,0.64490,0.63026,0.77437,-2.57135
-1.27206,-1.52637,0.64490,0.63026,0.77437,-2.57135
-1.27206,-1.52637,0.64490,0.63026,0.77437,-2.57135
-1.27206,-1.52637,0.64490,0.63026,0.77437,-2.57135
-1.27206,-1.52637,0.64490,0.63026,0.77437,-2.57135
-1.27206,-1.52637,0.64490,0.63026,0.77437,-2.57135
-1.27206,-1.52637,0.64490,0.63026,0.77437,-2.57135
-1.27206,-1.52637,0.64490,0.63026,0.77437,-2.57135
-1.27206,-1.52637,0.64490,0.63026,0.77437,-2.57135
-1.27206,-1.52637,0.64490,0.63026,0.77437,-2.57135
-1.27206,-1.52637,0.64490,0.63026,0.77437,-2.57135
-1.27206,-1.52637,0.64490,0.63026,0.77437,-2.57135
-1.27206,-1.52637,0.64490,0.63026,0.77437,-2.57135
-1.27206,-1.52637,0.64490,0.63026,0.77437,-2.57135
-1.27206,-1.52637,0.64490,0.63026,0.77437,-2.57135
-1.27206,-1.52637,0.64490,0.63026,0.77437,-2.57135
-1.27206,-1.52637,0.64490,0.63026,0.77437,-2.57135
-1.27206,-1.52637,0.64490,0.63026,0.77437,-2.57135
-1.27206,-1.52637,0.64490,0.63026,0.77437,-2.57135
-1.27206,-1.52637,0.64490,0.63026,0.77437,-2.57135
-1.27206,-1.52637,0.64490,0.63026,0.77437,-2.57135
-1.27206,-1.52637,0.64490,0.63026,0.77437,-2.57135
-1.27206,-1.52637,0.64490,0.63026,0.77437,-2.57135
-1.27206,-1.52637,0.64490,0.63026,0.77437,-2.57135
-1.27206,-1.52637,0.64490,0.63026,0.77437,-2.57135
-1.27206,-1.52637,0.64490,0.63026,0.77437,-2.57135
-1.27206,-1.52637,0.64490,0.63026,0.77437,-2.57135
-1.27206,-1.52637,0.64490,0.63026,0.77437,-2.57135
-1.27206,-1.52637,0.64490,0.63026,0.77437,-2.57135
-1.27206,-1.52637,0.64490,0.63026,0.77437,-2.57135
-1.27206,-1.52637,0.64490,0.63026,0.77437,-2.57135
-1.27206,-1.52637,0.64490,0.63026,0.77437,-2.57135
-1.27206,-1.52637,0.64490,0.63026,0.77437,-2.57135
-1.27206,-1.52637,0.64490,0.63026,0.77437,-2.57135
-1.27206,-1.52637,0.64490,0.63026,0.77437,-2.57135
-1.27206,-1.52637,0.64490,0.63026,0.77437,-2.57135
-1.27206,-1.52637,0.64490,0.63026,0.77437,-2.57135
-1.27206,-1.52637,0.64490,0.63026,0.77437,-2.57135
-1.27206,-1.52637,0.64490,0.63026,0.77437,-2.57135
-1.27206,-1.52637,0.64490,0.63026,0.77437,-2.57135
-1.27206,-1.52637,0.64490,0.63026,0.77437,-2.57135
-1.27206,-1.52637,0.64490,0.63026,0.77437,-2.57135
-1.27206,-1.52637,0.64490,0.63026,0.77437,-2.57135
-1.27206,-1.52637,0.64490,0.63026,0.77437,-2.57135
-1.27206,-1.52637,0.64490,0.63026,0.77437,-2.57135
-1.27206,-1.52637,0.64490,0.63026,0.77437,-2.57135
-1.27206,-1.52637,0.64490,0.63026,0.77437,-2.57135
-1.27206,-1.52637,0.64490,0.63026,0.77437,-2.57135
-1.27206,-1.52637,0.64490,0.63026,0.77437,-2.57135
-1.27206,-1.52637,0.64490,0.63026,0.77437,-2.57135
-1.27206,-1.52637,0.64490,0.63026,0.77437,-2.57135
-1.27206,-1.52637,0.64490,0.63026,0.77437,-2.57135
-1.27206,-1.52637,0.64490,0.63026,0.77437,-2.57135
-1.27206,-1.52637,0.64490,0.63026,0.77437,-2.57135
-1.27206,-1.52637,0.64490,0.63026,0.77437,-2.57135
-1.27206,-1.52637,0.64490,0.63026,0.77437,-2.57135
-1.27206,-1.52637,0.64490,0.63026,0.77437,-2.57135
-1.27206,-1.52637,0.64490,0.63026,0.77437,-2.57135
-1.27206,-1.52637,0.64490,0.63026,0.77437,-2.57135
-1.27206,-1.52637,0.64490,0.63026,0.77437,-2.57135
-1.27206,-1.52637,0.64490,0.63026,0.77437,-2.57135
-1.27206,-1.52637,0.64490,0.63026,0.77437,-2.57135
-1.27206,-1.52637,0.64490,0.63026,0.77437,-2.57135
-1.27206,-1.52637,0.64490,0.63026,0.77437,-2.57135
-1.27206,-1.52637,0.64490,0.63026,0.77437,-2.57135
-1.27206,-1.52637,0.64490,0.63026,0.77437,-2.57135
-1.27206,-1.52637,0.64490,0.63026,0.77437,-2.57135
-1.27206,-1.52637,0.64490,0.63026,0.77437,-2.57135
-1.27206,-1.52637,0.64490,0.63026,0.77437,-2.57135
-1.27206,-1.52637,0.64490,0.63026,0.77437,-2.57135
-1.27206,-1.52637,0.64490,0.63026,0.77437,-2.57135
-1.27206,-1.52637,0.64490,0.63026,0.77437,-2.57135
-1.27206,-1.52637,0.64490,0.63026,0.77437,-2.57135
-1.27206,-1.52637,0.64490,0.63026,0.77437,-2.57135
-1.27206,-1.52637,0.64490,0.63026,0.77437,-2.57135
-1.27206,-1.52637,0.64490,0.63026,0.77437,-2.57135
-1.27206,-1.52637,0.64490,0.63026,0.77437,-2.57135
-1.27206,-1.52637,0.64490,0.63026,0.77437,-2.57135
-1.27206,-1.52637,0.64490,0.63026,0.77437,-2.57135
-1.27206,-1.52637,0.64490,0.63026,0.77437,-2.57135
-1.27206,-1.52637,0.64490,0.63026,0.77437,-2.57135
-1.27206,-1.52637,0.64490,0.63026,0.77437,-2.57135
-1.27206,-1.52637,0.64490,0.63026,0.77437,-2.57135
-1.27206,-1.52637,0.64490,0.63026,0.77437,-2.57135
-1.27206,-1.52637,0.64490,0.63026,0.77437,-2.57135
-1.27206,-1.52637,0.64490,0.63026,0.77437,-2.57135
-1.27206,-1.52637,0.64490,0.63026,0.77437,-2.57135
-1.27206,-1.52637,0.64490,0.63026,0.77437,-2.57135
-1.27206,-1.52637,0.64490,0.63026,0.77437,-2.57135
-1.27206,-1.52637,0.64490,0.63026,0.77437,-2.57135
-1.27206,-1.52637,0.64490,0.63026,0.77437,-2.57135
-1.27206,-1.52637,0.64490,0.63026,0.77437,-2.57135
-1.27206,-1.52637,0.64490,0.63026,0.77437,-2.57135
-1.27206,-1.52637,0.64490,0.63026,0.77437,-2.57135
-1.27206,-1.52637,0.64490,0.63026,0.77437,-2.57135
-1.27206,-1.52637,0.64490,0.63026,0.77437,-2.57135
-1.27206,-1.52637,0.64490,0.63026,0.77437,-2.57135
-1.27206,-1.52637,0.64490,0.63026,0.77437,-2.57135
-1.27206,-1.52637,0.64490,0.63026,0.77437,-2.57135
-1.27206,-1.52637,0.64490,0.63026,0.77437,-2.57135
-1.27206,-1.52637,0.64490,0.63026,0.77437,-2.57135
-1.27206,-1.52637,0.64490,0.63026,0.77437,-2.57135
-1.27206,-1.52637,0.64490,0.63026,0.77437,-2.57135
-1.27206,-1.52637,0.64490,0.63026,0.77437,-2.57135
-1.27206,-1.52637,0.64490,0.63026,0.77437,-2.57135
-1.27206,-1.52637,0.64490,0.63026,0.77437,-2.57135
-1.27206,-1.52637,0.64490,0.63026,0.77437,-2.57135
-1.27206,-1.52637,0.64490,0.63026,0.77437,-2.57135
-1.27206,-1.52637,0.64490,0.63026,0.77437,-2.57135
-1.27206,-1.52637,0.64490,0.63026,0.77437,-2.57135
-1.27206,-1.52637,0.64490,0.63026,0.77437,-2.57135
-1.27206,-1.52637,0.64490,0.63026,0.77437,-2.57135
-1.27206,-1.52637,0.64490,0.63026,0.77437,-2.57135
-1.27206,-1.52637,0.64490,0.63026,0.77437,-2.57135
-1.27206,-1.52637,0.64490,0.63026,0.77437,-2.57135
-1.27206,-1.52637,0.64490,0.63026,0.77437,-2.57135
-1.27206,-1.52637,0.64490,0.63026,0.77437,-2.57135
-1.27206,-1.52637,0.64490,0.63026,0.77437,-2.57135
-1.27206,-1.52637,0.64490,0.63026,0.77437,-2.57135
-1.27206,-1.52637,0.64490,0.63026,0.77437,-2.57135
-1.27206,-1.52637,0.64490,0.63026,0.77437,-2.57135
-1.27206,-1.52637,0.64490,0.63026,0.77437,-2.57135
-1.27206,-1.52637,0.64490,0.63026,0.77437,-2.57135
-1.27206,-1.52637,0.64490,0.63026,0.77437,-2.57135
-1.27206,-1.52637,0.64490,0.63026,0.77437,-2.57135
-1.27206,-1.52637,0.64490,0.63026,0.77437,-2.57135
-1.27206,-1.52637,0.64490,0.63026,0.77437,-2.57135
-1.27206,-1.52637,0.64490,0.63026,0.77437,-2.57135
-1.27206,-1.52637,0.64490,0.63026,0.77437,-2.57135
-1.27206,-1.52637,0.64490,0.63026,0.77437,-2.57135
-1.27206,-1.52637,0.64490,0.63026,0.77437,-2.57135
-1.27206,-1.52637,0.64490,0.63026,0.77437,-2.57135
-1.27206,-1.52637,0.64490,0.63026,0.77437,-2.57135
-1.27206,-1.52637,0.64490,0.63026,0.77437,-2.57135
-1.27206,-1.52637,0.64490,0.63026,0.77437,-2.57135
-1.27206,-1.52637,0.64490,0.63026,0.77437,-2.57135
-1.27206,-1.52637,0.64490,0.63026,0.77437,-2.57135
-1.27206,-1.52637,0.64490,0.63026,0.77437,-2.57135
-1.27206,-1.52637,0.64490,0.63026,0.77437,-2.57135
-1.27206,-1.52637,0.64490,0.63026,0.77437,-2.57135
-1.27206,-1.52637,0.64490,0.63026,0.77437,-2.57135
-1.27206,-1.52637,0.64490,0.63026,0.77437,-2.57135
-1.27206,-1.52637,0.64490,0.63026,0.77437,-2.57135
-1.27206,-1.52637,0.64490,0.63026,0.77437,-2.57135
-1.27206,-1.52637,0.64490,0.63026,0.77437,-2.57135
-1.27206,-1.52637,0.64490,0.63026,0.77437,-2.57135
-1.27206,-1.52637,0.64490,0.63026,0.77437,-2.57135
-1.27206,-1.52637,0.64490,0.63026,0.77437,-2.57135
-1.27206,-1.52637,0.64490,0.63026,0.77437,-2.57135
-1.27206,-1.52637,0.64490,0.63026,0.77437,-2.57135
-1.27206,-1.52637,0.64490,0.63026,0.77437,-2.57135
-1.27206,-1.52637,0.64490,0.63026,0.77437,-2.57135
-1.27206,-1.52637,0.64490,0.63026,0.77437,-2.57135
-1.27206,-1.52637,0.64490,0.63026,0.77437,-2.57135
-1.27206,-1.52637,0.64490,0.63026,0.77437,-2.57135
-1.27206,-1.52637,0.64490,0.63026,0.77437,-2.57135
-1.27206,-1.52637,0.64490,0.63026,0.77437,-2.57135
-1.27206,-1.52637,0.64490,0.63026,0.77437,-2.57135
-1.27206,-1.52637,0.64490,0.63026,0.77437,-2.57135
-1.27206,-1.52637,0.64490,0.63026,0.77437,-2.57135
-1.27206,-1.52637,0.64490,0.63026,0.77437,-2.57135
-1.27206,-1.52637,0.64490,0.63026,0.77437,-2.57135
-1.27206,-1.52637,0.64490,0.63026,0.77437,-2.57135
-1.27206,-1.52637,0.64490,0.63026,0.77437,-2.57135
-1.27206,-1.52637,0.64490,0.63026,0.77437,-2.57135
-1.27206,-1.52637,0.64490,0.63026,0.77437,-2.57135
-1.27206,-1.52637,0.64490,0.63026,0.77437,-2.57135
-1.27206,-1.52637,0.64490,0.63026,0.77437,-2.57135
-1.27206,-1.52637,0.64490,0.63026,0.77437,-2.57135
-1.27206,-1.52637,0.64490,0.63026,0.77437,-2.57135
-1.27206,-1.52637,0.64490,0.63026,0.77437,-2.57135
-1.27206,-1.52637,0.64490,0.63026,0.77437,-2.57135
-1.27206,-1.52637,0.64490,0.63026,0.77437,-2.57135
-1.27206,-1.52637,0.64490,0.63026,0.77437,-2.57135
-1.27206,-1.52637,0.64490,0.63026,0.77437,-2.57135
-1.27206,-1.52637,0.64490,0.63026,0.77437,-2.57135
-1.27206,-1.52637,0.64490,0.63026,0.77437,-2.57135
-1.27206,-1.52637,0.64490,0.63026,0.77437,-2.57135
-1.27206,-1.52637,0.64490,0.63026,0.77437,-2.57135
-1.27206,-1.52637,0.64490,0.63026,0.77437,-2.57135
-1.27206,-1.52637,0.64490,0.63026,0.77437,-2.57135
-1.27206,-1.52637,0.64490,0.63026,0.77437,-2.57135
-1.27206,-1.52637,0.64490,0.63026,0.77437,-2.57135
-1.27206,-1.52637,0.64490,0.63026,0.77437,-2.57135
-1.27206,-1.52637,0.64490,0.63026,0.77437,-2.57135
-1.27206,-1.52637,0.64490,0.63026,0.77437,-2.57135
-1.27206,-1.52637,0.64490,0.63026,0.77437,-2.57135
-1.27206,-1.52637,0.64490,0.63026,0.77437,-2.57135
-1.27206,-1.52637,0.64490,0.63026,0.77437,-2.57135
-1.27206,-1.52637,0.64490,0.63026,0.77437,-2.57135
-1.27206,-1.52637,0.64490,0.63026,0.77437,-2.57135
-1.27206,-1.52637,0.64490,0.63026,0.77437,-2.57135
-1.27206,-1.52637,0.64490,0.63026,0.77437,-2.57135
-1.27206,-1.52637,0.64490,0.63026,0.77437,-2.57135
-1.27206,-1.52637,0.64490,0.63026,0.77437,-2.57135
-1.27206,-1.52637,0.64490,0.63026,0.77437,-2.57135
-1.27206,-1.52637,0.64490,0.63026,0.77437,-2.57135
-1.27206,-1.52637,0.64490,0.63026,0.77437,-2.57135
-1.27206,-1.52637,0.64490,0.63026,0.77437,-2.57135
-1.27206,-1.52637,0.64490,0.63026,0.77437,-2.57135
-1.27206,-1.52637,0.64490,0.63026,0.77437,-2.57135
-1.27206,-1.52637,0.64490,0.63026,0.77437,-2.57135
-1.27206,-1.52637,0.64490,0.63026,0.77437,-2.57135
-1.27206,-1.52637,0.64490,0.63026,0.77437,-2.57135
-1.27206,-1.52637,0.64490,0.63026,0.77437,-2.57135
-1.27206,-1.52637,0.64490,0.63026,0.77437,-2.57135
-1.27206,-1.52637,0.64490,0.63026,0.77437,-2.57135
-1.27206,-1.52637,0.64490,0.63026,0.77437,-2.57135
-1.27206,-1.52637,0.64490,0.63026,0.77437,-2.57135
-1.27206,-1.52637,0.64490,0.63026,0.77437,-2.57135
-1.27206,-1.52637,0.64490,0.63026,0.77437,-2.57135
-1.27206,-1.52637,0.64490,0.63026,0.77437,-2.57135
-1.27206,-1.52637,0.64490,0.63026,0.77437,-2.57135
-1.27206,-1.52637,0.64490,0.63026,0.77437,-2.57135
-1.27206,-1.52637,0.64490,0.63026,0.77437,-2.57135
-1.27206,-1.52637,0.64490,0.63026,0.77437,-2.57135
-1.27206,-1.52637,0.64490,0.63026,0.77437,-2.57135
-1.27206,-1.52637,0.64490,0.63026,0.77437,-2.57135
-1.27206,-1.52637,0.64490,0.63026,0.77437,-2.57135
-1.27206,-1.52637,0.64490,0.63026,0.77437,-2.57135
-1.27206,-1.52637,0.64490,0.63026,0.77437,-2.57135
-1.27206,-1.52637,0.64490,0.63026,0.77437,-2.57135
-1.27206,-1.52637,0.64490,0.63026,0.77437,-2.57135
-1.27206,-1.52637,0.64490,0.63026,0.77437,-2.57135
-1.27206,-1.52637,0.64490,0.63026,0.77437,-2.57135
-1.27206,-1.52637,0.64490,0.63026,0.77437,-2.57135
-1.27206,-1.52637,0.64490,0.63026,0.77437,-2.57135
-1.27206,-1.52637,0.64490,0.63026,0.77437,-2.57135
-1.27206,-1.52637,0.64490,0.63026,0.77437,-2.57135
-1.27206,-1.52637,0.64490,0.63026,0.77437,-2.57135
-1.27206,-1.52637,0.64490,0.63026,0.77437,-2.57135
-1.27206,-1.52637,0.64490,0.63026,0.77437,-2.57135
-1.27206,-1.52637,0.64490,0.63026,0.77437,-2.57135
-1.27206,-1.52637,0.64490,0.63026,0.77437,-2.57135
-1.27206,-1.52637,0.64490,0.63026,0.77437,-2.57135
-1.27206,-1.52637,0.64490,0.63026,0.77437,-2.57135
-1.27206,-1.52637,0.64490,0.63026,0.77437,-2.57135
-1.27206,-1.52637,0.64490,0.63026,0.77437,-2.57135
-1.27206,-1.52637,0.64490,0.63026,0.77437,-2.57135
-1.27206,-1.52637,0.64490,0.63026,0.77437,-2.57135
-1.27206,-1.52637,0.64490,0.63026,0.77437,-2.57135
-1.27206,-1.52637,0.64490,0.63026,0.77437,-2.57135
-1.27206,-1.52637,0.64490,0.63026,0.77437,-2.57135
-1.27206,-1.52637,0.64490,0.63026,0.77437,-2.57135
-1.27206,-1.52637,0.64490,0.63026,0.77437,-2.57135
-1.27206,-1.52637,0.64490,0.63026,0.77437,-2.57135
-1.27206,-1.52637,0.64490,0.63026,0.77437,-2.57135
-1.27206,-1.52637,0.64490,0.63026,0.77437,-2.57135
-1.27206,-1.52637,0.64490,0.63026,0.77437,-2.57135
-1.27206,-1.52637,0.64490,0.63026,0.77437,-2.57135
-1.27206,-1.52637,0.64490,0.63026,0.77437,-2.57135
-1.27206,-1.52637,0.64490,0.63026,0.77437,-2.57135
-1.27206,-1.52637,0.64490,0.63026,0.77437,-2.57135
-1.27206,-1.52637,0.64490,0.63026,0.77437,-2.57135
-1.27206,-1.52637,0.64490,0.63026,0.77437,-2.57135
-1.27206,-1.52637,0.64490,0.63026,0.77437,-2.57135
-1.27206,-1.52637,0.64490,0.63026,0.77437,-2.57135
-1.27206,-1.52637,0.64490,0.63026,0.77437,-2.57135
-1.27206,-1.52637,0.64490,0.63026,0.77437,-2.57135
-1.27206,-1.52637,0.64490,0.63026,0.77437,-2.57135
-1.27206,-1.52637,0.64490,0.63026,0.77437,-2.57135
-1.27206,-1.52637,0.64490,0.63026,0.77437,-2.57135
-1.27206,-1.52637,0.64490,0.63026,0.77437,-2.57135
-1.27206,-1.52637,0.64490,0.63026,0.77437,-2.57135
-1.27206,-1.52637,0.64490,0.63026,0.77437,-2.57135
-1.27206,-1.52637,0.64490,0.63026,0.77437,-2.57135
-1.27206,-1.52637,0.64490,0.63026,0.77437,-2.57135
-1.27206,-1.52637,0.64490,0.63026,0.77437,-2.57135
-1.27206,-1.52637,0.64490,0.63026,0.77437,-2.57135
-1.27206,-1.52637,0.64490,0.63026,0.77437,-2.57135
-1.27206,-1.52637,0.64490,0.63026,0.77437,-2.57135
-1.27206,-1.52637,0.64490,0.63026,0.77437,-2.57135
-1.27206,-1.52637,0.64490,0.63026,0.77437,-2.57135
-1.27206,-1.52637,0.64490,0.63026,0.77437,-2.57135
-1.27206,-1.52637,0.64490,0.63026,0.77437,-2.57135
-1.27206,-1.52637,0.64490,0.63026,0.77437,-2.57135
-1.27206,-1.52637,0.64490,0.63026,0.77437,-2.57135
-1.27206,-1.52637,0.64490,0.63026,0.77437,-2.57135
-1.27206,-1.52637,0.64490,0.63026,0.77437,-2.57135
