1.63740,-1.49666,-1.29338,-1.77857,1.79583,-2.63349
1.63740,-1.49666,-1.29338,-1.77857,1.79583,-2.63349
1.63740,-1.49666,-1.29338,-1.77857,1.79583,-2.63349
1.63740,-1.49666,-1.29338,-1.77857,1.79583,-2.63349
1.63740,-1.49666,-1.29338,-1.77857,1.79583,-2.63349
1.63740,-1.49666,-1.29338,-1.77857,1.79583,-2.63349
1.63740,-1.49666,-1.29338,-1.77857,1.79583,-2.63349
1.63740,-1.49666,-1.29338,-1.77857,1.79583,-2.63349
1.63740,-1.49666,-1.29338,-1.77857,1.79583,-2.63349
1.63740,-1.49666,-1.29338,-1.77857,1.79583,-2.63349
1.63740,-1.49666,-1.29338,-1.77857,1.79583,-2.63349
1.63740,-1.49666,-1.29338,-1.77857,1.79583,-2.63349
1.63740,-1.49666,-1.29338,-1.77857,1.79583,-2.63349
1.63740,-1.49666,-1.29338,-1.77857,1.79583,-2.63349
1.63740,-1.49666,-1.29338,-1.77857,1.79583,-2.63349
1.63740,-1.49666,-1.29338,-1.77857,1.79583,-2.63349
1.63740,-1.49666,-1.29338,-1.77857,1.79583,-2.63349
1.63740,-1.49666,-1.29338,-1.77857,1.79583,-2.63349
1.63740,-1.49666,-1.29338,-1.77857,1.79583,-2.63349
1.63740,-1.49666,-1.29338,-1.77857,1.79583,-2.63349
1.63740,-1.49666,-1.29338,-1.77857,1.79583,-2.63349
1.63740,-1.49666,-1.29338,-1.77857,1.79583,-2.63349
1.63740,-1.49666,-1.29338,-1.77857,1.79583,-2.63349
1.63740,-1.49666,-1.29338,-1.77857,1.79583,-2.63349
1.63740,-1.49666,-1.29338,-1.77857,1.79583,-2.63349
1.63740,-1.49666,-1.29338,-1.77857,1.79583,-2.63349
1.63740,-1.49666,-1.29338,-1.77857,1.79583,-2.63349
1.63740,-1.49666,-1.29338,-1.77857,1.79583,-2.63349
1.63740,-1.49666,-1.29338,-1.77857,1.79583,-2.63349
1.63740,-1.49666,-1.29338,-1.77857,1.79583,-2.63349
1.63740,-1.49666,-1.29338,-1.77857,1.79583,-2.63349
1.63740,-1.49666,-1.29338,-1.77857,1.79583,-2.63349
1.63740,-1.49666,-1.29338,-1.77857,1.79583,-2.63349
1.63740,-1.49666,-1.29338,-1.77857,1.79583,-2.63349
1.63740,-1.49666,-1.29338,-1.77857,1.79583,-2.63349
1.63740,-1.49666,-1.29338,-1.77857,1.79583,-2.63349
1.63740,-1.49666,-1.29338,-1.77857,1.79583,-2.63349
1.63740,-1.49666,-1.29338,-1.77857,1.79583,-2.63349
1.63740,-1.49666,-1.29338,-1.77857,1.79583,-2.63349
1.63740,-1.49666,-1.29338,-1.77857,1.79583,-2.63349
1.63740,-1.49666,-1.29338,-1.77857,1.79583,-2.63349
1.63740,-1.49666,-1.29338,-1.77857,1.79583,-2.63349
1.63740,-1.49666,-1.29338,-1.77857,1.79583,-2.63349
1.63740,-1.49666,-1.29338,-1.77857,1.79583,-2.63349
1.63740,-1.49666,-1.29338,-1.77857,1.79583,-2.63349
1.63740,-1.49666,-1.29338,-1.77857,1.79583,-2.63349
1.63740,-1.49666,-1.29338,-1.77857,1.79583,-2.63349
1.63740,-1.49666,-1.29338,-1.77857,1.79583,-2.63349
1.63740,-1.49666,-1.29338,-1.77857,1.79583,-2.63349
1.63740,-1.49666,-1.29338,-1.77857,1.79583,-2.63349
1.63740,-1.49666,-1.29338,-1.77857,1.79583,-2.63349
1.63740,-1.49666,-1.29338,-1.77857,1.79583,-2.63349
1.63740,-1.49666,-1.29338,-1.77857,1.79583,-2.63349
1.63740,-1.49666,-1.29338,-1.77857,1.79583,-2.63349
1.63740,-1.49666,-1.29338,-1.77857,1.79583,-2.63349
1.63740,-1.49666,-1.29338,-1.77857,1.79583,-2.63349
1.63740,-1.49666,-1.29338,-1.77857,1.79583,-2.63349
1.63740,-1.49666,-1.29338,-1.77857,1.79583,-2.63349
1.63740,-1.49666,-1.29338,-1.77857,1.79583,-2.63349
1.63740,-1.49666,-1.29338,-1.77857,1.79583,-2.63349
1.63740,-1.49666,-1.29338,-1.77857,1.79583,-2.63349
1.63740,-1.49666,-1.29338,-1.77857,1.79583,-2.63349
1.63740,-1.49666,-1.29338,-1.77857,1.79583,-2.63349
1.63740,-1.49666,-1.29338,-1.77857,1.79583,-2.63349
1.63740,-1.49666,-1.29338,-1.77857,1.79583,-2.63349
1.63740,-1.49666,-1.29338,-1.77857,1.79583,-2.63349
1.63740,-1.49666,-1.29338,-1.77857,1.79583,-2.63349
1.63740,-1.49666,-1.29338,-1.77857,1.79583,-2.63349
1.63740,-1.49666,-1.29338,-1.77857,1.79583,-2.63349
1.63740,-1.49666,-1.29338,-1.77857,1.79583,-2.63349
1.63740,-1.49666,-1.29338,-1.77857,1.79583,-2.63349
1.63740,-1.49666,-1.29338,-1.77857,1.79583,-2.63349
1.63740,-1.49666,-1.29338,-1.77857,1.79583,-2.63349
1.63740,-1.49666,-1.29338,-1.77857,1.79583,-2.63349
1.63740,-1.49666,-1.29338,-1.77857,1.79583,-2.63349
1.63740,-1.49666,-1.29338,-1.77857,1.79583,-2.63349
1.63740,-1.49666,-1.29338,-1.77857,1.79583,-2.63349
1.63740,-1.49666,-1.29338,-1.77857,1.79583,-2.63349
1.63740,-1.49666,-1.29338,-1.77857,1.79583,-2.63349
1.63740,-1.49666,-1.29338,-1.77857,1.79583,-2.63349
1.63740,-1.49666,-1.29338,-1.77857,1.79583,-2.63349
1.63740,-1.49666,-1.29338,-1.77857,1.79583,-2.63349
1.63740,-1.49666,-1.29338,-1.77857,1.79583,-2.63349
1.63740,-1.49666,-1.29338,-1.77857,1.79583,-2.63349
1.63740,-1.49666,-1.29338,-1.77857,1.79583,-2.63349
1.63740,-1.49666,-1.29338,-1.77857,1.79583,-2.63349
1.63740,-1.49666,-1.29338,-1.77857,1.79583,-2.63349
1.63740,-1.49666,-1.29338,-1.77857,1.79583,-2.63349
1.63740,-1.49666,-1.29338,-1.77857,1.79583,-2.63349
1.63740,-1.49666,-1.29338,-1.77857,1.79583,-2.63349
1.63740,-1.49666,-1.29338,-1.77857,1.79583,-2.63349
1.63740,-1.49666,-1.29338,-1.77857,1.79583,-2.63349
1.63740,-1.49666,-1.29338,-1.77857,1.79583,-2.63349
1.63740,-1.49666,-1.29338,-1.77857,1.79583,-2.63349
1.63740,-1.49666,-1.29338,-1.77857,1.79583,-2.63349
1.63740,-1.49666,-1.29338,-1.77857,1.79583,-2.63349
1.63740,-1.49666,-1.29338,-1.77857,1.79583,-2.63349
1.63740,-1.49666,-1.29338,-1.77857,1.79583,-2.63349
1.63740,-1.49666,-1.29338,-1.77857,1.79583,-2.63349
1.63740,-1.49666,-1.29338,-1.77857,1.79583,-2.63349
1.63740,-1.49666,-1.29338,-1.77857,1.79583,-2.63349
1.63740,-1.49666,-1.29338,-1.77857,1.79583,-2.63349
1.63740,-1.49666,-1.29338,-1.77857,1.79583,-2.63349
1.63740,-1.49666,-1.29338,-1.77857,1.79583,-2.63349
1.63740,-1.49666,-1.29338,-1.77857,1.79583,-2.63349
1.63740,-1.49666,-1.29338,-1.77857,1.79583,-2.63349
1.63740,-1.49666,-1.29338,-1.77857,1.79583,-2.63349
1.63740,-1.49666,-1.29338,-1.77857,1.79583,-2.63349
1.63740,-1.49666,-1.29338,-1.77857,1.79583,-2.63349
1.63740,-1.49666,-1.29338,-1.77857,1.79583,-2.63349
1.63740,-1.49666,-1.29338,-1.77857,1.79583,-2.63349
1.63740,-1.49666,-1.29338,-1.77857,1.79583,-2.63349
1.63740,-1.49666,-1.29338,-1.77857,1.79583,-2.63349
1.63740,-1.49666,-1.29338,-1.77857,1.79583,-2.63349
1.63740,-1.49666,-1.29338,-1.77857,1.79583,-2.63349
1.63740,-1.49666,-1.29338,-1.77857,1.79583,-2.63349
1.63740,-1.49666,-1.29338,-1.77857,1.79583,-2.63349
1.63740,-1.49666,-1.29338,-1.77857,1.79583,-2.63349
1.63740,-1.49666,-1.29338,-1.77857,1.79583,-2.63349
1.63740,-1.49666,-1.29338,-1.77857,1.79583,-2.63349
1.63740,-1.49666,-1.29338,-1.77857,1.79583,-2.63349
1.63740,-1.49666,-1.29338,-1.77857,1.79583,-2.63349
1.63740,-1.49666,-1.29338,-1.77857,1.79583,-2.63349
1.63740,-1.49666,-1.29338,-1.77857,1.79583,-2.63349
1.63740,-1.49666,-1.29338,-1.77857,1.79583,-2.63349
1.63740,-1.49666,-1.29338,-1.77857,1.79583,-2.63349
1.63740,-1.49666,-1.29338,-1.77857,1.79583,-2.63349
1.63740,-1.49666,-1.29338,-1.77857,1.79583,-2.63349
1.63740,-1.49666,-1.29338,-1.77857,1.79583,-2.63349
1.63740,-1.49666,-1.29338,-1.77857,1.79583,-2.63349
1.63740,-1.49666,-1.29338,-1.77857,1.79583,-2.63349
1.63740,-1.49666,-1.29338,-1.77857,1.79583,-2.63349
1.63740,-1.49666,-1.29338,-1.77857,1.79583,-2.63349
1.63740,-1.49666,-1.29338,-1.77857,1.79583,-2.63349
1.63740,-1.49666,-1.29338,-1.77857,1.79583,-2.63349
1.63740,-1.49666,-1.29338,-1.77857,1.79583,-2.63349
1.63740,-1.49666,-1.29338,-1.77857,1.79583,-2.63349
1.63740,-1.49666,-1.29338,-1.77857,1.79583,-2.63349
1.63740,-1.49666,-1.29338,-1.77857,1.79583,-2.63349
1.63740,-1.49666,-1.29338,-1.77857,1.79583,-2.63349
1.63740,-1.49666,-1.29338,-1.77857,1.79583,-2.63349
1.63740,-1.49666,-1.29338,-1.77857,1.79583,-2.63349
1.63740,-1.49666,-1.29338,-1.77857,1.79583,-2.63349
1.63740,-1.49666,-1.29338,-1.77857,1.79583,-2.63349
1.63740,-1.49666,-1.29338,-1.77857,1.79583,-2.63349
1.63740,-1.49666,-1.29338,-1.77857,1.79583,-2.63349
1.63740,-1.49666,-1.29338,-1.77857,1.79583,-2.63349
1.63740,-1.49666,-1.29338,-1.77857,1.79583,-2.63349
1.63740,-1.49666,-1.29338,-1.77857,1.79583,-2.63349
1.63740,-1.49666,-1.29338,-1.77857,1.79583,-2.63349
1.63740,-1.49666,-1.29338,-1.77857,1.79583,-2.63349
1.63740,-1.49666,-1.29338,-1.77857,1.79583,-2.63349
1.63740,-1.49666,-1.29338,-1.77857,1.79583,-2.63349
1.63740,-1.49666,-1.29338,-1.77857,1.79583,-2.63349
1.63740,-1.49666,-1.29338,-1.77857,1.79583,-2.63349
1.63740,-1.49666,-1.29338,-1.77857,1.79583,-2.63349
1.63740,-1.49666,-1.29338,-1.77857,1.79583,-2.63349
1.63740,-1.49666,-1.29338,-1.77857,1.79583,-2.63349
1.63740,-1.49666,-1.29338,-1.77857,1.79583,-2.63349
1.63740,-1.49666,-1.29338,-1.77857,1.79583,-2.63349
1.63740,-1.49666,-1.29338,-1.77857,1.79583,-2.63349
1.63740,-1.49666,-1.29338,-1.77857,1.79583,-2.63349
1.63740,-1.49666,-1.29338,-1.77857,1.79583,-2.63349
1.63740,-1.49666,-1.29338,-1.77857,1.79583,-2.63349
1.63740,-1.49666,-1.29338,-1.77857,1.79583,-2.63349
1.63740,-1.49666,-1.29338,-1.77857,1.79583,-2.63349
1.63740,-1.49666,-1.29338,-1.77857,1.79583,-2.63349
1.63740,-1.49666,-1.29338,-1.77857,1.79583,-2.63349
1.63740,-1.49666,-1.29338,-1.77857,1.79583,-2.63349
1.63740,-1.49666,-1.29338,-1.77857,1.79583,-2.63349
1.63740,-1.49666,-1.29338,-1.77857,1.79583,-2.63349
1.63740,-1.49666,-1.29338,-1.77857,1.79583,-2.63349
1.63740,-1.49666,-1.29338,-1.77857,1.79583,-2.63349
1.63740,-1.49666,-1.29338,-1.77857,1.79583,-2.63349
1.63740,-1.49666,-1.29338,-1.77857,1.79583,-2.63349
1.63740,-1.49666,-1.29338,-1.77857,1.79583,-2.63349
1.63740,-1.49666,-1.29338,-1.77857,1.79583,-2.63349
1.63740,-1.49666,-1.29338,-1.77857,1.79583,-2.63349
1.63740,-1.49666,-1.29338,-1.77857,1.79583,-2.63349
1.63740,-1.49666,-1.29338,-1.77857,1.79583,-2.63349
1.63740,-1.49666,-1.29338,-1.77857,1.79583,-2.63349
1.63740,-1.49666,-1.29338,-1.77857,1.79583,-2.63349
1.63740,-1.49666,-1.29338,-1.77857,1.79583,-2.63349
1.63740,-1.49666,-1.29338,-1.77857,1.79583,-2.63349
1.63740,-1.49666,-1.29338,-1.77857,1.79583,-2.63349
1.63740,-1.49666,-1.29338,-1.77857,1.79583,-2.63349
1.63740,-1.49666,-1.29338,-1.77857,1.79583,-2.63349
1.63740,-1.49666,-1.29338,-1.77857,1.79583,-2.63349
1.63740,-1.49666,-1.29338,-1.77857,1.79583,-2.63349
1.63740,-1.49666,-1.29338,-1.77857,1.79583,-2.63349
1.63740,-1.49666,-1.29338,-1.77857,1.79583,-2.63349
1.63740,-1.49666,-1.29338,-1.77857,1.79583,-2.63349
1.63740,-1.49666,-1.29338,-1.77857,1.79583,-2.63349
1.63740,-1.49666,-1.29338,-1.77857,1.79583,-2.63349
1.63740,-1.49666,-1.29338,-1.77857,1.79583,-2.63349
1.63740,-1.49666,-1.29338,-1.77857,1.79583,-2.63349
1.63740,-1.49666,-1.29338,-1.77857,1.79583,-2.63349
1.63740,-1.49666,-1.29338,-1.77857,1.79583,-2.63349
1.63740,-1.49666,-1.29338,-1.77857,1.79583,-2.63349
1.63740,-1.49666,-1.29338,-1.77857,1.79583,-2.63349
1.63740,-1.49666,-1.29338,-1.77857,1.79583,-2.63349
1.63740,-1.49666,-1.29338,-1.77857,1.79583,-2.63349
1.63740,-1.49666,-1.29338,-1.77857,1.79583,-2.63349
1.63740,-1.49666,-1.29338,-1.77857,1.79583,-2.63349
1.63740,-1.49666,-1.29338,-1.77857,1.79583,-2.63349
1.63740,-1.49666,-1.29338,-1.77857,1.79583,-2.63349
1.63740,-1.49666,-1.29338,-1.77857,1.79583,-2.63349
1.63740,-1.49666,-1.29338,-1.77857,1.79583,-2.63349
1.63740,-1.49666,-1.29338,-1.77857,1.79583,-2.63349
1.63740,-1.49666,-1.29338,-1.77857,1.79583,-2.63349
1.63740,-1.49666,-1.29338,-1.77857,1.79583,-2.63349
1.63740,-1.49666,-1.29338,-1.77857,1.79583,-2.63349
1.63740,-1.49666,-1.29338,-1.77857,1.79583,-2.63349
1.63740,-1.49666,-1.29338,-1.77857,1.79583,-2.63349
1.63740,-1.49666,-1.29338,-1.77857,1.79583,-2.63349
1.63740,-1.49666,-1.29338,-1.77857,1.79583,-2.63349
1.63740,-1.49666,-1.29338,-1.77857,1.79583,-2.63349
1.63740,-1.49666,-1.29338,-1.77857,1.79583,-2.63349
1.63740,-1.49666,-1.29338,-1.77857,1.79583,-2.63349
1.63740,-1.49666,-1.29338,-1.77857,1.79583,-2.63349
1.63740,-1.49666,-1.29338,-1.77857,1.79583,-2.63349
1.63740,-1.49666,-1.29338,-1.77857,1.79583,-2.63349
1.63740,-1.49666,-1.29338,-1.77857,1.79583,-2.63349
1.63740,-1.49666,-1.29338,-1.77857,1.79583,-2.63349
1.63740,-1.49666,-1.29338,-1.77857,1.79583,-2.63349
1.63740,-1.49666,-1.29338,-1.77857,1.79583,-2.63349
1.63740,-1.49666,-1.29338,-1.77857,1.79583,-2.63349
1.63740,-1.49666,-1.29338,-1.77857,1.79583,-2.63349
1.63740,-1.49666,-1.29338,-1.77857,1.79583,-2.63349
1.63740,-1.49666,-1.29338,-1.77857,1.79583,-2.63349
1.63740,-1.49666,-1.29338,-1.77857,1.79583,-2.63349
1.63740,-1.49666,-1.29338,-1.77857,1.79583,-2.63349
1.63740,-1.49666,-1.29338,-1.77857,1.79583,-2.63349
1.63740,-1.49666,-1.29338,-1.77857,1.79583,-2.63349
1.63740,-1.49666,-1.29338,-1.77857,1.79583,-2.63349
1.63740,-1.49666,-1.29338,-1.77857,1.79583,-2.63349
1.63740,-1.49666,-1.29338,-1.77857,1.79583,-2.63349
1.63740,-1.49666,-1.29338,-1.77857,1.79583,-2.63349
1.63740,-1.49666,-1.29338,-1.77857,1.79583,-2.63349
1.63740,-1.49666,-1.29338,-1.77857,1.79583,-2.63349
1.63740,-1.49666,-1.29338,-1.77857,1.79583,-2.63349
1.63740,-1.49666,-1.29338,-1.77857,1.79583,-2.63349
1.63740,-1.49666,-1.29338,-1.77857,1.79583,-2.63349
1.63740,-1.49666,-1.29338,-1.77857,1.79583,-2.63349
1.63740,-1.49666,-1.29338,-1.77857,1.79583,-2.63349
1.63740,-1.49666,-1.29338,-1.77857,1.79583,-2.63349
1.63740,-1.49666,-1.29338,-1.77857,1.79583,-2.63349
1.63740,-1.49666,-1.29338,-1.77857,1.79583,-2.63349
1.63740,-1.49666,-1.29338,-1.77857,1.79583,-2.63349
1.63740,-1.49666,-1.29338,-1.77857,1.79583,-2.63349
1.63740,-1.49666,-1.29338,-1.77857,1.79583,-2.63349
1.63740,-1.49666,-1.29338,-1.77857,1.79583,-2.63349
1.63740,-1.49666,-1.29338,-1.77857,1.79583,-2.63349
1.63740,-1.49666,-1.29338,-1.77857,1.79583,-2.63349
1.63740,-1.49666,-1.29338,-1.77857,1.79583,-2.63349
1.63740,-1.49666,-1.29338,-1.77857,1.79583,-2.63349
1.63740,-1.49666,-1.29338,-1.77857,1.79583,-2.63349
1.63740,-1.49666,-1.29338,-1.77857,1.79583,-2.63349
1.63740,-1.49666,-1.29338,-1.77857,1.79583,-2.63349
1.63740,-1.49666,-1.29338,-1.77857,1.79583,-2.63349
1.63740,-1.49666,-1.29338,-1.77857,1.79583,-2.63349
1.63740,-1.49666,-1.29338,-1.77857,1.79583,-2.63349
1.63740,-1.49666,-1.29338,-1.77857,1.79583,-2.63349
1.63740,-1.49666,-1.29338,-1.77857,1.79583,-2.63349
1.63740,-1.49666,-1.29338,-1.77857,1.79583,-2.63349
1.63740,-1.49666,-1.29338,-1.77857,1.79583,-2.63349
1.63740,-1.49666,-1.29338,-1.77857,1.79583,-2.63349
1.63740,-1.49666,-1.29338,-1.77857,1.79583,-2.63349
1.63740,-1.49666,-1.29338,-1.77857,1.79583,-2.63349
1.63740,-1.49666,-1.29338,-1.77857,1.79583,-2.63349
1.63740,-1.49666,-1.29338,-1.77857,1.79583,-2.63349
1.63740,-1.49666,-1.29338,-1.77857,1.79583,-2.63349
1.63740,-1.49666,-1.29338,-1.77857,1.79583,-2.63349
1.63740,-1.49666,-1.29338,-1.77857,1.79583,-2.63349
1.63740,-1.49666,-1.29338,-1.77857,1.79583,-2.63349
1.63740,-1.49666,-1.29338,-1.77857,1.79583,-2.63349
1.63740,-1.49666,-1.29338,-1.77857,1.79583,-2.63349
1.63740,-1.49666,-1.29338,-1.77857,1.79583,-2.63349
1.63740,-1.49666,-1.29338,-1.77857,1.79583,-2.63349
1.63740,-1.49666,-1.29338,-1.77857,1.79583,-2.63349
1.63740,-1.49666,-1.29338,-1.77857,1.79583,-2.63349
1.63740,-1.49666,-1.29338,-1.77857,1.79583,-2.63349
1.63740,-1.49666,-1.29338,-1.77857,1.79583,-2.63349
1.63740,-1.49666,-1.29338,-1.77857,1.79583,-2.63349
1.63740,-1.49666,-1.29338,-1.77857,1.79583,-2.63349
1.63740,-1.49666,-1.29338,-1.77857,1.79583,-2.63349
1.63740,-1.49666,-1.29338,-1.77857,1.79583,-2.63349
1.63740,-1.49666,-1.29338,-1.77857,1.79583,-2.63349
1.63740,-1.49666,-1.29338,-1.77857,1.79583,-2.63349
1.63740,-1.49666,-1.29338,-1.77857,1.79583,-2.63349
1.63740,-1.49666,-1.29338,-1.77857,1.79583,-2.63349
1.63740,-1.49666,-1.29338,-1.77857,1.79583,-2.63349
1.63740,-1.49666,-1.29338,-1.77857,1.79583,-2.63349
1.63740,-1.49666,-1.29338,-1.77857,1.79583,-2.63349
1.63740,-1.49666,-1.29338,-1.77857,1.79583,-2.63349
1.63740,-1.49666,-1.29338,-1.77857,1.79583,-2.63349
1.63740,-1.49666,-1.29338,-1.77857,1.79583,-2.63349
1.63740,-1.49666,-1.29338,-1.77857,1.79583,-2.63349
1.63740,-1.49666,-1.29338,-1.77857,1.79583,-2.63349
1.63740,-1.49666,-1.29338,-1.77857,1.79583,-2.63349
1.63740,-1.49666,-1.29338,-1.77857,1.79583,-2.63349
1.63708,-1.49582,-1.29471,-1.77682,1.79638,-2.63289
1.63677,-1.49498,-1.29603,-1.77507,1.79693,-2.63227
1.63659,-1.49402,-1.29749,-1.77315,1.79724,-2.63258
1.63641,-1.49307,-1.29895,-1.77123,1.79758,-2.63291
1.63603,-1.49256,-1.29983,-1.77006,1.79824,-2.63354
1.63565,-1.49205,-1.30069,-1.76891,1.79891,-2.63418
1.63520,-1.49169,-1.30138,-1.76798,1.79971,-2.63473
1.63474,-1.49133,-1.30207,-1.76706,1.80052,-2.63527
1.63446,-1.49037,-1.30357,-1.76508,1.80103,-2.63463
1.63417,-1.48940,-1.30508,-1.76308,1.80154,-2.63400
1.63402,-1.48837,-1.30664,-1.76102,1.80180,-2.63292
1.63387,-1.48735,-1.30819,-1.75898,1.80207,-2.63186
1.63370,-1.48622,-1.30990,-1.75672,1.80237,-2.63130
1.63352,-1.48509,-1.31162,-1.75445,1.80268,-2.63075
1.63317,-1.48450,-1.31260,-1.75314,1.80331,-2.63103
1.63282,-1.48391,-1.31358,-1.75183,1.80393,-2.63130
1.63254,-1.48288,-1.31519,-1.74969,1.80443,-2.63086
1.63226,-1.48185,-1.31680,-1.74756,1.80492,-2.63040
1.63204,-1.48099,-1.31815,-1.74578,1.80532,-2.63009
1.63181,-1.48013,-1.31949,-1.74399,1.80572,-2.62978
1.63150,-1.47942,-1.32064,-1.74246,1.80628,-2.62948
1.63118,-1.47871,-1.32180,-1.74091,1.80685,-2.62917
1.63087,-1.47788,-1.32313,-1.73914,1.80739,-2.62925
1.63057,-1.47705,-1.32447,-1.73736,1.80793,-2.62932
1.63031,-1.47626,-1.32573,-1.73569,1.80839,-2.62911
1.63006,-1.47547,-1.32697,-1.73403,1.80884,-2.62890
1.62980,-1.47461,-1.32833,-1.73222,1.80930,-2.62866
1.62954,-1.47375,-1.32970,-1.73039,1.80975,-2.62841
1.62929,-1.47288,-1.33106,-1.72858,1.81020,-2.62800
1.62903,-1.47202,-1.33243,-1.72674,1.81066,-2.62760
1.62877,-1.47111,-1.33386,-1.72484,1.81113,-2.62734
1.62850,-1.47021,-1.33529,-1.72293,1.81160,-2.62709
1.62820,-1.46949,-1.33646,-1.72136,1.81214,-2.62755
1.62790,-1.46877,-1.33763,-1.71979,1.81268,-2.62802
1.62764,-1.46787,-1.33906,-1.71789,1.81314,-2.62726
1.62739,-1.46697,-1.34048,-1.71598,1.81358,-2.62649
1.62710,-1.46623,-1.34169,-1.71436,1.81410,-2.62650
1.62681,-1.46548,-1.34290,-1.71274,1.81461,-2.62650
1.62657,-1.46454,-1.34438,-1.71075,1.81504,-2.62612
1.62633,-1.46360,-1.34586,-1.70877,1.81547,-2.62574
1.62590,-1.46318,-1.34664,-1.70771,1.81624,-2.62635
1.62547,-1.46277,-1.34741,-1.70667,1.81700,-2.62696
1.62509,-1.46237,-1.34815,-1.70566,1.81769,-2.62778
1.62469,-1.46197,-1.34890,-1.70465,1.81839,-2.62860
1.62428,-1.46154,-1.34969,-1.70357,1.81912,-2.62912
1.62387,-1.46110,-1.35050,-1.70248,1.81986,-2.62963
1.62348,-1.46075,-1.35118,-1.70156,1.82054,-2.63077
1.62311,-1.46039,-1.35185,-1.70065,1.82122,-2.63189
1.62269,-1.46002,-1.35257,-1.69968,1.82196,-2.63248
1.62228,-1.45965,-1.35327,-1.69872,1.82269,-2.63306
1.62182,-1.45950,-1.35367,-1.69818,1.82351,-2.63307
1.62136,-1.45935,-1.35407,-1.69762,1.82433,-2.63309
1.62095,-1.45898,-1.35478,-1.69666,1.82506,-2.63330
1.62055,-1.45860,-1.35550,-1.69568,1.82579,-2.63350
1.62007,-1.45843,-1.35594,-1.69507,1.82665,-2.63454
1.61959,-1.45827,-1.35637,-1.69449,1.82750,-2.63559
1.61909,-1.45792,-1.35709,-1.69351,1.82840,-2.63486
1.61858,-1.45758,-1.35780,-1.69254,1.82931,-2.63414
1.61821,-1.45715,-1.35859,-1.69147,1.82997,-2.63518
1.61783,-1.45672,-1.35937,-1.69041,1.83065,-2.63622
1.61733,-1.45656,-1.35982,-1.68981,1.83154,-2.63678
1.61684,-1.45638,-1.36027,-1.68919,1.83242,-2.63732
1.61633,-1.45617,-1.36079,-1.68848,1.83334,-2.63703
1.61582,-1.45596,-1.36130,-1.68777,1.83425,-2.63671
1.61551,-1.45520,-1.36256,-1.68608,1.83481,-2.63656
1.61521,-1.45444,-1.36381,-1.68439,1.83535,-2.63640
1.61487,-1.45371,-1.36505,-1.68272,1.83596,-2.63625
1.61453,-1.45297,-1.36628,-1.68106,1.83656,-2.63609
1.61422,-1.45222,-1.36752,-1.67938,1.83711,-2.63594
1.61391,-1.45146,-1.36878,-1.67768,1.83767,-2.63578
1.61366,-1.45055,-1.37024,-1.67569,1.83812,-2.63558
1.61341,-1.44964,-1.37171,-1.67371,1.83857,-2.63538
1.61302,-1.44919,-1.37254,-1.67258,1.83928,-2.63558
1.61262,-1.44874,-1.37337,-1.67145,1.83998,-2.63579
1.61213,-1.44850,-1.37394,-1.67068,1.84087,-2.63632
1.61163,-1.44826,-1.37451,-1.66990,1.84178,-2.63687
1.61128,-1.44759,-1.37565,-1.66835,1.84239,-2.63695
1.61093,-1.44692,-1.37680,-1.66680,1.84302,-2.63705
1.61062,-1.44614,-1.37809,-1.66504,1.84358,-2.63708
1.61031,-1.44536,-1.37940,-1.66327,1.84415,-2.63712
1.60999,-1.44460,-1.38066,-1.66156,1.84472,-2.63687
1.60967,-1.44386,-1.38191,-1.65986,1.84529,-2.63662
1.60933,-1.44319,-1.38306,-1.65830,1.84591,-2.63664
1.60898,-1.44252,-1.38420,-1.65674,1.84653,-2.63667
1.60866,-1.44182,-1.38540,-1.65511,1.84711,-2.63669
1.60834,-1.44111,-1.38659,-1.65348,1.84769,-2.63671
1.60797,-1.44052,-1.38764,-1.65206,1.84836,-2.63713
1.60760,-1.43992,-1.38869,-1.65062,1.84902,-2.63754
1.60724,-1.43929,-1.38979,-1.64912,1.84966,-2.63802
1.60689,-1.43867,-1.39088,-1.64763,1.85031,-2.63851
1.60664,-1.43786,-1.39221,-1.64583,1.85075,-2.63815
1.60639,-1.43705,-1.39353,-1.64402,1.85119,-2.63779
1.60605,-1.43642,-1.39462,-1.64253,1.85182,-2.63794
1.60569,-1.43580,-1.39571,-1.64104,1.85246,-2.63809
1.60544,-1.43505,-1.39695,-1.63934,1.85292,-2.63850
1.60518,-1.43430,-1.39819,-1.63765,1.85339,-2.63893
1.60482,-1.43366,-1.39932,-1.63610,1.85403,-2.63906
1.60446,-1.43301,-1.40045,-1.63456,1.85468,-2.63919
1.60410,-1.43236,-1.40159,-1.63299,1.85533,-2.63931
1.60374,-1.43171,-1.40273,-1.63143,1.85598,-2.63944
1.60344,-1.43205,-1.40235,-1.63195,1.85653,-2.63853
1.60314,-1.43238,-1.40198,-1.63245,1.85707,-2.63760
1.60271,-1.43287,-1.40142,-1.63323,1.85784,-2.63788
1.60230,-1.43336,-1.40086,-1.63399,1.85859,-2.63815
1.60189,-1.43382,-1.40035,-1.63469,1.85933,-2.63827
1.60147,-1.43428,-1.39983,-1.63539,1.86008,-2.63839
1.60106,-1.43474,-1.39932,-1.63609,1.86083,-2.63855
1.60064,-1.43519,-1.39882,-1.63678,1.86158,-2.63868
1.60024,-1.43562,-1.39835,-1.63743,1.86230,-2.63864
1.59985,-1.43605,-1.39787,-1.63808,1.86302,-2.63857
1.59945,-1.43656,-1.39728,-1.63889,1.86375,-2.63870
1.59904,-1.43708,-1.39667,-1.63972,1.86449,-2.63884
1.59863,-1.43748,-1.39625,-1.64031,1.86523,-2.63872
1.59822,-1.43788,-1.39582,-1.64090,1.86597,-2.63862
1.59782,-1.43830,-1.39536,-1.64153,1.86670,-2.63838
1.59742,-1.43873,-1.39490,-1.64217,1.86742,-2.63814
1.59700,-1.43919,-1.39439,-1.64287,1.86819,-2.63812
1.59657,-1.43965,-1.39388,-1.64357,1.86896,-2.63810
1.59614,-1.44014,-1.39332,-1.64434,1.86974,-2.63799
1.59572,-1.44064,-1.39276,-1.64511,1.87051,-2.63789
1.59527,-1.44114,-1.39221,-1.64588,1.87132,-2.63810
1.59483,-1.44164,-1.39165,-1.64666,1.87213,-2.63832
1.59450,-1.44192,-1.39137,-1.64704,1.87271,-2.63778
1.59419,-1.44219,-1.39111,-1.64741,1.87329,-2.63723
1.59367,-1.44287,-1.39031,-1.64851,1.87423,-2.63750
1.59316,-1.44354,-1.38953,-1.64960,1.87516,-2.63777
1.59274,-1.44400,-1.38902,-1.65030,1.87591,-2.63767
1.59233,-1.44446,-1.38851,-1.65101,1.87666,-2.63756
1.59191,-1.44490,-1.38804,-1.65168,1.87742,-2.63756
1.59150,-1.44534,-1.38756,-1.65235,1.87818,-2.63755
1.59109,-1.44583,-1.38701,-1.65311,1.87893,-2.63741
1.59069,-1.44631,-1.38647,-1.65386,1.87966,-2.63727
1.59026,-1.44669,-1.38609,-1.65440,1.88043,-2.63728
1.58984,-1.44707,-1.38571,-1.65493,1.88120,-2.63729
1.58940,-1.44766,-1.38502,-1.65590,1.88200,-2.63734
1.58896,-1.44826,-1.38432,-1.65687,1.88281,-2.63741
1.58853,-1.44867,-1.38389,-1.65747,1.88359,-2.63752
1.58811,-1.44908,-1.38346,-1.65808,1.88437,-2.63762
1.58767,-1.44958,-1.38291,-1.65885,1.88517,-2.63755
1.58722,-1.45008,-1.38236,-1.65963,1.88598,-2.63749
1.58679,-1.45057,-1.38182,-1.66038,1.88677,-2.63758
1.58635,-1.45106,-1.38128,-1.66114,1.88758,-2.63767
1.58590,-1.45166,-1.38058,-1.66212,1.88840,-2.63774
1.58544,-1.45227,-1.37988,-1.66311,1.88923,-2.63780
1.58507,-1.45251,-1.37968,-1.66340,1.88991,-2.63838
1.58471,-1.45276,-1.37947,-1.66371,1.89057,-2.63895
1.58426,-1.45327,-1.37892,-1.66449,1.89140,-2.63907
1.58380,-1.45378,-1.37837,-1.66527,1.89223,-2.63919
1.58340,-1.45424,-1.37785,-1.66599,1.89296,-2.63908
1.58299,-1.45470,-1.37735,-1.66671,1.89371,-2.63899
1.58253,-1.45529,-1.37668,-1.66765,1.89456,-2.63940
1.58207,-1.45587,-1.37602,-1.66859,1.89541,-2.63980
1.58202,-1.45523,-1.37701,-1.66724,1.89549,-2.63828
1.58198,-1.45457,-1.37801,-1.66587,1.89558,-2.63676
1.58200,-1.45385,-1.37909,-1.66439,1.89553,-2.63541
1.58203,-1.45312,-1.38018,-1.66290,1.89547,-2.63406
1.58213,-1.45234,-1.38130,-1.66136,1.89529,-2.63273
1.58224,-1.45157,-1.38240,-1.65984,1.89510,-2.63140
1.58231,-1.45087,-1.38344,-1.65842,1.89497,-2.63058
1.58238,-1.45017,-1.38446,-1.65701,1.89485,-2.62977
1.58240,-1.44947,-1.38549,-1.65559,1.89480,-2.62841
1.58242,-1.44878,-1.38653,-1.65417,1.89477,-2.62706
1.58248,-1.44809,-1.38754,-1.65278,1.89465,-2.62581
1.58255,-1.44739,-1.38856,-1.65138,1.89452,-2.62456
1.58255,-1.44675,-1.38952,-1.65006,1.89452,-2.62376
1.58255,-1.44612,-1.39048,-1.64874,1.89453,-2.62296
1.58262,-1.44539,-1.39154,-1.64728,1.89439,-2.62185
1.58271,-1.44468,-1.39258,-1.64584,1.89424,-2.62075
1.58267,-1.44408,-1.39351,-1.64457,1.89430,-2.61998
1.58264,-1.44347,-1.39444,-1.64330,1.89436,-2.61920
1.58241,-1.44347,-1.39455,-1.64315,1.89477,-2.61922
1.58219,-1.44346,-1.39467,-1.64300,1.89518,-2.61922
1.58197,-1.44345,-1.39478,-1.64286,1.89559,-2.61924
1.58174,-1.44345,-1.39490,-1.64271,1.89600,-2.61926
1.58152,-1.44344,-1.39502,-1.64256,1.89641,-2.61926
1.58130,-1.44342,-1.39514,-1.64240,1.89681,-2.61926
1.58129,-1.44288,-1.39597,-1.64126,1.89684,-2.61885
1.58128,-1.44234,-1.39679,-1.64013,1.89686,-2.61844
1.58130,-1.44152,-1.39803,-1.63843,1.89682,-2.61762
1.58133,-1.44070,-1.39926,-1.63673,1.89676,-2.61677
1.58127,-1.44039,-1.39975,-1.63606,1.89686,-2.61664
1.58122,-1.44009,-1.40023,-1.63540,1.89696,-2.61649
1.58124,-1.43943,-1.40121,-1.63404,1.89693,-2.61601
1.58126,-1.43878,-1.40219,-1.63269,1.89690,-2.61552
1.58121,-1.43825,-1.40302,-1.63155,1.89698,-2.61511
1.58117,-1.43771,-1.40386,-1.63039,1.89706,-2.61468
1.58090,-1.43763,-1.40411,-1.63006,1.89754,-2.61455
1.58064,-1.43755,-1.40436,-1.62973,1.89803,-2.61443
1.58039,-1.43747,-1.40460,-1.62941,1.89849,-2.61430
1.58013,-1.43739,-1.40484,-1.62909,1.89896,-2.61418
1.57988,-1.43730,-1.40510,-1.62875,1.89942,-2.61402
1.57963,-1.43720,-1.40537,-1.62839,1.89988,-2.61386
1.57939,-1.43710,-1.40563,-1.62804,1.90032,-2.61373
1.57915,-1.43700,-1.40589,-1.62770,1.90076,-2.61360
1.57887,-1.43698,-1.40607,-1.62747,1.90127,-2.61343
1.57859,-1.43694,-1.40625,-1.62723,1.90179,-2.61326
1.57834,-1.43684,-1.40653,-1.62687,1.90226,-2.61316
1.57808,-1.43674,-1.40680,-1.62650,1.90272,-2.61305
1.57782,-1.43669,-1.40701,-1.62623,1.90320,-2.61300
1.57756,-1.43663,-1.40721,-1.62596,1.90368,-2.61293
1.57755,-1.43643,-1.40753,-1.62553,1.90371,-2.61235
1.57753,-1.43623,-1.40784,-1.62510,1.90374,-2.61177
1.57800,-1.43480,-1.40979,-1.62237,1.90288,-2.61010
1.57847,-1.43337,-1.41174,-1.61963,1.90200,-2.60842
1.57841,-1.43324,-1.41197,-1.61932,1.90212,-2.60775
1.57836,-1.43311,-1.41219,-1.61901,1.90222,-2.60707
1.57882,-1.43157,-1.41431,-1.61605,1.90136,-2.60585
1.57930,-1.43003,-1.41644,-1.61308,1.90048,-2.60460
1.57974,-1.42868,-1.41829,-1.61049,1.89968,-2.60319
1.58019,-1.42734,-1.42013,-1.60791,1.89886,-2.60176
1.58074,-1.42590,-1.42206,-1.60521,1.89785,-2.60085
1.58128,-1.42448,-1.42398,-1.60251,1.89684,-2.59993
1.58175,-1.42315,-1.42578,-1.59998,1.89600,-2.59859
1.58221,-1.42184,-1.42758,-1.59747,1.89515,-2.59727
1.58258,-1.42060,-1.42930,-1.59506,1.89447,-2.59588
1.58295,-1.41938,-1.43100,-1.59267,1.89380,-2.59451
1.58335,-1.41813,-1.43272,-1.59027,1.89306,-2.59312
1.58376,-1.41689,-1.43444,-1.58786,1.89231,-2.59172
1.58418,-1.41571,-1.43604,-1.58561,1.89154,-2.59054
1.58461,-1.41453,-1.43766,-1.58335,1.89076,-2.58935
1.58505,-1.41320,-1.43950,-1.58077,1.88995,-2.58850
1.58549,-1.41187,-1.44134,-1.57818,1.88915,-2.58764
1.58599,-1.41046,-1.44327,-1.57549,1.88822,-2.58610
1.58651,-1.40905,-1.44520,-1.57278,1.88728,-2.58455
1.58668,-1.40837,-1.44616,-1.57143,1.88696,-2.58406
1.58687,-1.40769,-1.44713,-1.57007,1.88663,-2.58357
1.58690,-1.40737,-1.44762,-1.56939,1.88656,-2.58324
1.58694,-1.40703,-1.44812,-1.56869,1.88650,-2.58292
1.58729,-1.40590,-1.44969,-1.56648,1.88586,-2.58201
1.58764,-1.40478,-1.45127,-1.56428,1.88521,-2.58111
1.58783,-1.40404,-1.45231,-1.56281,1.88487,-2.58079
1.58801,-1.40331,-1.45336,-1.56134,1.88453,-2.58049
1.58814,-1.40288,-1.45397,-1.56049,1.88431,-2.58028
1.58826,-1.40245,-1.45457,-1.55964,1.88409,-2.58008
1.58860,-1.40127,-1.45623,-1.55731,1.88346,-2.57965
1.58895,-1.40009,-1.45791,-1.55496,1.88282,-2.57920
1.58921,-1.39944,-1.45880,-1.55371,1.88236,-2.57856
1.58946,-1.39878,-1.45969,-1.55245,1.88189,-2.57792
1.58960,-1.39812,-1.46066,-1.55109,1.88164,-2.57772
1.58974,-1.39746,-1.46162,-1.54974,1.88139,-2.57754
1.59008,-1.39645,-1.46302,-1.54777,1.88077,-2.57745
1.59041,-1.39545,-1.46443,-1.54580,1.88016,-2.57737
1.59056,-1.39480,-1.46536,-1.54450,1.87989,-2.57686
1.59071,-1.39416,-1.46629,-1.54319,1.87961,-2.57636
1.59088,-1.39341,-1.46737,-1.54167,1.87930,-2.57600
1.59106,-1.39266,-1.46846,-1.54013,1.87899,-2.57564
1.59133,-1.39184,-1.46961,-1.53852,1.87848,-2.57547
1.59161,-1.39103,-1.47075,-1.53692,1.87797,-2.57532
1.59185,-1.39022,-1.47190,-1.53530,1.87754,-2.57506
1.59209,-1.38942,-1.47304,-1.53370,1.87711,-2.57480
1.59239,-1.38849,-1.47434,-1.53188,1.87657,-2.57440
1.59268,-1.38757,-1.47563,-1.53005,1.87603,-2.57400
1.59292,-1.38676,-1.47679,-1.52842,1.87559,-2.57374
1.59316,-1.38596,-1.47794,-1.52681,1.87516,-2.57349
1.59340,-1.38510,-1.47916,-1.52509,1.87472,-2.57319
1.59365,-1.38425,-1.48037,-1.52338,1.87427,-2.57289
1.59389,-1.38339,-1.48161,-1.52164,1.87383,-2.57262
1.59414,-1.38253,-1.48285,-1.51990,1.87337,-2.57234
1.59439,-1.38169,-1.48404,-1.51821,1.87293,-2.57197
1.59463,-1.38085,-1.48523,-1.51653,1.87248,-2.57159
1.59488,-1.37998,-1.48649,-1.51477,1.87202,-2.57128
1.59514,-1.37911,-1.48774,-1.51301,1.87156,-2.57095
1.59541,-1.37823,-1.48899,-1.51123,1.87107,-2.57063
1.59568,-1.37734,-1.49026,-1.50945,1.87059,-2.57031
1.59592,-1.37643,-1.49158,-1.50758,1.87014,-2.56979
1.59618,-1.37551,-1.49292,-1.50570,1.86968,-2.56928
1.59643,-1.37464,-1.49417,-1.50394,1.86923,-2.56880
1.59668,-1.37375,-1.49544,-1.50214,1.86875,-2.56830
1.59690,-1.37293,-1.49664,-1.50045,1.86837,-2.56787
1.59712,-1.37210,-1.49784,-1.49875,1.86797,-2.56744
1.59730,-1.37129,-1.49905,-1.49704,1.86763,-2.56696
1.59749,-1.37046,-1.50026,-1.49532,1.86729,-2.56647
1.59769,-1.36974,-1.50131,-1.49384,1.86693,-2.56613
1.59788,-1.36902,-1.50235,-1.49237,1.86658,-2.56580
1.59826,-1.36802,-1.50375,-1.49040,1.86589,-2.56612
1.59865,-1.36702,-1.50515,-1.48842,1.86519,-2.56643
1.59882,-1.36631,-1.50621,-1.48693,1.86489,-2.56531
1.59899,-1.36560,-1.50725,-1.48545,1.86458,-2.56419
1.59926,-1.36474,-1.50849,-1.48369,1.86409,-2.56392
1.59953,-1.36388,-1.50972,-1.48195,1.86360,-2.56366
1.59976,-1.36309,-1.51087,-1.48033,1.86319,-2.56327
1.59999,-1.36230,-1.51201,-1.47872,1.86277,-2.56290
1.60024,-1.36148,-1.51319,-1.47704,1.86230,-2.56257
1.60050,-1.36065,-1.51439,-1.47534,1.86183,-2.56222
1.60065,-1.35995,-1.51544,-1.47386,1.86157,-2.56260
1.60079,-1.35925,-1.51649,-1.47237,1.86131,-2.56297
1.60109,-1.35838,-1.51773,-1.47061,1.86078,-2.56263
1.60138,-1.35751,-1.51898,-1.46884,1.86026,-2.56229
1.60163,-1.35670,-1.52015,-1.46718,1.85979,-2.56206
1.60189,-1.35590,-1.52132,-1.46553,1.85932,-2.56184
1.60225,-1.35494,-1.52267,-1.46361,1.85868,-2.56095
1.60260,-1.35399,-1.52403,-1.46169,1.85804,-2.56007
1.60287,-1.35312,-1.52528,-1.45992,1.85755,-2.55983
1.60313,-1.35227,-1.52653,-1.45816,1.85708,-2.55961
1.60343,-1.35136,-1.52785,-1.45628,1.85655,-2.55940
1.60372,-1.35045,-1.52917,-1.45441,1.85602,-2.55919
1.60404,-1.34952,-1.53050,-1.45252,1.85545,-2.55916
1.60436,-1.34859,-1.53185,-1.45061,1.85487,-2.55912
1.60457,-1.34787,-1.53290,-1.44911,1.85448,-2.55929
1.60478,-1.34716,-1.53394,-1.44763,1.85410,-2.55947
1.60478,-1.34716,-1.53394,-1.44763,1.85410,-2.55947
1.60478,-1.34716,-1.53394,-1.44763,1.85410,-2.55947
1.60478,-1.34716,-1.53394,-1.44763,1.85410,-2.55947
1.60478,-1.34716,-1.53394,-1.44763,1.85410,-2.55947
1.60478,-1.34716,-1.53394,-1.44763,1.85410,-2.55947
1.60478,-1.34716,-1.53394,-1.44763,1.85410,-2.55947
1.60478,-1.34716,-1.53394,-1.44763,1.85410,-2.55947
1.60478,-1.34716,-1.53394,-1.44763,1.85410,-2.55947
1.60478,-1.34716,-1.53394,-1.44763,1.85410,-2.55947
1.60478,-1.34716,-1.53394,-1.44763,1.85410,-2.55947
1.60478,-1.34716,-1.53394,-1.44763,1.85410,-2.55947
1.60478,-1.34716,-1.53394,-1.44763,1.85410,-2.55947
1.60478,-1.34716,-1.53394,-1.44763,1.85410,-2.55947
1.60478,-1.34716,-1.53394,-1.44763,1.85410,-2.55947
1.60478,-1.34716,-1.53394,-1.44763,1.85410,-2.55947
1.60478,-1.34716,-1.53394,-1.44763,1.85410,-2.55947
1.60478,-1.34716,-1.53394,-1.44763,1.85410,-2.55947
1.60478,-1.34716,-1.53394,-1.44763,1.85410,-2.55947
1.60478,-1.34716,-1.53394,-1.44763,1.85410,-2.55947
1.60478,-1.34716,-1.53394,-1.44763,1.85410,-2.55947
1.60478,-1.34716,-1.53394,-1.44763,1.85410,-2.55947
1.60478,-1.34716,-1.53394,-1.44763,1.85410,-2.55947
1.60478,-1.34716,-1.53394,-1.44763,1.85410,-2.55947
1.60478,-1.34716,-1.53394,-1.44763,1.85410,-2.55947
1.60478,-1.34716,-1.53394,-1.44763,1.85410,-2.55947
1.60478,-1.34716,-1.53394,-1.44763,1.85410,-2.55947
1.60478,-1.34716,-1.53394,-1.44763,1.85410,-2.55947
1.60478,-1.34716,-1.53394,-1.44763,1.85410,-2.55947
1.60478,-1.34716,-1.53394,-1.44763,1.85410,-2.55947
1.60478,-1.34716,-1.53394,-1.44763,1.85410,-2.55947
1.60478,-1.34716,-1.53394,-1.44763,1.85410,-2.55947
1.60478,-1.34716,-1.53394,-1.44763,1.85410,-2.55947
1.60478,-1.34716,-1.53394,-1.44763,1.85410,-2.55947
1.60478,-1.34716,-1.53394,-1.44763,1.85410,-2.55947
1.60478,-1.34716,-1.53394,-1.44763,1.85410,-2.55947
1.60478,-1.34716,-1.53394,-1.44763,1.85410,-2.55947
1.60478,-1.34716,-1.53394,-1.44763,1.85410,-2.55947
1.60478,-1.34716,-1.53394,-1.44763,1.85410,-2.55947
1.60478,-1.34716,-1.53394,-1.44763,1.85410,-2.55947
1.60478,-1.34716,-1.53394,-1.44763,1.85410,-2.55947
1.60478,-1.34716,-1.53394,-1.44763,1.85410,-2.55947
1.60478,-1.34716,-1.53394,-1.44763,1.85410,-2.55947
1.60478,-1.34716,-1.53394,-1.44763,1.85410,-2.55947
1.60478,-1.34716,-1.53394,-1.44763,1.85410,-2.55947
1.60478,-1.34716,-1.53394,-1.44763,1.85410,-2.55947
1.60478,-1.34716,-1.53394,-1.44763,1.85410,-2.55947
1.60478,-1.34716,-1.53394,-1.44763,1.85410,-2.55947
1.60478,-1.34716,-1.53394,-1.44763,1.85410,-2.55947
1.60478,-1.34716,-1.53394,-1.44763,1.85410,-2.55947
1.60478,-1.34716,-1.53394,-1.44763,1.85410,-2.55947
1.60478,-1.34716,-1.53394,-1.44763,1.85410,-2.55947
1.60478,-1.34716,-1.53394,-1.44763,1.85410,-2.55947
1.60478,-1.34716,-1.53394,-1.44763,1.85410,-2.55947
1.60478,-1.34716,-1.53394,-1.44763,1.85410,-2.55947
1.60478,-1.34716,-1.53394,-1.44763,1.85410,-2.55947
1.60478,-1.34716,-1.53394,-1.44763,1.85410,-2.55947
1.60478,-1.34716,-1.53394,-1.44763,1.85410,-2.55947
1.60478,-1.34716,-1.53394,-1.44763,1.85410,-2.55947
1.60478,-1.34716,-1.53394,-1.44763,1.85410,-2.55947
1.60478,-1.34716,-1.53394,-1.44763,1.85410,-2.55947
1.60478,-1.34716,-1.53394,-1.44763,1.85410,-2.55947
1.60478,-1.34716,-1.53394,-1.44763,1.85410,-2.55947
1.60478,-1.34716,-1.53394,-1.44763,1.85410,-2.55947
1.60478,-1.34716,-1.53394,-1.44763,1.85410,-2.55947
1.60478,-1.34716,-1.53394,-1.44763,1.85410,-2.55947
1.60478,-1.34716,-1.53394,-1.44763,1.85410,-2.55947
1.60478,-1.34716,-1.53394,-1.44763,1.85410,-2.55947
1.60478,-1.34716,-1.53394,-1.44763,1.85410,-2.55947
1.60478,-1.34716,-1.53394,-1.44763,1.85410,-2.55947
1.60478,-1.34716,-1.53394,-1.44763,1.85410,-2.55947
1.60478,-1.34716,-1.53394,-1.44763,1.85410,-2.55947
1.60478,-1.34716,-1.53394,-1.44763,1.85410,-2.55947
1.60478,-1.34716,-1.53394,-1.44763,1.85410,-2.55947
1.60478,-1.34716,-1.53394,-1.44763,1.85410,-2.55947
1.60478,-1.34716,-1.53394,-1.44763,1.85410,-2.55947
1.60478,-1.34716,-1.53394,-1.44763,1.85410,-2.55947
1.60478,-1.34716,-1.53394,-1.44763,1.85410,-2.55947
1.60478,-1.34716,-1.53394,-1.44763,1.85410,-2.55947
1.60478,-1.34716,-1.53394,-1.44763,1.85410,-2.55947
1.60478,-1.34716,-1.53394,-1.44763,1.85410,-2.55947
1.60478,-1.34716,-1.53394,-1.44763,1.85410,-2.55947
1.60478,-1.34716,-1.53394,-1.44763,1.85410,-2.55947
1.60478,-1.34716,-1.53394,-1.44763,1.85410,-2.55947
1.60478,-1.34716,-1.53394,-1.44763,1.85410,-2.55947
1.60478,-1.34716,-1.53394,-1.44763,1.85410,-2.55947
1.60478,-1.34716,-1.53394,-1.44763,1.85410,-2.55947
1.60478,-1.34716,-1.53394,-1.44763,1.85410,-2.55947
1.60478,-1.34716,-1.53394,-1.44763,1.85410,-2.55947
1.60478,-1.34716,-1.53394,-1.44763,1.85410,-2.55947
1.60478,-1.34716,-1.53394,-1.44763,1.85410,-2.55947
1.60478,-1.34716,-1.53394,-1.44763,1.85410,-2.55947
1.60478,-1.34716,-1.53394,-1.44763,1.85410,-2.55947
1.60478,-1.34716,-1.53394,-1.44763,1.85410,-2.55947
1.60478,-1.34716,-1.53394,-1.44763,1.85410,-2.55947
1.60478,-1.34716,-1.53394,-1.44763,1.85410,-2.55947
1.60478,-1.34716,-1.53394,-1.44763,1.85410,-2.55947
1.60478,-1.34716,-1.53394,-1.44763,1.85410,-2.55947
1.60478,-1.34716,-1.53394,-1.44763,1.85410,-2.55947
1.60478,-1.34716,-1.53394,-1.44763,1.85410,-2.55947
1.60478,-1.34716,-1.53394,-1.44763,1.85410,-2.55947
1.60478,-1.34716,-1.53394,-1.44763,1.85410,-2.55947
1.60478,-1.34716,-1.53394,-1.44763,1.85410,-2.55947
1.60478,-1.34716,-1.53394,-1.44763,1.85410,-2.55947
1.60478,-1.34716,-1.53394,-1.44763,1.85410,-2.55947
1.60478,-1.34716,-1.53394,-1.44763,1.85410,-2.55947
1.60478,-1.34716,-1.53394,-1.44763,1.85410,-2.55947
1.60478,-1.34716,-1.53394,-1.44763,1.85410,-2.55947
1.60478,-1.34716,-1.53394,-1.44763,1.85410,-2.55947
1.60478,-1.34716,-1.53394,-1.44763,1.85410,-2.55947
1.60478,-1.34716,-1.53394,-1.44763,1.85410,-2.55947
1.60478,-1.34716,-1.53394,-1.44763,1.85410,-2.55947
1.60478,-1.34716,-1.53394,-1.44763,1.85410,-2.55947
1.60478,-1.34716,-1.53394,-1.44763,1.85410,-2.55947
1.60478,-1.34716,-1.53394,-1.44763,1.85410,-2.55947
1.60478,-1.34716,-1.53394,-1.44763,1.85410,-2.55947
1.60478,-1.34716,-1.53394,-1.44763,1.85410,-2.55947
1.60478,-1.34716,-1.53394,-1.44763,1.85410,-2.55947
1.60478,-1.34716,-1.53394,-1.44763,1.85410,-2.55947
1.60478,-1.34716,-1.53394,-1.44763,1.85410,-2.55947
1.60478,-1.34716,-1.53394,-1.44763,1.85410,-2.55947
1.60478,-1.34716,-1.53394,-1.44763,1.85410,-2.55947
1.60478,-1.34716,-1.53394,-1.44763,1.85410,-2.55947
1.60478,-1.34716,-1.53394,-1.44763,1.85410,-2.55947
1.60478,-1.34716,-1.53394,-1.44763,1.85410,-2.55947
1.60478,-1.34716,-1.53394,-1.44763,1.85410,-2.55947
1.60478,-1.34716,-1.53394,-1.44763,1.85410,-2.55947
1.60478,-1.34716,-1.53394,-1.44763,1.85410,-2.55947
1.60478,-1.34716,-1.53394,-1.44763,1.85410,-2.55947
1.60478,-1.34716,-1.53394,-1.44763,1.85410,-2.55947
1.60478,-1.34716,-1.53394,-1.44763,1.85410,-2.55947
1.60478,-1.34716,-1.53394,-1.44763,1.85410,-2.55947
1.60478,-1.34716,-1.53394,-1.44763,1.85410,-2.55947
1.60478,-1.34716,-1.53394,-1.44763,1.85410,-2.55947
1.60478,-1.34716,-1.53394,-1.44763,1.85410,-2.55947
1.60478,-1.34716,-1.53394,-1.44763,1.85410,-2.55947
1.60478,-1.34716,-1.53394,-1.44763,1.85410,-2.55947
1.60478,-1.34716,-1.53394,-1.44763,1.85410,-2.55947
1.60478,-1.34716,-1.53394,-1.44763,1.85410,-2.55947
1.60478,-1.34716,-1.53394,-1.44763,1.85410,-2.55947
1.60478,-1.34716,-1.53394,-1.44763,1.85410,-2.55947
1.60478,-1.34716,-1.53394,-1.44763,1.85410,-2.55947
1.60478,-1.34716,-1.53394,-1.44763,1.85410,-2.55947
1.60478,-1.34716,-1.53394,-1.44763,1.85410,-2.55947
1.60478,-1.34716,-1.53394,-1.44763,1.85410,-2.55947
1.60478,-1.34716,-1.53394,-1.44763,1.85410,-2.55947
1.60478,-1.34716,-1.53394,-1.44763,1.85410,-2.55947
1.60478,-1.34716,-1.53394,-1.44763,1.85410,-2.55947
1.60478,-1.34716,-1.53394,-1.44763,1.85410,-2.55947
1.60478,-1.34716,-1.53394,-1.44763,1.85410,-2.55947
1.60478,-1.34716,-1.53394,-1.44763,1.85410,-2.55947
1.60478,-1.34716,-1.53394,-1.44763,1.85410,-2.55947
1.60478,-1.34716,-1.53394,-1.44763,1.85410,-2.55947
1.60478,-1.34716,-1.53394,-1.44763,1.85410,-2.55947
1.60478,-1.34716,-1.53394,-1.44763,1.85410,-2.55947
1.60478,-1.34716,-1.53394,-1.44763,1.85410,-2.55947
1.60478,-1.34716,-1.53394,-1.44763,1.85410,-2.55947
1.60478,-1.34716,-1.53394,-1.44763,1.85410,-2.55947
1.60478,-1.34716,-1.53394,-1.44763,1.85410,-2.55947
1.60478,-1.34716,-1.53394,-1.44763,1.85410,-2.55947
1.60478,-1.34716,-1.53394,-1.44763,1.85410,-2.55947
1.60478,-1.34716,-1.53394,-1.44763,1.85410,-2.55947
1.60478,-1.34716,-1.53394,-1.44763,1.85410,-2.55947
1.60478,-1.34716,-1.53394,-1.44763,1.85410,-2.55947
1.60478,-1.34716,-1.53394,-1.44763,1.85410,-2.55947
1.60478,-1.34716,-1.53394,-1.44763,1.85410,-2.55947
1.60478,-1.34716,-1.53394,-1.44763,1.85410,-2.55947
1.60478,-1.34716,-1.53394,-1.44763,1.85410,-2.55947
1.60478,-1.34716,-1.53394,-1.44763,1.85410,-2.55947
1.60478,-1.34716,-1.53394,-1.44763,1.85410,-2.55947
1.60478,-1.34716,-1.53394,-1.44763,1.85410,-2.55947
1.60478,-1.34716,-1.53394,-1.44763,1.85410,-2.55947
1.60478,-1.34716,-1.53394,-1.44763,1.85410,-2.55947
1.60478,-1.34716,-1.53394,-1.44763,1.85410,-2.55947
1.60478,-1.34716,-1.53394,-1.44763,1.85410,-2.55947
1.60478,-1.34716,-1.53394,-1.44763,1.85410,-2.55947
1.60478,-1.34716,-1.53394,-1.44763,1.85410,-2.55947
1.60478,-1.34716,-1.53394,-1.44763,1.85410,-2.55947
1.60478,-1.34716,-1.53394,-1.44763,1.85410,-2.55947
1.60478,-1.34716,-1.53394,-1.44763,1.85410,-2.55947
1.60478,-1.34716,-1.53394,-1.44763,1.85410,-2.55947
1.60478,-1.34716,-1.53394,-1.44763,1.85410,-2.55947
1.60478,-1.34716,-1.53394,-1.44763,1.85410,-2.55947
1.60478,-1.34716,-1.53394,-1.44763,1.85410,-2.55947
1.60478,-1.34716,-1.53394,-1.44763,1.85410,-2.55947
1.60478,-1.34716,-1.53394,-1.44763,1.85410,-2.55947
1.60478,-1.34716,-1.53394,-1.44763,1.85410,-2.55947
1.60478,-1.34716,-1.53394,-1.44763,1.85410,-2.55947
1.60478,-1.34716,-1.53394,-1.44763,1.85410,-2.55947
1.60478,-1.34716,-1.53394,-1.44763,1.85410,-2.55947
1.60478,-1.34716,-1.53394,-1.44763,1.85410,-2.55947
1.60478,-1.34716,-1.53394,-1.44763,1.85410,-2.55947
1.60478,-1.34716,-1.53394,-1.44763,1.85410,-2.55947
1.60478,-1.34716,-1.53394,-1.44763,1.85410,-2.55947
1.60478,-1.34716,-1.53394,-1.44763,1.85410,-2.55947
1.60478,-1.34716,-1.53394,-1.44763,1.85410,-2.55947
1.60478,-1.34716,-1.53394,-1.44763,1.85410,-2.55947
1.60478,-1.34716,-1.53394,-1.44763,1.85410,-2.55947
1.60478,-1.34716,-1.53394,-1.44763,1.85410,-2.55947
1.60478,-1.34716,-1.53394,-1.44763,1.85410,-2.55947
1.60478,-1.34716,-1.53394,-1.44763,1.85410,-2.55947
1.60478,-1.34716,-1.53394,-1.44763,1.85410,-2.55947
1.60478,-1.34716,-1.53394,-1.44763,1.85410,-2.55947
1.60478,-1.34716,-1.53394,-1.44763,1.85410,-2.55947
1.60478,-1.34716,-1.53394,-1.44763,1.85410,-2.55947
1.60478,-1.34716,-1.53394,-1.44763,1.85410,-2.55947
1.60478,-1.34716,-1.53394,-1.44763,1.85410,-2.55947
1.60478,-1.34716,-1.53394,-1.44763,1.85410,-2.55947
1.60478,-1.34716,-1.53394,-1.44763,1.85410,-2.55947
1.60478,-1.34716,-1.53394,-1.44763,1.85410,-2.55947
1.60478,-1.34716,-1.53394,-1.44763,1.85410,-2.55947
1.60478,-1.34716,-1.53394,-1.44763,1.85410,-2.55947
1.60478,-1.34716,-1.53394,-1.44763,1.85410,-2.55947
1.60478,-1.34716,-1.53394,-1.44763,1.85410,-2.55947
1.60478,-1.34716,-1.53394,-1.44763,1.85410,-2.55947
1.60478,-1.34716,-1.53394,-1.44763,1.85410,-2.55947
1.60478,-1.34716,-1.53394,-1.44763,1.85410,-2.55947
1.60478,-1.34716,-1.53394,-1.44763,1.85410,-2.55947
1.60478,-1.34716,-1.53394,-1.44763,1.85410,-2.55947
1.60478,-1.34716,-1.53394,-1.44763,1.85410,-2.55947
1.60478,-1.34716,-1.53394,-1.44763,1.85410,-2.55947
1.60478,-1.34716,-1.53394,-1.44763,1.85410,-2.55947
1.60478,-1.34716,-1.53394,-1.44763,1.85410,-2.55947
1.60478,-1.34716,-1.53394,-1.44763,1.85410,-2.55947
1.60478,-1.34716,-1.53394,-1.44763,1.85410,-2.55947
1.60478,-1.34716,-1.53394,-1.44763,1.85410,-2.55947
1.60478,-1.34716,-1.53394,-1.44763,1.85410,-2.55947
1.60478,-1.34716,-1.53394,-1.44763,1.85410,-2.55947
1.60478,-1.34716,-1.53394,-1.44763,1.85410,-2.55947
1.60478,-1.34716,-1.53394,-1.44763,1.85410,-2.55947
1.60478,-1.34716,-1.53394,-1.44763,1.85410,-2.55947
1.60478,-1.34716,-1.53394,-1.44763,1.85410,-2.55947
1.60478,-1.34716,-1.53394,-1.44763,1.85410,-2.55947
1.60478,-1.34716,-1.53394,-1.44763,1.85410,-2.55947
1.60478,-1.34716,-1.53394,-1.44763,1.85410,-2.55947
1.60478,-1.34716,-1.53394,-1.44763,1.85410,-2.55947
1.60478,-1.34716,-1.53394,-1.44763,1.85410,-2.55947
1.60478,-1.34716,-1.53394,-1.44763,1.85410,-2.55947
1.60478,-1.34716,-1.53394,-1.44763,1.85410,-2.55947
1.60478,-1.34716,-1.53394,-1.44763,1.85410,-2.55947
1.60478,-1.34716,-1.53394,-1.44763,1.85410,-2.55947
1.60478,-1.34716,-1.53394,-1.44763,1.85410,-2.55947
1.60478,-1.34716,-1.53394,-1.44763,1.85410,-2.55947
1.60478,-1.34716,-1.53394,-1.44763,1.85410,-2.55947
1.60478,-1.34716,-1.53394,-1.44763,1.85410,-2.55947
1.60478,-1.34716,-1.53394,-1.44763,1.85410,-2.55947
1.60478,-1.34716,-1.53394,-1.44763,1.85410,-2.55947
1.60478,-1.34716,-1.53394,-1.44763,1.85410,-2.55947
1.60478,-1.34716,-1.53394,-1.44763,1.85410,-2.55947
1.60478,-1.34716,-1.53394,-1.44763,1.85410,-2.55947
1.60478,-1.34716,-1.53394,-1.44763,1.85410,-2.55947
1.60478,-1.34716,-1.53394,-1.44763,1.85410,-2.55947
1.60478,-1.34716,-1.53394,-1.44763,1.85410,-2.55947
1.60478,-1.34716,-1.53394,-1.44763,1.85410,-2.55947
1.60478,-1.34716,-1.53394,-1.44763,1.85410,-2.55947
1.60478,-1.34716,-1.53394,-1.44763,1.85410,-2.55947
1.60478,-1.34716,-1.53394,-1.44763,1.85410,-2.55947
1.60478,-1.34716,-1.53394,-1.44763,1.85410,-2.55947
1.60478,-1.34716,-1.53394,-1.44763,1.85410,-2.55947
1.60478,-1.34716,-1.53394,-1.44763,1.85410,-2.55947
1.60478,-1.34716,-1.53394,-1.44763,1.85410,-2.55947
1.60478,-1.34716,-1.53394,-1.44763,1.85410,-2.55947
1.60478,-1.34716,-1.53394,-1.44763,1.85410,-2.55947
1.60478,-1.34716,-1.53394,-1.44763,1.85410,-2.55947
1.60478,-1.34716,-1.53394,-1.44763,1.85410,-2.55947
1.60478,-1.34716,-1.53394,-1.44763,1.85410,-2.55947
1.60478,-1.34716,-1.53394,-1.44763,1.85410,-2.55947
1.60478,-1.34716,-1.53394,-1.44763,1.85410,-2.55947
1.60478,-1.34716,-1.53394,-1.44763,1.85410,-2.55947
1.60478,-1.34716,-1.53394,-1.44763,1.85410,-2.55947
1.60478,-1.34716,-1.53394,-1.44763,1.85410,-2.55947
1.60478,-1.34716,-1.53394,-1.44763,1.85410,-2.55947
1.60478,-1.34716,-1.53394,-1.44763,1.85410,-2.55947
1.60478,-1.34716,-1.53394,-1.44763,1.85410,-2.55947
1.60478,-1.34716,-1.53394,-1.44763,1.85410,-2.55947
1.60478,-1.34716,-1.53394,-1.44763,1.85410,-2.55947
1.60478,-1.34716,-1.53394,-1.44763,1.85410,-2.55947
1.60478,-1.34716,-1.53394,-1.44763,1.85410,-2.55947
1.60478,-1.34716,-1.53394,-1.44763,1.85410,-2.55947
1.60478,-1.34716,-1.53394,-1.44763,1.85410,-2.55947
1.60478,-1.34716,-1.53394,-1.44763,1.85410,-2.55947
1.60478,-1.34716,-1.53394,-1.44763,1.85410,-2.55947
1.60478,-1.34716,-1.53394,-1.44763,1.85410,-2.55947
1.60478,-1.34716,-1.53394,-1.44763,1.85410,-2.55947
1.60478,-1.34716,-1.53394,-1.44763,1.85410,-2.55947
1.60478,-1.34716,-1.53394,-1.44763,1.85410,-2.55947
1.60478,-1.34716,-1.53394,-1.44763,1.85410,-2.55947
1.60478,-1.34716,-1.53394,-1.44763,1.85410,-2.55947
1.60478,-1.34716,-1.53394,-1.44763,1.85410,-2.55947
1.60478,-1.34716,-1.53394,-1.44763,1.85410,-2.55947
1.60478,-1.34716,-1.53394,-1.44763,1.85410,-2.55947
1.60478,-1.34716,-1.53394,-1.44763,1.85410,-2.55947
1.60478,-1.34716,-1.53394,-1.44763,1.85410,-2.55947
1.60478,-1.34716,-1.53394,-1.44763,1.85410,-2.55947
1.60478,-1.34716,-1.53394,-1.44763,1.85410,-2.55947
1.60478,-1.34716,-1.53394,-1.44763,1.85410,-2.55947
1.60478,-1.34716,-1.53394,-1.44763,1.85410,-2.55947
1.60478,-1.34716,-1.53394,-1.44763,1.85410,-2.55947
1.60478,-1.34716,-1.53394,-1.44763,1.85410,-2.55947
1.60478,-1.34716,-1.53394,-1.44763,1.85410,-2.55947
1.60478,-1.34716,-1.53394,-1.44763,1.85410,-2.55947
1.60478,-1.34716,-1.53394,-1.44763,1.85410,-2.55947
1.60478,-1.34716,-1.53394,-1.44763,1.85410,-2.55947
1.60478,-1.34716,-1.53394,-1.44763,1.85410,-2.55947
1.60478,-1.34716,-1.53394,-1.44763,1.85410,-2.55947
1.60478,-1.34716,-1.53394,-1.44763,1.85410,-2.55947
1.60478,-1.34716,-1.53394,-1.44763,1.85410,-2.55947
1.60478,-1.34716,-1.53394,-1.44763,1.85410,-2.55947
1.60478,-1.34716,-1.53394,-1.44763,1.85410,-2.55947
1.60478,-1.34716,-1.53394,-1.44763,1.85410,-2.55947
1.60478,-1.34716,-1.53394,-1.44763,1.85410,-2.55947
1.60478,-1.34716,-1.53394,-1.44763,1.85410,-2.55947
1.60478,-1.34716,-1.53394,-1.44763,1.85410,-2.55947
1.60478,-1.34716,-1.53394,-1.44763,1.85410,-2.55947
1.60478,-1.34716,-1.53394,-1.44763,1.85410,-2.55947
1.60478,-1.34716,-1.53394,-1.44763,1.85410,-2.55947
1.60478,-1.34716,-1.53394,-1.44763,1.85410,-2.55947
1.60478,-1.34716,-1.53394,-1.44763,1.85410,-2.55947
1.60478,-1.34716,-1.53394,-1.44763,1.85410,-2.55947
1.60478,-1.34716,-1.53394,-1.44763,1.85410,-2.55947
1.60478,-1.34716,-1.53394,-1.44763,1.85410,-2.55947
1.60478,-1.34716,-1.53394,-1.44763,1.85410,-2.55947
1.60478,-1.34716,-1.53394,-1.44763,1.85410,-2.55947
1.60478,-1.34716,-1.53394,-1.44763,1.85410,-2.55947
1.60478,-1.34716,-1.53394,-1.44763,1.85410,-2.55947
1.60478,-1.34716,-1.53394,-1.44763,1.85410,-2.55947
1.60478,-1.34716,-1.53394,-1.44763,1.85410,-2.55947
1.60478,-1.34716,-1.53394,-1.44763,1.85410,-2.55947
1.60478,-1.34716,-1.53394,-1.44763,1.85410,-2.55947
1.60478,-1.34716,-1.53394,-1.44763,1.85410,-2.55947
1.60478,-1.34716,-1.53394,-1.44763,1.85410,-2.55947
1.60478,-1.34716,-1.53394,-1.44763,1.85410,-2.55947
1.60478,-1.34716,-1.53394,-1.44763,1.85410,-2.55947
1.60478,-1.34716,-1.53394,-1.44763,1.85410,-2.55947
1.60478,-1.34716,-1.53394,-1.44763,1.85410,-2.55947
1.60478,-1.34716,-1.53394,-1.44763,1.85410,-2.55947
1.60478,-1.34716,-1.53394,-1.44763,1.85410,-2.55947
1.60478,-1.34716,-1.53394,-1.44763,1.85410,-2.55947
1.60478,-1.34716,-1.53394,-1.44763,1.85410,-2.55947
1.60478,-1.34716,-1.53394,-1.44763,1.85410,-2.55947
1.60478,-1.34716,-1.53394,-1.44763,1.85410,-2.55947
1.60478,-1.34716,-1.53394,-1.44763,1.85410,-2.55947
1.60478,-1.34716,-1.53394,-1.44763,1.85410,-2.55947
1.60478,-1.34716,-1.53394,-1.44763,1.85410,-2.55947
1.60478,-1.34716,-1.53394,-1.44763,1.85410,-2.55947
1.60478,-1.34716,-1.53394,-1.44763,1.85410,-2.55947
1.60478,-1.34716,-1.53394,-1.44763,1.85410,-2.55947
1.60478,-1.34716,-1.53394,-1.44763,1.85410,-2.55947
1.60478,-1.34716,-1.53394,-1.44763,1.85410,-2.55947
1.60478,-1.34716,-1.53394,-1.44763,1.85410,-2.55947
1.60478,-1.34716,-1.53394,-1.44763,1.85410,-2.55947
1.60478,-1.34716,-1.53394,-1.44763,1.85410,-2.55947
1.60478,-1.34716,-1.53394,-1.44763,1.85410,-2.55947
1.60478,-1.34716,-1.53394,-1.44763,1.85410,-2.55947
1.60478,-1.34716,-1.53394,-1.44763,1.85410,-2.55947
1.60478,-1.34716,-1.53394,-1.44763,1.85410,-2.55947
1.60478,-1.34716,-1.53394,-1.44763,1.85410,-2.55947
1.60478,-1.34716,-1.53394,-1.44763,1.85410,-2.55947
1.60478,-1.34716,-1.53394,-1.44763,1.85410,-2.55947
1.60478,-1.34716,-1.53394,-1.44763,1.85410,-2.55947
1.60478,-1.34716,-1.53394,-1.44763,1.85410,-2.55947
1.60478,-1.34716,-1.53394,-1.44763,1.85410,-2.55947
1.60478,-1.34716,-1.53394,-1.44763,1.85410,-2.55947
1.60478,-1.34716,-1.53394,-1.44763,1.85410,-2.55947
1.60478,-1.34716,-1.53394,-1.44763,1.85410,-2.55947
1.60478,-1.34716,-1.53394,-1.44763,1.85410,-2.55947
1.60478,-1.34716,-1.53394,-1.44763,1.85410,-2.55947
1.60478,-1.34716,-1.53394,-1.44763,1.85410,-2.55947
1.60478,-1.34716,-1.53394,-1.44763,1.85410,-2.55947
1.60478,-1.34716,-1.53394,-1.44763,1.85410,-2.55947
1.60478,-1.34716,-1.53394,-1.44763,1.85410,-2.55947
1.60478,-1.34716,-1.53394,-1.44763,1.85410,-2.55947
1.60478,-1.34716,-1.53394,-1.44763,1.85410,-2.55947
1.60478,-1.34716,-1.53394,-1.44763,1.85410,-2.55947
1.60478,-1.34716,-1.53394,-1.44763,1.85410,-2.55947
1.60478,-1.34716,-1.53394,-1.44763,1.85410,-2.55947
1.60478,-1.34716,-1.53394,-1.44763,1.85410,-2.55947
1.60478,-1.34716,-1.53394,-1.44763,1.85410,-2.55947
1.60478,-1.34716,-1.53394,-1.44763,1.85410,-2.55947
1.60478,-1.34716,-1.53394,-1.44763,1.85410,-2.55947
1.60478,-1.34716,-1.53394,-1.44763,1.85410,-2.55947
1.60478,-1.34716,-1.53394,-1.44763,1.85410,-2.55947
1.60478,-1.34716,-1.53394,-1.44763,1.85410,-2.55947
1.60478,-1.34716,-1.53394,-1.44763,1.85410,-2.55947
1.60478,-1.34716,-1.53394,-1.44763,1.85410,-2.55947
1.60478,-1.34716,-1.53394,-1.44763,1.85410,-2.55947
1.60478,-1.34716,-1.53394,-1.44763,1.85410,-2.55947
1.60478,-1.34716,-1.53394,-1.44763,1.85410,-2.55947
1.60478,-1.34716,-1.53394,-1.44763,1.85410,-2.55947
1.60478,-1.34716,-1.53394,-1.44763,1.85410,-2.55947
1.60478,-1.34716,-1.53394,-1.44763,1.85410,-2.55947
1.60478,-1.34716,-1.53394,-1.44763,1.85410,-2.55947
1.60478,-1.34716,-1.53394,-1.44763,1.85410,-2.55947
1.60478,-1.34716,-1.53394,-1.44763,1.85410,-2.55947
1.60478,-1.34716,-1.53394,-1.44763,1.85410,-2.55947
1.60478,-1.34716,-1.53394,-1.44763,1.85410,-2.55947
1.60478,-1.34716,-1.53394,-1.44763,1.85410,-2.55947
1.60478,-1.34716,-1.53394,-1.44763,1.85410,-2.55947
1.60478,-1.34716,-1.53394,-1.44763,1.85410,-2.55947
1.60478,-1.34716,-1.53394,-1.44763,1.85410,-2.55947
1.60478,-1.34716,-1.53394,-1.44763,1.85410,-2.55947
1.60478,-1.34716,-1.53394,-1.44763,1.85410,-2.55947
1.60478,-1.34716,-1.53394,-1.44763,1.85410,-2.55947
1.60478,-1.34716,-1.53394,-1.44763,1.85410,-2.55947
1.60478,-1.34716,-1.53394,-1.44763,1.85410,-2.55947
1.60478,-1.34716,-1.53394,-1.44763,1.85410,-2.55947
1.60478,-1.34716,-1.53394,-1.44763,1.85410,-2.55947
1.60478,-1.34716,-1.53394,-1.44763,1.85410,-2.55947
1.60478,-1.34716,-1.53394,-1.44763,1.85410,-2.55947
1.60478,-1.34716,-1.53394,-1.44763,1.85410,-2.55947
1.60478,-1.34716,-1.53394,-1.44763,1.85410,-2.55947
1.60478,-1.34716,-1.53394,-1.44763,1.85410,-2.55947
1.60478,-1.34716,-1.53394,-1.44763,1.85410,-2.55947
1.60478,-1.34716,-1.53394,-1.44763,1.85410,-2.55947
1.60478,-1.34716,-1.53394,-1.44763,1.85410,-2.55947
1.60478,-1.34716,-1.53394,-1.44763,1.85410,-2.55947
1.60478,-1.34716,-1.53394,-1.44763,1.85410,-2.55947
1.60478,-1.34716,-1.53394,-1.44763,1.85410,-2.55947
1.60478,-1.34716,-1.53394,-1.44763,1.85410,-2.55947
1.60478,-1.34716,-1.53394,-1.44763,1.85410,-2.55947
1.60478,-1.34716,-1.53394,-1.44763,1.85410,-2.55947
1.60478,-1.34716,-1.53394,-1.44763,1.85410,-2.55947
1.60478,-1.34716,-1.53394,-1.44763,1.85410,-2.55947
1.60478,-1.34716,-1.53394,-1.44763,1.85410,-2.55947
1.60478,-1.34716,-1.53394,-1.44763,1.85410,-2.55947
1.60478,-1.34716,-1.53394,-1.44763,1.85410,-2.55947
1.60478,-1.34716,-1.53394,-1.44763,1.85410,-2.55947
1.60478,-1.34716,-1.53394,-1.44763,1.85410,-2.55947
1.60478,-1.34716,-1.53394,-1.44763,1.85410,-2.55947
1.60478,-1.34716,-1.53394,-1.44763,1.85410,-2.55947
1.60478,-1.34716,-1.53394,-1.44763,1.85410,-2.55947
1.60478,-1.34716,-1.53394,-1.44763,1.85410,-2.55947
1.60478,-1.34716,-1.53394,-1.44763,1.85410,-2.55947
1.60478,-1.34716,-1.53394,-1.44763,1.85410,-2.55947
1.60478,-1.34716,-1.53394,-1.44763,1.85410,-2.55947
1.60478,-1.34716,-1.53394,-1.44763,1.85410,-2.55947
1.60478,-1.34716,-1.53394,-1.44763,1.85410,-2.55947
1.60478,-1.34716,-1.53394,-1.44763,1.85410,-2.55947
1.60478,-1.34716,-1.53394,-1.44763,1.85410,-2.55947
1.60478,-1.34716,-1.53394,-1.44763,1.85410,-2.55947
1.60478,-1.34716,-1.53394,-1.44763,1.85410,-2.55947
1.60478,-1.34716,-1.53394,-1.44763,1.85410,-2.55947
1.60478,-1.34716,-1.53394,-1.44763,1.85410,-2.55947
1.60478,-1.34716,-1.53394,-1.44763,1.85410,-2.55947
1.60478,-1.34716,-1.53394,-1.44763,1.85410,-2.55947
1.60478,-1.34716,-1.53394,-1.44763,1.85410,-2.55947
1.60478,-1.34716,-1.53394,-1.44763,1.85410,-2.55947
1.60478,-1.34716,-1.53394,-1.44763,1.85410,-2.55947
1.60478,-1.34716,-1.53394,-1.44763,1.85410,-2.55947
1.60478,-1.34716,-1.53394,-1.44763,1.85410,-2.55947
1.60478,-1.34716,-1.53394,-1.44763,1.85410,-2.55947
1.60478,-1.34716,-1.53394,-1.44763,1.85410,-2.55947
1.60478,-1.34716,-1.53394,-1.44763,1.85410,-2.55947
1.60478,-1.34716,-1.53394,-1.44763,1.85410,-2.55947
1.60478,-1.34716,-1.53394,-1.44763,1.85410,-2.55947
1.60478,-1.34716,-1.53394,-1.44763,1.85410,-2.55947
1.60478,-1.34716,-1.53394,-1.44763,1.85410,-2.55947
1.60478,-1.34716,-1.53394,-1.44763,1.85410,-2.55947
1.60478,-1.34716,-1.53394,-1.44763,1.85410,-2.55947
1.60478,-1.34716,-1.53394,-1.44763,1.85410,-2.55947
1.60478,-1.34716,-1.53394,-1.44763,1.85410,-2.55947
1.60478,-1.34716,-1.53394,-1.44763,1.85410,-2.55947
1.60478,-1.34716,-1.53394,-1.44763,1.85410,-2.55947
1.60478,-1.34716,-1.53394,-1.44763,1.85410,-2.55947
1.60478,-1.34716,-1.53394,-1.44763,1.85410,-2.55947
1.60478,-1.34716,-1.53394,-1.44763,1.85410,-2.55947
1.60478,-1.34716,-1.53394,-1.44763,1.85410,-2.55947
1.60478,-1.34716,-1.53394,-1.44763,1.85410,-2.55947
1.60478,-1.34716,-1.53394,-1.44763,1.85410,-2.55947
1.60478,-1.34716,-1.53394,-1.44763,1.85410,-2.55947
1.60478,-1.34716,-1.53394,-1.44763,1.85410,-2.55947
1.60478,-1.34716,-1.53394,-1.44763,1.85410,-2.55947
1.60478,-1.34716,-1.53394,-1.44763,1.85410,-2.55947
1.60478,-1.34716,-1.53394,-1.44763,1.85410,-2.55947
1.60478,-1.34716,-1.53394,-1.44763,1.85410,-2.55947
1.60478,-1.34716,-1.53394,-1.44763,1.85410,-2.55947
1.60478,-1.34716,-1.53394,-1.44763,1.85410,-2.55947
1.60478,-1.34716,-1.53394,-1.44763,1.85410,-2.55947
1.60478,-1.34716,-1.53394,-1.44763,1.85410,-2.55947
1.60478,-1.34716,-1.53394,-1.44763,1.85410,-2.55947
1.60478,-1.34716,-1.53394,-1.44763,1.85410,-2.55947
1.60478,-1.34716,-1.53394,-1.44763,1.85410,-2.55947
1.60478,-1.34716,-1.53394,-1.44763,1.85410,-2.55947
1.60478,-1.34716,-1.53394,-1.44763,1.85410,-2.55947
1.60478,-1.34716,-1.53394,-1.44763,1.85410,-2.55947
1.60478,-1.34716,-1.53394,-1.44763,1.85410,-2.55947
1.60478,-1.34716,-1.53394,-1.44763,1.85410,-2.55947
1.60478,-1.34716,-1.53394,-1.44763,1.85410,-2.55947
1.60478,-1.34716,-1.53394,-1.44763,1.85410,-2.55947
1.60478,-1.34716,-1.53394,-1.44763,1.85410,-2.55947
1.60478,-1.34716,-1.53394,-1.44763,1.85410,-2.55947
1.60478,-1.34716,-1.53394,-1.44763,1.85410,-2.55947
1.60478,-1.34716,-1.53394,-1.44763,1.85410,-2.55947
1.60478,-1.34716,-1.53394,-1.44763,1.85410,-2.55947
1.60478,-1.34716,-1.53394,-1.44763,1.85410,-2.55947
1.60478,-1.34716,-1.53394,-1.44763,1.85410,-2.55947
1.60478,-1.34716,-1.53394,-1.44763,1.85410,-2.55947
1.60478,-1.34716,-1.53394,-1.44763,1.85410,-2.55947
1.60478,-1.34716,-1.53394,-1.44763,1.85410,-2.55947
1.60478,-1.34716,-1.53394,-1.44763,1.85410,-2.55947
1.60478,-1.34716,-1.53394,-1.44763,1.85410,-2.55947
1.60478,-1.34716,-1.53394,-1.44763,1.85410,-2.55947
1.60478,-1.34716,-1.53394,-1.44763,1.85410,-2.55947
1.60478,-1.34716,-1.53394,-1.44763,1.85410,-2.55947
1.60478,-1.34716,-1.53394,-1.44763,1.85410,-2.55947
1.60478,-1.34716,-1.53394,-1.44763,1.85410,-2.55947
1.60478,-1.34716,-1.53394,-1.44763,1.85410,-2.55947
1.60478,-1.34716,-1.53394,-1.44763,1.85410,-2.55947
1.60478,-1.34716,-1.53394,-1.44763,1.85410,-2.55947
1.60478,-1.34716,-1.53394,-1.44763,1.85410,-2.55947
1.60478,-1.34716,-1.53394,-1.44763,1.85410,-2.55947
1.60478,-1.34716,-1.53394,-1.44763,1.85410,-2.55947
1.60478,-1.34716,-1.53394,-1.44763,1.85410,-2.55947
1.60478,-1.34716,-1.53394,-1.44763,1.85410,-2.55947
1.60478,-1.34716,-1.53394,-1.44763,1.85410,-2.55947
1.60478,-1.34716,-1.53394,-1.44763,1.85410,-2.55947
1.60478,-1.34716,-1.53394,-1.44763,1.85410,-2.55947
1.60478,-1.34716,-1.53394,-1.44763,1.85410,-2.55947
1.60478,-1.34716,-1.53394,-1.44763,1.85410,-2.55947
1.60478,-1.34716,-1.53394,-1.44763,1.85410,-2.55947
1.60478,-1.34716,-1.53394,-1.44763,1.85410,-2.55947
1.60478,-1.34716,-1.53394,-1.44763,1.85410,-2.55947
1.60478,-1.34716,-1.53394,-1.44763,1.85410,-2.55947
1.60478,-1.34716,-1.53394,-1.44763,1.85410,-2.55947
1.60478,-1.34716,-1.53394,-1.44763,1.85410,-2.55947
1.60478,-1.34716,-1.53394,-1.44763,1.85410,-2.55947
1.60478,-1.34716,-1.53394,-1.44763,1.85410,-2.55947
1.60478,-1.34716,-1.53394,-1.44763,1.85410,-2.55947
1.60478,-1.34716,-1.53394,-1.44763,1.85410,-2.55947
1.60478,-1.34716,-1.53394,-1.44763,1.85410,-2.55947
1.60478,-1.34716,-1.53394,-1.44763,1.85410,-2.55947
1.60478,-1.34716,-1.53394,-1.44763,1.85410,-2.55947
1.60478,-1.34716,-1.53394,-1.44763,1.85410,-2.55947
1.60478,-1.34716,-1.53394,-1.44763,1.85410,-2.55947
1.60478,-1.34716,-1.53394,-1.44763,1.85410,-2.55947
1.60478,-1.34716,-1.53394,-1.44763,1.85410,-2.55947
1.60478,-1.34716,-1.53394,-1.44763,1.85410,-2.55947
1.60478,-1.34716,-1.53394,-1.44763,1.85410,-2.55947
1.60478,-1.34716,-1.53394,-1.44763,1.85410,-2.55947
1.60478,-1.34716,-1.53394,-1.44763,1.85410,-2.55947
1.60478,-1.34716,-1.53394,-1.44763,1.85410,-2.55947
1.60478,-1.34716,-1.53394,-1.44763,1.85410,-2.55947
1.60478,-1.34716,-1.53394,-1.44763,1.85410,-2.55947
1.60478,-1.34716,-1.53394,-1.44763,1.85410,-2.55947
1.60478,-1.34716,-1.53394,-1.44763,1.85410,-2.55947
1.60478,-1.34716,-1.53394,-1.44763,1.85410,-2.55947
1.60478,-1.34716,-1.53394,-1.44763,1.85410,-2.55947
1.60478,-1.34716,-1.53394,-1.44763,1.85410,-2.55947
1.60478,-1.34716,-1.53394,-1.44763,1.85410,-2.55947
1.60478,-1.34716,-1.53394,-1.44763,1.85410,-2.55947
1.60478,-1.34716,-1.53394,-1.44763,1.85410,-2.55947
1.60478,-1.34716,-1.53394,-1.44763,1.85410,-2.55947
1.60478,-1.34716,-1.53394,-1.44763,1.85410,-2.55947
1.60478,-1.34716,-1.53394,-1.44763,1.85410,-2.55947
1.60478,-1.34716,-1.53394,-1.44763,1.85410,-2.55947
1.60478,-1.34716,-1.53394,-1.44763,1.85410,-2.55947
1.60478,-1.34716,-1.53394,-1.44763,1.85410,-2.55947
1.60478,-1.34716,-1.53394,-1.44763,1.85410,-2.55947
1.60478,-1.34716,-1.53394,-1.44763,1.85410,-2.55947
1.60478,-1.34716,-1.53394,-1.44763,1.85410,-2.55947
1.60478,-1.34716,-1.53394,-1.44763,1.85410,-2.55947
1.60478,-1.34716,-1.53394,-1.44763,1.85410,-2.55947
1.60478,-1.34716,-1.53394,-1.44763,1.85410,-2.55947
1.60478,-1.34716,-1.53394,-1.44763,1.85410,-2.55947
1.60478,-1.34716,-1.53394,-1.44763,1.85410,-2.55947
1.60478,-1.34716,-1.53394,-1.44763,1.85410,-2.55947
1.60478,-1.34716,-1.53394,-1.44763,1.85410,-2.55947
1.60478,-1.34716,-1.53394,-1.44763,1.85410,-2.55947
1.60478,-1.34716,-1.53394,-1.44763,1.85410,-2.55947
1.60478,-1.34716,-1.53394,-1.44763,1.85410,-2.55947
1.60478,-1.34716,-1.53394,-1.44763,1.85410,-2.55947
1.60478,-1.34716,-1.53394,-1.44763,1.85410,-2.55947
1.60478,-1.34716,-1.53394,-1.44763,1.85410,-2.55947
1.60478,-1.34716,-1.53394,-1.44763,1.85410,-2.55947
1.60478,-1.34716,-1.53394,-1.44763,1.85410,-2.55947
1.60478,-1.34716,-1.53394,-1.44763,1.85410,-2.55947
1.60478,-1.34716,-1.53394,-1.44763,1.85410,-2.55947
1.60478,-1.34716,-1.53394,-1.44763,1.85410,-2.55947
1.60478,-1.34716,-1.53394,-1.44763,1.85410,-2.55947
1.60478,-1.34716,-1.53394,-1.44763,1.85410,-2.55947
1.60478,-1.34716,-1.53394,-1.44763,1.85410,-2.55947
1.60478,-1.34716,-1.53394,-1.44763,1.85410,-2.55947
1.60478,-1.34716,-1.53394,-1.44763,1.85410,-2.55947
1.60478,-1.34716,-1.53394,-1.44763,1.85410,-2.55947
1.60478,-1.34716,-1.53394,-1.44763,1.85410,-2.55947
1.60478,-1.34716,-1.53394,-1.44763,1.85410,-2.55947
1.60478,-1.34716,-1.53394,-1.44763,1.85410,-2.55947
1.60478,-1.34716,-1.53394,-1.44763,1.85410,-2.55947
1.60478,-1.34716,-1.53394,-1.44763,1.85410,-2.55947
1.60478,-1.34716,-1.53394,-1.44763,1.85410,-2.55947
1.60478,-1.34716,-1.53394,-1.44763,1.85410,-2.55947
1.60478,-1.34716,-1.53394,-1.44763,1.85410,-2.55947
1.60478,-1.34716,-1.53394,-1.44763,1.85410,-2.55947
1.60478,-1.34716,-1.53394,-1.44763,1.85410,-2.55947
1.60478,-1.34716,-1.53394,-1.44763,1.85410,-2.55947
1.60478,-1.34716,-1.53394,-1.44763,1.85410,-2.55947
1.60478,-1.34716,-1.53394,-1.44763,1.85410,-2.55947
1.60478,-1.34716,-1.53394,-1.44763,1.85410,-2.55947
1.60478,-1.34716,-1.53394,-1.44763,1.85410,-2.55947
1.60478,-1.34716,-1.53394,-1.44763,1.85410,-2.55947
1.60478,-1.34716,-1.53394,-1.44763,1.85410,-2.55947
1.60375,-1.34779,-1.53343,-1.44830,1.85597,-2.56147
1.60272,-1.34842,-1.53292,-1.44896,1.85782,-2.56346
1.60550,-1.34642,-1.53479,-1.44648,1.85280,-2.56106
1.60830,-1.34443,-1.53665,-1.44402,1.84777,-2.55866
1.60921,-1.34354,-1.53764,-1.44268,1.84611,-2.55903
1.61012,-1.34266,-1.53862,-1.44135,1.84448,-2.55942
1.61118,-1.34194,-1.53928,-1.44051,1.84258,-2.55762
1.61223,-1.34123,-1.53993,-1.43967,1.84069,-2.55583
1.61311,-1.34136,-1.53930,-1.44067,1.83910,-2.55665
1.61399,-1.34150,-1.53865,-1.44167,1.83752,-2.55747
1.61397,-1.34222,-1.53751,-1.44331,1.83756,-2.55778
1.61395,-1.34293,-1.53638,-1.44492,1.83760,-2.55808
1.61500,-1.34159,-1.53804,-1.44266,1.83572,-2.55922
1.61605,-1.34026,-1.53970,-1.44038,1.83383,-2.56036
1.61784,-1.33783,-1.54277,-1.43616,1.83064,-2.55690
1.61964,-1.33541,-1.54584,-1.43196,1.82741,-2.55343
1.62049,-1.33486,-1.54634,-1.43133,1.82589,-2.55198
1.62135,-1.33430,-1.54684,-1.43071,1.82436,-2.55053
1.62222,-1.33441,-1.54626,-1.43164,1.82279,-2.55160
1.62310,-1.33451,-1.54569,-1.43257,1.82123,-2.55267
1.62376,-1.33384,-1.54647,-1.43153,1.82005,-2.55174
1.62442,-1.33317,-1.54725,-1.43049,1.81887,-2.55082
1.62540,-1.33210,-1.54853,-1.42878,1.81712,-2.54865
1.62639,-1.33104,-1.54980,-1.42708,1.81537,-2.54648
1.62699,-1.33137,-1.54899,-1.42832,1.81430,-2.54772
1.62759,-1.33170,-1.54818,-1.42957,1.81322,-2.54895
1.62794,-1.33093,-1.54927,-1.42804,1.81261,-2.54791
1.62828,-1.33016,-1.55036,-1.42653,1.81199,-2.54687
1.62933,-1.32918,-1.55146,-1.42508,1.81014,-2.54338
1.63037,-1.32821,-1.55256,-1.42365,1.80828,-2.53987
1.63141,-1.32806,-1.55233,-1.42412,1.80643,-2.54323
1.63246,-1.32790,-1.55212,-1.42457,1.80458,-2.54657
1.63351,-1.32690,-1.55327,-1.42307,1.80272,-2.54369
1.63455,-1.32590,-1.55442,-1.42157,1.80086,-2.54081
1.63474,-1.32623,-1.55381,-1.42247,1.80053,-2.54348
1.63493,-1.32655,-1.55320,-1.42338,1.80020,-2.54614
1.63628,-1.32556,-1.55421,-1.42213,1.79780,-2.54487
1.63764,-1.32456,-1.55523,-1.42088,1.79540,-2.54360
1.63886,-1.32325,-1.55680,-1.41881,1.79323,-2.54052
1.64009,-1.32195,-1.55837,-1.41675,1.79107,-2.53743
1.64175,-1.32102,-1.55915,-1.41590,1.78812,-2.53388
1.64343,-1.32008,-1.55993,-1.41505,1.78517,-2.53032
1.64396,-1.31975,-1.56023,-1.41470,1.78422,-2.53193
1.64450,-1.31941,-1.56055,-1.41434,1.78328,-2.53353
1.64513,-1.31902,-1.56091,-1.41393,1.78216,-2.53394
1.64576,-1.31863,-1.56128,-1.41351,1.78106,-2.53436
1.64655,-1.31794,-1.56205,-1.41254,1.77967,-2.53340
1.64732,-1.31726,-1.56282,-1.41157,1.77830,-2.53244
1.64837,-1.31643,-1.56371,-1.41047,1.77646,-2.53321
1.64942,-1.31560,-1.56461,-1.40937,1.77462,-2.53397
1.64991,-1.31533,-1.56483,-1.40914,1.77375,-2.53217
1.65041,-1.31507,-1.56505,-1.40891,1.77288,-2.53037
1.65162,-1.31430,-1.56578,-1.40808,1.77074,-2.52928
1.65284,-1.31352,-1.56652,-1.40725,1.76860,-2.52818
1.65364,-1.31324,-1.56664,-1.40722,1.76720,-2.52914
1.65444,-1.31296,-1.56675,-1.40721,1.76580,-2.53012
1.65594,-1.31182,-1.56798,-1.40574,1.76318,-2.52840
1.65744,-1.31067,-1.56921,-1.40426,1.76054,-2.52669
1.65885,-1.30945,-1.57060,-1.40254,1.75808,-2.52714
1.66025,-1.30823,-1.57199,-1.40083,1.75562,-2.52761
1.66098,-1.30775,-1.57247,-1.40029,1.75435,-2.52745
1.66171,-1.30728,-1.57294,-1.39976,1.75307,-2.52729
1.66287,-1.30653,-1.57368,-1.39895,1.75105,-2.52559
1.66403,-1.30579,-1.57440,-1.39814,1.74903,-2.52389
1.66536,-1.30520,-1.57480,-1.39785,1.74669,-2.52363
1.66670,-1.30462,-1.57521,-1.39755,1.74436,-2.52338
1.66746,-1.30431,-1.57540,-1.39744,1.74303,-2.52444
1.66822,-1.30400,-1.57559,-1.39733,1.74171,-2.52550
1.66901,-1.30371,-1.57574,-1.39728,1.74034,-2.52529
1.66980,-1.30342,-1.57590,-1.39723,1.73896,-2.52509
1.67095,-1.30271,-1.57659,-1.39649,1.73696,-2.52483
1.67211,-1.30200,-1.57728,-1.39576,1.73495,-2.52459
1.67334,-1.30087,-1.57861,-1.39412,1.73281,-2.52320
1.67458,-1.29975,-1.57994,-1.39251,1.73066,-2.52182
1.67645,-1.29807,-1.58193,-1.39007,1.72740,-2.51994
1.67834,-1.29638,-1.58393,-1.38765,1.72413,-2.51805
1.67991,-1.29564,-1.58451,-1.38719,1.72140,-2.51724
1.68149,-1.29491,-1.58509,-1.38673,1.71868,-2.51643
1.68150,-1.29523,-1.58456,-1.38750,1.71866,-2.51825
1.68151,-1.29555,-1.58403,-1.38826,1.71863,-2.52006
1.68393,-1.29470,-1.58447,-1.38822,1.71445,-2.51729
1.68637,-1.29385,-1.58491,-1.38819,1.71024,-2.51452
1.68585,-1.29307,-1.58637,-1.38597,1.71113,-2.51365
1.68533,-1.29230,-1.58784,-1.38373,1.71202,-2.51278
1.68724,-1.29114,-1.58898,-1.38258,1.70873,-2.51263
1.68916,-1.28999,-1.59012,-1.38142,1.70543,-2.51248
1.69100,-1.28935,-1.59045,-1.38142,1.70224,-2.51080
1.69285,-1.28872,-1.59078,-1.38143,1.69907,-2.50912
1.69395,-1.28758,-1.59222,-1.37965,1.69716,-2.50901
1.69506,-1.28643,-1.59368,-1.37786,1.69526,-2.50891
1.69705,-1.28415,-1.59665,-1.37412,1.69183,-2.50743
1.69906,-1.28186,-1.59963,-1.37038,1.68839,-2.50593
1.69926,-1.28182,-1.59962,-1.37046,1.68804,-2.50566
1.69946,-1.28179,-1.59960,-1.37054,1.68769,-2.50538
1.70111,-1.28042,-1.60122,-1.36866,1.68487,-2.50548
1.70275,-1.27906,-1.60284,-1.36679,1.68205,-2.50557
1.70213,-1.27980,-1.60186,-1.36803,1.68311,-2.50589
1.70152,-1.28054,-1.60088,-1.36927,1.68416,-2.50621
1.70343,-1.27846,-1.60356,-1.36595,1.68088,-2.50578
1.70535,-1.27639,-1.60624,-1.36263,1.67759,-2.50537
1.70602,-1.27640,-1.60598,-1.36320,1.67644,-2.50404
1.70670,-1.27640,-1.60573,-1.36376,1.67527,-2.50272
1.70705,-1.27557,-1.60696,-1.36208,1.67467,-2.50264
1.70741,-1.27473,-1.60819,-1.36041,1.67406,-2.50256
1.70978,-1.27123,-1.61307,-1.35407,1.67001,-2.50148
1.71216,-1.26774,-1.61795,-1.34773,1.66594,-2.50042
1.71212,-1.26829,-1.61705,-1.34901,1.66601,-2.49923
1.71208,-1.26884,-1.61616,-1.35029,1.66608,-2.49803
1.71199,-1.26783,-1.61785,-1.34781,1.66623,-2.49805
1.71191,-1.26682,-1.61955,-1.34532,1.66636,-2.49807
1.71280,-1.26602,-1.62054,-1.34416,1.66485,-2.49682
1.71368,-1.26523,-1.62153,-1.34300,1.66334,-2.49559
1.71422,-1.26526,-1.62127,-1.34354,1.66242,-2.49518
1.71477,-1.26530,-1.62101,-1.34408,1.66148,-2.49478
1.71523,-1.26483,-1.62162,-1.34335,1.66069,-2.49399
1.71570,-1.26436,-1.62221,-1.34263,1.65990,-2.49320
1.71640,-1.26275,-1.62463,-1.33934,1.65869,-2.49215
1.71712,-1.26113,-1.62704,-1.33607,1.65747,-2.49110
1.71870,-1.25887,-1.63020,-1.33197,1.65478,-2.49071
1.72029,-1.25662,-1.63335,-1.32788,1.65207,-2.49034
1.72337,-1.25329,-1.63776,-1.32245,1.64683,-2.48674
1.72649,-1.24997,-1.64216,-1.31705,1.64153,-2.48313
1.72643,-1.24819,-1.64515,-1.31266,1.64163,-2.48476
1.72636,-1.24642,-1.64814,-1.30827,1.64174,-2.48640
1.72759,-1.24607,-1.64827,-1.30848,1.63966,-2.48415
1.72881,-1.24573,-1.64840,-1.30870,1.63758,-2.48191
1.72774,-1.24569,-1.64885,-1.30768,1.63939,-2.48315
1.72666,-1.24566,-1.64930,-1.30668,1.64123,-2.48441
1.72619,-1.24514,-1.65034,-1.30499,1.64204,-2.48445
1.72573,-1.24462,-1.65139,-1.30330,1.64282,-2.48448
1.72660,-1.24288,-1.65399,-1.29978,1.64133,-2.48340
1.72749,-1.24113,-1.65660,-1.29624,1.63982,-2.48231
1.72746,-1.24110,-1.65667,-1.29613,1.63988,-2.48224
1.72742,-1.24107,-1.65673,-1.29602,1.63994,-2.48218
1.73048,-1.23796,-1.66085,-1.29099,1.63475,-2.47941
1.73356,-1.23485,-1.66497,-1.28598,1.62952,-2.47666
1.73364,-1.23446,-1.66561,-1.28507,1.62939,-2.47806
1.73373,-1.23406,-1.66625,-1.28415,1.62924,-2.47947
1.73421,-1.23391,-1.66633,-1.28421,1.62841,-2.47811
1.73471,-1.23376,-1.66640,-1.28428,1.62758,-2.47676
1.73497,-1.23298,-1.66762,-1.28256,1.62714,-2.47711
1.73523,-1.23220,-1.66884,-1.28085,1.62669,-2.47746
1.73717,-1.23017,-1.67158,-1.27748,1.62341,-2.47474
1.73913,-1.22813,-1.67433,-1.27411,1.62009,-2.47199
1.74259,-1.22612,-1.67649,-1.27215,1.61425,-2.46801
1.74605,-1.22413,-1.67863,-1.27024,1.60840,-2.46402
1.74495,-1.22340,-1.68027,-1.26741,1.61025,-2.46524
1.74384,-1.22268,-1.68190,-1.26458,1.61213,-2.46648
1.74830,-1.21962,-1.68551,-1.26086,1.60460,-2.46162
1.75279,-1.21658,-1.68910,-1.25719,1.59703,-2.45677
1.75328,-1.21562,-1.69058,-1.25517,1.59622,-2.45597
1.75377,-1.21465,-1.69207,-1.25315,1.59539,-2.45518
1.75510,-1.21317,-1.69412,-1.25059,1.59315,-2.45383
1.75643,-1.21170,-1.69618,-1.24803,1.59091,-2.45247
1.75643,-1.21113,-1.69715,-1.24658,1.59091,-2.45246
1.75643,-1.21056,-1.69814,-1.24511,1.59091,-2.45246
1.75799,-1.20947,-1.69945,-1.24375,1.58828,-2.44975
1.75957,-1.20838,-1.70077,-1.24239,1.58563,-2.44706
1.75984,-1.20779,-1.70170,-1.24111,1.58518,-2.44651
1.76012,-1.20719,-1.70263,-1.23982,1.58471,-2.44596
1.76116,-1.20668,-1.70314,-1.23946,1.58296,-2.44405
1.76220,-1.20618,-1.70364,-1.23912,1.58121,-2.44216
1.76392,-1.20458,-1.70579,-1.23657,1.57833,-2.44055
1.76563,-1.20298,-1.70795,-1.23403,1.57544,-2.43896
1.76665,-1.20116,-1.71074,-1.23025,1.57374,-2.43819
1.76766,-1.19935,-1.71353,-1.22646,1.57205,-2.43743
1.76791,-1.19902,-1.71402,-1.22582,1.57164,-2.43663
1.76815,-1.19869,-1.71451,-1.22519,1.57122,-2.43582
1.76804,-1.19959,-1.71297,-1.22746,1.57141,-2.43544
1.76794,-1.20050,-1.71143,-1.22973,1.57158,-2.43505
1.76912,-1.19858,-1.71435,-1.22581,1.56960,-2.43405
1.77030,-1.19666,-1.71727,-1.22191,1.56762,-2.43305
1.77216,-1.19520,-1.71916,-1.21981,1.56452,-2.43060
1.77400,-1.19375,-1.72104,-1.21773,1.56143,-2.42816
1.77512,-1.19245,-1.72291,-1.21536,1.55956,-2.42696
1.77623,-1.19116,-1.72479,-1.21300,1.55769,-2.42576
1.77680,-1.19017,-1.72632,-1.21091,1.55675,-2.42562
1.77737,-1.18918,-1.72786,-1.20883,1.55579,-2.42548
1.77795,-1.18952,-1.72705,-1.21029,1.55482,-2.42403
1.77854,-1.18986,-1.72625,-1.21175,1.55384,-2.42257
1.77738,-1.19023,-1.72601,-1.21163,1.55578,-2.42446
1.77620,-1.19061,-1.72576,-1.21152,1.55774,-2.42637
1.77943,-1.18747,-1.73012,-1.20628,1.55234,-2.42234
1.78267,-1.18436,-1.73446,-1.20106,1.54693,-2.41833
1.78352,-1.18336,-1.73592,-1.19921,1.54551,-2.41730
1.78436,-1.18236,-1.73738,-1.19735,1.54411,-2.41627
1.78533,-1.18107,-1.73932,-1.19481,1.54250,-2.41526
1.78628,-1.17978,-1.74127,-1.19226,1.54091,-2.41426
1.78724,-1.17890,-1.74249,-1.19081,1.53932,-2.41314
1.78818,-1.17803,-1.74370,-1.18937,1.53775,-2.41204
1.78914,-1.17716,-1.74491,-1.18794,1.53615,-2.41071
1.79010,-1.17628,-1.74612,-1.18651,1.53454,-2.40937
1.79072,-1.17562,-1.74709,-1.18532,1.53351,-2.40839
1.79134,-1.17495,-1.74806,-1.18411,1.53247,-2.40740
1.79296,-1.17372,-1.74968,-1.18233,1.52978,-2.40566
1.79458,-1.17248,-1.75132,-1.18055,1.52708,-2.40391
1.79492,-1.17118,-1.75351,-1.17734,1.52652,-2.40405
1.79525,-1.16989,-1.75570,-1.17414,1.52597,-2.40419
1.79775,-1.16835,-1.75758,-1.17237,1.52180,-2.40135
1.80027,-1.16682,-1.75945,-1.17062,1.51762,-2.39850
1.79976,-1.16748,-1.75845,-1.17194,1.51846,-2.40094
1.79927,-1.16814,-1.75744,-1.17327,1.51928,-2.40337
1.79796,-1.16870,-1.75689,-1.17352,1.52145,-2.40622
1.79667,-1.16925,-1.75635,-1.17378,1.52361,-2.40907
1.79673,-1.16936,-1.75612,-1.17415,1.52350,-2.41053
1.79679,-1.16948,-1.75589,-1.17453,1.52340,-2.41199
1.79553,-1.17028,-1.75491,-1.17548,1.52550,-2.41407
1.79428,-1.17108,-1.75392,-1.17643,1.52759,-2.41617
1.79454,-1.17129,-1.75346,-1.17726,1.52715,-2.41790
1.79479,-1.17150,-1.75299,-1.17809,1.52673,-2.41963
1.79493,-1.17160,-1.75276,-1.17849,1.52651,-2.42129
1.79506,-1.17171,-1.75253,-1.17891,1.52628,-2.42294
1.79434,-1.17244,-1.75147,-1.18021,1.52748,-2.42531
1.79362,-1.17318,-1.75040,-1.18152,1.52868,-2.42768
1.79401,-1.17322,-1.75021,-1.18199,1.52803,-2.42908
1.79442,-1.17324,-1.75002,-1.18245,1.52735,-2.43048
1.79222,-1.17435,-1.74882,-1.18333,1.53101,-2.43264
1.79001,-1.17546,-1.74761,-1.18421,1.53469,-2.43480
1.78934,-1.17618,-1.74657,-1.18550,1.53581,-2.43705
1.78867,-1.17689,-1.74554,-1.18678,1.53693,-2.43931
1.78806,-1.17762,-1.74447,-1.18816,1.53795,-2.44175
1.78745,-1.17835,-1.74339,-1.18953,1.53896,-2.44419
1.78645,-1.17918,-1.74227,-1.19082,1.54062,-2.44651
1.78546,-1.18001,-1.74115,-1.19209,1.54227,-2.44881
1.78479,-1.18085,-1.73990,-1.19370,1.54339,-2.45125
1.78412,-1.18169,-1.73866,-1.19531,1.54451,-2.45370
1.78407,-1.18194,-1.73823,-1.19593,1.54459,-2.45524
1.78402,-1.18219,-1.73781,-1.19655,1.54468,-2.45677
1.78363,-1.18249,-1.73740,-1.19700,1.54533,-2.45843
1.78325,-1.18279,-1.73701,-1.19744,1.54597,-2.46007
1.78247,-1.18340,-1.73622,-1.19831,1.54728,-2.46181
1.78170,-1.18399,-1.73544,-1.19917,1.54856,-2.46353
1.78114,-1.18441,-1.73491,-1.19974,1.54950,-2.46513
1.78058,-1.18482,-1.73437,-1.20031,1.55042,-2.46673
1.78014,-1.18506,-1.73410,-1.20054,1.55116,-2.46807
1.77969,-1.18530,-1.73384,-1.20074,1.55191,-2.46943
1.77924,-1.18554,-1.73357,-1.20096,1.55266,-2.47078
1.77880,-1.18578,-1.73330,-1.20119,1.55340,-2.47213
1.77836,-1.18602,-1.73304,-1.20140,1.55414,-2.47348
1.77791,-1.18626,-1.73277,-1.20162,1.55489,-2.47484
1.77747,-1.18651,-1.73250,-1.20184,1.55562,-2.47619
1.77702,-1.18675,-1.73223,-1.20207,1.55637,-2.47754
1.77658,-1.18699,-1.73197,-1.20229,1.55711,-2.47890
1.77613,-1.18723,-1.73170,-1.20251,1.55786,-2.48025
1.77569,-1.18748,-1.73143,-1.20273,1.55861,-2.48160
1.77525,-1.18772,-1.73116,-1.20296,1.55934,-2.48295
1.77481,-1.18796,-1.73089,-1.20319,1.56008,-2.48430
1.77437,-1.18821,-1.73062,-1.20341,1.56082,-2.48566
1.77392,-1.18845,-1.73035,-1.20364,1.56156,-2.48701
1.77348,-1.18869,-1.73008,-1.20387,1.56229,-2.48836
1.77304,-1.18894,-1.72980,-1.20411,1.56304,-2.48972
1.77260,-1.18918,-1.72953,-1.20434,1.56377,-2.49107
1.77216,-1.18943,-1.72925,-1.20458,1.56450,-2.49242
1.77172,-1.18967,-1.72898,-1.20481,1.56524,-2.49377
1.77128,-1.18992,-1.72870,-1.20505,1.56598,-2.49512
1.77085,-1.19017,-1.72843,-1.20528,1.56671,-2.49648
1.77040,-1.19041,-1.72816,-1.20552,1.56745,-2.49783
1.76996,-1.19066,-1.72788,-1.20577,1.56818,-2.49919
1.76953,-1.19091,-1.72761,-1.20600,1.56891,-2.50054
1.76909,-1.19115,-1.72733,-1.20625,1.56965,-2.50189
1.76865,-1.19140,-1.72705,-1.20649,1.57038,-2.50324
1.76821,-1.19165,-1.72677,-1.20673,1.57113,-2.50461
1.76777,-1.19190,-1.72649,-1.20698,1.57186,-2.50596
1.76734,-1.19215,-1.72621,-1.20723,1.57259,-2.50731
1.76690,-1.19240,-1.72593,-1.20747,1.57332,-2.50867
1.76647,-1.19265,-1.72565,-1.20772,1.57405,-2.51001
1.76603,-1.19290,-1.72537,-1.20797,1.57477,-2.51137
1.76560,-1.19315,-1.72509,-1.20823,1.57551,-2.51272
1.76516,-1.19340,-1.72481,-1.20848,1.57624,-2.51409
1.76473,-1.19365,-1.72453,-1.20872,1.57697,-2.51543
1.76429,-1.19391,-1.72424,-1.20899,1.57770,-2.51679
1.76386,-1.19415,-1.72396,-1.20924,1.57842,-2.51814
1.76342,-1.19441,-1.72367,-1.20950,1.57916,-2.51950
1.76299,-1.19466,-1.72339,-1.20975,1.57988,-2.52085
1.76256,-1.19491,-1.72311,-1.21002,1.58060,-2.52220
1.76213,-1.19516,-1.72283,-1.21027,1.58133,-2.52356
1.76170,-1.19542,-1.72254,-1.21054,1.58205,-2.52492
1.76127,-1.19567,-1.72225,-1.21080,1.58278,-2.52626
1.76083,-1.19593,-1.72196,-1.21106,1.58351,-2.52763
1.76040,-1.19618,-1.72167,-1.21133,1.58423,-2.52898
1.75997,-1.19644,-1.72138,-1.21160,1.58495,-2.53033
1.75954,-1.19669,-1.72110,-1.21186,1.58568,-2.53169
1.75911,-1.19695,-1.72081,-1.21214,1.58639,-2.53304
1.75868,-1.19720,-1.72052,-1.21240,1.58712,-2.53440
1.75826,-1.19746,-1.72023,-1.21267,1.58783,-2.53575
1.75783,-1.19771,-1.71994,-1.21294,1.58856,-2.53711
1.75740,-1.19797,-1.71965,-1.21321,1.58927,-2.53845
1.75697,-1.19823,-1.71936,-1.21349,1.59000,-2.53982
1.75654,-1.19848,-1.71907,-1.21376,1.59073,-2.54117
1.75611,-1.19874,-1.71877,-1.21404,1.59144,-2.54253
1.75569,-1.19900,-1.71848,-1.21432,1.59216,-2.54389
1.75526,-1.19926,-1.71818,-1.21460,1.59287,-2.54524
1.75484,-1.19952,-1.71789,-1.21487,1.59359,-2.54660
1.75441,-1.19978,-1.71760,-1.21516,1.59431,-2.54795
1.75399,-1.20003,-1.71731,-1.21543,1.59501,-2.54930
1.75356,-1.20029,-1.71701,-1.21572,1.59573,-2.55066
1.75314,-1.20055,-1.71671,-1.21600,1.59645,-2.55202
1.75271,-1.20081,-1.71642,-1.21629,1.59717,-2.55337
1.75229,-1.20108,-1.71612,-1.21658,1.59787,-2.55473
1.75186,-1.20134,-1.71582,-1.21686,1.59859,-2.55608
