-0.41619,-2.77565,-1.63823,-0.56414,-1.55068,3.13524
-0.41648,-2.77610,-1.63686,-0.56409,-1.55145,3.13606
-0.41677,-2.77656,-1.63549,-0.56404,-1.55222,3.13687
-0.41706,-2.77702,-1.63410,-0.56398,-1.55299,3.13770
-0.41735,-2.77747,-1.63274,-0.56393,-1.55376,3.13852
-0.41763,-2.77792,-1.63136,-0.56387,-1.55452,3.13933
-0.41792,-2.77837,-1.62998,-0.56382,-1.55529,3.14015
-0.41802,-2.77894,-1.62857,-0.56340,-1.55563,3.14009
-0.41813,-2.77949,-1.62717,-0.56299,-1.55597,3.14002
-0.41805,-2.78017,-1.62597,-0.56237,-1.55590,3.14001
-0.41797,-2.78084,-1.62479,-0.56176,-1.55583,3.14001
-0.41779,-2.78152,-1.62351,-0.56109,-1.55552,3.13983
-0.41762,-2.78219,-1.62223,-0.56043,-1.55520,3.13965
-0.41752,-2.78283,-1.62080,-0.55982,-1.55506,3.13892
-0.41742,-2.78347,-1.61936,-0.55920,-1.55492,3.13818
-0.41732,-2.78412,-1.61817,-0.55853,-1.55481,3.13824
-0.41722,-2.78477,-1.61698,-0.55787,-1.55470,3.13830
-0.41711,-2.78549,-1.61566,-0.55722,-1.55455,3.13823
-0.41699,-2.78620,-1.61434,-0.55657,-1.55440,3.13817
-0.41698,-2.78690,-1.61309,-0.55588,-1.55448,3.13828
-0.41696,-2.78759,-1.61184,-0.55520,-1.55457,3.13837
-0.41699,-2.78832,-1.61058,-0.55451,-1.55475,3.13888
-0.41703,-2.78905,-1.60932,-0.55383,-1.55494,3.13939
-0.41687,-2.78969,-1.60810,-0.55322,-1.55468,3.13924
-0.41672,-2.79034,-1.60687,-0.55260,-1.55444,3.13910
-0.41662,-2.79097,-1.60563,-0.55198,-1.55429,3.13891
-0.41651,-2.79160,-1.60440,-0.55136,-1.55414,3.13872
-0.41622,-2.79221,-1.60322,-0.55077,-1.55359,3.13846
-0.41594,-2.79281,-1.60205,-0.55020,-1.55303,3.13818
-0.41590,-2.79348,-1.60078,-0.54957,-1.55305,3.13808
-0.41585,-2.79414,-1.59951,-0.54895,-1.55305,3.13798
-0.41570,-2.79477,-1.59829,-0.54836,-1.55280,3.13782
-0.41555,-2.79540,-1.59707,-0.54776,-1.55255,3.13766
-0.41541,-2.79601,-1.59591,-0.54717,-1.55235,3.13760
-0.41529,-2.79662,-1.59474,-0.54658,-1.55216,3.13754
-0.41515,-2.79726,-1.59349,-0.54598,-1.55194,3.13739
-0.41502,-2.79790,-1.59224,-0.54537,-1.55174,3.13724
-0.41473,-2.79848,-1.59110,-0.54485,-1.55118,3.13696
-0.41445,-2.79906,-1.58996,-0.54433,-1.55063,3.13669
-0.41443,-2.79972,-1.58867,-0.54368,-1.55066,3.13667
-0.41439,-2.80039,-1.58739,-0.54303,-1.55068,3.13663
-0.41422,-2.80100,-1.58623,-0.54246,-1.55038,3.13658
-0.41406,-2.80161,-1.58506,-0.54190,-1.55009,3.13653
-0.41383,-2.80220,-1.58385,-0.54134,-1.54966,3.13614
-0.41362,-2.80279,-1.58263,-0.54079,-1.54925,3.13577
-0.41353,-2.80343,-1.58142,-0.54019,-1.54915,3.13592
-0.41344,-2.80406,-1.58024,-0.53961,-1.54905,3.13605
-0.41331,-2.80468,-1.57895,-0.53903,-1.54881,3.13568
-0.41317,-2.80530,-1.57764,-0.53844,-1.54858,3.13531
-0.41300,-2.80589,-1.57647,-0.53789,-1.54827,3.13516
-0.41283,-2.80649,-1.57529,-0.53732,-1.54795,3.13501
-0.41263,-2.80708,-1.57410,-0.53679,-1.54759,3.13472
-0.41245,-2.80767,-1.57289,-0.53625,-1.54725,3.13446
-0.41227,-2.80826,-1.57171,-0.53571,-1.54694,3.13423
-0.41210,-2.80884,-1.57052,-0.53517,-1.54662,3.13402
-0.41196,-2.80943,-1.56934,-0.53461,-1.54638,3.13394
-0.41182,-2.81002,-1.56816,-0.53407,-1.54614,3.13385
-0.41166,-2.81061,-1.56697,-0.53352,-1.54585,3.13368
-0.41150,-2.81120,-1.56579,-0.53298,-1.54557,3.13350
-0.41120,-2.81178,-1.56455,-0.53246,-1.54495,3.13297
-0.41089,-2.81235,-1.56332,-0.53194,-1.54434,3.13243
-0.41080,-2.81298,-1.56203,-0.53138,-1.54422,3.13232
-0.41071,-2.81362,-1.56073,-0.53082,-1.54409,3.13219
-0.41059,-2.81424,-1.55949,-0.53027,-1.54390,3.13208
-0.41048,-2.81487,-1.55824,-0.52972,-1.54372,3.13197
-0.41038,-2.81548,-1.55701,-0.52919,-1.54357,3.13188
-0.41028,-2.81609,-1.55579,-0.52866,-1.54343,3.13180
-0.41017,-2.81669,-1.55460,-0.52815,-1.54325,3.13167
-0.41005,-2.81728,-1.55340,-0.52763,-1.54305,3.13154
-0.40996,-2.81794,-1.55209,-0.52707,-1.54293,3.13148
-0.40988,-2.81860,-1.55079,-0.52651,-1.54281,3.13142
-0.40979,-2.81920,-1.54957,-0.52599,-1.54269,3.13136
-0.40970,-2.81980,-1.54836,-0.52547,-1.54257,3.13129
-0.40960,-2.82044,-1.54709,-0.52494,-1.54242,3.13119
-0.40950,-2.82106,-1.54584,-0.52440,-1.54227,3.13109
-0.40941,-2.82170,-1.54455,-0.52386,-1.54215,3.13103
-0.40933,-2.82233,-1.54329,-0.52332,-1.54205,3.13098
-0.40917,-2.82298,-1.54199,-0.52284,-1.54176,3.13065
-0.40900,-2.82363,-1.54070,-0.52236,-1.54146,3.13033
-0.40909,-2.82426,-1.53947,-0.52165,-1.54176,3.13079
-0.40918,-2.82488,-1.53826,-0.52094,-1.54207,3.13127
-0.40908,-2.82548,-1.53705,-0.52044,-1.54193,3.13121
-0.40898,-2.82608,-1.53584,-0.51993,-1.54178,3.13115
-0.40879,-2.82667,-1.53456,-0.51942,-1.54142,3.13082
-0.40859,-2.82727,-1.53328,-0.51890,-1.54105,3.13050
-0.40848,-2.82788,-1.53204,-0.51836,-1.54088,3.13049
-0.40837,-2.82850,-1.53078,-0.51782,-1.54072,3.13048
-0.40834,-2.82908,-1.52966,-0.51733,-1.54071,3.13088
-0.40830,-2.82969,-1.52851,-0.51684,-1.54071,3.13125
-0.40816,-2.83028,-1.52727,-0.51635,-1.54048,3.13106
-0.40802,-2.83087,-1.52603,-0.51585,-1.54025,3.13089
-0.40793,-2.83144,-1.52485,-0.51536,-1.54012,3.13086
-0.40783,-2.83202,-1.52368,-0.51488,-1.53999,3.13081
-0.40779,-2.83264,-1.52244,-0.51434,-1.53997,3.13096
-0.40774,-2.83326,-1.52121,-0.51380,-1.53994,3.13109
-0.40749,-2.83380,-1.52000,-0.51328,-1.53944,3.13085
-0.40724,-2.83435,-1.51878,-0.51277,-1.53893,3.13058
-0.40718,-2.83495,-1.51756,-0.51226,-1.53887,3.13063
-0.40712,-2.83556,-1.51634,-0.51176,-1.53883,3.13068
-0.40709,-2.83618,-1.51509,-0.51126,-1.53885,3.13072
-0.40707,-2.83680,-1.51382,-0.51077,-1.53887,3.13077
-0.40701,-2.83717,-1.51308,-0.51052,-1.53886,3.13059
-0.40696,-2.83753,-1.51234,-0.51027,-1.53884,3.13040
-0.40689,-2.83788,-1.51161,-0.51003,-1.53880,3.13018
-0.40683,-2.83823,-1.51087,-0.50978,-1.53878,3.12998
-0.40679,-2.83861,-1.51010,-0.50953,-1.53880,3.12975
-0.40674,-2.83897,-1.50934,-0.50929,-1.53881,3.12950
-0.40618,-2.83910,-1.50869,-0.50925,-1.53761,3.12763
-0.40562,-2.83921,-1.50803,-0.50923,-1.53638,3.12574
-0.40583,-2.83970,-1.50698,-0.50879,-1.53699,3.12532
-0.40603,-2.84020,-1.50593,-0.50835,-1.53759,3.12490
-0.40602,-2.84067,-1.50489,-0.50830,-1.53771,3.12372
-0.40601,-2.84115,-1.50385,-0.50824,-1.53781,3.12253
-0.40581,-2.84154,-1.50287,-0.50817,-1.53745,3.12085
-0.40562,-2.84192,-1.50188,-0.50809,-1.53711,3.11916
-0.40576,-2.84255,-1.50055,-0.50809,-1.53756,3.11778
-0.40591,-2.84317,-1.49922,-0.50808,-1.53803,3.11640
-0.40596,-2.84377,-1.49789,-0.50814,-1.53826,3.11472
-0.40601,-2.84437,-1.49657,-0.50820,-1.53849,3.11304
-0.40613,-2.84498,-1.49524,-0.50820,-1.53889,3.11157
-0.40626,-2.84560,-1.49389,-0.50819,-1.53929,3.11012
-0.40636,-2.84621,-1.49255,-0.50814,-1.53964,3.10868
-0.40646,-2.84682,-1.49121,-0.50808,-1.53999,3.10724
-0.40658,-2.84744,-1.48985,-0.50808,-1.54037,3.10573
-0.40669,-2.84806,-1.48849,-0.50808,-1.54074,3.10423
-0.40653,-2.84855,-1.48730,-0.50807,-1.54048,3.10249
-0.40638,-2.84905,-1.48610,-0.50807,-1.54022,3.10074
-0.40643,-2.84960,-1.48486,-0.50804,-1.54046,3.09921
-0.40649,-2.85014,-1.48362,-0.50801,-1.54070,3.09767
-0.40637,-2.85066,-1.48238,-0.50797,-1.54053,3.09590
-0.40625,-2.85116,-1.48115,-0.50794,-1.54035,3.09414
-0.40618,-2.85170,-1.47989,-0.50795,-1.54029,3.09244
-0.40612,-2.85224,-1.47862,-0.50797,-1.54024,3.09075
-0.40618,-2.85283,-1.47730,-0.50794,-1.54049,3.08918
-0.40624,-2.85342,-1.47595,-0.50791,-1.54074,3.08761
-0.40617,-2.85397,-1.47465,-0.50787,-1.54067,3.08592
-0.40610,-2.85452,-1.47334,-0.50784,-1.54060,3.08422
-0.40570,-2.85490,-1.47223,-0.50780,-1.53976,3.08217
-0.40529,-2.85527,-1.47113,-0.50776,-1.53889,3.08013
-0.40545,-2.85591,-1.46974,-0.50786,-1.53936,3.07866
-0.40561,-2.85657,-1.46833,-0.50796,-1.53982,3.07720
-0.40549,-2.85705,-1.46723,-0.50769,-1.53965,3.07599
-0.40536,-2.85752,-1.46614,-0.50744,-1.53946,3.07476
-0.40510,-2.85791,-1.46512,-0.50736,-1.53894,3.07323
-0.40483,-2.85830,-1.46409,-0.50729,-1.53842,3.07169
-0.40429,-2.85863,-1.46301,-0.50731,-1.53722,3.06967
-0.40375,-2.85896,-1.46194,-0.50733,-1.53602,3.06764
-0.40349,-2.85936,-1.46087,-0.50726,-1.53552,3.06617
-0.40324,-2.85976,-1.45981,-0.50719,-1.53501,3.06469
-0.40293,-2.86015,-1.45883,-0.50706,-1.53439,3.06342
-0.40264,-2.86054,-1.45783,-0.50694,-1.53380,3.06215
-0.40227,-2.86092,-1.45682,-0.50664,-1.53303,3.06073
-0.40190,-2.86131,-1.45580,-0.50635,-1.53226,3.05930
-0.40185,-2.86181,-1.45474,-0.50606,-1.53224,3.05828
-0.40179,-2.86230,-1.45369,-0.50577,-1.53222,3.05726
-0.40117,-2.86255,-1.45281,-0.50554,-1.53086,3.05581
-0.40055,-2.86281,-1.45193,-0.50530,-1.52948,3.05433
-0.40039,-2.86314,-1.45099,-0.50530,-1.52920,3.05343
-0.40022,-2.86346,-1.45009,-0.50530,-1.52891,3.05253
-0.39991,-2.86378,-1.44929,-0.50490,-1.52829,3.05191
-0.39960,-2.86410,-1.44851,-0.50450,-1.52766,3.05129
-0.39925,-2.86439,-1.44770,-0.50431,-1.52694,3.05050
-0.39889,-2.86467,-1.44689,-0.50412,-1.52620,3.04970
-0.39877,-2.86516,-1.44567,-0.50418,-1.52599,3.04827
-0.39865,-2.86565,-1.44446,-0.50424,-1.52577,3.04682
-0.39837,-2.86600,-1.44353,-0.50402,-1.52523,3.04590
-0.39811,-2.86637,-1.44258,-0.50380,-1.52470,3.04497
-0.39795,-2.86678,-1.44161,-0.50345,-1.52446,3.04421
-0.39780,-2.86720,-1.44065,-0.50311,-1.52423,3.04347
-0.39748,-2.86754,-1.43965,-0.50298,-1.52354,3.04224
-0.39714,-2.86789,-1.43865,-0.50286,-1.52284,3.04101
-0.39689,-2.86828,-1.43766,-0.50273,-1.52232,3.04005
-0.39662,-2.86867,-1.43668,-0.50260,-1.52178,3.03908
-0.39635,-2.86903,-1.43572,-0.50230,-1.52125,3.03821
-0.39608,-2.86938,-1.43476,-0.50200,-1.52074,3.03735
-0.39614,-2.86981,-1.43389,-0.50184,-1.52098,3.03721
-0.39620,-2.87024,-1.43300,-0.50167,-1.52124,3.03708
-0.39571,-2.87053,-1.43211,-0.50131,-1.52017,3.03604
-0.39521,-2.87083,-1.43122,-0.50094,-1.51910,3.03502
-0.39553,-2.87136,-1.43028,-0.50090,-1.51998,3.03520
-0.39585,-2.87188,-1.42937,-0.50085,-1.52085,3.03538
-0.39590,-2.87223,-1.42854,-0.50060,-1.52109,3.03529
-0.39595,-2.87256,-1.42772,-0.50036,-1.52132,3.03518
-0.39479,-2.87277,-1.42677,-0.49991,-1.51867,3.03291
-0.39362,-2.87296,-1.42582,-0.49947,-1.51599,3.03062
-0.39345,-2.87335,-1.42489,-0.49920,-1.51570,3.03018
-0.39328,-2.87373,-1.42397,-0.49894,-1.51540,3.02972
-0.39311,-2.87411,-1.42300,-0.49881,-1.51509,3.02903
-0.39294,-2.87449,-1.42201,-0.49868,-1.51477,3.02834
-0.39277,-2.87482,-1.42118,-0.49839,-1.51448,3.02798
-0.39259,-2.87513,-1.42038,-0.49811,-1.51416,3.02761
-0.39246,-2.87551,-1.41948,-0.49785,-1.51396,3.02729
-0.39233,-2.87589,-1.41859,-0.49760,-1.51376,3.02698
-0.39220,-2.87626,-1.41772,-0.49735,-1.51357,3.02668
-0.39207,-2.87663,-1.41683,-0.49709,-1.51337,3.02637
-0.39194,-2.87700,-1.41597,-0.49684,-1.51317,3.02607
-0.39181,-2.87737,-1.41507,-0.49658,-1.51298,3.02578
-0.39169,-2.87776,-1.41416,-0.49633,-1.51279,3.02545
-0.39155,-2.87815,-1.41325,-0.49608,-1.51258,3.02511
-0.39143,-2.87851,-1.41237,-0.49584,-1.51239,3.02480
-0.39130,-2.87889,-1.41149,-0.49558,-1.51219,3.02448
-0.39054,-2.87917,-1.41057,-0.49492,-1.51096,3.02411
-0.38978,-2.87946,-1.40964,-0.49425,-1.50972,3.02373
-0.38903,-2.87971,-1.40880,-0.49354,-1.50850,3.02361
-0.38827,-2.87996,-1.40796,-0.49283,-1.50729,3.02349
-0.38764,-2.88034,-1.40690,-0.49225,-1.50634,3.02301
-0.38701,-2.88072,-1.40583,-0.49169,-1.50539,3.02252
-0.38616,-2.88101,-1.40488,-0.49094,-1.50396,3.02200
-0.38533,-2.88130,-1.40393,-0.49021,-1.50254,3.02148
-0.38444,-2.88154,-1.40303,-0.48945,-1.50102,3.02110
-0.38356,-2.88177,-1.40215,-0.48869,-1.49949,3.02071
-0.38310,-2.88215,-1.40122,-0.48808,-1.49896,3.02101
-0.38264,-2.88253,-1.40029,-0.48748,-1.49844,3.02131
-0.38212,-2.88287,-1.39953,-0.48641,-1.49783,3.02202
-0.38160,-2.88320,-1.39878,-0.48535,-1.49722,3.02271
-0.38083,-2.88339,-1.39810,-0.48448,-1.49598,3.02322
-0.38006,-2.88358,-1.39743,-0.48360,-1.49474,3.02373
-0.37937,-2.88383,-1.39660,-0.48291,-1.49367,3.02362
-0.37868,-2.88407,-1.39578,-0.48221,-1.49260,3.02352
-0.37796,-2.88429,-1.39474,-0.48170,-1.49144,3.02263
-0.37725,-2.88451,-1.39371,-0.48119,-1.49029,3.02176
-0.37656,-2.88477,-1.39287,-0.48046,-1.48923,3.02174
-0.37588,-2.88504,-1.39202,-0.47973,-1.48819,3.02173
-0.37520,-2.88532,-1.39116,-0.47899,-1.48715,3.02169
-0.37452,-2.88558,-1.39029,-0.47827,-1.48610,3.02165
-0.37383,-2.88582,-1.38951,-0.47751,-1.48504,3.02187
-0.37314,-2.88605,-1.38873,-0.47676,-1.48398,3.02208
-0.37252,-2.88637,-1.38787,-0.47604,-1.48311,3.02214
-0.37192,-2.88668,-1.38701,-0.47532,-1.48224,3.02220
-0.37117,-2.88690,-1.38609,-0.47462,-1.48102,3.02177
-0.37043,-2.88713,-1.38517,-0.47393,-1.47982,3.02134
-0.36989,-2.88746,-1.38425,-0.47325,-1.47912,3.02144
-0.36935,-2.88779,-1.38334,-0.47257,-1.47842,3.02154
-0.36852,-2.88795,-1.38256,-0.47181,-1.47702,3.02130
-0.36770,-2.88811,-1.38177,-0.47104,-1.47564,3.02106
-0.36707,-2.88847,-1.38082,-0.47032,-1.47472,3.02103
-0.36644,-2.88884,-1.37986,-0.46959,-1.47381,3.02099
-0.36574,-2.88910,-1.37896,-0.46886,-1.47271,3.02085
-0.36504,-2.88935,-1.37808,-0.46813,-1.47162,3.02070
-0.36434,-2.88950,-1.37737,-0.46741,-1.47053,3.02094
-0.36366,-2.88965,-1.37665,-0.46669,-1.46947,3.02118
-0.36290,-2.88985,-1.37577,-0.46601,-1.46824,3.02098
-0.36215,-2.89006,-1.37490,-0.46534,-1.46702,3.02079
-0.36151,-2.89036,-1.37390,-0.46468,-1.46606,3.02062
-0.36087,-2.89067,-1.37289,-0.46401,-1.46511,3.02045
-0.36017,-2.89092,-1.37207,-0.46322,-1.46403,3.02036
-0.35948,-2.89117,-1.37124,-0.46243,-1.46296,3.02025
-0.35875,-2.89137,-1.37047,-0.46158,-1.46182,3.02033
-0.35802,-2.89157,-1.36969,-0.46072,-1.46067,3.02040
-0.35732,-2.89186,-1.36863,-0.46005,-1.45959,3.01996
-0.35663,-2.89215,-1.36759,-0.45938,-1.45850,3.01951
-0.35593,-2.89240,-1.36661,-0.45863,-1.45740,3.01908
-0.35523,-2.89265,-1.36565,-0.45787,-1.45631,3.01865
-0.35458,-2.89288,-1.36487,-0.45709,-1.45536,3.01908
-0.35393,-2.89309,-1.36413,-0.45631,-1.45441,3.01951
-0.35320,-2.89338,-1.36310,-0.45550,-1.45326,3.01898
-0.35248,-2.89369,-1.36203,-0.45469,-1.45212,3.01844
-0.35193,-2.89396,-1.36121,-0.45398,-1.45139,3.01890
-0.35138,-2.89423,-1.36038,-0.45327,-1.45067,3.01938
-0.35081,-2.89451,-1.35951,-0.45245,-1.44992,3.01974
-0.35024,-2.89480,-1.35864,-0.45162,-1.44916,3.02009
-0.34971,-2.89510,-1.35762,-0.45100,-1.44846,3.01993
-0.34917,-2.89540,-1.35660,-0.45039,-1.44776,3.01980
-0.34855,-2.89573,-1.35548,-0.44979,-1.44685,3.01920
-0.34793,-2.89606,-1.35434,-0.44919,-1.44594,3.01860
-0.34753,-2.89648,-1.35330,-0.44847,-1.44556,3.01883
-0.34712,-2.89690,-1.35224,-0.44775,-1.44519,3.01908
-0.34675,-2.89726,-1.35128,-0.44717,-1.44488,3.01947
-0.34638,-2.89762,-1.35032,-0.44659,-1.44457,3.01987
-0.34604,-2.89810,-1.34921,-0.44599,-1.44436,3.01998
-0.34571,-2.89857,-1.34809,-0.44539,-1.44415,3.02007
-0.34526,-2.89887,-1.34708,-0.44480,-1.44365,3.02025
-0.34482,-2.89917,-1.34607,-0.44422,-1.44317,3.02045
-0.34435,-2.89949,-1.34512,-0.44359,-1.44264,3.02050
-0.34389,-2.89981,-1.34414,-0.44297,-1.44212,3.02056
-0.34348,-2.90019,-1.34313,-0.44229,-1.44172,3.02088
-0.34306,-2.90057,-1.34213,-0.44162,-1.44133,3.02121
-0.34267,-2.90099,-1.34094,-0.44102,-1.44095,3.02131
-0.34227,-2.90142,-1.33974,-0.44043,-1.44056,3.02141
-0.34187,-2.90184,-1.33869,-0.43976,-1.44022,3.02151
-0.34147,-2.90225,-1.33764,-0.43909,-1.43987,3.02159
-0.34113,-2.90279,-1.33634,-0.43844,-1.43965,3.02159
-0.34079,-2.90331,-1.33506,-0.43780,-1.43943,3.02159
-0.34044,-2.90365,-1.33404,-0.43732,-1.43917,3.02179
-0.34008,-2.90398,-1.33303,-0.43683,-1.43890,3.02201
-0.33987,-2.90463,-1.33161,-0.43624,-1.43899,3.02219
-0.33966,-2.90527,-1.33019,-0.43565,-1.43908,3.02237
-0.33921,-2.90564,-1.32905,-0.43502,-1.43858,3.02226
-0.33875,-2.90599,-1.32793,-0.43439,-1.43808,3.02216
-0.33843,-2.90643,-1.32679,-0.43388,-1.43786,3.02220
-0.33811,-2.90687,-1.32565,-0.43337,-1.43764,3.02223
-0.33790,-2.90749,-1.32422,-0.43285,-1.43772,3.02210
-0.33769,-2.90812,-1.32280,-0.43233,-1.43780,3.02197
-0.33713,-2.90841,-1.32182,-0.43171,-1.43705,3.02193
-0.33656,-2.90869,-1.32086,-0.43108,-1.43627,3.02189
-0.33623,-2.90917,-1.31944,-0.43064,-1.43602,3.02137
-0.33589,-2.90964,-1.31805,-0.43022,-1.43575,3.02083
-0.33554,-2.91010,-1.31682,-0.42966,-1.43548,3.02084
-0.33519,-2.91057,-1.31558,-0.42910,-1.43521,3.02085
-0.33497,-2.91117,-1.31421,-0.42869,-1.43526,3.02089
-0.33476,-2.91178,-1.31281,-0.42828,-1.43533,3.02094
-0.33461,-2.91169,-1.31292,-0.42824,-1.43534,3.02078
-0.33446,-2.91160,-1.31302,-0.42821,-1.43535,3.02063
-0.33430,-2.91163,-1.31305,-0.42813,-1.43536,3.02047
-0.33414,-2.91166,-1.31307,-0.42805,-1.43537,3.02031
-0.33399,-2.91162,-1.31314,-0.42800,-1.43538,3.02016
-0.33384,-2.91158,-1.31320,-0.42796,-1.43539,3.02000
-0.33369,-2.91148,-1.31329,-0.42795,-1.43540,3.01986
-0.33354,-2.91139,-1.31338,-0.42794,-1.43541,3.01971
-0.33339,-2.91137,-1.31343,-0.42788,-1.43542,3.01955
-0.33323,-2.91135,-1.31348,-0.42783,-1.43542,3.01940
-0.33309,-2.91132,-1.31341,-0.42792,-1.43543,3.01925
-0.33295,-2.91129,-1.31333,-0.42800,-1.43544,3.01911
-0.33280,-2.91130,-1.31344,-0.42787,-1.43545,3.01896
-0.33264,-2.91131,-1.31355,-0.42773,-1.43546,3.01880
-0.33250,-2.91123,-1.31362,-0.42771,-1.43547,3.01865
-0.33235,-2.91116,-1.31368,-0.42770,-1.43548,3.01850
-0.33219,-2.91119,-1.31376,-0.42757,-1.43549,3.01834
-0.33202,-2.91121,-1.31384,-0.42744,-1.43550,3.01818
-0.33187,-2.91119,-1.31386,-0.42743,-1.43551,3.01802
-0.33172,-2.91116,-1.31388,-0.42741,-1.43552,3.01787
-0.33157,-2.91110,-1.31388,-0.42745,-1.43552,3.01772
-0.33143,-2.91103,-1.31389,-0.42750,-1.43553,3.01758
-0.33127,-2.91108,-1.31395,-0.42735,-1.43554,3.01741
-0.33110,-2.91114,-1.31402,-0.42721,-1.43555,3.01725
-0.33095,-2.91111,-1.31402,-0.42722,-1.43556,3.01709
-0.33080,-2.91108,-1.31403,-0.42722,-1.43557,3.01694
-0.33064,-2.91108,-1.31405,-0.42719,-1.43558,3.01679
-0.33049,-2.91108,-1.31406,-0.42715,-1.43559,3.01663
-0.33034,-2.91101,-1.31409,-0.42717,-1.43560,3.01648
-0.33019,-2.91094,-1.31412,-0.42719,-1.43561,3.01633
-0.33004,-2.91093,-1.31415,-0.42715,-1.43562,3.01618
-0.32989,-2.91092,-1.31418,-0.42711,-1.43562,3.01602
-0.32973,-2.91096,-1.31419,-0.42703,-1.43563,3.01586
-0.32957,-2.91100,-1.31421,-0.42696,-1.43564,3.01570
-0.32942,-2.91095,-1.31424,-0.42696,-1.43565,3.01555
-0.32926,-2.91090,-1.31427,-0.42696,-1.43566,3.01540
-0.32911,-2.91088,-1.31429,-0.42692,-1.43567,3.01524
-0.32896,-2.91087,-1.31432,-0.42689,-1.43568,3.01509
-0.32879,-2.91095,-1.31434,-0.42676,-1.43569,3.01492
-0.32863,-2.91103,-1.31437,-0.42664,-1.43570,3.01476
-0.32848,-2.91100,-1.31440,-0.42662,-1.43571,3.01461
-0.32833,-2.91097,-1.31442,-0.42660,-1.43572,3.01445
-0.32818,-2.91093,-1.31447,-0.42658,-1.43573,3.01430
-0.32802,-2.91090,-1.31451,-0.42654,-1.43574,3.01415
-0.32787,-2.91086,-1.31453,-0.42653,-1.43575,3.01399
-0.32772,-2.91083,-1.31456,-0.42653,-1.43576,3.01384
-0.32757,-2.91079,-1.31460,-0.42650,-1.43576,3.01369
-0.32742,-2.91075,-1.31465,-0.42648,-1.43577,3.01353
-0.32726,-2.91071,-1.31467,-0.42646,-1.43578,3.01338
-0.32711,-2.91068,-1.31470,-0.42645,-1.43579,3.01323
-0.32697,-2.91055,-1.31474,-0.42651,-1.43580,3.01308
-0.32683,-2.91042,-1.31478,-0.42658,-1.43581,3.01294
-0.32667,-2.91042,-1.31480,-0.42655,-1.43582,3.01278
-0.32651,-2.91042,-1.31480,-0.42653,-1.43583,3.01263
-0.32636,-2.91036,-1.31485,-0.42652,-1.43584,3.01247
-0.32621,-2.91031,-1.31488,-0.42651,-1.43585,3.01232
-0.32605,-2.91036,-1.31487,-0.42646,-1.43586,3.01216
-0.32589,-2.91040,-1.31486,-0.42641,-1.43587,3.01200
-0.32574,-2.91032,-1.31492,-0.42640,-1.43588,3.01185
-0.32559,-2.91024,-1.31498,-0.42640,-1.43588,3.01170
-0.32543,-2.91023,-1.31500,-0.42638,-1.43589,3.01154
-0.32528,-2.91021,-1.31502,-0.42636,-1.43590,3.01138
-0.32512,-2.91025,-1.31499,-0.42632,-1.43591,3.01122
-0.32496,-2.91030,-1.31496,-0.42628,-1.43592,3.01106
-0.32480,-2.91029,-1.31499,-0.42624,-1.43593,3.01090
-0.32465,-2.91028,-1.31501,-0.42620,-1.43594,3.01075
-0.32449,-2.91031,-1.31501,-0.42615,-1.43595,3.01059
-0.32434,-2.91034,-1.31500,-0.42611,-1.43596,3.01043
-0.32418,-2.91034,-1.31502,-0.42607,-1.43597,3.01028
-0.32402,-2.91033,-1.31505,-0.42603,-1.43598,3.01012
-0.32387,-2.91028,-1.31511,-0.42600,-1.43599,3.00996
-0.32372,-2.91023,-1.31517,-0.42597,-1.43600,3.00981
-0.32356,-2.91019,-1.31521,-0.42595,-1.43601,3.00965
-0.32341,-2.91016,-1.31526,-0.42592,-1.43602,3.00950
-0.32325,-2.91014,-1.31527,-0.42590,-1.43603,3.00934
-0.32310,-2.91011,-1.31530,-0.42588,-1.43604,3.00919
-0.32294,-2.91014,-1.31530,-0.42583,-1.43605,3.00903
-0.32279,-2.91016,-1.31529,-0.42579,-1.43606,3.00887
-0.32263,-2.91009,-1.31535,-0.42578,-1.43606,3.00872
-0.32248,-2.91002,-1.31542,-0.42576,-1.43607,3.00857
-0.32233,-2.91001,-1.31545,-0.42572,-1.43608,3.00841
-0.32218,-2.91000,-1.31548,-0.42568,-1.43609,3.00826
-0.32202,-2.91000,-1.31550,-0.42564,-1.43610,3.00810
-0.32186,-2.91001,-1.31552,-0.42559,-1.43611,3.00794
-0.32171,-2.90999,-1.31553,-0.42557,-1.43612,3.00779
-0.32156,-2.90998,-1.31555,-0.42555,-1.43613,3.00763
-0.32140,-2.90997,-1.31557,-0.42552,-1.43614,3.00748
-0.32125,-2.90997,-1.31559,-0.42548,-1.43615,3.00732
-0.32109,-2.90995,-1.31563,-0.42543,-1.43616,3.00716
-0.32093,-2.90993,-1.31568,-0.42538,-1.43617,3.00700
-0.32079,-2.90991,-1.31567,-0.42540,-1.43618,3.00686
-0.32065,-2.90988,-1.31565,-0.42542,-1.43619,3.00672
-0.32050,-2.90986,-1.31567,-0.42541,-1.43620,3.00657
-0.32034,-2.90984,-1.31568,-0.42539,-1.43621,3.00641
-0.32020,-2.90978,-1.31573,-0.42539,-1.43621,3.00627
-0.32006,-2.90971,-1.31577,-0.42539,-1.43622,3.00612
-0.31990,-2.90970,-1.31578,-0.42537,-1.43623,3.00597
-0.31975,-2.90969,-1.31580,-0.42535,-1.43624,3.00581
-0.31959,-2.90968,-1.31582,-0.42532,-1.43625,3.00565
-0.31944,-2.90966,-1.31584,-0.42529,-1.43626,3.00550
-0.31948,-2.90970,-1.31578,-0.42531,-1.43626,3.00554
-0.31952,-2.90975,-1.31571,-0.42534,-1.43626,3.00558
-0.31956,-2.90975,-1.31569,-0.42537,-1.43625,3.00562
-0.31960,-2.90976,-1.31567,-0.42539,-1.43625,3.00566
-0.31964,-2.90981,-1.31563,-0.42538,-1.43625,3.00570
-0.31968,-2.90985,-1.31560,-0.42537,-1.43625,3.00574
-0.31973,-2.90985,-1.31557,-0.42541,-1.43624,3.00579
-0.31977,-2.90985,-1.31554,-0.42545,-1.43624,3.00584
-0.31981,-2.90990,-1.31551,-0.42542,-1.43624,3.00587
-0.31984,-2.90996,-1.31548,-0.42540,-1.43624,3.00591
-0.31989,-2.90996,-1.31546,-0.42544,-1.43623,3.00595
-0.31993,-2.90995,-1.31544,-0.42547,-1.43623,3.00600
-0.31998,-2.90997,-1.31539,-0.42551,-1.43623,3.00604
-0.32002,-2.90999,-1.31534,-0.42554,-1.43623,3.00608
-0.32006,-2.91003,-1.31530,-0.42555,-1.43622,3.00612
-0.32010,-2.91007,-1.31526,-0.42555,-1.43622,3.00616
-0.32014,-2.91010,-1.31522,-0.42556,-1.43622,3.00620
-0.32018,-2.91013,-1.31519,-0.42558,-1.43622,3.00624
-0.32022,-2.91014,-1.31515,-0.42560,-1.43621,3.00628
-0.32026,-2.91015,-1.31512,-0.42563,-1.43621,3.00632
-0.32030,-2.91017,-1.31509,-0.42564,-1.43621,3.00637
-0.32034,-2.91019,-1.31506,-0.42566,-1.43621,3.00641
-0.32037,-2.91031,-1.31501,-0.42560,-1.43620,3.00644
-0.32040,-2.91043,-1.31495,-0.42554,-1.43620,3.00647
-0.32045,-2.91039,-1.31491,-0.42563,-1.43620,3.00652
-0.32050,-2.91036,-1.31486,-0.42571,-1.43620,3.00657
-0.32054,-2.91041,-1.31481,-0.42572,-1.43619,3.00661
-0.32058,-2.91047,-1.31475,-0.42573,-1.43619,3.00665
-0.32062,-2.91048,-1.31472,-0.42575,-1.43619,3.00669
-0.32066,-2.91048,-1.31470,-0.42578,-1.43619,3.00673
-0.32070,-2.91055,-1.31464,-0.42578,-1.43618,3.00677
-0.32074,-2.91061,-1.31457,-0.42579,-1.43618,3.00681
-0.32077,-2.91065,-1.31455,-0.42577,-1.43618,3.00684
-0.32081,-2.91070,-1.31453,-0.42575,-1.43618,3.00688
-0.32085,-2.91071,-1.31448,-0.42580,-1.43617,3.00692
-0.32090,-2.91072,-1.31442,-0.42585,-1.43617,3.00697
-0.32093,-2.91077,-1.31440,-0.42582,-1.43617,3.00700
-0.32097,-2.91083,-1.31437,-0.42580,-1.43617,3.00704
-0.32100,-2.91087,-1.31434,-0.42580,-1.43616,3.00708
-0.32104,-2.91091,-1.31430,-0.42580,-1.43616,3.00711
-0.32108,-2.91094,-1.31426,-0.42581,-1.43616,3.00715
-0.32112,-2.91097,-1.31423,-0.42582,-1.43616,3.00719
-0.32116,-2.91098,-1.31417,-0.42587,-1.43615,3.00723
-0.32120,-2.91099,-1.31412,-0.42592,-1.43615,3.00728
-0.32124,-2.91104,-1.31413,-0.42587,-1.43615,3.00732
-0.32128,-2.91108,-1.31414,-0.42582,-1.43615,3.00735
-0.32132,-2.91112,-1.31409,-0.42583,-1.43615,3.00739
-0.32136,-2.91115,-1.31405,-0.42585,-1.43614,3.00743
-0.32140,-2.91120,-1.31394,-0.42591,-1.43614,3.00747
-0.32144,-2.91126,-1.31382,-0.42598,-1.43614,3.00752
-0.32148,-2.91124,-1.31384,-0.42599,-1.43614,3.00755
-0.32151,-2.91123,-1.31385,-0.42599,-1.43613,3.00759
-0.32157,-2.91131,-1.31376,-0.42601,-1.43613,3.00765
-0.32163,-2.91138,-1.31367,-0.42603,-1.43613,3.00771
-0.32169,-2.91141,-1.31365,-0.42604,-1.43612,3.00776
-0.32174,-2.91145,-1.31362,-0.42604,-1.43612,3.00782
-0.32180,-2.91150,-1.31352,-0.42609,-1.43612,3.00788
-0.32187,-2.91155,-1.31343,-0.42614,-1.43611,3.00795
-0.32192,-2.91163,-1.31337,-0.42613,-1.43611,3.00800
-0.32198,-2.91171,-1.31331,-0.42612,-1.43610,3.00806
-0.32204,-2.91174,-1.31324,-0.42616,-1.43610,3.00812
-0.32209,-2.91178,-1.31317,-0.42620,-1.43610,3.00817
-0.32215,-2.91181,-1.31312,-0.42623,-1.43609,3.00823
-0.32221,-2.91184,-1.31306,-0.42627,-1.43609,3.00829
-0.32227,-2.91190,-1.31300,-0.42628,-1.43609,3.00835
-0.32232,-2.91196,-1.31294,-0.42628,-1.43608,3.00840
-0.32237,-2.91203,-1.31284,-0.42632,-1.43608,3.00846
-0.32243,-2.91211,-1.31273,-0.42636,-1.43608,3.00851
-0.32248,-2.91212,-1.31273,-0.42635,-1.43607,3.00856
-0.32253,-2.91214,-1.31272,-0.42634,-1.43607,3.00861
-0.32257,-2.91215,-1.31270,-0.42636,-1.43607,3.00866
-0.32262,-2.91216,-1.31268,-0.42638,-1.43607,3.00870
-0.32266,-2.91217,-1.31266,-0.42639,-1.43606,3.00875
-0.32270,-2.91219,-1.31264,-0.42641,-1.43606,3.00879
-0.32275,-2.91220,-1.31262,-0.42643,-1.43606,3.00883
-0.32279,-2.91221,-1.31259,-0.42644,-1.43606,3.00888
-0.32283,-2.91225,-1.31255,-0.42645,-1.43605,3.00892
-0.32288,-2.91229,-1.31251,-0.42645,-1.43605,3.00896
-0.32293,-2.91223,-1.31259,-0.42644,-1.43605,3.00901
-0.32298,-2.91217,-1.31267,-0.42643,-1.43604,3.00906
-0.32302,-2.91228,-1.31249,-0.42650,-1.43604,3.00910
-0.32306,-2.91239,-1.31232,-0.42658,-1.43604,3.00915
-0.32311,-2.91248,-1.31222,-0.42658,-1.43604,3.00919
-0.32315,-2.91258,-1.31213,-0.42658,-1.43603,3.00924
-0.32320,-2.91258,-1.31211,-0.42661,-1.43603,3.00929
-0.32325,-2.91258,-1.31208,-0.42664,-1.43603,3.00933
-0.32329,-2.91260,-1.31205,-0.42666,-1.43602,3.00938
-0.32334,-2.91262,-1.31202,-0.42668,-1.43602,3.00942
-0.32338,-2.91263,-1.31199,-0.42670,-1.43602,3.00947
-0.32342,-2.91265,-1.31196,-0.42672,-1.43602,3.00951
-0.32347,-2.91266,-1.31193,-0.42674,-1.43601,3.00956
-0.32351,-2.91268,-1.31190,-0.42676,-1.43601,3.00960
-0.32356,-2.91270,-1.31187,-0.42678,-1.43601,3.00965
-0.32361,-2.91271,-1.31184,-0.42680,-1.43601,3.00970
-0.32365,-2.91269,-1.31184,-0.42683,-1.43600,3.00974
-0.32370,-2.91266,-1.31184,-0.42687,-1.43600,3.00979
-0.32374,-2.91270,-1.31179,-0.42688,-1.43600,3.00983
-0.32379,-2.91275,-1.31173,-0.42691,-1.43599,3.00988
-0.32383,-2.91276,-1.31170,-0.42692,-1.43599,3.00992
-0.32387,-2.91277,-1.31167,-0.42694,-1.43599,3.00996
-0.32365,-2.91276,-1.31169,-0.42691,-1.43600,3.00974
-0.32342,-2.91275,-1.31170,-0.42688,-1.43602,3.00951
-0.32320,-2.91279,-1.31164,-0.42688,-1.43603,3.00929
-0.32298,-2.91283,-1.31157,-0.42687,-1.43604,3.00907
-0.32276,-2.91282,-1.31159,-0.42684,-1.43606,3.00884
-0.32253,-2.91280,-1.31161,-0.42680,-1.43607,3.00862
-0.32233,-2.91273,-1.31173,-0.42672,-1.43608,3.00841
-0.32212,-2.91266,-1.31185,-0.42664,-1.43610,3.00820
-0.32191,-2.91265,-1.31183,-0.42665,-1.43611,3.00799
-0.32170,-2.91263,-1.31182,-0.42665,-1.43612,3.00777
-0.32149,-2.91263,-1.31179,-0.42665,-1.43613,3.00757
-0.32129,-2.91263,-1.31177,-0.42665,-1.43615,3.00736
-0.32107,-2.91271,-1.31164,-0.42666,-1.43616,3.00715
-0.32086,-2.91280,-1.31151,-0.42667,-1.43617,3.00693
-0.32065,-2.91268,-1.31163,-0.42665,-1.43619,3.00672
-0.32045,-2.91255,-1.31174,-0.42663,-1.43620,3.00652
-0.32024,-2.91248,-1.31181,-0.42661,-1.43621,3.00631
-0.32003,-2.91241,-1.31188,-0.42659,-1.43622,3.00609
-0.31982,-2.91249,-1.31168,-0.42667,-1.43624,3.00589
-0.31961,-2.91257,-1.31148,-0.42677,-1.43625,3.00568
-0.31941,-2.91252,-1.31159,-0.42668,-1.43626,3.00547
-0.31920,-2.91246,-1.31171,-0.42659,-1.43628,3.00526
-0.31899,-2.91247,-1.31172,-0.42654,-1.43629,3.00504
-0.31877,-2.91247,-1.31173,-0.42650,-1.43630,3.00483
-0.31856,-2.91242,-1.31177,-0.42648,-1.43632,3.00461
-0.31834,-2.91236,-1.31181,-0.42647,-1.43633,3.00440
-0.31812,-2.91242,-1.31171,-0.42648,-1.43634,3.00417
-0.31789,-2.91248,-1.31160,-0.42650,-1.43636,3.00394
-0.31768,-2.91236,-1.31175,-0.42645,-1.43637,3.00373
-0.31748,-2.91224,-1.31189,-0.42640,-1.43638,3.00352
-0.31726,-2.91221,-1.31190,-0.42638,-1.43639,3.00331
-0.31705,-2.91219,-1.31191,-0.42636,-1.43641,3.00309
-0.31684,-2.91225,-1.31174,-0.42645,-1.43642,3.00288
-0.31662,-2.91230,-1.31157,-0.42654,-1.43643,3.00266
-0.31641,-2.91222,-1.31175,-0.42641,-1.43645,3.00245
-0.31619,-2.91212,-1.31194,-0.42629,-1.43646,3.00223
-0.31599,-2.91217,-1.31178,-0.42637,-1.43647,3.00202
-0.31578,-2.91222,-1.31163,-0.42645,-1.43649,3.00181
-0.31556,-2.91215,-1.31175,-0.42637,-1.43650,3.00159
-0.31534,-2.91207,-1.31189,-0.42628,-1.43651,3.00137
-0.31512,-2.91205,-1.31191,-0.42624,-1.43653,3.00115
-0.31491,-2.91204,-1.31194,-0.42620,-1.43654,3.00094
-0.31471,-2.91202,-1.31191,-0.42623,-1.43655,3.00073
-0.31450,-2.91200,-1.31187,-0.42625,-1.43657,3.00053
-0.31429,-2.91188,-1.31205,-0.42617,-1.43658,3.00031
-0.31407,-2.91175,-1.31222,-0.42610,-1.43659,3.00010
-0.31386,-2.91181,-1.31209,-0.42614,-1.43661,2.99989
-0.31366,-2.91187,-1.31196,-0.42619,-1.43662,2.99968
-0.31345,-2.91183,-1.31199,-0.42617,-1.43663,2.99947
-0.31324,-2.91180,-1.31201,-0.42615,-1.43664,2.99926
-0.31303,-2.91180,-1.31202,-0.42611,-1.43666,2.99905
-0.31283,-2.91180,-1.31202,-0.42607,-1.43667,2.99884
-0.31262,-2.91174,-1.31208,-0.42605,-1.43668,2.99864
-0.31242,-2.91168,-1.31213,-0.42604,-1.43670,2.99843
-0.31222,-2.91162,-1.31218,-0.42601,-1.43671,2.99823
-0.31203,-2.91157,-1.31223,-0.42599,-1.43672,2.99803
-0.31183,-2.91152,-1.31228,-0.42597,-1.43673,2.99784
-0.31164,-2.91147,-1.31233,-0.42594,-1.43675,2.99764
-0.31144,-2.91138,-1.31244,-0.42590,-1.43676,2.99744
-0.31124,-2.91128,-1.31255,-0.42586,-1.43677,2.99724
-0.31104,-2.91123,-1.31260,-0.42583,-1.43678,2.99704
-0.31085,-2.91117,-1.31266,-0.42580,-1.43679,2.99685
-0.31065,-2.91113,-1.31269,-0.42578,-1.43681,2.99665
-0.31046,-2.91108,-1.31273,-0.42576,-1.43682,2.99646
-0.31026,-2.91099,-1.31284,-0.42573,-1.43683,2.99626
-0.31007,-2.91090,-1.31295,-0.42568,-1.43684,2.99606
-0.30987,-2.91084,-1.31299,-0.42567,-1.43686,2.99586
-0.30967,-2.91079,-1.31304,-0.42565,-1.43687,2.99567
-0.30948,-2.91073,-1.31309,-0.42563,-1.43688,2.99547
-0.30927,-2.91068,-1.31314,-0.42561,-1.43689,2.99526
-0.30908,-2.91058,-1.31325,-0.42557,-1.43691,2.99506
-0.30888,-2.91048,-1.31337,-0.42553,-1.43692,2.99486
-0.30867,-2.91042,-1.31342,-0.42550,-1.43693,2.99466
-0.30847,-2.91037,-1.31347,-0.42548,-1.43694,2.99445
-0.30828,-2.91042,-1.31336,-0.42551,-1.43696,2.99426
-0.30809,-2.91046,-1.31325,-0.42555,-1.43697,2.99407
-0.30788,-2.91037,-1.31337,-0.42550,-1.43698,2.99386
-0.30767,-2.91026,-1.31350,-0.42545,-1.43699,2.99365
-0.30748,-2.91021,-1.31355,-0.42542,-1.43701,2.99345
-0.30728,-2.91015,-1.31360,-0.42541,-1.43702,2.99326
-0.30709,-2.91009,-1.31365,-0.42538,-1.43703,2.99306
-0.30689,-2.91003,-1.31371,-0.42536,-1.43704,2.99286
-0.30670,-2.90997,-1.31376,-0.42534,-1.43706,2.99267
-0.30650,-2.90992,-1.31381,-0.42532,-1.43707,2.99247
-0.30632,-2.90975,-1.31398,-0.42530,-1.43708,2.99229
-0.30614,-2.90958,-1.31414,-0.42528,-1.43709,2.99211
-0.30595,-2.90951,-1.31418,-0.42528,-1.43710,2.99192
-0.30576,-2.90944,-1.31422,-0.42529,-1.43712,2.99172
-0.30557,-2.90939,-1.31428,-0.42525,-1.43713,2.99153
-0.30537,-2.90934,-1.31434,-0.42521,-1.43714,2.99133
-0.30517,-2.90935,-1.31436,-0.42517,-1.43715,2.99113
-0.30497,-2.90935,-1.31437,-0.42513,-1.43717,2.99093
-0.30479,-2.90928,-1.31444,-0.42510,-1.43718,2.99075
-0.30462,-2.90920,-1.31451,-0.42508,-1.43719,2.99057
-0.30443,-2.90916,-1.31458,-0.42504,-1.43720,2.99038
-0.30424,-2.90911,-1.31464,-0.42499,-1.43721,2.99020
-0.30407,-2.90906,-1.31469,-0.42497,-1.43722,2.99002
-0.30390,-2.90900,-1.31475,-0.42495,-1.43723,2.98985
-0.30371,-2.90891,-1.31480,-0.42496,-1.43725,2.98966
-0.30353,-2.90882,-1.31486,-0.42497,-1.43726,2.98948
-0.30427,-2.90974,-1.31361,-0.42525,-1.43935,2.99009
-0.30501,-2.91066,-1.31237,-0.42553,-1.44144,2.99070
-0.30580,-2.91163,-1.31100,-0.42597,-1.44358,2.99098
-0.30659,-2.91260,-1.30964,-0.42642,-1.44573,2.99125
-0.30716,-2.91336,-1.30873,-0.42644,-1.44748,2.99210
-0.30773,-2.91413,-1.30781,-0.42647,-1.44922,2.99295
-0.30879,-2.91532,-1.30598,-0.42721,-1.45194,2.99285
-0.30984,-2.91650,-1.30415,-0.42794,-1.45464,2.99276
-0.31035,-2.91720,-1.30338,-0.42770,-1.45627,2.99422
-0.31085,-2.91789,-1.30261,-0.42744,-1.45788,2.99569
-0.31159,-2.91882,-1.30126,-0.42784,-1.45993,2.99592
-0.31233,-2.91975,-1.29991,-0.42824,-1.46197,2.99615
-0.31323,-2.92086,-1.29822,-0.42878,-1.46433,2.99620
-0.31415,-2.92199,-1.29652,-0.42932,-1.46671,2.99625
-0.31447,-2.92251,-1.29574,-0.42931,-1.46789,2.99673
-0.31479,-2.92303,-1.29497,-0.42931,-1.46907,2.99720
-0.31503,-2.92343,-1.29442,-0.42905,-1.47013,2.99798
-0.31527,-2.92383,-1.29385,-0.42878,-1.47120,2.99876
-0.31581,-2.92455,-1.29283,-0.42886,-1.47282,2.99937
-0.31635,-2.92526,-1.29181,-0.42895,-1.47445,2.99999
-0.31690,-2.92597,-1.29077,-0.42911,-1.47612,3.00083
-0.31746,-2.92669,-1.28971,-0.42927,-1.47779,3.00164
-0.31814,-2.92763,-1.28816,-0.42967,-1.47965,3.00153
-0.31882,-2.92857,-1.28660,-0.43006,-1.48152,3.00142
-0.31938,-2.92929,-1.28557,-0.43013,-1.48320,3.00207
-0.31993,-2.93002,-1.28454,-0.43019,-1.48487,3.00271
-0.32063,-2.93082,-1.28342,-0.43026,-1.48684,3.00372
-0.32133,-2.93162,-1.28233,-0.43033,-1.48882,3.00474
-0.32198,-2.93245,-1.28111,-0.43053,-1.49066,3.00523
-0.32261,-2.93328,-1.27987,-0.43073,-1.49248,3.00571
-0.32312,-2.93401,-1.27867,-0.43104,-1.49400,3.00573
-0.32364,-2.93475,-1.27747,-0.43135,-1.49553,3.00574
-0.32427,-2.93559,-1.27624,-0.43153,-1.49732,3.00614
-0.32491,-2.93643,-1.27500,-0.43172,-1.49913,3.00656
-0.32550,-2.93705,-1.27426,-0.43161,-1.50089,3.00793
-0.32610,-2.93768,-1.27351,-0.43150,-1.50266,3.00930
-0.32686,-2.93857,-1.27237,-0.43164,-1.50475,3.01042
-0.32762,-2.93946,-1.27121,-0.43177,-1.50685,3.01153
-0.32826,-2.94028,-1.27000,-0.43199,-1.50867,3.01200
-0.32888,-2.94110,-1.26877,-0.43220,-1.51047,3.01246
-0.32961,-2.94195,-1.26753,-0.43238,-1.51245,3.01320
-0.33034,-2.94281,-1.26629,-0.43256,-1.51443,3.01392
-0.33108,-2.94368,-1.26502,-0.43276,-1.51645,3.01464
-0.33182,-2.94454,-1.26378,-0.43295,-1.51846,3.01537
-0.33261,-2.94539,-1.26251,-0.43318,-1.52053,3.01595
-0.33339,-2.94624,-1.26123,-0.43341,-1.52259,3.01654
-0.33410,-2.94712,-1.25998,-0.43360,-1.52455,3.01735
-0.33481,-2.94799,-1.25874,-0.43378,-1.52650,3.01818
-0.33555,-2.94882,-1.25744,-0.43402,-1.52848,3.01859
-0.33629,-2.94965,-1.25613,-0.43426,-1.53046,3.01901
-0.33702,-2.95050,-1.25487,-0.43445,-1.53244,3.01971
-0.33776,-2.95136,-1.25360,-0.43464,-1.53443,3.02042
-0.33850,-2.95221,-1.25233,-0.43482,-1.53643,3.02115
-0.33924,-2.95305,-1.25109,-0.43499,-1.53841,3.02188
-0.33998,-2.95391,-1.24979,-0.43518,-1.54041,3.02258
-0.34073,-2.95478,-1.24848,-0.43537,-1.54242,3.02330
-0.34175,-2.95587,-1.24693,-0.43567,-1.54497,3.02432
-0.34277,-2.95696,-1.24538,-0.43596,-1.54751,3.02536
-0.34356,-2.95785,-1.24399,-0.43626,-1.54959,3.02573
-0.34435,-2.95873,-1.24262,-0.43656,-1.55167,3.02612
-0.34478,-2.95930,-1.24170,-0.43652,-1.55302,3.02684
-0.34520,-2.95987,-1.24075,-0.43647,-1.55436,3.02757
-0.34593,-2.96070,-1.23949,-0.43667,-1.55634,3.02828
-0.34667,-2.96152,-1.23822,-0.43686,-1.55832,3.02899
-0.34775,-2.96273,-1.23642,-0.43735,-1.56098,3.02967
-0.34882,-2.96393,-1.23464,-0.43783,-1.56363,3.03036
-0.34930,-2.96453,-1.23358,-0.43797,-1.56507,3.03068
-0.34977,-2.96511,-1.23255,-0.43812,-1.56649,3.03102
-0.35093,-2.96637,-1.23052,-0.43891,-1.56924,3.03086
-0.35209,-2.96762,-1.22850,-0.43971,-1.57200,3.03069
-0.35292,-2.96849,-1.22720,-0.43992,-1.57415,3.03134
-0.35376,-2.96936,-1.22589,-0.44015,-1.57632,3.03198
-0.35475,-2.97037,-1.22430,-0.44061,-1.57877,3.03284
-0.35573,-2.97136,-1.22272,-0.44109,-1.58123,3.03368
-0.35668,-2.97238,-1.22109,-0.44158,-1.58359,3.03400
-0.35762,-2.97337,-1.21948,-0.44207,-1.58593,3.03432
-0.35869,-2.97446,-1.21789,-0.44237,-1.58856,3.03509
-0.35976,-2.97554,-1.21631,-0.44268,-1.59119,3.03588
-0.36070,-2.97652,-1.21471,-0.44318,-1.59350,3.03620
-0.36164,-2.97751,-1.21309,-0.44368,-1.59579,3.03649
-0.36243,-2.97841,-1.21139,-0.44429,-1.59777,3.03638
-0.36322,-2.97931,-1.20967,-0.44489,-1.59974,3.03627
-0.36502,-2.98086,-1.20742,-0.44578,-1.60374,3.03756
-0.36683,-2.98239,-1.20518,-0.44667,-1.60775,3.03886
-0.36747,-2.98320,-1.20376,-0.44687,-1.60947,3.03919
-0.36810,-2.98398,-1.20238,-0.44708,-1.61119,3.03953
-0.36897,-2.98485,-1.20093,-0.44734,-1.61331,3.04006
-0.36984,-2.98573,-1.19947,-0.44760,-1.61543,3.04060
-0.37093,-2.98676,-1.19776,-0.44806,-1.61800,3.04124
-0.37204,-2.98782,-1.19601,-0.44853,-1.62059,3.04189
-0.37301,-2.98888,-1.19410,-0.44919,-1.62289,3.04177
-0.37399,-2.98996,-1.19217,-0.44984,-1.62519,3.04165
-0.37467,-2.99079,-1.19071,-0.45022,-1.62697,3.04173
-0.37534,-2.99163,-1.18923,-0.45061,-1.62874,3.04179
-0.37623,-2.99250,-1.18784,-0.45095,-1.63093,3.04242
-0.37712,-2.99336,-1.18645,-0.45129,-1.63310,3.04305
-0.37808,-2.99451,-1.18403,-0.45232,-1.63526,3.04180
-0.37904,-2.99565,-1.18164,-0.45334,-1.63744,3.04056
-0.37963,-2.99640,-1.18026,-0.45380,-1.63899,3.04036
-0.38021,-2.99714,-1.17889,-0.45426,-1.64054,3.04016
-0.38103,-2.99791,-1.17722,-0.45552,-1.64228,3.03841
-0.38185,-2.99867,-1.17558,-0.45679,-1.64402,3.03666
-0.38253,-2.99941,-1.17413,-0.45759,-1.64553,3.03591
-0.38321,-3.00015,-1.17267,-0.45840,-1.64703,3.03515
-0.38366,-3.00049,-1.17224,-0.45843,-1.64826,3.03571
-0.38410,-3.00084,-1.17182,-0.45846,-1.64948,3.03627
-0.38472,-3.00141,-1.17075,-0.45898,-1.65094,3.03597
-0.38533,-3.00198,-1.16970,-0.45951,-1.65239,3.03566
-0.38564,-3.00234,-1.16881,-0.46053,-1.65316,3.03373
-0.38595,-3.00269,-1.16792,-0.46156,-1.65392,3.03178
-0.38655,-3.00341,-1.16657,-0.46188,-1.65545,3.03205
-0.38714,-3.00413,-1.16522,-0.46220,-1.65698,3.03230
-0.38745,-3.00450,-1.16434,-0.46258,-1.65783,3.03158
-0.38777,-3.00488,-1.16344,-0.46297,-1.65868,3.03084
-0.38848,-3.00545,-1.16248,-0.46381,-1.66036,3.03014
-0.38920,-3.00602,-1.16151,-0.46465,-1.66203,3.02943
-0.38958,-3.00645,-1.16083,-0.46465,-1.66309,3.03004
-0.38995,-3.00687,-1.16016,-0.46465,-1.66415,3.03064
-0.39059,-3.00739,-1.15914,-0.46521,-1.66563,3.02998
-0.39124,-3.00792,-1.15812,-0.46577,-1.66711,3.02930
-0.39168,-3.00841,-1.15727,-0.46600,-1.66826,3.02955
-0.39212,-3.00891,-1.15640,-0.46623,-1.66941,3.02978
-0.39252,-3.00935,-1.15533,-0.46699,-1.67041,3.02844
-0.39291,-3.00980,-1.15425,-0.46776,-1.67140,3.02709
-0.39348,-3.01042,-1.15302,-0.46806,-1.67283,3.02722
-0.39405,-3.01105,-1.15181,-0.46836,-1.67425,3.02737
-0.39466,-3.01152,-1.15122,-0.46837,-1.67570,3.02818
-0.39528,-3.01200,-1.15061,-0.46838,-1.67716,3.02899
-0.39555,-3.01246,-1.14965,-0.46860,-1.67796,3.02890
-0.39583,-3.01293,-1.14869,-0.46882,-1.67876,3.02883
-0.39620,-3.01336,-1.14770,-0.46948,-1.67972,3.02779
-0.39658,-3.01378,-1.14671,-0.47015,-1.68067,3.02675
-0.39715,-3.01423,-1.14600,-0.47040,-1.68208,3.02703
-0.39773,-3.01469,-1.14528,-0.47065,-1.68349,3.02731
-0.39832,-3.01534,-1.14407,-0.47092,-1.68500,3.02748
-0.39890,-3.01600,-1.14285,-0.47118,-1.68649,3.02764
-0.39935,-3.01633,-1.14209,-0.47180,-1.68754,3.02679
-0.39979,-3.01666,-1.14133,-0.47241,-1.68857,3.02595
-0.40027,-3.01723,-1.14024,-0.47286,-1.68981,3.02557
-0.40075,-3.01780,-1.13914,-0.47332,-1.69106,3.02520
-0.40136,-3.01828,-1.13822,-0.47376,-1.69257,3.02493
-0.40197,-3.01878,-1.13729,-0.47421,-1.69408,3.02465
-0.40226,-3.01915,-1.13661,-0.47444,-1.69491,3.02464
-0.40255,-3.01954,-1.13591,-0.47465,-1.69573,3.02463
-0.40305,-3.01992,-1.13519,-0.47526,-1.69697,3.02398
-0.40355,-3.02028,-1.13447,-0.47588,-1.69819,3.02330
-0.40412,-3.02085,-1.13347,-0.47601,-1.69960,3.02366
-0.40470,-3.02141,-1.13248,-0.47614,-1.70102,3.02403
-0.40522,-3.02188,-1.13152,-0.47678,-1.70230,3.02341
-0.40574,-3.02235,-1.13055,-0.47742,-1.70356,3.02278
-0.40611,-3.02265,-1.13008,-0.47747,-1.70448,3.02304
-0.40648,-3.02297,-1.12958,-0.47752,-1.70541,3.02332
-0.40703,-3.02345,-1.12863,-0.47811,-1.70674,3.02288
-0.40759,-3.02394,-1.12766,-0.47869,-1.70806,3.02244
-0.40788,-3.02435,-1.12671,-0.47890,-1.70883,3.02237
-0.40818,-3.02478,-1.12574,-0.47912,-1.70961,3.02229
-0.40855,-3.02511,-1.12514,-0.47925,-1.71051,3.02252
-0.40892,-3.02545,-1.12454,-0.47937,-1.71143,3.02276
-0.40940,-3.02584,-1.12385,-0.47970,-1.71257,3.02269
-0.40988,-3.02621,-1.12319,-0.48004,-1.71369,3.02260
-0.41024,-3.02686,-1.12178,-0.48030,-1.71454,3.02232
-0.41061,-3.02749,-1.12040,-0.48055,-1.71540,3.02204
-0.41116,-3.02814,-1.11908,-0.48083,-1.71673,3.02218
-0.41172,-3.02879,-1.11777,-0.48110,-1.71806,3.02231
-0.41194,-3.02890,-1.11758,-0.48128,-1.71864,3.02218
-0.41215,-3.02901,-1.11741,-0.48146,-1.71921,3.02203
-0.41270,-3.02934,-1.11686,-0.48196,-1.72049,3.02191
-0.41323,-3.02966,-1.11631,-0.48246,-1.72174,3.02179
-0.41370,-3.03044,-1.11465,-0.48257,-1.72292,3.02183
-0.41418,-3.03122,-1.11300,-0.48269,-1.72408,3.02188
-0.41522,-3.03203,-1.11161,-0.48321,-1.72666,3.02226
-0.41626,-3.03284,-1.11021,-0.48372,-1.72922,3.02266
-0.41666,-3.03314,-1.10962,-0.48409,-1.73019,3.02232
-0.41706,-3.03345,-1.10904,-0.48446,-1.73114,3.02197
-0.41768,-3.03418,-1.10750,-0.48489,-1.73265,3.02195
-0.41830,-3.03491,-1.10596,-0.48531,-1.73417,3.02193
-0.41895,-3.03531,-1.10533,-0.48562,-1.73573,3.02229
-0.41961,-3.03571,-1.10472,-0.48593,-1.73730,3.02266
-0.42016,-3.03614,-1.10395,-0.48620,-1.73864,3.02286
-0.42071,-3.03658,-1.10317,-0.48648,-1.73999,3.02305
-0.42142,-3.03705,-1.10237,-0.48694,-1.74171,3.02310
-0.42213,-3.03752,-1.10156,-0.48740,-1.74344,3.02316
-0.42272,-3.03793,-1.10095,-0.48745,-1.74489,3.02395
-0.42330,-3.03834,-1.10034,-0.48750,-1.74633,3.02473
-0.42371,-3.03871,-1.09960,-0.48778,-1.74733,3.02473
-0.42412,-3.03907,-1.09888,-0.48806,-1.74830,3.02472
-0.42485,-3.03955,-1.09803,-0.48854,-1.75008,3.02473
-0.42559,-3.04003,-1.09718,-0.48901,-1.75186,3.02474
-0.42620,-3.04072,-1.09582,-0.48923,-1.75329,3.02513
-0.42681,-3.04140,-1.09445,-0.48945,-1.75472,3.02551
-0.42750,-3.04206,-1.09312,-0.48991,-1.75636,3.02542
-0.42820,-3.04271,-1.09179,-0.49037,-1.75800,3.02533
-0.42879,-3.04326,-1.09073,-0.49062,-1.75944,3.02552
-0.42938,-3.04381,-1.08966,-0.49086,-1.76087,3.02571
-0.43000,-3.04442,-1.08854,-0.49093,-1.76239,3.02647
-0.43063,-3.04502,-1.08744,-0.49101,-1.76392,3.02722
-0.43119,-3.04563,-1.08613,-0.49138,-1.76528,3.02724
-0.43176,-3.04624,-1.08484,-0.49175,-1.76665,3.02728
-0.43261,-3.04692,-1.08356,-0.49220,-1.76871,3.02738
-0.43347,-3.04759,-1.08230,-0.49264,-1.77076,3.02750
-0.43486,-3.04833,-1.08139,-0.49280,-1.77427,3.02915
-0.43625,-3.04907,-1.08049,-0.49294,-1.77777,3.03079
-0.43774,-3.04904,-1.08148,-0.49334,-1.78151,3.03228
-0.43924,-3.04899,-1.08249,-0.49375,-1.78525,3.03375
-0.43999,-3.04943,-1.08173,-0.49413,-1.78706,3.03395
-0.44074,-3.04988,-1.08097,-0.49451,-1.78888,3.03417
-0.44114,-3.04973,-1.08157,-0.49465,-1.78985,3.03447
-0.44153,-3.04957,-1.08218,-0.49480,-1.79081,3.03475
-0.44222,-3.04975,-1.08210,-0.49503,-1.79248,3.03540
-0.44291,-3.04993,-1.08202,-0.49526,-1.79415,3.03604
-0.44325,-3.05017,-1.08156,-0.49549,-1.79498,3.03596
-0.44360,-3.05041,-1.08109,-0.49571,-1.79582,3.03590
-0.44431,-3.05081,-1.08048,-0.49586,-1.79762,3.03657
-0.44502,-3.05121,-1.07985,-0.49601,-1.79940,3.03724
-0.44530,-3.05114,-1.08014,-0.49625,-1.80005,3.03710
-0.44557,-3.05106,-1.08044,-0.49648,-1.80072,3.03698
-0.44601,-3.05162,-1.07926,-0.49656,-1.80181,3.03741
-0.44646,-3.05218,-1.07807,-0.49663,-1.80291,3.03784
-0.44682,-3.05231,-1.07795,-0.49665,-1.80379,3.03833
-0.44718,-3.05244,-1.07783,-0.49667,-1.80467,3.03881
-0.44727,-3.05239,-1.07785,-0.49712,-1.80486,3.03792
-0.44737,-3.05233,-1.07789,-0.49758,-1.80504,3.03703
-0.44766,-3.05260,-1.07725,-0.49792,-1.80574,3.03660
-0.44795,-3.05286,-1.07664,-0.49825,-1.80645,3.03618
-0.45038,-3.05351,-1.07638,-0.49853,-1.81253,3.03942
-0.45281,-3.05414,-1.07612,-0.49878,-1.81860,3.04267
-0.45300,-3.05401,-1.07653,-0.49892,-1.81907,3.04267
-0.45319,-3.05389,-1.07693,-0.49905,-1.81954,3.04269
-0.45400,-3.05417,-1.07658,-0.49922,-1.82154,3.04350
-0.45482,-3.05446,-1.07623,-0.49939,-1.82356,3.04433
-0.45581,-3.05495,-1.07539,-0.49986,-1.82601,3.04452
-0.45682,-3.05544,-1.07454,-0.50033,-1.82848,3.04473
-0.45728,-3.05543,-1.07477,-0.50042,-1.82962,3.04518
-0.45774,-3.05544,-1.07499,-0.50050,-1.83077,3.04564
-0.45857,-3.05606,-1.07379,-0.50065,-1.83284,3.04618
-0.45941,-3.05668,-1.07258,-0.50082,-1.83492,3.04670
-0.46032,-3.05706,-1.07203,-0.50100,-1.83718,3.04756
-0.46124,-3.05743,-1.07149,-0.50119,-1.83944,3.04843
-0.46206,-3.05636,-1.07462,-0.50119,-1.84151,3.04990
-0.46289,-3.05529,-1.07773,-0.50121,-1.84358,3.05137
-0.46329,-3.05544,-1.07751,-0.50133,-1.84460,3.05163
-0.46369,-3.05559,-1.07729,-0.50145,-1.84558,3.05189
-0.46433,-3.05635,-1.07566,-0.50150,-1.84715,3.05249
-0.46496,-3.05711,-1.07403,-0.50156,-1.84872,3.05309
-0.46545,-3.05751,-1.07321,-0.50162,-1.84992,3.05355
-0.46595,-3.05792,-1.07241,-0.50168,-1.85113,3.05403
-0.46630,-3.05832,-1.07143,-0.50205,-1.85197,3.05356
-0.46665,-3.05872,-1.07044,-0.50243,-1.85281,3.05309
-0.46681,-3.05897,-1.06985,-0.50254,-1.85321,3.05303
-0.46697,-3.05923,-1.06925,-0.50265,-1.85360,3.05295
-0.46748,-3.05895,-1.07028,-0.50241,-1.85487,3.05443
-0.46798,-3.05866,-1.07132,-0.50216,-1.85614,3.05592
-0.46859,-3.05874,-1.07135,-0.50230,-1.85760,3.05648
-0.46919,-3.05882,-1.07137,-0.50244,-1.85904,3.05704
-0.46971,-3.05881,-1.07153,-0.50275,-1.86031,3.05705
-0.47023,-3.05879,-1.07170,-0.50308,-1.86156,3.05703
-0.47074,-3.05879,-1.07180,-0.50348,-1.86277,3.05679
-0.47124,-3.05878,-1.07191,-0.50388,-1.86398,3.05655
-0.47199,-3.05921,-1.07115,-0.50386,-1.86583,3.05755
-0.47275,-3.05965,-1.07039,-0.50385,-1.86767,3.05853
-0.47331,-3.05965,-1.07062,-0.50392,-1.86907,3.05913
-0.47388,-3.05963,-1.07087,-0.50399,-1.87047,3.05971
-0.47518,-3.05982,-1.07082,-0.50438,-1.87363,3.06047
-0.47648,-3.06001,-1.07076,-0.50477,-1.87679,3.06121
-0.47716,-3.06022,-1.07045,-0.50498,-1.87842,3.06150
-0.47784,-3.06042,-1.07013,-0.50521,-1.88006,3.06180
-0.47879,-3.06064,-1.06992,-0.50526,-1.88242,3.06265
-0.47973,-3.06085,-1.06973,-0.50533,-1.88478,3.06348
-0.48039,-3.06177,-1.06766,-0.50551,-1.88636,3.06331
-0.48104,-3.06269,-1.06557,-0.50569,-1.88794,3.06314
-0.48171,-3.06263,-1.06594,-0.50578,-1.88955,3.06402
-0.48237,-3.06257,-1.06630,-0.50586,-1.89115,3.06492
-0.48296,-3.06279,-1.06589,-0.50610,-1.89256,3.06523
-0.48356,-3.06301,-1.06546,-0.50633,-1.89398,3.06557
-0.48413,-3.06329,-1.06497,-0.50635,-1.89536,3.06617
-0.48471,-3.06358,-1.06443,-0.50637,-1.89674,3.06678
-0.48536,-3.06368,-1.06428,-0.50673,-1.89835,3.06680
-0.48600,-3.06379,-1.06412,-0.50708,-1.89994,3.06683
-0.48683,-3.06402,-1.06381,-0.50716,-1.90195,3.06756
-0.48766,-3.06425,-1.06350,-0.50724,-1.90395,3.06828
-0.48828,-3.06477,-1.06254,-0.50682,-1.90547,3.07005
-0.48889,-3.06530,-1.06157,-0.50639,-1.90697,3.07182
-0.48948,-3.06550,-1.06117,-0.50643,-1.90846,3.07237
-0.49007,-3.06570,-1.06078,-0.50646,-1.90995,3.07291
-0.49071,-3.06568,-1.06097,-0.50683,-1.91155,3.07295
-0.49135,-3.06565,-1.06117,-0.50721,-1.91315,3.07299
-0.49214,-3.06597,-1.06050,-0.50735,-1.91511,3.07359
-0.49293,-3.06627,-1.05983,-0.50749,-1.91706,3.07418
-0.49320,-3.06625,-1.06001,-0.50754,-1.91784,3.07447
-0.49346,-3.06624,-1.06017,-0.50759,-1.91860,3.07475
-0.49425,-3.06627,-1.06022,-0.50777,-1.92064,3.07532
-0.49503,-3.06631,-1.06027,-0.50796,-1.92265,3.07587
-0.49617,-3.06667,-1.05961,-0.50809,-1.92523,3.07719
-0.49731,-3.06702,-1.05894,-0.50821,-1.92781,3.07850
-0.49750,-3.06693,-1.05910,-0.50846,-1.92854,3.07761
-0.49768,-3.06686,-1.05921,-0.50870,-1.92927,3.07673
-0.49839,-3.06704,-1.05902,-0.50872,-1.93100,3.07814
-0.49911,-3.06722,-1.05883,-0.50873,-1.93274,3.07954
-0.49987,-3.06746,-1.05834,-0.50872,-1.93464,3.08030
-0.50063,-3.06770,-1.05783,-0.50872,-1.93652,3.08105
-0.50108,-3.06751,-1.05832,-0.50916,-1.93774,3.08038
-0.50152,-3.06732,-1.05881,-0.50960,-1.93897,3.07971
-0.50213,-3.06743,-1.05859,-0.50970,-1.94065,3.08049
-0.50274,-3.06755,-1.05836,-0.50980,-1.94233,3.08127
-0.50355,-3.06757,-1.05830,-0.51027,-1.94442,3.08106
-0.50436,-3.06760,-1.05823,-0.51074,-1.94651,3.08084
-0.50478,-3.06769,-1.05800,-0.51074,-1.94763,3.08127
-0.50519,-3.06776,-1.05779,-0.51074,-1.94875,3.08170
-0.50587,-3.06786,-1.05771,-0.51092,-1.95052,3.08190
-0.50655,-3.06797,-1.05759,-0.51110,-1.95230,3.08213
-0.50677,-3.06794,-1.05766,-0.51112,-1.95307,3.08244
-0.50698,-3.06793,-1.05770,-0.51114,-1.95383,3.08275
-0.50781,-3.06812,-1.05735,-0.51126,-1.95594,3.08344
-0.50863,-3.06830,-1.05702,-0.51137,-1.95804,3.08413
-0.50921,-3.06852,-1.05655,-0.51141,-1.95959,3.08476
-0.50980,-3.06874,-1.05608,-0.51145,-1.96115,3.08540
-0.51103,-3.06927,-1.05503,-0.51133,-1.96408,3.08719
-0.51226,-3.06980,-1.05397,-0.51121,-1.96699,3.08898
-0.51265,-3.06949,-1.05463,-0.51167,-1.96813,3.08848
-0.51305,-3.06918,-1.05531,-0.51212,-1.96928,3.08800
-0.51413,-3.06921,-1.05518,-0.51244,-1.97199,3.08879
-0.51521,-3.06925,-1.05506,-0.51277,-1.97469,3.08956
-0.51586,-3.06938,-1.05489,-0.51278,-1.97652,3.09027
-0.51652,-3.06951,-1.05474,-0.51279,-1.97835,3.09096
-0.51690,-3.06965,-1.05430,-0.51277,-1.97946,3.09135
-0.51727,-3.06978,-1.05388,-0.51276,-1.98057,3.09172
-0.51778,-3.06947,-1.05463,-0.51294,-1.98199,3.09176
-0.51829,-3.06914,-1.05540,-0.51314,-1.98340,3.09178
-0.51857,-3.06936,-1.05502,-0.51297,-1.98434,3.09245
-0.51885,-3.06957,-1.05462,-0.51281,-1.98527,3.09311
-0.51926,-3.06936,-1.05505,-0.51307,-1.98646,3.09298
-0.51967,-3.06917,-1.05544,-0.51333,-1.98765,3.09283
-0.51993,-3.06912,-1.05554,-0.51337,-1.98855,3.09297
-0.52019,-3.06908,-1.05562,-0.51342,-1.98943,3.09308
-0.52074,-3.06921,-1.05524,-0.51345,-1.99094,3.09399
-0.52130,-3.06931,-1.05491,-0.51348,-1.99246,3.09489
-0.52196,-3.06908,-1.05545,-0.51374,-1.99423,3.09469
-0.52262,-3.06884,-1.05598,-0.51401,-1.99600,3.09449
-0.52300,-3.06869,-1.05632,-0.51422,-1.99721,3.09443
-0.52337,-3.06854,-1.05664,-0.51444,-1.99842,3.09437
-0.52324,-3.06853,-1.05661,-0.51434,-1.99850,3.09438
-0.52311,-3.06852,-1.05660,-0.51425,-1.99857,3.09437
-0.52452,-3.06890,-1.05579,-0.51441,-2.00189,3.09574
-0.52594,-3.06928,-1.05499,-0.51457,-2.00521,3.09711
-0.52599,-3.06891,-1.05566,-0.51485,-2.00568,3.09661
-0.52604,-3.06855,-1.05630,-0.51512,-2.00615,3.09610
-0.52634,-3.06844,-1.05664,-0.51509,-2.00713,3.09642
-0.52663,-3.06832,-1.05698,-0.51506,-2.00811,3.09673
-0.52725,-3.06831,-1.05696,-0.51524,-2.00981,3.09689
-0.52787,-3.06831,-1.05692,-0.51542,-2.01151,3.09706
-0.52805,-3.06806,-1.05738,-0.51553,-2.01222,3.09719
-0.52823,-3.06782,-1.05784,-0.51563,-2.01293,3.09733
-0.52882,-3.06803,-1.05747,-0.51544,-2.01454,3.09847
-0.52941,-3.06823,-1.05712,-0.51524,-2.01616,3.09960
-0.52993,-3.06823,-1.05711,-0.51529,-2.01763,3.10022
-0.53045,-3.06822,-1.05713,-0.51534,-2.01910,3.10083
-0.53116,-3.06824,-1.05698,-0.51549,-2.02094,3.10149
-0.53188,-3.06826,-1.05684,-0.51565,-2.02277,3.10215
-0.53218,-3.06832,-1.05681,-0.51548,-2.02379,3.10279
-0.53248,-3.06839,-1.05677,-0.51531,-2.02481,3.10343
-0.53352,-3.06860,-1.05630,-0.51522,-2.02733,3.10461
-0.53457,-3.06879,-1.05584,-0.51513,-2.02985,3.10577
-0.53494,-3.06896,-1.05545,-0.51482,-2.03101,3.10697
-0.53531,-3.06913,-1.05505,-0.51451,-2.03216,3.10816
-0.53592,-3.06939,-1.05451,-0.51417,-2.03383,3.10953
-0.53654,-3.06965,-1.05396,-0.51381,-2.03551,3.11091
-0.53709,-3.06998,-1.05334,-0.51334,-2.03705,3.11248
-0.53764,-3.07033,-1.05270,-0.51288,-2.03860,3.11404
-0.53815,-3.07062,-1.05210,-0.51242,-2.04007,3.11557
-0.53867,-3.07091,-1.05150,-0.51196,-2.04155,3.11711
-0.53922,-3.07108,-1.05102,-0.51163,-2.04308,3.11833
-0.53978,-3.07124,-1.05054,-0.51129,-2.04459,3.11956
-0.54041,-3.07148,-1.05002,-0.51097,-2.04631,3.12081
-0.54105,-3.07172,-1.04952,-0.51063,-2.04803,3.12207
-0.54175,-3.07197,-1.04906,-0.51036,-2.04986,3.12333
-0.54245,-3.07222,-1.04858,-0.51009,-2.05171,3.12460
-0.54318,-3.07220,-1.04863,-0.51023,-2.05363,3.12510
-0.54392,-3.07217,-1.04868,-0.51036,-2.05556,3.12561
-0.54491,-3.07244,-1.04802,-0.50994,-2.05796,3.12734
-0.54590,-3.07271,-1.04733,-0.50951,-2.06037,3.12908
-0.54639,-3.07298,-1.04674,-0.50918,-2.06177,3.13021
-0.54688,-3.07326,-1.04615,-0.50885,-2.06316,3.13133
-0.54760,-3.07339,-1.04575,-0.50863,-2.06505,3.13256
-0.54832,-3.07352,-1.04537,-0.50842,-2.06692,3.13377
-0.54914,-3.07377,-1.04489,-0.50806,-2.06903,3.13516
-0.54995,-3.07402,-1.04441,-0.50769,-2.07112,3.13654
-0.55070,-3.07409,-1.04410,-0.50765,-2.07305,3.13737
-0.55144,-3.07417,-1.04376,-0.50761,-2.07497,3.13820
-0.55221,-3.07432,-1.04350,-0.50737,-2.07696,3.13922
-0.55297,-3.07448,-1.04321,-0.50714,-2.07895,3.14024
-0.55353,-3.07469,-1.04268,-0.50686,-2.08050,3.14144
-0.55409,-3.07490,-1.04215,-0.50659,-2.08205,3.14263
-0.55482,-3.07508,-1.04165,-0.50625,-2.08395,3.14391
-0.55555,-3.07526,-1.04115,-0.50590,-2.08582,3.14518
-0.55617,-3.07543,-1.04072,-0.50554,-2.08750,3.14641
-0.55679,-3.07559,-1.04031,-0.50517,-2.08918,3.14764
-0.55762,-3.07574,-1.03987,-0.50496,-2.09127,3.14880
-0.55844,-3.07588,-1.03943,-0.50475,-2.09336,3.14995
-0.55922,-3.07596,-1.03914,-0.50461,-2.09537,3.15083
-0.56000,-3.07603,-1.03885,-0.50446,-2.09736,3.15170
-0.56022,-3.07635,-1.03804,-0.50444,-2.09786,3.15190
-0.56043,-3.07666,-1.03726,-0.50442,-2.09836,3.15210
-0.56064,-3.07698,-1.03645,-0.50440,-2.09884,3.15229
-0.56085,-3.07729,-1.03567,-0.50438,-2.09934,3.15249
-0.56106,-3.07761,-1.03487,-0.50437,-2.09984,3.15266
-0.56128,-3.07793,-1.03406,-0.50435,-2.10034,3.15284
-0.56150,-3.07822,-1.03330,-0.50435,-2.10084,3.15300
-0.56171,-3.07852,-1.03253,-0.50435,-2.10133,3.15317
-0.56193,-3.07883,-1.03175,-0.50433,-2.10183,3.15336
-0.56214,-3.07913,-1.03097,-0.50431,-2.10233,3.15355
-0.56236,-3.07945,-1.03018,-0.50430,-2.10283,3.15374
-0.56258,-3.07975,-1.02940,-0.50428,-2.10333,3.15394
-0.56283,-3.08008,-1.02860,-0.50430,-2.10392,3.15411
-0.56309,-3.08041,-1.02782,-0.50433,-2.10453,3.15427
-0.56330,-3.08072,-1.02702,-0.50430,-2.10501,3.15447
-0.56351,-3.08104,-1.02622,-0.50428,-2.10549,3.15468
-0.56373,-3.08137,-1.02540,-0.50418,-2.10599,3.15497
-0.56395,-3.08171,-1.02459,-0.50408,-2.10650,3.15527
-0.56411,-3.08198,-1.02381,-0.50415,-2.10687,3.15531
-0.56427,-3.08226,-1.02302,-0.50422,-2.10725,3.15535
-0.56450,-3.08258,-1.02221,-0.50413,-2.10779,3.15571
-0.56473,-3.08292,-1.02137,-0.50404,-2.10832,3.15607
-0.56494,-3.08322,-1.02060,-0.50403,-2.10881,3.15625
-0.56515,-3.08353,-1.01982,-0.50401,-2.10929,3.15644
-0.56526,-3.08378,-1.01916,-0.50412,-2.10957,3.15627
-0.56537,-3.08404,-1.01846,-0.50424,-2.10986,3.15611
-0.56555,-3.08434,-1.01771,-0.50424,-2.11030,3.15624
-0.56574,-3.08463,-1.01695,-0.50425,-2.11074,3.15637
-0.56593,-3.08494,-1.01616,-0.50424,-2.11119,3.15654
-0.56612,-3.08526,-1.01536,-0.50423,-2.11164,3.15670
-0.56540,-3.08522,-1.01540,-0.50452,-2.11020,3.15559
-0.56469,-3.08517,-1.01544,-0.50481,-2.10877,3.15447
-0.56556,-3.08571,-1.01408,-0.50466,-2.11063,3.15540
-0.56643,-3.08624,-1.01272,-0.50452,-2.11249,3.15631
-0.56650,-3.08641,-1.01212,-0.50472,-2.11266,3.15574
-0.56659,-3.08658,-1.01153,-0.50492,-2.11285,3.15519
-0.56612,-3.08686,-1.01101,-0.50492,-2.11198,3.15508
-0.56565,-3.08715,-1.01048,-0.50492,-2.11110,3.15498
-0.56625,-3.08735,-1.00974,-0.50520,-2.11236,3.15474
-0.56685,-3.08755,-1.00901,-0.50548,-2.11362,3.15449
-0.56701,-3.08814,-1.00779,-0.50466,-2.11403,3.15637
-0.56717,-3.08874,-1.00655,-0.50385,-2.11443,3.15825
-0.56761,-3.08891,-1.00595,-0.50441,-2.11539,3.15733
-0.56805,-3.08908,-1.00533,-0.50497,-2.11635,3.15641
-0.56828,-3.08954,-1.00420,-0.50470,-2.11684,3.15714
-0.56850,-3.08999,-1.00306,-0.50444,-2.11733,3.15784
-0.56869,-3.09030,-1.00227,-0.50445,-2.11778,3.15798
-0.56888,-3.09061,-1.00145,-0.50445,-2.11822,3.15812
-0.56901,-3.09084,-1.00078,-0.50457,-2.11855,3.15788
-0.56916,-3.09107,-1.00012,-0.50470,-2.11888,3.15764
-0.56940,-3.09135,-0.99941,-0.50491,-2.11946,3.15754
-0.56965,-3.09163,-0.99870,-0.50512,-2.12005,3.15744
-0.56950,-3.09171,-0.99833,-0.50551,-2.11980,3.15644
-0.56935,-3.09179,-0.99793,-0.50591,-2.11954,3.15544
-0.56938,-3.09210,-0.99718,-0.50601,-2.11964,3.15535
-0.56941,-3.09240,-0.99644,-0.50612,-2.11973,3.15524
-0.56999,-3.09287,-0.99529,-0.50582,-2.12097,3.15625
-0.57056,-3.09334,-0.99415,-0.50552,-2.12221,3.15726
-0.57056,-3.09357,-0.99351,-0.50561,-2.12228,3.15706
-0.57056,-3.09381,-0.99286,-0.50571,-2.12234,3.15685
-0.57081,-3.09408,-0.99209,-0.50583,-2.12290,3.15677
-0.57106,-3.09436,-0.99131,-0.50594,-2.12347,3.15670
-0.57112,-3.09466,-0.99052,-0.50586,-2.12364,3.15683
-0.57118,-3.09496,-0.98971,-0.50579,-2.12381,3.15695
-0.57136,-3.09527,-0.98890,-0.50585,-2.12423,3.15698
-0.57155,-3.09557,-0.98812,-0.50591,-2.12465,3.15701
-0.57177,-3.09581,-0.98750,-0.50621,-2.12519,3.15664
-0.57199,-3.09604,-0.98689,-0.50651,-2.12572,3.15627
-0.57212,-3.09631,-0.98616,-0.50660,-2.12604,3.15614
-0.57224,-3.09658,-0.98543,-0.50669,-2.12634,3.15600
-0.57241,-3.09683,-0.98473,-0.50682,-2.12676,3.15591
-0.57259,-3.09709,-0.98402,-0.50695,-2.12717,3.15583
-0.57273,-3.09736,-0.98328,-0.50703,-2.12751,3.15577
-0.57287,-3.09764,-0.98254,-0.50711,-2.12786,3.15573
-0.57304,-3.09797,-0.98174,-0.50708,-2.12827,3.15590
-0.57321,-3.09829,-0.98096,-0.50706,-2.12869,3.15605
-0.57328,-3.09854,-0.98021,-0.50724,-2.12889,3.15574
-0.57335,-3.09880,-0.97946,-0.50741,-2.12909,3.15544
-0.57352,-3.09908,-0.97864,-0.50754,-2.12947,3.15541
-0.57368,-3.09936,-0.97784,-0.50766,-2.12985,3.15538
-0.57381,-3.09964,-0.97710,-0.50774,-2.13018,3.15533
-0.57395,-3.09991,-0.97638,-0.50782,-2.13053,3.15528
-0.57407,-3.10018,-0.97567,-0.50789,-2.13082,3.15526
-0.57419,-3.10045,-0.97495,-0.50796,-2.13113,3.15522
-0.57436,-3.10075,-0.97415,-0.50794,-2.13154,3.15546
-0.57453,-3.10106,-0.97332,-0.50793,-2.13195,3.15570
-0.57467,-3.10134,-0.97258,-0.50800,-2.13228,3.15567
-0.57481,-3.10162,-0.97183,-0.50807,-2.13264,3.15563
-0.57495,-3.10189,-0.97110,-0.50815,-2.13298,3.15560
-0.57508,-3.10217,-0.97034,-0.50823,-2.13332,3.15557
-0.57519,-3.10250,-0.96953,-0.50835,-2.13361,3.15535
-0.57531,-3.10282,-0.96871,-0.50848,-2.13390,3.15513
-0.57544,-3.10310,-0.96798,-0.50856,-2.13423,3.15507
-0.57557,-3.10338,-0.96722,-0.50864,-2.13456,3.15503
-0.57571,-3.10366,-0.96648,-0.50872,-2.13490,3.15499
-0.57586,-3.10394,-0.96572,-0.50879,-2.13526,3.15496
-0.57599,-3.10422,-0.96498,-0.50887,-2.13560,3.15492
-0.57613,-3.10450,-0.96424,-0.50895,-2.13594,3.15490
-0.57626,-3.10474,-0.96356,-0.50904,-2.13624,3.15483
-0.57638,-3.10500,-0.96285,-0.50913,-2.13655,3.15478
-0.57729,-3.10536,-0.96191,-0.50906,-2.13829,3.15544
-0.57820,-3.10573,-0.96096,-0.50900,-2.14002,3.15609
-0.57900,-3.10600,-0.96026,-0.50888,-2.14155,3.15681
-0.57980,-3.10627,-0.95955,-0.50876,-2.14309,3.15754
-0.58062,-3.10657,-0.95868,-0.50877,-2.14462,3.15804
-0.58143,-3.10687,-0.95782,-0.50878,-2.14617,3.15854
-0.58226,-3.10714,-0.95699,-0.50884,-2.14774,3.15890
-0.58309,-3.10741,-0.95617,-0.50891,-2.14932,3.15925
-0.58397,-3.10773,-0.95521,-0.50884,-2.15097,3.15998
-0.58484,-3.10805,-0.95426,-0.50878,-2.15262,3.16071
-0.58561,-3.10832,-0.95351,-0.50871,-2.15408,3.16126
-0.58637,-3.10859,-0.95277,-0.50865,-2.15554,3.16179
-0.58723,-3.10895,-0.95179,-0.50864,-2.15717,3.16228
-0.58809,-3.10931,-0.95080,-0.50862,-2.15881,3.16278
-0.58890,-3.10957,-0.94993,-0.50874,-2.16034,3.16308
-0.58971,-3.10982,-0.94907,-0.50886,-2.16185,3.16337
-0.59044,-3.11004,-0.94828,-0.50884,-2.16323,3.16383
-0.59116,-3.11025,-0.94753,-0.50882,-2.16459,3.16429
-0.59189,-3.11050,-0.94676,-0.50880,-2.16599,3.16470
-0.59262,-3.11075,-0.94599,-0.50876,-2.16738,3.16514
-0.59321,-3.11091,-0.94553,-0.50887,-2.16847,3.16505
-0.59378,-3.11106,-0.94507,-0.50898,-2.16955,3.16495
-0.59415,-3.11114,-0.94481,-0.50896,-2.17019,3.16510
-0.59451,-3.11122,-0.94453,-0.50893,-2.17082,3.16527
-0.59542,-3.11172,-0.94316,-0.50872,-2.17255,3.16617
-0.59633,-3.11222,-0.94176,-0.50850,-2.17427,3.16706
-0.59733,-3.11243,-0.94087,-0.50861,-2.17623,3.16744
-0.59833,-3.11263,-0.93999,-0.50872,-2.17818,3.16781
-0.59868,-3.11276,-0.93953,-0.50904,-2.17877,3.16731
-0.59903,-3.11288,-0.93909,-0.50936,-2.17938,3.16680
-0.59909,-3.11310,-0.93860,-0.50928,-2.17939,3.16695
-0.59914,-3.11333,-0.93811,-0.50920,-2.17940,3.16711
-0.59931,-3.11382,-0.93685,-0.50918,-2.17983,3.16740
-0.59948,-3.11431,-0.93559,-0.50915,-2.18023,3.16768
-0.59913,-3.11476,-0.93466,-0.50911,-2.17954,3.16780
-0.59879,-3.11520,-0.93375,-0.50907,-2.17884,3.16789
-0.59909,-3.11542,-0.93322,-0.50872,-2.17939,3.16874
-0.59939,-3.11564,-0.93271,-0.50838,-2.17993,3.16957
-0.59933,-3.11595,-0.93201,-0.50829,-2.17993,3.16988
-0.59927,-3.11627,-0.93132,-0.50821,-2.17992,3.17019
-0.59942,-3.11653,-0.93058,-0.50830,-2.18010,3.17007
-0.59956,-3.11679,-0.92985,-0.50840,-2.18028,3.16997
-0.59908,-3.11714,-0.92923,-0.50836,-2.17925,3.16983
-0.59861,-3.11750,-0.92862,-0.50832,-2.17821,3.16968
-0.59903,-3.11773,-0.92784,-0.50846,-2.17920,3.16981
-0.59945,-3.11796,-0.92708,-0.50860,-2.18017,3.16993
-0.59947,-3.11859,-0.92561,-0.50831,-2.18017,3.17055
-0.59949,-3.11922,-0.92412,-0.50803,-2.18016,3.17117
-0.59941,-3.11919,-0.92430,-0.50779,-2.17995,3.17178
-0.59933,-3.11916,-0.92450,-0.50754,-2.17973,3.17241
-0.59923,-3.11893,-0.92493,-0.50805,-2.17942,3.17117
-0.59913,-3.11871,-0.92535,-0.50856,-2.17913,3.16993
-0.59929,-3.11964,-0.92331,-0.50767,-2.17958,3.17213
-0.59945,-3.12058,-0.92126,-0.50679,-2.18001,3.17432
-0.59913,-3.12024,-0.92203,-0.50756,-2.17923,3.17234
-0.59881,-3.11990,-0.92279,-0.50835,-2.17846,3.17036
-0.59892,-3.12041,-0.92168,-0.50781,-2.17859,3.17177
-0.59903,-3.12093,-0.92057,-0.50727,-2.17872,3.17318
-0.59901,-3.12189,-0.91825,-0.50717,-2.17884,3.17362
-0.59899,-3.12285,-0.91593,-0.50707,-2.17897,3.17407
-0.59841,-3.12193,-0.91835,-0.50728,-2.17732,3.17322
-0.59782,-3.12102,-0.92076,-0.50749,-2.17568,3.17238
-0.59814,-3.12230,-0.91777,-0.50676,-2.17642,3.17435
-0.59845,-3.12360,-0.91474,-0.50603,-2.17715,3.17631
-0.59828,-3.12382,-0.91427,-0.50611,-2.17672,3.17613
-0.59810,-3.12405,-0.91380,-0.50619,-2.17629,3.17592
-0.59758,-3.12341,-0.91540,-0.50663,-2.17498,3.17461
-0.59707,-3.12277,-0.91701,-0.50709,-2.17368,3.17330
-0.59763,-3.12348,-0.91516,-0.50690,-2.17498,3.17410
-0.59820,-3.12421,-0.91326,-0.50673,-2.17629,3.17492
-0.59828,-3.12412,-0.91330,-0.50709,-2.17651,3.17416
-0.59836,-3.12404,-0.91334,-0.50746,-2.17673,3.17344
-0.59822,-3.12515,-0.91092,-0.50686,-2.17644,3.17500
-0.59809,-3.12627,-0.90847,-0.50626,-2.17614,3.17658
-0.59766,-3.12664,-0.90740,-0.50727,-2.17503,3.17440
-0.59723,-3.12700,-0.90635,-0.50828,-2.17391,3.17222
-0.59692,-3.12599,-0.90907,-0.50791,-2.17304,3.17252
-0.59661,-3.12498,-0.91177,-0.50753,-2.17217,3.17283
-0.59680,-3.12578,-0.90989,-0.50724,-2.17254,3.17383
-0.59699,-3.12658,-0.90802,-0.50695,-2.17290,3.17482
-0.59629,-3.12748,-0.90556,-0.50848,-2.17101,3.17146
-0.59559,-3.12840,-0.90307,-0.51001,-2.16913,3.16812
-0.59588,-3.12764,-0.90531,-0.50835,-2.17012,3.17159
-0.59617,-3.12691,-0.90751,-0.50668,-2.17112,3.17509
-0.59660,-3.12767,-0.90555,-0.50675,-2.17195,3.17532
-0.59703,-3.12844,-0.90357,-0.50681,-2.17279,3.17557
-0.59672,-3.12792,-0.90483,-0.50713,-2.17215,3.17459
-0.59640,-3.12739,-0.90611,-0.50745,-2.17151,3.17361
-0.59616,-3.12881,-0.90272,-0.50750,-2.17090,3.17378
-0.59592,-3.13024,-0.89932,-0.50756,-2.17030,3.17394
-0.59604,-3.12984,-0.90015,-0.50782,-2.17056,3.17328
-0.59616,-3.12946,-0.90096,-0.50808,-2.17081,3.17262
-0.59617,-3.12881,-0.90272,-0.50756,-2.17071,3.17370
-0.59617,-3.12816,-0.90449,-0.50702,-2.17061,3.17479
-0.59642,-3.12925,-0.90171,-0.50727,-2.17124,3.17463
-0.59667,-3.13033,-0.89895,-0.50752,-2.17186,3.17446
-0.59663,-3.13048,-0.89863,-0.50735,-2.17176,3.17489
-0.59659,-3.13062,-0.89834,-0.50716,-2.17166,3.17534
-0.59628,-3.13010,-0.89963,-0.50759,-2.17076,3.17410
-0.59597,-3.12957,-0.90093,-0.50801,-2.16986,3.17289
-0.59589,-3.12955,-0.90094,-0.50808,-2.16987,3.17279
-0.59582,-3.12953,-0.90094,-0.50815,-2.16989,3.17270
-0.59559,-3.12928,-0.90142,-0.50806,-2.16993,3.17243
-0.59537,-3.12903,-0.90191,-0.50797,-2.16997,3.17216
-0.59519,-3.12888,-0.90219,-0.50796,-2.17000,3.17195
-0.59502,-3.12873,-0.90247,-0.50795,-2.17003,3.17174
-0.59490,-3.12867,-0.90256,-0.50800,-2.17005,3.17161
-0.59479,-3.12860,-0.90265,-0.50805,-2.17007,3.17147
-0.59476,-3.12853,-0.90283,-0.50797,-2.17007,3.17144
-0.59474,-3.12845,-0.90300,-0.50789,-2.17007,3.17141
-0.59466,-3.12837,-0.90316,-0.50787,-2.17009,3.17132
-0.59459,-3.12829,-0.90332,-0.50784,-2.17010,3.17123
-0.59431,-3.12809,-0.90367,-0.50787,-2.17015,3.17090
-0.59403,-3.12790,-0.90402,-0.50790,-2.17020,3.17057
-0.59386,-3.12773,-0.90437,-0.50783,-2.17023,3.17037
-0.59369,-3.12756,-0.90472,-0.50776,-2.17025,3.17017
-0.59354,-3.12742,-0.90504,-0.50769,-2.17028,3.16998
-0.59338,-3.12727,-0.90535,-0.50763,-2.17031,3.16980
-0.59336,-3.12725,-0.90536,-0.50765,-2.17031,3.16977
-0.59334,-3.12723,-0.90537,-0.50768,-2.17031,3.16975
-0.59312,-3.12702,-0.90575,-0.50766,-2.17035,3.16948
-0.59289,-3.12682,-0.90614,-0.50763,-2.17039,3.16921
-0.59274,-3.12678,-0.90625,-0.50765,-2.17042,3.16903
-0.59259,-3.12674,-0.90637,-0.50768,-2.17044,3.16885
-0.59247,-3.12665,-0.90651,-0.50771,-2.17046,3.16871
-0.59235,-3.12656,-0.90666,-0.50774,-2.17048,3.16856
-0.59218,-3.12642,-0.90692,-0.50772,-2.17051,3.16836
-0.59201,-3.12629,-0.90718,-0.50771,-2.17054,3.16816
-0.59196,-3.12621,-0.90737,-0.50764,-2.17055,3.16810
-0.59191,-3.12613,-0.90755,-0.50757,-2.17056,3.16804
-0.59161,-3.12594,-0.90787,-0.50764,-2.17061,3.16768
-0.59131,-3.12575,-0.90818,-0.50772,-2.17066,3.16732
-0.59120,-3.12565,-0.90841,-0.50767,-2.17068,3.16720
-0.59110,-3.12554,-0.90863,-0.50762,-2.17070,3.16708
-0.59095,-3.12544,-0.90875,-0.50770,-2.17072,3.16689
-0.59080,-3.12535,-0.90887,-0.50778,-2.17075,3.16671
-0.59064,-3.12521,-0.90914,-0.50775,-2.17077,3.16652
-0.59048,-3.12508,-0.90942,-0.50772,-2.17080,3.16633
-0.59032,-3.12488,-0.90987,-0.50757,-2.17083,3.16614
-0.59017,-3.12468,-0.91032,-0.50742,-2.17086,3.16595
-0.59004,-3.12455,-0.91056,-0.50739,-2.17088,3.16581
-0.58992,-3.12443,-0.91079,-0.50736,-2.17090,3.16567
-0.58971,-3.12427,-0.91102,-0.50744,-2.17093,3.16541
-0.58950,-3.12411,-0.91124,-0.50751,-2.17097,3.16517
-0.58930,-3.12401,-0.91140,-0.50759,-2.17100,3.16492
-0.58910,-3.12391,-0.91156,-0.50767,-2.17103,3.16468
-0.58893,-3.12374,-0.91188,-0.50763,-2.17106,3.16448
-0.58876,-3.12358,-0.91220,-0.50759,-2.17109,3.16428
-0.58852,-3.12338,-0.91253,-0.50762,-2.17113,3.16398
-0.58827,-3.12319,-0.91286,-0.50765,-2.17117,3.16369
-0.58820,-3.12310,-0.91305,-0.50759,-2.17119,3.16361
-0.58814,-3.12302,-0.91324,-0.50753,-2.17120,3.16354
-0.58802,-3.12294,-0.91338,-0.50755,-2.17122,3.16339
-0.58789,-3.12286,-0.91351,-0.50758,-2.17124,3.16324
-0.58772,-3.12272,-0.91381,-0.50755,-2.17127,3.16303
-0.58754,-3.12257,-0.91411,-0.50751,-2.17130,3.16282
-0.58733,-3.12239,-0.91434,-0.50761,-2.17133,3.16256
-0.58711,-3.12222,-0.91457,-0.50770,-2.17137,3.16231
-0.58690,-3.12207,-0.91487,-0.50769,-2.17140,3.16205
-0.58669,-3.12191,-0.91518,-0.50767,-2.17144,3.16180
-0.58656,-3.12181,-0.91536,-0.50768,-2.17146,3.16165
-0.58644,-3.12170,-0.91554,-0.50769,-2.17148,3.16150
-0.58626,-3.12147,-0.91596,-0.50763,-2.17151,3.16129
-0.58608,-3.12123,-0.91639,-0.50756,-2.17154,3.16107
-0.58595,-3.12111,-0.91661,-0.50755,-2.17156,3.16092
-0.58582,-3.12098,-0.91684,-0.50754,-2.17158,3.16076
-0.58573,-3.12094,-0.91687,-0.50761,-2.17160,3.16066
-0.58565,-3.12089,-0.91690,-0.50768,-2.17161,3.16056
-0.58549,-3.12072,-0.91717,-0.50768,-2.17164,3.16037
-0.58534,-3.12056,-0.91744,-0.50768,-2.17166,3.16019
-0.58524,-3.12041,-0.91771,-0.50763,-2.17168,3.16006
-0.58513,-3.12027,-0.91798,-0.50758,-2.17170,3.15994
-0.58479,-3.12002,-0.91838,-0.50765,-2.17176,3.15953
-0.58444,-3.11978,-0.91878,-0.50773,-2.17181,3.15912
-0.58423,-3.11954,-0.91916,-0.50772,-2.17185,3.15887
-0.58402,-3.11931,-0.91955,-0.50771,-2.17188,3.15861
-0.58388,-3.11917,-0.91979,-0.50771,-2.17190,3.15845
-0.58374,-3.11903,-0.92002,-0.50771,-2.17193,3.15828
-0.58376,-3.11911,-0.91982,-0.50781,-2.17192,3.15830
-0.58378,-3.11919,-0.91963,-0.50792,-2.17192,3.15832
-0.58359,-3.11898,-0.92005,-0.50784,-2.17195,3.15809
-0.58339,-3.11876,-0.92047,-0.50776,-2.17199,3.15786
-0.58329,-3.11865,-0.92067,-0.50775,-2.17200,3.15774
-0.58318,-3.11853,-0.92087,-0.50773,-2.17202,3.15761
-0.58295,-3.11828,-0.92130,-0.50772,-2.17206,3.15733
-0.58272,-3.11803,-0.92172,-0.50770,-2.17210,3.15705
-0.58255,-3.11788,-0.92199,-0.50769,-2.17212,3.15686
-0.58239,-3.11774,-0.92226,-0.50768,-2.17215,3.15666
-0.58198,-3.11737,-0.92290,-0.50769,-2.17222,3.15617
-0.58157,-3.11700,-0.92353,-0.50770,-2.17228,3.15568
-0.58131,-3.11679,-0.92384,-0.50777,-2.17233,3.15537
-0.58106,-3.11658,-0.92415,-0.50785,-2.17237,3.15507
-0.58102,-3.11655,-0.92420,-0.50785,-2.17237,3.15503
-0.58099,-3.11653,-0.92425,-0.50784,-2.17238,3.15499
-0.58077,-3.11629,-0.92459,-0.50789,-2.17241,3.15472
-0.58055,-3.11606,-0.92492,-0.50794,-2.17245,3.15446
-0.58057,-3.11606,-0.92493,-0.50792,-2.17245,3.15449
-0.58060,-3.11607,-0.92493,-0.50789,-2.17244,3.15451
-0.58047,-3.11589,-0.92517,-0.50791,-2.17246,3.15436
-0.58034,-3.11572,-0.92541,-0.50793,-2.17249,3.15420
-0.58030,-3.11574,-0.92540,-0.50794,-2.17249,3.15416
-0.58027,-3.11576,-0.92540,-0.50795,-2.17250,3.15412
-0.58019,-3.11560,-0.92563,-0.50793,-2.17251,3.15403
-0.58011,-3.11545,-0.92587,-0.50790,-2.17252,3.15394
-0.57962,-3.11501,-0.92658,-0.50796,-2.17260,3.15335
-0.57913,-3.11457,-0.92729,-0.50803,-2.17268,3.15276
-0.57923,-3.11459,-0.92731,-0.50792,-2.17267,3.15288
-0.57933,-3.11462,-0.92732,-0.50781,-2.17265,3.15300
-0.57925,-3.11457,-0.92738,-0.50784,-2.17266,3.15291
-0.57918,-3.11452,-0.92745,-0.50788,-2.17267,3.15282
-0.57910,-3.11444,-0.92759,-0.50787,-2.17269,3.15273
-0.57903,-3.11436,-0.92773,-0.50786,-2.17270,3.15264
-0.57904,-3.11435,-0.92774,-0.50785,-2.17270,3.15265
-0.57905,-3.11435,-0.92774,-0.50784,-2.17269,3.15267
-0.57896,-3.11428,-0.92782,-0.50790,-2.17271,3.15255
-0.57886,-3.11421,-0.92789,-0.50796,-2.17272,3.15244
-0.57857,-3.11396,-0.92825,-0.50805,-2.17277,3.15209
-0.57828,-3.11371,-0.92861,-0.50814,-2.17282,3.15175
-0.57814,-3.11354,-0.92883,-0.50818,-2.17284,3.15158
-0.57800,-3.11337,-0.92906,-0.50822,-2.17286,3.15141
-0.57797,-3.11330,-0.92907,-0.50830,-2.17287,3.15137
-0.57793,-3.11324,-0.92908,-0.50838,-2.17287,3.15133
-0.57771,-3.11302,-0.92943,-0.50840,-2.17291,3.15106
-0.57749,-3.11280,-0.92977,-0.50842,-2.17295,3.15080
-0.57747,-3.11272,-0.92985,-0.50844,-2.17295,3.15077
-0.57745,-3.11264,-0.92993,-0.50845,-2.17295,3.15075
-0.57751,-3.11274,-0.92977,-0.50847,-2.17294,3.15082
-0.57757,-3.11283,-0.92962,-0.50849,-2.17293,3.15089
-0.57755,-3.11282,-0.92962,-0.50851,-2.17294,3.15086
-0.57753,-3.11282,-0.92962,-0.50853,-2.17294,3.15084
-0.57731,-3.11260,-0.92994,-0.50857,-2.17298,3.15058
-0.57708,-3.11239,-0.93027,-0.50861,-2.17301,3.15031
-0.57707,-3.11240,-0.93027,-0.50861,-2.17301,3.15029
-0.57705,-3.11242,-0.93027,-0.50860,-2.17302,3.15027
-0.57692,-3.11222,-0.93047,-0.50869,-2.17304,3.15012
-0.57679,-3.11203,-0.93067,-0.50877,-2.17306,3.14996
-0.57670,-3.11197,-0.93076,-0.50880,-2.17307,3.14985
-0.57661,-3.11191,-0.93085,-0.50883,-2.17309,3.14974
-0.57662,-3.11193,-0.93081,-0.50885,-2.17308,3.14976
-0.57664,-3.11195,-0.93076,-0.50887,-2.17308,3.14977
-0.57647,-3.11173,-0.93113,-0.50883,-2.17311,3.14958
-0.57631,-3.11151,-0.93150,-0.50879,-2.17314,3.14938
-0.57616,-3.11130,-0.93181,-0.50879,-2.17316,3.14920
-0.57602,-3.11109,-0.93212,-0.50879,-2.17318,3.14903
-0.57572,-3.11084,-0.93247,-0.50889,-2.17323,3.14868
-0.57543,-3.11058,-0.93282,-0.50899,-2.17328,3.14833
-0.57538,-3.11044,-0.93310,-0.50889,-2.17328,3.14827
-0.57533,-3.11029,-0.93337,-0.50880,-2.17329,3.14821
-0.57526,-3.11049,-0.93267,-0.50935,-2.17330,3.14813
-0.57520,-3.11069,-0.93196,-0.50990,-2.17331,3.14805
-0.57520,-3.11068,-0.93195,-0.50992,-2.17331,3.14805
-0.57520,-3.11067,-0.93194,-0.50994,-2.17331,3.14805
-0.57524,-3.11062,-0.93197,-0.50993,-2.17330,3.14810
-0.57529,-3.11057,-0.93200,-0.50991,-2.17330,3.14816
-0.57523,-3.11053,-0.93209,-0.50991,-2.17331,3.14809
-0.57517,-3.11049,-0.93217,-0.50991,-2.17332,3.14802
-0.57506,-3.11039,-0.93229,-0.50997,-2.17333,3.14788
-0.57494,-3.11029,-0.93241,-0.51003,-2.17335,3.14774
-0.57480,-3.11012,-0.93270,-0.51000,-2.17338,3.14757
-0.57466,-3.10996,-0.93299,-0.50997,-2.17340,3.14741
-0.57421,-3.10974,-0.93336,-0.51012,-2.17347,3.14687
-0.57376,-3.10953,-0.93372,-0.51028,-2.17354,3.14633
-0.57358,-3.10948,-0.93354,-0.51063,-2.17357,3.14611
-0.57340,-3.10943,-0.93335,-0.51099,-2.17360,3.14590
-0.57351,-3.10947,-0.93323,-0.51100,-2.17358,3.14602
-0.57361,-3.10951,-0.93311,-0.51101,-2.17356,3.14614
-0.57349,-3.10938,-0.93336,-0.51097,-2.17358,3.14601
-0.57338,-3.10924,-0.93361,-0.51093,-2.17360,3.14587
-0.57289,-3.10915,-0.93369,-0.51128,-2.17368,3.14529
-0.57241,-3.10906,-0.93376,-0.51162,-2.17375,3.14471
-0.57254,-3.10901,-0.93383,-0.51151,-2.17373,3.14486
-0.57266,-3.10896,-0.93391,-0.51140,-2.17371,3.14501
-0.57256,-3.10883,-0.93396,-0.51154,-2.17373,3.14489
-0.57246,-3.10871,-0.93401,-0.51169,-2.17375,3.14477
-0.57240,-3.10880,-0.93380,-0.51185,-2.17376,3.14469
-0.57233,-3.10889,-0.93359,-0.51201,-2.17377,3.14462
-0.57214,-3.10877,-0.93376,-0.51210,-2.17380,3.14438
-0.57195,-3.10865,-0.93391,-0.51219,-2.17383,3.14415
-0.57176,-3.10860,-0.93384,-0.51244,-2.17386,3.14393
-0.57157,-3.10856,-0.93375,-0.51270,-2.17388,3.14371
-0.57157,-3.10859,-0.93368,-0.51275,-2.17389,3.14370
-0.57156,-3.10863,-0.93360,-0.51279,-2.17389,3.14369
-0.57133,-3.10840,-0.93386,-0.51291,-2.17392,3.14342
-0.57111,-3.10817,-0.93412,-0.51304,-2.17396,3.14314
-0.57113,-3.10817,-0.93414,-0.51301,-2.17395,3.14317
-0.57115,-3.10817,-0.93416,-0.51297,-2.17395,3.14320
-0.57102,-3.10805,-0.93434,-0.51300,-2.17397,3.14304
-0.57088,-3.10793,-0.93452,-0.51303,-2.17399,3.14288
-0.57067,-3.10795,-0.93432,-0.51336,-2.17403,3.14262
-0.57046,-3.10797,-0.93412,-0.51368,-2.17406,3.14237
-0.57041,-3.10787,-0.93424,-0.51370,-2.17407,3.14231
-0.57037,-3.10776,-0.93436,-0.51371,-2.17407,3.14226
-0.57013,-3.10758,-0.93457,-0.51384,-2.17411,3.14198
-0.56990,-3.10740,-0.93478,-0.51397,-2.17415,3.14170
-0.56976,-3.10740,-0.93457,-0.51428,-2.17417,3.14153
-0.56962,-3.10740,-0.93436,-0.51458,-2.17419,3.14137
-0.56960,-3.10737,-0.93437,-0.51462,-2.17419,3.14134
-0.56958,-3.10733,-0.93438,-0.51466,-2.17420,3.14131
-0.56916,-3.10703,-0.93467,-0.51495,-2.17426,3.14082
-0.56875,-3.10674,-0.93495,-0.51525,-2.17432,3.14032
-0.56878,-3.10671,-0.93504,-0.51516,-2.17432,3.14036
-0.56882,-3.10668,-0.93513,-0.51508,-2.17431,3.14040
-0.56883,-3.10644,-0.93543,-0.51500,-2.17431,3.14042
-0.56885,-3.10621,-0.93573,-0.51493,-2.17431,3.14044
-0.56852,-3.10595,-0.93606,-0.51508,-2.17436,3.14004
-0.56819,-3.10568,-0.93639,-0.51524,-2.17441,3.13965
-0.56824,-3.10521,-0.93724,-0.51484,-2.17440,3.13971
-0.56829,-3.10473,-0.93809,-0.51443,-2.17440,3.13976
-0.56804,-3.10469,-0.93813,-0.51460,-2.17443,3.13947
-0.56779,-3.10464,-0.93817,-0.51477,-2.17447,3.13917
-0.56749,-3.10437,-0.93838,-0.51504,-2.17452,3.13881
-0.56718,-3.10411,-0.93860,-0.51530,-2.17457,3.13844
-0.56716,-3.10397,-0.93874,-0.51531,-2.17457,3.13841
-0.56713,-3.10383,-0.93889,-0.51532,-2.17457,3.13837
-0.56680,-3.10366,-0.93912,-0.51548,-2.17462,3.13798
-0.56648,-3.10349,-0.93936,-0.51564,-2.17467,3.13759
-0.56666,-3.10272,-0.94076,-0.51488,-2.17465,3.13781
-0.56684,-3.10196,-0.94216,-0.51412,-2.17462,3.13802
-0.56680,-3.10185,-0.94239,-0.51402,-2.17462,3.13798
-0.56677,-3.10174,-0.94261,-0.51393,-2.17463,3.13795
-0.56676,-3.10172,-0.94269,-0.51388,-2.17463,3.13793
-0.56675,-3.10170,-0.94277,-0.51383,-2.17463,3.13792
-0.56676,-3.10139,-0.94322,-0.51367,-2.17463,3.13793
-0.56677,-3.10108,-0.94368,-0.51353,-2.17463,3.13794
-0.56679,-3.10107,-0.94375,-0.51344,-2.17463,3.13797
-0.56682,-3.10106,-0.94383,-0.51336,-2.17462,3.13800
-0.56659,-3.10077,-0.94433,-0.51331,-2.17466,3.13773
-0.56637,-3.10048,-0.94483,-0.51325,-2.17469,3.13746
-0.56613,-3.09997,-0.94553,-0.51323,-2.17473,3.13717
-0.56588,-3.09946,-0.94622,-0.51321,-2.17477,3.13688
-0.56578,-3.09893,-0.94703,-0.51300,-2.17478,3.13675
-0.56567,-3.09840,-0.94785,-0.51279,-2.17480,3.13662
-0.56554,-3.09799,-0.94868,-0.51245,-2.17482,3.13647
-0.56542,-3.09758,-0.94952,-0.51211,-2.17484,3.13632
-0.56524,-3.09707,-0.95054,-0.51171,-2.17486,3.13611
-0.56507,-3.09657,-0.95157,-0.51131,-2.17489,3.13590
-0.56489,-3.09606,-0.95260,-0.51091,-2.17492,3.13569
-0.56471,-3.09556,-0.95362,-0.51051,-2.17494,3.13547
-0.56454,-3.09505,-0.95464,-0.51011,-2.17497,3.13526
-0.56436,-3.09455,-0.95566,-0.50972,-2.17500,3.13505
-0.56418,-3.09405,-0.95667,-0.50932,-2.17502,3.13484
-0.56401,-3.09355,-0.95769,-0.50893,-2.17505,3.13462
-0.56383,-3.09305,-0.95871,-0.50853,-2.17508,3.13441
-0.56365,-3.09255,-0.95973,-0.50814,-2.17511,3.13420
-0.56347,-3.09205,-0.96074,-0.50775,-2.17513,3.13398
-0.56330,-3.09155,-0.96175,-0.50735,-2.17516,3.13377
-0.56312,-3.09105,-0.96277,-0.50696,-2.17519,3.13356
-0.56294,-3.09055,-0.96378,-0.50657,-2.17521,3.13334
-0.56276,-3.09005,-0.96479,-0.50618,-2.17524,3.13313
-0.56259,-3.08955,-0.96580,-0.50579,-2.17527,3.13292
-0.56241,-3.08905,-0.96681,-0.50540,-2.17529,3.13270
-0.56223,-3.08856,-0.96781,-0.50501,-2.17532,3.13249
-0.56205,-3.08806,-0.96882,-0.50462,-2.17535,3.13228
-0.56187,-3.08757,-0.96982,-0.50423,-2.17537,3.13206
-0.56170,-3.08707,-0.97083,-0.50384,-2.17540,3.13185
-0.56152,-3.08657,-0.97184,-0.50346,-2.17543,3.13163
-0.56134,-3.08608,-0.97284,-0.50307,-2.17545,3.13142
-0.56116,-3.08559,-0.97384,-0.50269,-2.17548,3.13121
-0.56098,-3.08509,-0.97484,-0.50230,-2.17551,3.13099
-0.56080,-3.08460,-0.97583,-0.50192,-2.17553,3.13078
-0.56062,-3.08411,-0.97684,-0.50153,-2.17556,3.13056
-0.56045,-3.08361,-0.97783,-0.50115,-2.17559,3.13035
-0.56027,-3.08312,-0.97883,-0.50077,-2.17561,3.13013
-0.56009,-3.08263,-0.97982,-0.50039,-2.17564,3.12992
-0.55991,-3.08214,-0.98082,-0.50001,-2.17567,3.12970
-0.55973,-3.08165,-0.98181,-0.49963,-2.17569,3.12949
-0.55955,-3.08116,-0.98281,-0.49925,-2.17572,3.12927
-0.55937,-3.08067,-0.98379,-0.49887,-2.17575,3.12906
-0.55919,-3.08018,-0.98478,-0.49849,-2.17577,3.12884
-0.55902,-3.07969,-0.98577,-0.49811,-2.17580,3.12863
-0.55884,-3.07921,-0.98676,-0.49773,-2.17583,3.12841
-0.55866,-3.07872,-0.98775,-0.49736,-2.17585,3.12819
-0.55848,-3.07823,-0.98874,-0.49698,-2.17588,3.12798
-0.55830,-3.07774,-0.98972,-0.49660,-2.17591,3.12776
-0.55812,-3.07726,-0.99071,-0.49623,-2.17593,3.12755
-0.55794,-3.07677,-0.99169,-0.49585,-2.17596,3.12733
-0.55776,-3.07629,-0.99267,-0.49548,-2.17599,3.12712
-0.55758,-3.07580,-0.99365,-0.49511,-2.17601,3.12690
-0.55740,-3.07532,-0.99463,-0.49473,-2.17604,3.12668
-0.55722,-3.07483,-0.99562,-0.49436,-2.17606,3.12647
-0.55704,-3.07435,-0.99659,-0.49399,-2.17609,3.12625
-0.55686,-3.07387,-0.99757,-0.49362,-2.17612,3.12603
-0.55668,-3.07338,-0.99855,-0.49324,-2.17614,3.12582
-0.55650,-3.07290,-0.99953,-0.49287,-2.17617,3.12560
-0.55632,-3.07242,-1.00050,-0.49251,-2.17620,3.12538
-0.55614,-3.07194,-1.00147,-0.49213,-2.17622,3.12517
-0.55596,-3.07146,-1.00245,-0.49177,-2.17625,3.12495
-0.55578,-3.07098,-1.00342,-0.49140,-2.17628,3.12473
-0.55560,-3.07049,-1.00439,-0.49103,-2.17630,3.12451
-0.55542,-3.07002,-1.00536,-0.49067,-2.17633,3.12430
-0.55524,-3.06954,-1.00633,-0.49030,-2.17636,3.12408
-0.55505,-3.06906,-1.00730,-0.48993,-2.17638,3.12386
-0.55487,-3.06858,-1.00827,-0.48957,-2.17641,3.12364
-0.55469,-3.06810,-1.00924,-0.48920,-2.17643,3.12343
-0.55451,-3.06762,-1.01020,-0.48884,-2.17646,3.12321
-0.55433,-3.06715,-1.01116,-0.48848,-2.17649,3.12299
-0.55415,-3.06667,-1.01213,-0.48811,-2.17651,3.12277
-0.55397,-3.06619,-1.01309,-0.48775,-2.17654,3.12255
-0.55379,-3.06571,-1.01406,-0.48739,-2.17657,3.12234
-0.55360,-3.06524,-1.01502,-0.48703,-2.17659,3.12212
