-0.91781,-1.96154,-2.40762,1.93586,1.68812,-1.48560
-0.91945,-1.96119,-2.40699,1.93439,1.69040,-1.48404
-0.92111,-1.96084,-2.40635,1.93293,1.69269,-1.48248
-0.92276,-1.96049,-2.40571,1.93147,1.69500,-1.48090
-0.92438,-1.96014,-2.40508,1.93001,1.69726,-1.47936
-0.92603,-1.95980,-2.40442,1.92857,1.69957,-1.47780
-0.92766,-1.95946,-2.40378,1.92711,1.70185,-1.47625
-0.92937,-1.95946,-2.40288,1.92617,1.70444,-1.47531
-0.93105,-1.95946,-2.40199,1.92524,1.70701,-1.47438
-0.93253,-1.95988,-2.40120,1.92517,1.70926,-1.47330
-0.93398,-1.96031,-2.40042,1.92510,1.71148,-1.47225
-0.93558,-1.96088,-2.39935,1.92516,1.71393,-1.47113
-0.93716,-1.96146,-2.39829,1.92524,1.71636,-1.47002
-0.93891,-1.96186,-2.39711,1.92487,1.71908,-1.46945
-0.94065,-1.96226,-2.39592,1.92452,1.72179,-1.46888
-0.94209,-1.96269,-2.39506,1.92446,1.72407,-1.46773
-0.94352,-1.96313,-2.39420,1.92440,1.72634,-1.46658
-0.94512,-1.96362,-2.39324,1.92435,1.72880,-1.46542
-0.94671,-1.96411,-2.39228,1.92431,1.73123,-1.46426
-0.94819,-1.96442,-2.39153,1.92408,1.73360,-1.46313
-0.94966,-1.96474,-2.39078,1.92386,1.73594,-1.46202
-0.95113,-1.96498,-2.39014,1.92358,1.73829,-1.46056
-0.95260,-1.96521,-2.38951,1.92330,1.74063,-1.45911
-0.95406,-1.96574,-2.38850,1.92334,1.74291,-1.45805
-0.95552,-1.96626,-2.38751,1.92338,1.74517,-1.45700
-0.95699,-1.96669,-2.38654,1.92329,1.74749,-1.45605
-0.95844,-1.96713,-2.38558,1.92321,1.74978,-1.45510
-0.95986,-1.96786,-2.38438,1.92355,1.75194,-1.45401
-0.96126,-1.96860,-2.38319,1.92389,1.75407,-1.45295
-0.96273,-1.96893,-2.38233,1.92367,1.75641,-1.45197
-0.96419,-1.96927,-2.38147,1.92347,1.75873,-1.45102
-0.96561,-1.96979,-2.38047,1.92353,1.76094,-1.44998
-0.96703,-1.97030,-2.37945,1.92358,1.76316,-1.44896
-0.96837,-1.97077,-2.37852,1.92360,1.76529,-1.44791
-0.96972,-1.97123,-2.37759,1.92362,1.76741,-1.44686
-0.97115,-1.97172,-2.37657,1.92362,1.76967,-1.44584
-0.97259,-1.97219,-2.37556,1.92362,1.77194,-1.44480
-0.97391,-1.97291,-2.37438,1.92399,1.77393,-1.44376
-0.97524,-1.97363,-2.37320,1.92434,1.77594,-1.44272
-0.97668,-1.97393,-2.37233,1.92411,1.77829,-1.44169
-0.97811,-1.97424,-2.37146,1.92389,1.78063,-1.44067
-0.97942,-1.97478,-2.37047,1.92404,1.78268,-1.43956
-0.98075,-1.97530,-2.36948,1.92417,1.78475,-1.43845
-0.98212,-1.97592,-2.36830,1.92437,1.78689,-1.43755
-0.98348,-1.97652,-2.36713,1.92454,1.78902,-1.43663
-0.98482,-1.97691,-2.36625,1.92450,1.79117,-1.43542
-0.98614,-1.97731,-2.36537,1.92446,1.79327,-1.43423
-0.98756,-1.97778,-2.36427,1.92443,1.79554,-1.43339
-0.98899,-1.97824,-2.36315,1.92439,1.79784,-1.43253
-0.99028,-1.97876,-2.36212,1.92452,1.79988,-1.43151
-0.99158,-1.97928,-2.36107,1.92466,1.80194,-1.43048
-0.99290,-1.97985,-2.35996,1.92481,1.80401,-1.42954
-0.99421,-1.98039,-2.35886,1.92495,1.80608,-1.42858
-0.99550,-1.98091,-2.35780,1.92507,1.80812,-1.42762
-0.99679,-1.98143,-2.35672,1.92518,1.81017,-1.42664
-0.99806,-1.98189,-2.35572,1.92525,1.81221,-1.42559
-0.99933,-1.98235,-2.35472,1.92530,1.81424,-1.42456
-1.00061,-1.98285,-2.35366,1.92541,1.81628,-1.42355
-1.00188,-1.98334,-2.35262,1.92551,1.81830,-1.42257
-1.00321,-1.98409,-2.35127,1.92588,1.82037,-1.42167
-1.00453,-1.98483,-2.34992,1.92626,1.82242,-1.42078
-1.00588,-1.98521,-2.34892,1.92617,1.82460,-1.41976
-1.00725,-1.98561,-2.34789,1.92610,1.82680,-1.41874
-1.00855,-1.98605,-2.34689,1.92612,1.82889,-1.41771
-1.00986,-1.98648,-2.34588,1.92614,1.83099,-1.41667
-1.01114,-1.98689,-2.34491,1.92614,1.83305,-1.41566
-1.01241,-1.98728,-2.34396,1.92613,1.83508,-1.41465
-1.01364,-1.98770,-2.34299,1.92616,1.83706,-1.41368
-1.01489,-1.98813,-2.34199,1.92620,1.83906,-1.41270
-1.01624,-1.98853,-2.34099,1.92616,1.84124,-1.41161
-1.01758,-1.98893,-2.34000,1.92613,1.84339,-1.41054
-1.01882,-1.98931,-2.33905,1.92610,1.84541,-1.40953
-1.02006,-1.98969,-2.33810,1.92608,1.84741,-1.40852
-1.02136,-1.99010,-2.33710,1.92608,1.84950,-1.40749
-1.02263,-1.99051,-2.33610,1.92608,1.85156,-1.40647
-1.02393,-1.99090,-2.33511,1.92606,1.85366,-1.40541
-1.02520,-1.99128,-2.33414,1.92603,1.85574,-1.40435
-1.02652,-1.99181,-2.33304,1.92620,1.85777,-1.40343
-1.02783,-1.99236,-2.33193,1.92639,1.85979,-1.40249
-1.02903,-1.99242,-2.33125,1.92596,1.86201,-1.40125
-1.03021,-1.99248,-2.33059,1.92553,1.86420,-1.40000
-1.03142,-1.99287,-2.32961,1.92554,1.86617,-1.39898
-1.03262,-1.99327,-2.32863,1.92556,1.86813,-1.39796
-1.03387,-1.99381,-2.32743,1.92572,1.87016,-1.39700
-1.03513,-1.99437,-2.32621,1.92589,1.87219,-1.39604
-1.03635,-1.99478,-2.32519,1.92592,1.87421,-1.39492
-1.03758,-1.99519,-2.32416,1.92596,1.87624,-1.39379
-1.03868,-1.99549,-2.32339,1.92592,1.87805,-1.39248
-1.03980,-1.99579,-2.32261,1.92588,1.87989,-1.39118
-1.04100,-1.99625,-2.32153,1.92596,1.88184,-1.39020
-1.04220,-1.99670,-2.32045,1.92604,1.88380,-1.38921
-1.04333,-1.99707,-2.31950,1.92606,1.88567,-1.38820
-1.04446,-1.99745,-2.31855,1.92607,1.88753,-1.38720
-1.04565,-1.99775,-2.31765,1.92600,1.88953,-1.38604
-1.04683,-1.99807,-2.31675,1.92593,1.89152,-1.38489
-1.04797,-1.99868,-2.31547,1.92624,1.89341,-1.38381
-1.04911,-1.99929,-2.31417,1.92654,1.89530,-1.38274
-1.05026,-1.99962,-2.31325,1.92651,1.89723,-1.38167
-1.05141,-1.99994,-2.31234,1.92645,1.89916,-1.38061
-1.05260,-2.00023,-2.31145,1.92635,1.90113,-1.37957
-1.05379,-2.00051,-2.31057,1.92623,1.90311,-1.37852
-1.05449,-2.00075,-2.31000,1.92621,1.90424,-1.37808
-1.05519,-2.00099,-2.30943,1.92619,1.90535,-1.37764
-1.05587,-2.00124,-2.30884,1.92619,1.90645,-1.37722
-1.05657,-2.00149,-2.30826,1.92617,1.90757,-1.37678
-1.05729,-2.00172,-2.30769,1.92612,1.90873,-1.37639
-1.05800,-2.00195,-2.30712,1.92607,1.90986,-1.37601
-1.05857,-2.00292,-2.30556,1.92691,1.91058,-1.37647
-1.05913,-2.00391,-2.30399,1.92776,1.91129,-1.37693
-1.06010,-2.00373,-2.30358,1.92704,1.91308,-1.37695
-1.06106,-2.00358,-2.30316,1.92633,1.91489,-1.37695
-1.06205,-2.00381,-2.30248,1.92614,1.91622,-1.37737
-1.06304,-2.00404,-2.30179,1.92596,1.91757,-1.37780
-1.06395,-2.00455,-2.30073,1.92613,1.91881,-1.37843
-1.06485,-2.00505,-2.29968,1.92629,1.92005,-1.37907
-1.06613,-2.00509,-2.29908,1.92575,1.92177,-1.37973
-1.06740,-2.00513,-2.29847,1.92522,1.92348,-1.38040
-1.06866,-2.00534,-2.29770,1.92489,1.92509,-1.38120
-1.06992,-2.00555,-2.29691,1.92456,1.92670,-1.38201
-1.07119,-2.00563,-2.29625,1.92407,1.92840,-1.38273
-1.07246,-2.00571,-2.29558,1.92358,1.93013,-1.38341
-1.07371,-2.00581,-2.29486,1.92311,1.93187,-1.38407
-1.07497,-2.00591,-2.29413,1.92265,1.93363,-1.38472
-1.07624,-2.00601,-2.29343,1.92218,1.93534,-1.38545
-1.07751,-2.00611,-2.29272,1.92170,1.93707,-1.38616
-1.07860,-2.00660,-2.29162,1.92180,1.93848,-1.38678
-1.07969,-2.00709,-2.29052,1.92190,1.93990,-1.38739
-1.08082,-2.00725,-2.28977,1.92154,1.94147,-1.38813
-1.08196,-2.00740,-2.28902,1.92117,1.94305,-1.38889
-1.08307,-2.00783,-2.28793,1.92118,1.94455,-1.38956
-1.08417,-2.00826,-2.28686,1.92118,1.94604,-1.39023
-1.08531,-2.00862,-2.28588,1.92110,1.94753,-1.39091
-1.08645,-2.00898,-2.28490,1.92101,1.94903,-1.39159
-1.08765,-2.00914,-2.28409,1.92063,1.95070,-1.39232
-1.08887,-2.00931,-2.28326,1.92025,1.95241,-1.39304
-1.09002,-2.00967,-2.28224,1.92017,1.95397,-1.39367
-1.09117,-2.01005,-2.28119,1.92009,1.95556,-1.39431
-1.09210,-2.01087,-2.27963,1.92064,1.95678,-1.39486
-1.09300,-2.01171,-2.27807,1.92121,1.95797,-1.39540
-1.09427,-2.01175,-2.27744,1.92069,1.95962,-1.39615
-1.09556,-2.01180,-2.27680,1.92017,1.96129,-1.39689
-1.09649,-2.01220,-2.27580,1.92023,1.96277,-1.39711
-1.09740,-2.01260,-2.27481,1.92030,1.96422,-1.39734
-1.09825,-2.01321,-2.27360,1.92064,1.96540,-1.39767
-1.09909,-2.01382,-2.27238,1.92099,1.96656,-1.39802
-1.09993,-2.01488,-2.27058,1.92187,1.96758,-1.39831
-1.10076,-2.01592,-2.26879,1.92274,1.96858,-1.39860
-1.10163,-2.01652,-2.26755,1.92305,1.96978,-1.39886
-1.10250,-2.01711,-2.26632,1.92337,1.97097,-1.39913
-1.10327,-2.01778,-2.26509,1.92385,1.97207,-1.39916
-1.10407,-2.01843,-2.26386,1.92429,1.97319,-1.39921
-1.10483,-2.01918,-2.26245,1.92487,1.97443,-1.39924
-1.10560,-2.01993,-2.26103,1.92545,1.97568,-1.39927
-1.10648,-2.02023,-2.26021,1.92544,1.97712,-1.39943
-1.10734,-2.02053,-2.25939,1.92543,1.97854,-1.39959
-1.10793,-2.02163,-2.25760,1.92652,1.97943,-1.39932
-1.10852,-2.02275,-2.25579,1.92762,1.98032,-1.39903
-1.10927,-2.02315,-2.25479,1.92769,1.98135,-1.39900
-1.10998,-2.02357,-2.25380,1.92779,1.98234,-1.39898
-1.11055,-2.02419,-2.25265,1.92831,1.98343,-1.39847
-1.11109,-2.02481,-2.25153,1.92883,1.98447,-1.39797
-1.11168,-2.02549,-2.25029,1.92939,1.98538,-1.39755
-1.11225,-2.02618,-2.24906,1.92997,1.98626,-1.39714
-1.11324,-2.02661,-2.24797,1.93003,1.98755,-1.39748
-1.11423,-2.02704,-2.24689,1.93009,1.98881,-1.39784
-1.11491,-2.02763,-2.24571,1.93049,1.98991,-1.39761
-1.11561,-2.02821,-2.24453,1.93087,1.99104,-1.39737
-1.11633,-2.02861,-2.24355,1.93103,1.99233,-1.39717
-1.11705,-2.02901,-2.24259,1.93118,1.99363,-1.39696
-1.11777,-2.02968,-2.24124,1.93165,1.99469,-1.39688
-1.11849,-2.03037,-2.23987,1.93213,1.99574,-1.39679
-1.11923,-2.03095,-2.23871,1.93253,1.99680,-1.39657
-1.11995,-2.03156,-2.23753,1.93295,1.99784,-1.39635
-1.12062,-2.03212,-2.23630,1.93331,1.99902,-1.39605
-1.12129,-2.03268,-2.23509,1.93366,2.00021,-1.39574
-1.12200,-2.03277,-2.23461,1.93345,2.00135,-1.39537
-1.12272,-2.03285,-2.23414,1.93322,2.00252,-1.39499
-1.12327,-2.03375,-2.23255,1.93408,2.00352,-1.39447
-1.12382,-2.03465,-2.23096,1.93494,2.00450,-1.39394
-1.12467,-2.03437,-2.23099,1.93423,2.00578,-1.39370
-1.12550,-2.03410,-2.23105,1.93353,2.00701,-1.39347
-1.12612,-2.03414,-2.23050,1.93322,2.00822,-1.39309
-1.12674,-2.03419,-2.22994,1.93291,2.00940,-1.39272
-1.12716,-2.03611,-2.22708,1.93516,2.01006,-1.39214
-1.12755,-2.03805,-2.22419,1.93743,2.01069,-1.39157
-1.12821,-2.03847,-2.22321,1.93765,2.01183,-1.39103
-1.12886,-2.03890,-2.22223,1.93788,2.01295,-1.39051
-1.12956,-2.03933,-2.22120,1.93807,2.01402,-1.39020
-1.13026,-2.03976,-2.22017,1.93825,2.01510,-1.38987
-1.13083,-2.04015,-2.21923,1.93846,2.01615,-1.38933
-1.13136,-2.04055,-2.21830,1.93868,2.01715,-1.38880
-1.13200,-2.04091,-2.21742,1.93883,2.01827,-1.38822
-1.13262,-2.04127,-2.21654,1.93898,2.01936,-1.38766
-1.13323,-2.04161,-2.21569,1.93912,2.02043,-1.38711
-1.13386,-2.04196,-2.21481,1.93927,2.02154,-1.38654
-1.13446,-2.04231,-2.21396,1.93942,2.02260,-1.38598
-1.13508,-2.04266,-2.21308,1.93956,2.02369,-1.38540
-1.13572,-2.04302,-2.21220,1.93971,2.02480,-1.38484
-1.13636,-2.04338,-2.21130,1.93986,2.02591,-1.38428
-1.13696,-2.04372,-2.21044,1.94001,2.02697,-1.38373
-1.13757,-2.04407,-2.20957,1.94015,2.02805,-1.38318
-1.13798,-2.04540,-2.20756,1.94129,2.02917,-1.38164
-1.13839,-2.04673,-2.20553,1.94243,2.03029,-1.38010
-1.13872,-2.04802,-2.20358,1.94356,2.03134,-1.37838
-1.13904,-2.04931,-2.20164,1.94468,2.03239,-1.37666
-1.13959,-2.05048,-2.19978,1.94558,2.03364,-1.37536
-1.14014,-2.05165,-2.19792,1.94647,2.03488,-1.37406
-1.14052,-2.05309,-2.19572,1.94779,2.03599,-1.37247
-1.14089,-2.05452,-2.19354,1.94910,2.03707,-1.37089
-1.14119,-2.05600,-2.19129,1.95048,2.03809,-1.36912
-1.14147,-2.05747,-2.18904,1.95185,2.03908,-1.36738
-1.14196,-2.05837,-2.18762,1.95245,2.04031,-1.36570
-1.14244,-2.05925,-2.18621,1.95304,2.04154,-1.36403
-1.14273,-2.06016,-2.18481,1.95380,2.04290,-1.36194
-1.14301,-2.06107,-2.18341,1.95455,2.04426,-1.35987
-1.14315,-2.06233,-2.18154,1.95574,2.04519,-1.35757
-1.14330,-2.06358,-2.17967,1.95693,2.04612,-1.35528
-1.14359,-2.06476,-2.17783,1.95793,2.04713,-1.35364
-1.14387,-2.06593,-2.17599,1.95893,2.04812,-1.35200
-1.14427,-2.06714,-2.17382,1.95979,2.04921,-1.35096
-1.14467,-2.06834,-2.17167,1.96065,2.05028,-1.34992
-1.14495,-2.06951,-2.16984,1.96167,2.05129,-1.34818
-1.14524,-2.07067,-2.16801,1.96267,2.05232,-1.34644
-1.14555,-2.07183,-2.16617,1.96366,2.05337,-1.34470
-1.14584,-2.07299,-2.16433,1.96466,2.05439,-1.34298
-1.14607,-2.07414,-2.16253,1.96568,2.05535,-1.34103
-1.14629,-2.07529,-2.16073,1.96669,2.05630,-1.33909
-1.14661,-2.07636,-2.15906,1.96760,2.05735,-1.33739
-1.14694,-2.07742,-2.15740,1.96850,2.05840,-1.33569
-1.14721,-2.07866,-2.15532,1.96955,2.05940,-1.33418
-1.14748,-2.07988,-2.15325,1.97058,2.06039,-1.33269
-1.14785,-2.08085,-2.15166,1.97132,2.06152,-1.33103
-1.14821,-2.08180,-2.15008,1.97205,2.06264,-1.32940
-1.14835,-2.08312,-2.14795,1.97327,2.06346,-1.32764
-1.14848,-2.08443,-2.14581,1.97448,2.06428,-1.32586
-1.14885,-2.08554,-2.14407,1.97546,2.06535,-1.32414
-1.14921,-2.08665,-2.14232,1.97644,2.06643,-1.32240
-1.14947,-2.08782,-2.14040,1.97746,2.06741,-1.32069
-1.14971,-2.08898,-2.13848,1.97848,2.06837,-1.31899
-1.14983,-2.09009,-2.13664,1.97944,2.06918,-1.31705
-1.14995,-2.09118,-2.13482,1.98038,2.07000,-1.31512
-1.15016,-2.09241,-2.13276,1.98145,2.07086,-1.31338
-1.15037,-2.09362,-2.13071,1.98252,2.07171,-1.31163
-1.15070,-2.09472,-2.12882,1.98342,2.07275,-1.30997
-1.15104,-2.09582,-2.12693,1.98431,2.07381,-1.30831
-1.15123,-2.09696,-2.12507,1.98536,2.07472,-1.30659
-1.15142,-2.09810,-2.12322,1.98641,2.07563,-1.30488
-1.15154,-2.09926,-2.12131,1.98749,2.07651,-1.30295
-1.15166,-2.10042,-2.11939,1.98857,2.07740,-1.30102
-1.15198,-2.10159,-2.11732,1.98954,2.07842,-1.29948
-1.15229,-2.10275,-2.11526,1.99052,2.07943,-1.29796
-1.15254,-2.10390,-2.11321,1.99149,2.08045,-1.29643
-1.15278,-2.10504,-2.11117,1.99246,2.08144,-1.29492
-1.15293,-2.10609,-2.10943,1.99340,2.08231,-1.29280
-1.15306,-2.10713,-2.10772,1.99434,2.08315,-1.29069
-1.15332,-2.10833,-2.10562,1.99541,2.08419,-1.28917
-1.15360,-2.10952,-2.10349,1.99648,2.08526,-1.28763
-1.15382,-2.11045,-2.10191,1.99724,2.08620,-1.28562
-1.15403,-2.11138,-2.10034,1.99800,2.08713,-1.28360
-1.15425,-2.11232,-2.09868,1.99879,2.08819,-1.28161
-1.15447,-2.11327,-2.09701,1.99958,2.08924,-1.27963
-1.15480,-2.11419,-2.09526,2.00023,2.09031,-1.27813
-1.15513,-2.11511,-2.09352,2.00089,2.09137,-1.27661
-1.15548,-2.11617,-2.09154,2.00171,2.09240,-1.27531
-1.15584,-2.11724,-2.08954,2.00254,2.09345,-1.27399
-1.15624,-2.11800,-2.08812,2.00307,2.09469,-1.27230
-1.15665,-2.11877,-2.08669,2.00360,2.09596,-1.27060
-1.15702,-2.11948,-2.08536,2.00402,2.09707,-1.26891
-1.15738,-2.12018,-2.08404,2.00444,2.09818,-1.26722
-1.15787,-2.12087,-2.08272,2.00485,2.09946,-1.26576
-1.15836,-2.12157,-2.08140,2.00526,2.10074,-1.26432
-1.15868,-2.12235,-2.07981,2.00573,2.10184,-1.26266
-1.15901,-2.12313,-2.07823,2.00619,2.10294,-1.26100
-1.15931,-2.12395,-2.07669,2.00678,2.10397,-1.25945
-1.15962,-2.12477,-2.07515,2.00734,2.10502,-1.25789
-1.15997,-2.12553,-2.07370,2.00786,2.10619,-1.25614
-1.16031,-2.12629,-2.07227,2.00838,2.10733,-1.25437
-1.16077,-2.12705,-2.07069,2.00884,2.10861,-1.25273
-1.16123,-2.12782,-2.06910,2.00931,2.10988,-1.25107
-1.16161,-2.12856,-2.06769,2.00982,2.11107,-1.24955
-1.16199,-2.12932,-2.06627,2.01035,2.11225,-1.24802
-1.16254,-2.13003,-2.06478,2.01077,2.11371,-1.24649
-1.16308,-2.13075,-2.06331,2.01120,2.11513,-1.24498
-1.16344,-2.13142,-2.06192,2.01152,2.11621,-1.24349
-1.16380,-2.13209,-2.06053,2.01183,2.11729,-1.24198
-1.16449,-2.13267,-2.05925,2.01207,2.11892,-1.24044
-1.16518,-2.13324,-2.05798,2.01231,2.12053,-1.23890
-1.16554,-2.13406,-2.05630,2.01284,2.12171,-1.23739
-1.16588,-2.13486,-2.05462,2.01337,2.12287,-1.23589
-1.16633,-2.13552,-2.05325,2.01373,2.12407,-1.23449
-1.16678,-2.13618,-2.05188,2.01410,2.12526,-1.23310
-1.16746,-2.13675,-2.05059,2.01432,2.12682,-1.23188
-1.16813,-2.13731,-2.04930,2.01454,2.12838,-1.23065
-1.16835,-2.13826,-2.04756,2.01531,2.12925,-1.22898
-1.16854,-2.13921,-2.04581,2.01611,2.13010,-1.22729
-1.16911,-2.13991,-2.04413,2.01639,2.13147,-1.22624
-1.16965,-2.14061,-2.04245,2.01669,2.13280,-1.22520
-1.17011,-2.14131,-2.04096,2.01712,2.13406,-1.22369
-1.17057,-2.14203,-2.03945,2.01755,2.13531,-1.22218
-1.17120,-2.14260,-2.03820,2.01779,2.13671,-1.22083
-1.17186,-2.14318,-2.03694,2.01801,2.13814,-1.21947
-1.17243,-2.14317,-2.03661,2.01768,2.13959,-1.21808
-1.17299,-2.14316,-2.03629,2.01735,2.14103,-1.21669
-1.17410,-2.14300,-2.03613,2.01672,2.14298,-1.21606
-1.17521,-2.14286,-2.03594,2.01610,2.14493,-1.21542
-1.17607,-2.14297,-2.03523,2.01576,2.14653,-1.21486
-1.17691,-2.14309,-2.03451,2.01542,2.14812,-1.21430
-1.17760,-2.14328,-2.03360,2.01519,2.14954,-1.21360
-1.17828,-2.14349,-2.03269,2.01495,2.15094,-1.21292
-1.17899,-2.14344,-2.03247,2.01461,2.15259,-1.21144
-1.17972,-2.14338,-2.03224,2.01425,2.15424,-1.20997
-1.18031,-2.14325,-2.03218,2.01378,2.15564,-1.20841
-1.18091,-2.14312,-2.03212,2.01331,2.15705,-1.20685
-1.18176,-2.14292,-2.03220,2.01283,2.15885,-1.20560
-1.18261,-2.14271,-2.03228,2.01234,2.16066,-1.20436
-1.18337,-2.14278,-2.03165,2.01197,2.16219,-1.20359
-1.18411,-2.14285,-2.03101,2.01160,2.16372,-1.20281
-1.18500,-2.14276,-2.03084,2.01125,2.16559,-1.20143
-1.18587,-2.14267,-2.03069,2.01089,2.16744,-1.20005
-1.18662,-2.14261,-2.03042,2.01046,2.16901,-1.19896
-1.18738,-2.14255,-2.03015,2.01002,2.17059,-1.19788
-1.18801,-2.14258,-2.02964,2.00967,2.17203,-1.19669
-1.18865,-2.14263,-2.02911,2.00933,2.17346,-1.19550
-1.18959,-2.14261,-2.02879,2.00902,2.17529,-1.19451
-1.19052,-2.14261,-2.02846,2.00872,2.17710,-1.19352
-1.19127,-2.14258,-2.02807,2.00831,2.17866,-1.19247
-1.19201,-2.14256,-2.02769,2.00790,2.18020,-1.19142
-1.19282,-2.14252,-2.02737,2.00750,2.18187,-1.19031
-1.19363,-2.14247,-2.02706,2.00710,2.18354,-1.18919
-1.19434,-2.14241,-2.02671,2.00665,2.18510,-1.18799
-1.19505,-2.14235,-2.02635,2.00618,2.18669,-1.18680
-1.19589,-2.14228,-2.02603,2.00575,2.18842,-1.18564
-1.19673,-2.14221,-2.02570,2.00532,2.19017,-1.18447
-1.19775,-2.14222,-2.02521,2.00492,2.19200,-1.18380
-1.19876,-2.14222,-2.02471,2.00452,2.19383,-1.18313
-1.19936,-2.14218,-2.02443,2.00418,2.19531,-1.18166
-1.19997,-2.14213,-2.02416,2.00383,2.19680,-1.18020
-1.20077,-2.14214,-2.02369,2.00347,2.19843,-1.17924
-1.20158,-2.14214,-2.02325,2.00309,2.20006,-1.17830
-1.20244,-2.14208,-2.02309,2.00281,2.20181,-1.17704
-1.20330,-2.14202,-2.02292,2.00253,2.20357,-1.17579
-1.20409,-2.14220,-2.02205,2.00230,2.20510,-1.17513
-1.20487,-2.14238,-2.02116,2.00207,2.20662,-1.17447
-1.20569,-2.14252,-2.02035,2.00175,2.20813,-1.17409
-1.20652,-2.14266,-2.01953,2.00144,2.20967,-1.17368
-1.20728,-2.14282,-2.01870,2.00119,2.21116,-1.17300
-1.20804,-2.14299,-2.01786,2.00095,2.21266,-1.17230
-1.20895,-2.14312,-2.01699,2.00055,2.21424,-1.17217
-1.20985,-2.14325,-2.01611,2.00015,2.21582,-1.17205
-1.21057,-2.14344,-2.01525,1.99994,2.21723,-1.17144
-1.21128,-2.14363,-2.01439,1.99974,2.21864,-1.17083
-1.21150,-2.14398,-2.01342,1.99978,2.21944,-1.16989
-1.21172,-2.14433,-2.01242,1.99982,2.22025,-1.16892
-1.21230,-2.14457,-2.01163,1.99978,2.22151,-1.16803
-1.21287,-2.14481,-2.01086,1.99974,2.22275,-1.16714
-1.21359,-2.14509,-2.00978,1.99957,2.22410,-1.16682
-1.21429,-2.14537,-2.00870,1.99940,2.22543,-1.16652
-1.21452,-2.14578,-2.00791,1.99984,2.22635,-1.16473
-1.21476,-2.14619,-2.00711,2.00027,2.22731,-1.16293
-1.21566,-2.14626,-2.00626,1.99978,2.22894,-1.16274
-1.21656,-2.14634,-2.00540,1.99929,2.23058,-1.16255
-1.21709,-2.14669,-2.00436,1.99934,2.23173,-1.16183
-1.21762,-2.14703,-2.00334,1.99939,2.23288,-1.16111
-1.21790,-2.14748,-2.00242,1.99980,2.23378,-1.15965
-1.21817,-2.14794,-2.00151,2.00022,2.23467,-1.15819
-1.21893,-2.14794,-2.00105,1.99991,2.23629,-1.15709
-1.21968,-2.14795,-2.00060,1.99961,2.23788,-1.15599
-1.22045,-2.14800,-2.00007,1.99939,2.23952,-1.15478
-1.22123,-2.14805,-1.99955,1.99917,2.24115,-1.15358
-1.22198,-2.14806,-1.99907,1.99888,2.24276,-1.15248
-1.22273,-2.14807,-1.99861,1.99857,2.24437,-1.15137
-1.22357,-2.14796,-1.99824,1.99806,2.24615,-1.15031
-1.22440,-2.14784,-1.99788,1.99756,2.24793,-1.14924
-1.22501,-2.14800,-1.99714,1.99741,2.24927,-1.14838
-1.22561,-2.14817,-1.99640,1.99727,2.25060,-1.14752
-1.22620,-2.14848,-1.99538,1.99727,2.25188,-1.14674
-1.22680,-2.14879,-1.99434,1.99727,2.25316,-1.14596
-1.22760,-2.14884,-1.99376,1.99702,2.25479,-1.14495
-1.22841,-2.14890,-1.99315,1.99677,2.25645,-1.14394
-1.22922,-2.14885,-1.99261,1.99631,2.25817,-1.14299
-1.23003,-2.14880,-1.99207,1.99585,2.25990,-1.14204
-1.23075,-2.14882,-1.99157,1.99558,2.26149,-1.14084
-1.23145,-2.14884,-1.99108,1.99533,2.26306,-1.13966
-1.23221,-2.14889,-1.99050,1.99509,2.26466,-1.13861
-1.23297,-2.14895,-1.98990,1.99486,2.26626,-1.13758
-1.23375,-2.14896,-1.98934,1.99452,2.26789,-1.13659
-1.23454,-2.14898,-1.98876,1.99420,2.26954,-1.13558
-1.23539,-2.14904,-1.98804,1.99387,2.27122,-1.13483
-1.23624,-2.14909,-1.98734,1.99354,2.27290,-1.13407
-1.23713,-2.14911,-1.98667,1.99315,2.27464,-1.13339
-1.23803,-2.14913,-1.98600,1.99275,2.27638,-1.13273
-1.23873,-2.14908,-1.98558,1.99239,2.27794,-1.13156
-1.23944,-2.14902,-1.98517,1.99201,2.27950,-1.13040
-1.24020,-2.14907,-1.98451,1.99170,2.28109,-1.12948
-1.24095,-2.14913,-1.98384,1.99141,2.28267,-1.12857
-1.24188,-2.14901,-1.98332,1.99077,2.28447,-1.12803
-1.24281,-2.14889,-1.98279,1.99014,2.28627,-1.12749
-1.24359,-2.14895,-1.98211,1.98986,2.28790,-1.12653
-1.24437,-2.14900,-1.98145,1.98957,2.28953,-1.12557
-1.24515,-2.14904,-1.98079,1.98928,2.29118,-1.12458
-1.24593,-2.14908,-1.98012,1.98899,2.29283,-1.12361
-1.24538,-2.14947,-1.97967,1.98988,2.29223,-1.12233
-1.24483,-2.14986,-1.97921,1.99075,2.29165,-1.12104
-1.24463,-2.15024,-1.97838,1.99135,2.29145,-1.12048
-1.24442,-2.15060,-1.97758,1.99195,2.29123,-1.11993
-1.24421,-2.15099,-1.97682,1.99266,2.29102,-1.11923
-1.24401,-2.15137,-1.97606,1.99335,2.29082,-1.11852
-1.24378,-2.15172,-1.97525,1.99395,2.29061,-1.11787
-1.24356,-2.15208,-1.97445,1.99454,2.29041,-1.11721
-1.24330,-2.15246,-1.97376,1.99529,2.29016,-1.11639
-1.24305,-2.15284,-1.97308,1.99604,2.28990,-1.11558
-1.24274,-2.15323,-1.97228,1.99668,2.28957,-1.11497
-1.24244,-2.15362,-1.97147,1.99732,2.28924,-1.11436
-1.24218,-2.15398,-1.97072,1.99799,2.28901,-1.11348
-1.24192,-2.15435,-1.96995,1.99866,2.28878,-1.11259
-1.24158,-2.15475,-1.96925,1.99943,2.28845,-1.11164
-1.24125,-2.15514,-1.96854,2.00020,2.28813,-1.11068
-1.24098,-2.15554,-1.96777,2.00092,2.28786,-1.10988
-1.24069,-2.15593,-1.96700,2.00163,2.28758,-1.10907
-1.24033,-2.15635,-1.96619,2.00239,2.28720,-1.10820
-1.23997,-2.15678,-1.96539,2.00315,2.28682,-1.10734
-1.23975,-2.15717,-1.96453,2.00382,2.28662,-1.10666
-1.23953,-2.15757,-1.96367,2.00449,2.28640,-1.10599
-1.23923,-2.15791,-1.96324,2.00531,2.28610,-1.10488
-1.23895,-2.15824,-1.96282,2.00613,2.28582,-1.10377
-1.23856,-2.15874,-1.96171,2.00687,2.28538,-1.10310
-1.23818,-2.15924,-1.96062,2.00759,2.28495,-1.10244
-1.23789,-2.15964,-1.95987,2.00835,2.28464,-1.10156
-1.23758,-2.16005,-1.95912,2.00912,2.28431,-1.10068
-1.23731,-2.16042,-1.95834,2.00977,2.28407,-1.09990
-1.23704,-2.16079,-1.95754,2.01043,2.28381,-1.09910
-1.23669,-2.16122,-1.95680,2.01124,2.28342,-1.09822
-1.23636,-2.16164,-1.95606,2.01203,2.28304,-1.09735
-1.23618,-2.16199,-1.95533,2.01271,2.28291,-1.09650
-1.23599,-2.16234,-1.95459,2.01338,2.28279,-1.09567
-1.23561,-2.16279,-1.95370,2.01413,2.28233,-1.09494
-1.23522,-2.16325,-1.95280,2.01489,2.28186,-1.09422
-1.23505,-2.16362,-1.95203,2.01557,2.28174,-1.09345
-1.23488,-2.16398,-1.95126,2.01625,2.28161,-1.09267
-1.23454,-2.16441,-1.95045,2.01703,2.28126,-1.09179
-1.23421,-2.16484,-1.94964,2.01782,2.28090,-1.09092
-1.23395,-2.16524,-1.94881,2.01852,2.28064,-1.09017
-1.23369,-2.16565,-1.94796,2.01923,2.28038,-1.08940
-1.23330,-2.16611,-1.94704,2.01998,2.27991,-1.08866
-1.23290,-2.16658,-1.94612,2.02074,2.27944,-1.08792
-1.23307,-2.16676,-1.94545,2.02109,2.27975,-1.08754
-1.23323,-2.16694,-1.94479,2.02143,2.28004,-1.08717
-1.23296,-2.16735,-1.94391,2.02214,2.27977,-1.08639
-1.23270,-2.16777,-1.94303,2.02286,2.27951,-1.08562
-1.23240,-2.16817,-1.94222,2.02356,2.27916,-1.08475
-1.23212,-2.16858,-1.94141,2.02425,2.27884,-1.08388
-1.23186,-2.16899,-1.94045,2.02490,2.27857,-1.08337
-1.23160,-2.16941,-1.93951,2.02553,2.27830,-1.08287
-1.23171,-2.16918,-1.93982,2.02565,2.27879,-1.08125
-1.23182,-2.16895,-1.94013,2.02577,2.27928,-1.07965
-1.23203,-2.16861,-1.94056,2.02568,2.27990,-1.07831
-1.23223,-2.16826,-1.94101,2.02558,2.28052,-1.07699
-1.23249,-2.16787,-1.94152,2.02538,2.28114,-1.07579
-1.23275,-2.16747,-1.94205,2.02517,2.28177,-1.07460
-1.23319,-2.16708,-1.94248,2.02492,2.28258,-1.07370
-1.23362,-2.16670,-1.94291,2.02468,2.28339,-1.07280
-1.23381,-2.16638,-1.94328,2.02461,2.28397,-1.07144
-1.23401,-2.16607,-1.94364,2.02453,2.28455,-1.07008
-1.23422,-2.16572,-1.94407,2.02437,2.28513,-1.06891
-1.23443,-2.16537,-1.94449,2.02420,2.28570,-1.06775
-1.23483,-2.16504,-1.94476,2.02403,2.28650,-1.06673
-1.23522,-2.16472,-1.94501,2.02386,2.28729,-1.06571
-1.23556,-2.16435,-1.94543,2.02366,2.28800,-1.06459
-1.23591,-2.16400,-1.94584,2.02347,2.28870,-1.06349
-1.23624,-2.16369,-1.94605,2.02330,2.28946,-1.06248
-1.23659,-2.16338,-1.94624,2.02314,2.29023,-1.06147
-1.23671,-2.16341,-1.94587,2.02330,2.29053,-1.06091
-1.23682,-2.16344,-1.94550,2.02345,2.29082,-1.06033
-1.23694,-2.16348,-1.94513,2.02360,2.29111,-1.05978
-1.23706,-2.16351,-1.94476,2.02375,2.29142,-1.05922
-1.23718,-2.16354,-1.94440,2.02390,2.29171,-1.05866
-1.23730,-2.16357,-1.94404,2.02405,2.29200,-1.05809
-1.23774,-2.16327,-1.94418,2.02381,2.29282,-1.05737
-1.23820,-2.16298,-1.94431,2.02357,2.29364,-1.05667
-1.23864,-2.16250,-1.94466,2.02312,2.29467,-1.05573
-1.23908,-2.16202,-1.94500,2.02269,2.29568,-1.05477
-1.23950,-2.16188,-1.94491,2.02259,2.29630,-1.05420
-1.23991,-2.16174,-1.94482,2.02248,2.29691,-1.05364
-1.24049,-2.16139,-1.94504,2.02220,2.29789,-1.05283
-1.24105,-2.16105,-1.94525,2.02193,2.29886,-1.05202
-1.24148,-2.16075,-1.94530,2.02167,2.29970,-1.05126
-1.24191,-2.16045,-1.94537,2.02139,2.30053,-1.05052
-1.24207,-2.16047,-1.94495,2.02157,2.30095,-1.04969
-1.24223,-2.16050,-1.94453,2.02175,2.30136,-1.04888
-1.24238,-2.16053,-1.94412,2.02193,2.30176,-1.04809
-1.24252,-2.16055,-1.94373,2.02211,2.30215,-1.04731
-1.24267,-2.16057,-1.94333,2.02228,2.30255,-1.04650
-1.24283,-2.16058,-1.94294,2.02245,2.30296,-1.04569
-1.24300,-2.16059,-1.94257,2.02260,2.30338,-1.04491
-1.24316,-2.16059,-1.94218,2.02276,2.30379,-1.04414
-1.24320,-2.16064,-1.94174,2.02296,2.30407,-1.04334
-1.24326,-2.16070,-1.94127,2.02316,2.30437,-1.04253
-1.24347,-2.16072,-1.94087,2.02334,2.30483,-1.04171
-1.24367,-2.16074,-1.94046,2.02353,2.30528,-1.04089
-1.24382,-2.16077,-1.94003,2.02371,2.30567,-1.04015
-1.24397,-2.16081,-1.93961,2.02389,2.30604,-1.03941
-1.24382,-2.16115,-1.93948,2.02404,2.30610,-1.03897
-1.24366,-2.16149,-1.93936,2.02421,2.30613,-1.03856
-1.24424,-2.16107,-1.94036,2.02344,2.30736,-1.03771
-1.24482,-2.16065,-1.94136,2.02267,2.30860,-1.03686
-1.24458,-2.16106,-1.94116,2.02295,2.30853,-1.03629
-1.24432,-2.16146,-1.94099,2.02325,2.30845,-1.03574
-1.24509,-2.16085,-1.94203,2.02216,2.31005,-1.03527
-1.24587,-2.16024,-1.94308,2.02107,2.31166,-1.03479
-1.24644,-2.15982,-1.94395,2.02023,2.31290,-1.03413
-1.24702,-2.15940,-1.94483,2.01938,2.31415,-1.03348
-1.24788,-2.15882,-1.94584,2.01820,2.31569,-1.03336
-1.24873,-2.15824,-1.94684,2.01702,2.31722,-1.03324
-1.24942,-2.15785,-1.94770,2.01624,2.31851,-1.03258
-1.25011,-2.15747,-1.94855,2.01547,2.31980,-1.03191
-1.25051,-2.15708,-1.94931,2.01466,2.32092,-1.03128
-1.25092,-2.15670,-1.95006,2.01386,2.32204,-1.03064
-1.25137,-2.15632,-1.95085,2.01308,2.32316,-1.03001
-1.25182,-2.15593,-1.95166,2.01229,2.32429,-1.02938
-1.25245,-2.15564,-1.95230,2.01154,2.32547,-1.02877
-1.25310,-2.15533,-1.95295,2.01078,2.32666,-1.02816
-1.25387,-2.15481,-1.95381,2.00975,2.32818,-1.02794
-1.25464,-2.15427,-1.95467,2.00872,2.32972,-1.02770
-1.25525,-2.15380,-1.95568,2.00786,2.33103,-1.02701
-1.25587,-2.15332,-1.95669,2.00702,2.33235,-1.02630
-1.25619,-2.15327,-1.95689,2.00655,2.33314,-1.02610
-1.25651,-2.15321,-1.95712,2.00608,2.33392,-1.02591
-1.25668,-2.15347,-1.95700,2.00605,2.33434,-1.02560
-1.25685,-2.15372,-1.95687,2.00603,2.33476,-1.02527
-1.25737,-2.15334,-1.95751,2.00515,2.33599,-1.02497
-1.25788,-2.15295,-1.95816,2.00428,2.33721,-1.02468
-1.25837,-2.15285,-1.95838,2.00371,2.33819,-1.02458
-1.25887,-2.15274,-1.95857,2.00315,2.33920,-1.02445
-1.25918,-2.15289,-1.95851,2.00286,2.33977,-1.02433
-1.25950,-2.15303,-1.95846,2.00257,2.34034,-1.02424
-1.26028,-2.15257,-1.95910,2.00156,2.34190,-1.02423
-1.26108,-2.15209,-1.95976,2.00054,2.34348,-1.02422
-1.26142,-2.15208,-1.95999,2.00012,2.34414,-1.02394
-1.26175,-2.15207,-1.96024,1.99969,2.34479,-1.02369
-1.26217,-2.15199,-1.96043,1.99918,2.34574,-1.02367
-1.26258,-2.15192,-1.96060,1.99868,2.34668,-1.02365
-1.26342,-2.15156,-1.96107,1.99768,2.34813,-1.02389
-1.26426,-2.15120,-1.96154,1.99668,2.34960,-1.02412
-1.26461,-2.15117,-1.96165,1.99627,2.35039,-1.02381
-1.26495,-2.15116,-1.96177,1.99587,2.35118,-1.02349
-1.26534,-2.15101,-1.96202,1.99526,2.35217,-1.02341
-1.26573,-2.15085,-1.96229,1.99465,2.35315,-1.02335
-1.26645,-2.15067,-1.96255,1.99390,2.35434,-1.02339
-1.26717,-2.15049,-1.96282,1.99315,2.35552,-1.02346
-1.26774,-2.15030,-1.96309,1.99244,2.35664,-1.02345
-1.26831,-2.15011,-1.96338,1.99173,2.35775,-1.02346
-1.26898,-2.14985,-1.96380,1.99098,2.35899,-1.02338
-1.26965,-2.14958,-1.96423,1.99023,2.36022,-1.02331
-1.27021,-2.14936,-1.96452,1.98947,2.36135,-1.02334
-1.27076,-2.14915,-1.96480,1.98872,2.36245,-1.02338
-1.27137,-2.14891,-1.96510,1.98796,2.36365,-1.02334
-1.27196,-2.14866,-1.96543,1.98719,2.36483,-1.02333
-1.27260,-2.14839,-1.96573,1.98640,2.36607,-1.02331
-1.27322,-2.14813,-1.96605,1.98561,2.36728,-1.02330
-1.27373,-2.14789,-1.96641,1.98486,2.36838,-1.02329
-1.27424,-2.14764,-1.96675,1.98411,2.36949,-1.02327
-1.27486,-2.14738,-1.96707,1.98332,2.37071,-1.02323
-1.27547,-2.14712,-1.96740,1.98253,2.37192,-1.02320
-1.27611,-2.14684,-1.96774,1.98173,2.37316,-1.02318
-1.27674,-2.14656,-1.96809,1.98091,2.37439,-1.02316
-1.27729,-2.14627,-1.96844,1.98014,2.37561,-1.02297
-1.27785,-2.14599,-1.96880,1.97937,2.37683,-1.02279
-1.27841,-2.14575,-1.96911,1.97864,2.37799,-1.02263
-1.27897,-2.14551,-1.96945,1.97791,2.37916,-1.02245
-1.27951,-2.14531,-1.96969,1.97723,2.38031,-1.02226
-1.28004,-2.14510,-1.96995,1.97656,2.38145,-1.02207
-1.28051,-2.14490,-1.97019,1.97590,2.38256,-1.02185
-1.28099,-2.14470,-1.97042,1.97524,2.38369,-1.02160
-1.28146,-2.14457,-1.97063,1.97464,2.38469,-1.02151
-1.28192,-2.14443,-1.97083,1.97404,2.38569,-1.02142
-1.28302,-2.14399,-1.97122,1.97279,2.38737,-1.02199
-1.28412,-2.14353,-1.97161,1.97151,2.38906,-1.02256
-1.28423,-2.14350,-1.97188,1.97127,2.38973,-1.02183
-1.28433,-2.14347,-1.97215,1.97103,2.39038,-1.02111
-1.28496,-2.14319,-1.97247,1.97019,2.39163,-1.02114
-1.28560,-2.14291,-1.97279,1.96935,2.39286,-1.02120
-1.28612,-2.14270,-1.97305,1.96866,2.39396,-1.02110
-1.28663,-2.14250,-1.97332,1.96797,2.39504,-1.02103
-1.28721,-2.14226,-1.97362,1.96720,2.39621,-1.02101
-1.28778,-2.14201,-1.97392,1.96643,2.39737,-1.02098
-1.28843,-2.14173,-1.97401,1.96542,2.39864,-1.02152
-1.28908,-2.14145,-1.97408,1.96441,2.39993,-1.02202
-1.28968,-2.14116,-1.97443,1.96352,2.40113,-1.02210
-1.29028,-2.14087,-1.97474,1.96264,2.40234,-1.02213
-1.29090,-2.14061,-1.97506,1.96185,2.40354,-1.02219
-1.29151,-2.14035,-1.97538,1.96106,2.40471,-1.02229
-1.29204,-2.14008,-1.97589,1.96041,2.40585,-1.02189
-1.29257,-2.13980,-1.97640,1.95977,2.40698,-1.02147
-1.29323,-2.13948,-1.97671,1.95887,2.40826,-1.02155
-1.29388,-2.13916,-1.97703,1.95797,2.40954,-1.02165
-1.29461,-2.13880,-1.97739,1.95705,2.41091,-1.02175
-1.29535,-2.13845,-1.97774,1.95612,2.41230,-1.02184
-1.29616,-2.13803,-1.97813,1.95501,2.41375,-1.02217
-1.29698,-2.13760,-1.97850,1.95391,2.41522,-1.02248
-1.29763,-2.13735,-1.97866,1.95296,2.41643,-1.02289
-1.29827,-2.13710,-1.97881,1.95200,2.41763,-1.02333
-1.29955,-2.13643,-1.97910,1.95049,2.41983,-1.02360
-1.30082,-2.13575,-1.97939,1.94896,2.42202,-1.02387
-1.30220,-2.13505,-1.97965,1.94731,2.42425,-1.02454
-1.30357,-2.13434,-1.97990,1.94565,2.42647,-1.02522
-1.30458,-2.13381,-1.98025,1.94453,2.42833,-1.02508
-1.30559,-2.13329,-1.98060,1.94341,2.43019,-1.02495
-1.30735,-2.13234,-1.98081,1.94110,2.43298,-1.02636
-1.30910,-2.13139,-1.98102,1.93879,2.43576,-1.02777
-1.30995,-2.13088,-1.98137,1.93787,2.43760,-1.02689
-1.31081,-2.13038,-1.98172,1.93696,2.43943,-1.02601
-1.31211,-2.12974,-1.98190,1.93537,2.44158,-1.02668
-1.31341,-2.12910,-1.98207,1.93377,2.44373,-1.02736
-1.31499,-2.12830,-1.98220,1.93188,2.44627,-1.02831
-1.31657,-2.12750,-1.98232,1.92995,2.44883,-1.02928
-1.31721,-2.12727,-1.98231,1.92918,2.45019,-1.02918
-1.31785,-2.12705,-1.98231,1.92841,2.45153,-1.02908
-1.31829,-2.12686,-1.98234,1.92781,2.45280,-1.02862
-1.31873,-2.12667,-1.98237,1.92721,2.45409,-1.02815
-1.31967,-2.12620,-1.98248,1.92605,2.45590,-1.02818
-1.32060,-2.12573,-1.98260,1.92487,2.45769,-1.02823
-1.32156,-2.12525,-1.98273,1.92361,2.45949,-1.02814
-1.32253,-2.12477,-1.98285,1.92234,2.46130,-1.02806
-1.32379,-2.12425,-1.98269,1.92086,2.46345,-1.02880
-1.32505,-2.12372,-1.98253,1.91937,2.46561,-1.02954
-1.32601,-2.12322,-1.98267,1.91815,2.46747,-1.02961
-1.32696,-2.12272,-1.98281,1.91693,2.46932,-1.02970
-1.32806,-2.12203,-1.98309,1.91542,2.47146,-1.02967
-1.32915,-2.12133,-1.98339,1.91389,2.47358,-1.02966
-1.33026,-2.12077,-1.98351,1.91247,2.47560,-1.03001
-1.33137,-2.12021,-1.98360,1.91105,2.47761,-1.03033
-1.33235,-2.11984,-1.98352,1.90984,2.47931,-1.03091
-1.33334,-2.11946,-1.98343,1.90863,2.48101,-1.03150
-1.33445,-2.11891,-1.98353,1.90725,2.48302,-1.03189
-1.33557,-2.11834,-1.98363,1.90587,2.48502,-1.03228
-1.33642,-2.11770,-1.98407,1.90453,2.48686,-1.03196
-1.33728,-2.11706,-1.98452,1.90318,2.48870,-1.03165
-1.33851,-2.11630,-1.98494,1.90155,2.49088,-1.03172
-1.33974,-2.11554,-1.98535,1.89990,2.49308,-1.03179
-1.34084,-2.11499,-1.98547,1.89845,2.49507,-1.03221
-1.34194,-2.11444,-1.98556,1.89701,2.49705,-1.03262
-1.34311,-2.11376,-1.98579,1.89540,2.49918,-1.03294
-1.34429,-2.11306,-1.98601,1.89377,2.50132,-1.03329
-1.34549,-2.11235,-1.98623,1.89210,2.50350,-1.03367
-1.34668,-2.11163,-1.98647,1.89043,2.50566,-1.03406
-1.34788,-2.11085,-1.98672,1.88861,2.50786,-1.03471
-1.34907,-2.11008,-1.98694,1.88680,2.51006,-1.03535
-1.35026,-2.10942,-1.98717,1.88520,2.51218,-1.03561
-1.35145,-2.10876,-1.98740,1.88361,2.51429,-1.03585
-1.35260,-2.10805,-1.98754,1.88185,2.51643,-1.03660
-1.35376,-2.10734,-1.98767,1.88008,2.51858,-1.03733
-1.35493,-2.10663,-1.98788,1.87837,2.52072,-1.03780
-1.35610,-2.10592,-1.98809,1.87666,2.52287,-1.03826
-1.35727,-2.10520,-1.98830,1.87493,2.52503,-1.03871
-1.35843,-2.10449,-1.98852,1.87320,2.52716,-1.03918
-1.35961,-2.10377,-1.98872,1.87145,2.52934,-1.03968
-1.36080,-2.10306,-1.98890,1.86970,2.53152,-1.04016
-1.36236,-2.10201,-1.98933,1.86739,2.53420,-1.04082
-1.36391,-2.10096,-1.98975,1.86508,2.53688,-1.04148
-1.36515,-2.10020,-1.98992,1.86315,2.53910,-1.04244
-1.36639,-2.09944,-1.99012,1.86120,2.54130,-1.04342
-1.36709,-2.09907,-1.99010,1.86010,2.54288,-1.04340
-1.36779,-2.09871,-1.99006,1.85901,2.54447,-1.04335
-1.36892,-2.09800,-1.99026,1.85718,2.54659,-1.04394
-1.37006,-2.09728,-1.99046,1.85535,2.54871,-1.04455
-1.37179,-2.09622,-1.99080,1.85284,2.55149,-1.04567
-1.37350,-2.09517,-1.99115,1.85032,2.55426,-1.04681
-1.37428,-2.09477,-1.99108,1.84896,2.55587,-1.04737
-1.37503,-2.09437,-1.99104,1.84761,2.55745,-1.04793
-1.37687,-2.09327,-1.99125,1.84474,2.56026,-1.05011
-1.37871,-2.09216,-1.99149,1.84185,2.56306,-1.05234
-1.37994,-2.09131,-1.99182,1.83975,2.56530,-1.05331
-1.38118,-2.09045,-1.99216,1.83761,2.56754,-1.05434
-1.38264,-2.08946,-1.99247,1.83506,2.57004,-1.05542
-1.38411,-2.08846,-1.99280,1.83247,2.57251,-1.05656
-1.38556,-2.08754,-1.99303,1.83000,2.57493,-1.05808
-1.38700,-2.08662,-1.99328,1.82753,2.57733,-1.05961
-1.38857,-2.08549,-1.99377,1.82487,2.58003,-1.06097
-1.39013,-2.08435,-1.99427,1.82219,2.58272,-1.06235
-1.39155,-2.08342,-1.99451,1.81968,2.58508,-1.06392
-1.39297,-2.08249,-1.99473,1.81717,2.58743,-1.06552
-1.39423,-2.08181,-1.99458,1.81494,2.58954,-1.06712
-1.39549,-2.08113,-1.99443,1.81269,2.59166,-1.06872
-1.39795,-2.07911,-1.99550,1.80804,2.59539,-1.07138
-1.40040,-2.07707,-1.99659,1.80333,2.59911,-1.07413
-1.40143,-2.07650,-1.99650,1.80156,2.60110,-1.07500
-1.40244,-2.07594,-1.99645,1.79979,2.60304,-1.07590
-1.40367,-2.07504,-1.99666,1.79744,2.60530,-1.07718
-1.40489,-2.07414,-1.99686,1.79508,2.60755,-1.07848
-1.40642,-2.07298,-1.99722,1.79208,2.61016,-1.08025
-1.40795,-2.07181,-1.99757,1.78905,2.61279,-1.08202
-1.40946,-2.07089,-1.99760,1.78632,2.61521,-1.08414
-1.41097,-2.06997,-1.99760,1.78358,2.61764,-1.08624
-1.41208,-2.06938,-1.99759,1.78161,2.61955,-1.08762
-1.41320,-2.06879,-1.99756,1.77963,2.62146,-1.08901
-1.41445,-2.06784,-1.99793,1.77705,2.62363,-1.09054
-1.41570,-2.06689,-1.99830,1.77447,2.62580,-1.09209
-1.41727,-2.06613,-1.99777,1.77164,2.62820,-1.09506
-1.41882,-2.06536,-1.99728,1.76878,2.63059,-1.09810
-1.41981,-2.06488,-1.99719,1.76693,2.63223,-1.09965
-1.42080,-2.06440,-1.99711,1.76509,2.63386,-1.10120
-1.42205,-2.06368,-1.99703,1.76236,2.63530,-1.10497
-1.42329,-2.06295,-1.99698,1.75960,2.63672,-1.10878
-1.42437,-2.06236,-1.99689,1.75750,2.63817,-1.11106
-1.42545,-2.06177,-1.99680,1.75540,2.63961,-1.11334
-1.42600,-2.06121,-1.99730,1.75388,2.64067,-1.11433
-1.42655,-2.06067,-1.99780,1.75238,2.64171,-1.11530
-1.42743,-2.06005,-1.99797,1.75037,2.64304,-1.11726
-1.42830,-2.05944,-1.99815,1.74835,2.64434,-1.11926
-1.42891,-2.05929,-1.99800,1.74690,2.64474,-1.12226
-1.42952,-2.05915,-1.99784,1.74546,2.64512,-1.12526
-1.43045,-2.05861,-1.99777,1.74359,2.64681,-1.12640
-1.43138,-2.05808,-1.99769,1.74172,2.64848,-1.12755
-1.43186,-2.05786,-1.99749,1.74048,2.64935,-1.12914
-1.43234,-2.05764,-1.99727,1.73924,2.65023,-1.13074
-1.43336,-2.05688,-1.99778,1.73669,2.65139,-1.13379
-1.43438,-2.05611,-1.99830,1.73413,2.65255,-1.13686
-1.43492,-2.05573,-1.99845,1.73291,2.65367,-1.13734
-1.43546,-2.05535,-1.99861,1.73168,2.65479,-1.13784
-1.43630,-2.05466,-1.99885,1.72945,2.65605,-1.14041
-1.43714,-2.05397,-1.99908,1.72721,2.65731,-1.14302
-1.43781,-2.05354,-1.99921,1.72574,2.65845,-1.14404
-1.43849,-2.05311,-1.99932,1.72426,2.65960,-1.14506
-1.43914,-2.05284,-1.99914,1.72260,2.66042,-1.14762
-1.43979,-2.05257,-1.99893,1.72095,2.66125,-1.15017
-1.44060,-2.05202,-1.99891,1.71903,2.66277,-1.15156
-1.44142,-2.05147,-1.99889,1.71710,2.66428,-1.15295
-1.44216,-2.05070,-1.99952,1.71522,2.66559,-1.15404
-1.44290,-2.04992,-2.00013,1.71331,2.66691,-1.15515
-1.44343,-2.04976,-1.99987,1.71234,2.66790,-1.15586
-1.44395,-2.04960,-1.99960,1.71135,2.66889,-1.15657
-1.44457,-2.04933,-1.99948,1.70978,2.66969,-1.15881
-1.44518,-2.04906,-1.99934,1.70822,2.67048,-1.16104
-1.44590,-2.04838,-1.99981,1.70619,2.67166,-1.16272
-1.44662,-2.04770,-2.00028,1.70414,2.67285,-1.16442
-1.44748,-2.04711,-2.00036,1.70211,2.67442,-1.16596
-1.44833,-2.04654,-2.00043,1.70008,2.67598,-1.16750
-1.44890,-2.04609,-2.00058,1.69824,2.67671,-1.16995
-1.44947,-2.04564,-2.00072,1.69641,2.67743,-1.17239
-1.45024,-2.04521,-2.00074,1.69461,2.67861,-1.17426
-1.45100,-2.04478,-2.00077,1.69280,2.67980,-1.17614
-1.45177,-2.04410,-2.00114,1.69044,2.68102,-1.17859
-1.45255,-2.04342,-2.00150,1.68805,2.68225,-1.18109
-1.45304,-2.04318,-2.00155,1.68692,2.68305,-1.18208
-1.45353,-2.04294,-2.00158,1.68581,2.68386,-1.18304
-1.45419,-2.04239,-2.00195,1.68368,2.68467,-1.18569
-1.45485,-2.04185,-2.00232,1.68158,2.68545,-1.18836
-1.45561,-2.04122,-2.00254,1.67960,2.68689,-1.18977
-1.45636,-2.04057,-2.00278,1.67759,2.68833,-1.19122
-1.45709,-2.04004,-2.00298,1.67542,2.68929,-1.19378
-1.45782,-2.03952,-2.00316,1.67328,2.69026,-1.19630
-1.45827,-2.03907,-2.00348,1.67194,2.69108,-1.19737
-1.45873,-2.03863,-2.00377,1.67060,2.69193,-1.19840
-1.45949,-2.03804,-2.00403,1.66837,2.69296,-1.20086
-1.46025,-2.03745,-2.00429,1.66615,2.69399,-1.20331
-1.46071,-2.03723,-2.00402,1.66500,2.69494,-1.20418
-1.46117,-2.03702,-2.00375,1.66386,2.69590,-1.20505
-1.46164,-2.03660,-2.00395,1.66248,2.69674,-1.20611
-1.46211,-2.03618,-2.00415,1.66110,2.69761,-1.20716
-1.46273,-2.03561,-2.00450,1.65923,2.69851,-1.20902
-1.46333,-2.03504,-2.00486,1.65737,2.69938,-1.21088
-1.46399,-2.03483,-2.00432,1.65623,2.70067,-1.21175
-1.46465,-2.03461,-2.00381,1.65508,2.70194,-1.21266
-1.46544,-2.03408,-2.00374,1.65307,2.70342,-1.21415
-1.46622,-2.03355,-2.00367,1.65107,2.70489,-1.21566
-1.46647,-2.03326,-2.00398,1.65004,2.70522,-1.21688
-1.46671,-2.03297,-2.00428,1.64902,2.70553,-1.21810
-1.46735,-2.03228,-2.00489,1.64670,2.70629,-1.22056
-1.46798,-2.03161,-2.00549,1.64443,2.70702,-1.22298
-1.46876,-2.03127,-2.00497,1.64287,2.70876,-1.22393
-1.46954,-2.03093,-2.00446,1.64133,2.71047,-1.22486
-1.47081,-2.02965,-2.00538,1.63702,2.71251,-1.22875
-1.47207,-2.02837,-2.00631,1.63272,2.71454,-1.23262
-1.47258,-2.02790,-2.00662,1.63098,2.71521,-1.23464
-1.47308,-2.02744,-2.00693,1.62925,2.71588,-1.23665
-1.47397,-2.02684,-2.00685,1.62677,2.71747,-1.23875
-1.47486,-2.02625,-2.00677,1.62428,2.71907,-1.24086
-1.47559,-2.02537,-2.00756,1.62153,2.72014,-1.24336
-1.47632,-2.02448,-2.00837,1.61874,2.72121,-1.24589
-1.47698,-2.02380,-2.00885,1.61640,2.72228,-1.24801
-1.47765,-2.02312,-2.00932,1.61407,2.72334,-1.25013
-1.47848,-2.02219,-2.01011,1.61091,2.72450,-1.25329
-1.47930,-2.02126,-2.01090,1.60775,2.72566,-1.25646
-1.47995,-2.02046,-2.01161,1.60529,2.72681,-1.25826
-1.48061,-2.01966,-2.01231,1.60283,2.72797,-1.26007
-1.48113,-2.01918,-2.01253,1.60104,2.72881,-1.26176
-1.48165,-2.01871,-2.01275,1.59927,2.72963,-1.26344
-1.48249,-2.01774,-2.01357,1.59595,2.73080,-1.26682
-1.48334,-2.01676,-2.01440,1.59259,2.73198,-1.27024
-1.48416,-2.01611,-2.01448,1.59017,2.73353,-1.27200
-1.48498,-2.01546,-2.01455,1.58774,2.73506,-1.27379
-1.48587,-2.01466,-2.01485,1.58472,2.73651,-1.27669
-1.48676,-2.01386,-2.01516,1.58167,2.73794,-1.27963
-1.48750,-2.01314,-2.01552,1.57907,2.73924,-1.28195
-1.48824,-2.01243,-2.01586,1.57649,2.74053,-1.28424
-1.48901,-2.01167,-2.01624,1.57385,2.74203,-1.28606
-1.48977,-2.01091,-2.01663,1.57117,2.74352,-1.28794
-1.49053,-2.01030,-2.01672,1.56864,2.74484,-1.29021
-1.49129,-2.00968,-2.01684,1.56607,2.74615,-1.29251
-1.49230,-2.00858,-2.01760,1.56211,2.74773,-1.29636
-1.49331,-2.00747,-2.01838,1.55814,2.74930,-1.30023
-1.49473,-2.00532,-2.02077,1.55140,2.75153,-1.30606
-1.49615,-2.00316,-2.02317,1.54463,2.75373,-1.31193
-1.49730,-2.00032,-2.02746,1.53667,2.75448,-1.32006
-1.49844,-1.99745,-2.03178,1.52864,2.75519,-1.32828
-1.49924,-1.99635,-2.03282,1.52489,2.75627,-1.33202
-1.50005,-1.99522,-2.03387,1.52108,2.75734,-1.33581
-1.50029,-1.99437,-2.03529,1.51888,2.75724,-1.33828
-1.50052,-1.99352,-2.03670,1.51669,2.75713,-1.34075
-1.50114,-1.99231,-2.03820,1.51310,2.75776,-1.34417
-1.50176,-1.99110,-2.03971,1.50950,2.75838,-1.34760
-1.50215,-1.99061,-2.04010,1.50774,2.75889,-1.34947
-1.50255,-1.99012,-2.04050,1.50595,2.75943,-1.35137
-1.50328,-1.98899,-2.04166,1.50221,2.76052,-1.35473
-1.50401,-1.98786,-2.04280,1.49849,2.76161,-1.35809
-1.50420,-1.98730,-2.04367,1.49691,2.76150,-1.36009
-1.50439,-1.98673,-2.04456,1.49532,2.76139,-1.36212
-1.50499,-1.98623,-2.04459,1.49315,2.76264,-1.36368
-1.50558,-1.98572,-2.04462,1.49095,2.76390,-1.36530
-1.50591,-1.98509,-2.04536,1.48908,2.76433,-1.36692
-1.50624,-1.98446,-2.04610,1.48720,2.76477,-1.36855
-1.50633,-1.98430,-2.04630,1.48653,2.76449,-1.37009
-1.50641,-1.98414,-2.04653,1.48586,2.76419,-1.37164
-1.50679,-1.98378,-2.04667,1.48425,2.76468,-1.37357
-1.50716,-1.98341,-2.04684,1.48264,2.76516,-1.37551
-1.50926,-1.97894,-2.05240,1.46931,2.76755,-1.38746
-1.51134,-1.97438,-2.05801,1.45578,2.76988,-1.39957
-1.51144,-1.97392,-2.05881,1.45462,2.76966,-1.40103
-1.51154,-1.97346,-2.05959,1.45348,2.76945,-1.40243
-1.51227,-1.97198,-2.06124,1.44891,2.77031,-1.40665
-1.51300,-1.97050,-2.06290,1.44431,2.77117,-1.41090
-1.51399,-1.96879,-2.06461,1.43860,2.77230,-1.41678
-1.51499,-1.96707,-2.06633,1.43282,2.77344,-1.42270
-1.51533,-1.96610,-2.06762,1.43015,2.77360,-1.42536
-1.51567,-1.96513,-2.06892,1.42745,2.77378,-1.42803
-1.51656,-1.96379,-2.06997,1.42268,2.77524,-1.43243
-1.51746,-1.96244,-2.07104,1.41785,2.77669,-1.43691
-1.51830,-1.96075,-2.07283,1.41252,2.77770,-1.44185
-1.51914,-1.95904,-2.07463,1.40714,2.77868,-1.44683
-1.51921,-1.95652,-2.07916,1.40203,2.77704,-1.45222
-1.51927,-1.95400,-2.08364,1.39697,2.77538,-1.45754
-1.51964,-1.95322,-2.08447,1.39452,2.77576,-1.45992
-1.52001,-1.95246,-2.08527,1.39214,2.77613,-1.46223
-1.52082,-1.95158,-2.08553,1.38843,2.77776,-1.46522
-1.52162,-1.95069,-2.08582,1.38467,2.77938,-1.46827
-1.52216,-1.94989,-2.08639,1.38176,2.78028,-1.47079
-1.52270,-1.94907,-2.08697,1.37882,2.78118,-1.47332
-1.52317,-1.94860,-2.08705,1.37664,2.78186,-1.47578
-1.52364,-1.94815,-2.08711,1.37446,2.78254,-1.47825
-1.52389,-1.94797,-2.08705,1.37347,2.78300,-1.47918
-1.52414,-1.94780,-2.08698,1.37248,2.78347,-1.48014
-1.52433,-1.94643,-2.08907,1.36943,2.78325,-1.48250
-1.52452,-1.94506,-2.09115,1.36640,2.78302,-1.48483
-1.52499,-1.94377,-2.09264,1.36274,2.78329,-1.48832
-1.52545,-1.94249,-2.09411,1.35910,2.78356,-1.49178
-1.52584,-1.94133,-2.09550,1.35584,2.78354,-1.49535
-1.52622,-1.94018,-2.09688,1.35261,2.78349,-1.49890
-1.52661,-1.93908,-2.09817,1.34944,2.78342,-1.50256
-1.52700,-1.93797,-2.09946,1.34628,2.78334,-1.50622
-1.52772,-1.93653,-2.10075,1.34164,2.78437,-1.51014
-1.52844,-1.93507,-2.10206,1.33696,2.78540,-1.51410
-1.52883,-1.93376,-2.10364,1.33342,2.78550,-1.51747
-1.52922,-1.93245,-2.10524,1.32987,2.78559,-1.52087
-1.53024,-1.92957,-2.10840,1.32167,2.78605,-1.52901
-1.53125,-1.92668,-2.11156,1.31343,2.78648,-1.53718
-1.53183,-1.92524,-2.11298,1.30915,2.78690,-1.54141
-1.53242,-1.92379,-2.11441,1.30482,2.78731,-1.54568
-1.53316,-1.92166,-2.11665,1.29865,2.78788,-1.55151
-1.53389,-1.91951,-2.11891,1.29244,2.78842,-1.55738
-1.53480,-1.91855,-2.11905,1.28803,2.79013,-1.56172
-1.53571,-1.91760,-2.11918,1.28362,2.79184,-1.56608
-1.53613,-1.91595,-2.12110,1.27935,2.79178,-1.56990
-1.53656,-1.91429,-2.12300,1.27509,2.79173,-1.57370
-1.53708,-1.91302,-2.12415,1.27121,2.79209,-1.57739
-1.53761,-1.91173,-2.12530,1.26729,2.79247,-1.58109
-1.53812,-1.91049,-2.12638,1.26348,2.79304,-1.58447
-1.53864,-1.90926,-2.12745,1.25965,2.79364,-1.58786
-1.53915,-1.90775,-2.12896,1.25521,2.79371,-1.59245
-1.53967,-1.90624,-2.13044,1.25080,2.79379,-1.59700
-1.54034,-1.90432,-2.13231,1.24528,2.79424,-1.60211
-1.54100,-1.90238,-2.13417,1.23972,2.79468,-1.60723
-1.54160,-1.90107,-2.13514,1.23540,2.79591,-1.61002
-1.54220,-1.89978,-2.13610,1.23109,2.79714,-1.61279
-1.54265,-1.89838,-2.13735,1.22680,2.79757,-1.61670
-1.54310,-1.89698,-2.13861,1.22250,2.79798,-1.62062
-1.54357,-1.89534,-2.14035,1.21810,2.79773,-1.62520
-1.54404,-1.89371,-2.14209,1.21372,2.79747,-1.62976
-1.54469,-1.89185,-2.14364,1.20796,2.79803,-1.63503
-1.54532,-1.89000,-2.14518,1.20222,2.79857,-1.64030
-1.54551,-1.88924,-2.14609,1.20015,2.79847,-1.64226
-1.54570,-1.88851,-2.14697,1.19813,2.79838,-1.64418
-1.54624,-1.88643,-2.14905,1.19237,2.79834,-1.64964
-1.54677,-1.88437,-2.15111,1.18666,2.79830,-1.65506
-1.54766,-1.88162,-2.15336,1.17897,2.79886,-1.66155
-1.54854,-1.87885,-2.15562,1.17122,2.79941,-1.66809
-1.54864,-1.87824,-2.15636,1.16925,2.79912,-1.67103
-1.54873,-1.87763,-2.15709,1.16723,2.79885,-1.67398
-1.54930,-1.87581,-2.15877,1.16225,2.79907,-1.67775
-1.54986,-1.87398,-2.16045,1.15722,2.79928,-1.68155
-1.55042,-1.87200,-2.16208,1.15145,2.79969,-1.68667
-1.55098,-1.87005,-2.16368,1.14571,2.80010,-1.69173
-1.55124,-1.86873,-2.16513,1.14245,2.79942,-1.69573
-1.55150,-1.86740,-2.16659,1.13917,2.79875,-1.69974
-1.55193,-1.86572,-2.16810,1.13421,2.79882,-1.70401
-1.55235,-1.86403,-2.16961,1.12925,2.79890,-1.70827
-1.55291,-1.86180,-2.17158,1.12311,2.79858,-1.71457
-1.55346,-1.85957,-2.17353,1.11700,2.79825,-1.72083
-1.55372,-1.85840,-2.17448,1.11354,2.79837,-1.72388
-1.55396,-1.85723,-2.17544,1.11008,2.79847,-1.72692
-1.55448,-1.85534,-2.17714,1.10494,2.79836,-1.73190
-1.55500,-1.85343,-2.17883,1.09974,2.79828,-1.73690
-1.55511,-1.85271,-2.17958,1.09757,2.79816,-1.73883
-1.55523,-1.85200,-2.18031,1.09540,2.79806,-1.74074
-1.55583,-1.84971,-2.18219,1.08900,2.79813,-1.74643
-1.55642,-1.84741,-2.18406,1.08261,2.79819,-1.75208
-1.55688,-1.84579,-2.18530,1.07777,2.79841,-1.75624
-1.55733,-1.84415,-2.18655,1.07290,2.79862,-1.76042
-1.55832,-1.84083,-2.18892,1.06350,2.79929,-1.76790
-1.55930,-1.83749,-2.19127,1.05405,2.79995,-1.77541
-1.55944,-1.83617,-2.19261,1.05111,2.79901,-1.77874
-1.55957,-1.83484,-2.19397,1.04816,2.79807,-1.78207
-1.56023,-1.83165,-2.19644,1.03985,2.79764,-1.78929
-1.56088,-1.82846,-2.19889,1.03157,2.79719,-1.79648
-1.56136,-1.82645,-2.20056,1.02605,2.79711,-1.80123
-1.56184,-1.82444,-2.20221,1.02054,2.79700,-1.80597
-1.56207,-1.82326,-2.20298,1.01684,2.79715,-1.80915
-1.56229,-1.82209,-2.20377,1.01314,2.79728,-1.81235
-1.56245,-1.82033,-2.20544,1.00933,2.79640,-1.81603
-1.56260,-1.81857,-2.20711,1.00555,2.79549,-1.81969
-1.56287,-1.81767,-2.20782,1.00255,2.79575,-1.82203
-1.56314,-1.81677,-2.20851,0.99956,2.79602,-1.82437
-1.56328,-1.81537,-2.20975,0.99629,2.79533,-1.82760
-1.56343,-1.81398,-2.21096,0.99298,2.79466,-1.83087
-1.56355,-1.81303,-2.21179,0.99040,2.79440,-1.83326
-1.56368,-1.81210,-2.21260,0.98785,2.79415,-1.83562
-1.56401,-1.81037,-2.21376,0.98293,2.79412,-1.83939
-1.56434,-1.80861,-2.21495,0.97800,2.79405,-1.84316
-1.56462,-1.80642,-2.21676,0.97304,2.79316,-1.84803
-1.56491,-1.80421,-2.21857,0.96804,2.79227,-1.85292
-1.56507,-1.80287,-2.21975,0.96477,2.79164,-1.85606
-1.56525,-1.80153,-2.22091,0.96149,2.79102,-1.85920
-1.56512,-1.80172,-2.22092,0.96133,2.79105,-1.85948
-1.56500,-1.80193,-2.22092,0.96123,2.79107,-1.85970
-1.56604,-1.79774,-2.22353,0.95046,2.79093,-1.86834
-1.56707,-1.79352,-2.22614,0.93965,2.79076,-1.87697
-1.56689,-1.79307,-2.22672,0.93882,2.78993,-1.87818
-1.56671,-1.79264,-2.22728,0.93801,2.78911,-1.87938
-1.56683,-1.79150,-2.22830,0.93532,2.78868,-1.88166
-1.56695,-1.79038,-2.22932,0.93266,2.78824,-1.88393
-1.56730,-1.78834,-2.23073,0.92754,2.78774,-1.88848
-1.56765,-1.78630,-2.23213,0.92241,2.78725,-1.89301
-1.56760,-1.78549,-2.23287,0.92061,2.78664,-1.89453
-1.56754,-1.78468,-2.23361,0.91884,2.78603,-1.89602
-1.56797,-1.78274,-2.23489,0.91361,2.78607,-1.89984
-1.56839,-1.78080,-2.23617,0.90837,2.78608,-1.90367
-1.56868,-1.77903,-2.23739,0.90393,2.78568,-1.90715
-1.56896,-1.77725,-2.23862,0.89949,2.78526,-1.91062
-1.56935,-1.77491,-2.24005,0.89372,2.78477,-1.91514
-1.56974,-1.77258,-2.24146,0.88796,2.78426,-1.91964
-1.56994,-1.77144,-2.24235,0.88491,2.78413,-1.92195
-1.57015,-1.77030,-2.24322,0.88183,2.78401,-1.92428
-1.57080,-1.76694,-2.24515,0.87349,2.78372,-1.93066
-1.57144,-1.76356,-2.24707,0.86515,2.78339,-1.93703
-1.57164,-1.76217,-2.24788,0.86107,2.78350,-1.93969
-1.57185,-1.76080,-2.24868,0.85703,2.78362,-1.94231
-1.57225,-1.75866,-2.24990,0.85118,2.78373,-1.94639
-1.57266,-1.75650,-2.25111,0.84529,2.78383,-1.95048
-1.57309,-1.75456,-2.25223,0.83979,2.78410,-1.95413
-1.57351,-1.75262,-2.25334,0.83423,2.78438,-1.95783
-1.57386,-1.75076,-2.25437,0.82887,2.78462,-1.96134
-1.57421,-1.74887,-2.25541,0.82346,2.78484,-1.96488
-1.57446,-1.74683,-2.25645,0.81790,2.78483,-1.96873
-1.57471,-1.74479,-2.25748,0.81236,2.78481,-1.97254
-1.57511,-1.74252,-2.25869,0.80629,2.78478,-1.97684
-1.57551,-1.74025,-2.25991,0.80024,2.78473,-1.98110
-1.57600,-1.73780,-2.26125,0.79393,2.78460,-1.98556
-1.57650,-1.73533,-2.26257,0.78756,2.78446,-1.99006
-1.57691,-1.73278,-2.26403,0.78170,2.78365,-1.99460
-1.57732,-1.73022,-2.26547,0.77586,2.78282,-1.99909
-1.57786,-1.72675,-2.26711,0.76715,2.78260,-2.00508
-1.57842,-1.72326,-2.26874,0.75837,2.78238,-2.01110
-1.57875,-1.72141,-2.26962,0.75319,2.78243,-2.01467
-1.57909,-1.71958,-2.27048,0.74802,2.78247,-2.01822
-1.57945,-1.71694,-2.27173,0.74141,2.78208,-2.02275
-1.57981,-1.71432,-2.27296,0.73487,2.78167,-2.02722
-1.58034,-1.71135,-2.27441,0.72749,2.78135,-2.03235
-1.58087,-1.70839,-2.27585,0.72013,2.78103,-2.03744
-1.58122,-1.70570,-2.27704,0.71361,2.78040,-2.04212
-1.58158,-1.70301,-2.27821,0.70708,2.77978,-2.04677
-1.58205,-1.70022,-2.27957,0.70041,2.77924,-2.05152
-1.58252,-1.69742,-2.28092,0.69372,2.77871,-2.05626
-1.58285,-1.69527,-2.28182,0.68802,2.77850,-2.06001
-1.58317,-1.69312,-2.28270,0.68234,2.77828,-2.06375
-1.58353,-1.69037,-2.28383,0.67543,2.77789,-2.06840
-1.58388,-1.68764,-2.28495,0.66858,2.77751,-2.07299
-1.58419,-1.68523,-2.28596,0.66248,2.77718,-2.07702
-1.58450,-1.68281,-2.28697,0.65637,2.77683,-2.08104
-1.58492,-1.67976,-2.28818,0.64903,2.77619,-2.08601
-1.58534,-1.67672,-2.28936,0.64171,2.77554,-2.09095
-1.58571,-1.67381,-2.29052,0.63487,2.77478,-2.09570
-1.58607,-1.67093,-2.29165,0.62811,2.77402,-2.10038
-1.58632,-1.67021,-2.29165,0.62553,2.77428,-2.10237
-1.58657,-1.66950,-2.29166,0.62302,2.77453,-2.10431
-1.58681,-1.66881,-2.29164,0.62051,2.77479,-2.10625
-1.58705,-1.66808,-2.29165,0.61796,2.77503,-2.10821
-1.58730,-1.66738,-2.29165,0.61543,2.77528,-2.11020
-1.58756,-1.66666,-2.29165,0.61286,2.77553,-2.11220
-1.58779,-1.66594,-2.29165,0.61035,2.77574,-2.11415
-1.58802,-1.66521,-2.29165,0.60783,2.77595,-2.11610
-1.58826,-1.66449,-2.29165,0.60528,2.77617,-2.11807
-1.58850,-1.66376,-2.29165,0.60274,2.77640,-2.12003
-1.58875,-1.66303,-2.29165,0.60017,2.77663,-2.12202
-1.58898,-1.66229,-2.29166,0.59759,2.77685,-2.12400
-1.58929,-1.66145,-2.29172,0.59480,2.77702,-2.12617
-1.58959,-1.66058,-2.29179,0.59197,2.77718,-2.12837
-1.58982,-1.65988,-2.29178,0.58944,2.77742,-2.13032
-1.59006,-1.65917,-2.29176,0.58688,2.77766,-2.13228
-1.59030,-1.65839,-2.29179,0.58415,2.77794,-2.13434
-1.59054,-1.65761,-2.29182,0.58140,2.77821,-2.13641
-1.59072,-1.65708,-2.29169,0.57929,2.77841,-2.13810
-1.59090,-1.65656,-2.29157,0.57715,2.77861,-2.13983
-1.59114,-1.65572,-2.29160,0.57430,2.77885,-2.14191
-1.59138,-1.65489,-2.29163,0.57143,2.77911,-2.14399
-1.59161,-1.65417,-2.29162,0.56888,2.77930,-2.14596
-1.59184,-1.65345,-2.29161,0.56633,2.77950,-2.14792
-1.59201,-1.65311,-2.29149,0.56476,2.77968,-2.14939
-1.59220,-1.65276,-2.29135,0.56310,2.77987,-2.15092
-1.59241,-1.65212,-2.29131,0.56077,2.78006,-2.15275
-1.59263,-1.65148,-2.29128,0.55841,2.78026,-2.15460
-1.59285,-1.65080,-2.29125,0.55594,2.78047,-2.15652
-1.59307,-1.65014,-2.29120,0.55348,2.78070,-2.15844
-1.59271,-1.65265,-2.29026,0.55862,2.78131,-2.15540
-1.59235,-1.65512,-2.28932,0.56371,2.78189,-2.15240
-1.59299,-1.65212,-2.28995,0.55575,2.78174,-2.15801
-1.59363,-1.64911,-2.29056,0.54774,2.78157,-2.16365
-1.59371,-1.64891,-2.29033,0.54658,2.78167,-2.16508
-1.59380,-1.64868,-2.29011,0.54537,2.78176,-2.16654
-1.59374,-1.65024,-2.28946,0.54775,2.78260,-2.16499
-1.59369,-1.65182,-2.28880,0.55015,2.78345,-2.16343
-1.59406,-1.64986,-2.28912,0.54529,2.78298,-2.16737
-1.59443,-1.64792,-2.28943,0.54048,2.78250,-2.17126
-1.59466,-1.64702,-2.28952,0.53663,2.78342,-2.17314
-1.59489,-1.64613,-2.28961,0.53277,2.78434,-2.17502
-1.59526,-1.64484,-2.28972,0.52956,2.78384,-2.17819
-1.59563,-1.64355,-2.28983,0.52632,2.78334,-2.18138
-1.59586,-1.64265,-2.28977,0.52283,2.78382,-2.18373
-1.59608,-1.64177,-2.28970,0.51937,2.78429,-2.18607
-1.59629,-1.64109,-2.28965,0.51688,2.78447,-2.18802
-1.59651,-1.64042,-2.28959,0.51437,2.78466,-2.18998
-1.59665,-1.63997,-2.28946,0.51256,2.78476,-2.19167
-1.59680,-1.63949,-2.28934,0.51071,2.78485,-2.19339
-1.59710,-1.63873,-2.28934,0.50824,2.78482,-2.19543
-1.59740,-1.63794,-2.28935,0.50573,2.78479,-2.19750
-1.59736,-1.63854,-2.28890,0.50654,2.78490,-2.19771
-1.59733,-1.63916,-2.28844,0.50733,2.78504,-2.19794
-1.59749,-1.63909,-2.28820,0.50619,2.78536,-2.19903
-1.59766,-1.63902,-2.28796,0.50507,2.78568,-2.20011
-1.59808,-1.63691,-2.28832,0.49909,2.78572,-2.20410
-1.59851,-1.63479,-2.28868,0.49310,2.78577,-2.20810
-1.59859,-1.63476,-2.28844,0.49214,2.78601,-2.20912
-1.59867,-1.63475,-2.28819,0.49121,2.78627,-2.21013
-1.59890,-1.63392,-2.28816,0.48848,2.78628,-2.21239
-1.59913,-1.63307,-2.28813,0.48573,2.78630,-2.21466
-1.59923,-1.63278,-2.28793,0.48396,2.78664,-2.21610
-1.59932,-1.63248,-2.28774,0.48215,2.78698,-2.21757
-1.59954,-1.63185,-2.28765,0.47978,2.78714,-2.21949
-1.59975,-1.63122,-2.28757,0.47743,2.78727,-2.22140
-1.60002,-1.63056,-2.28754,0.47531,2.78715,-2.22336
-1.60030,-1.62989,-2.28751,0.47322,2.78702,-2.22530
-1.60045,-1.62944,-2.28737,0.47130,2.78716,-2.22700
-1.60061,-1.62901,-2.28722,0.46942,2.78731,-2.22868
-1.60079,-1.62842,-2.28713,0.46729,2.78736,-2.23045
-1.60098,-1.62783,-2.28703,0.46514,2.78741,-2.23225
-1.60116,-1.62734,-2.28691,0.46313,2.78754,-2.23396
-1.60133,-1.62684,-2.28679,0.46107,2.78767,-2.23568
-1.60154,-1.62621,-2.28674,0.45865,2.78787,-2.23757
-1.60176,-1.62557,-2.28670,0.45622,2.78804,-2.23948
-1.60188,-1.62534,-2.28644,0.45475,2.78820,-2.24096
-1.60199,-1.62510,-2.28619,0.45326,2.78836,-2.24245
-1.60216,-1.62454,-2.28603,0.45103,2.78846,-2.24427
-1.60233,-1.62399,-2.28587,0.44882,2.78857,-2.24605
-1.60250,-1.62350,-2.28575,0.44680,2.78870,-2.24776
-1.60266,-1.62301,-2.28563,0.44480,2.78881,-2.24945
-1.60282,-1.62258,-2.28550,0.44295,2.78895,-2.25100
-1.60297,-1.62215,-2.28536,0.44106,2.78909,-2.25259
-1.60314,-1.62148,-2.28528,0.43854,2.78924,-2.25446
-1.60331,-1.62083,-2.28518,0.43603,2.78940,-2.25632
-1.60347,-1.62033,-2.28505,0.43397,2.78953,-2.25803
-1.60364,-1.61982,-2.28493,0.43189,2.78964,-2.25977
-1.60380,-1.61932,-2.28480,0.42985,2.78975,-2.26147
-1.60396,-1.61882,-2.28467,0.42779,2.78988,-2.26319
-1.60417,-1.61845,-2.28449,0.42592,2.79006,-2.26495
-1.60437,-1.61806,-2.28432,0.42402,2.79024,-2.26674
-1.60453,-1.61759,-2.28419,0.42204,2.79036,-2.26842
-1.60470,-1.61711,-2.28405,0.42002,2.79048,-2.27012
-1.60486,-1.61659,-2.28392,0.41794,2.79059,-2.27185
-1.60502,-1.61607,-2.28379,0.41581,2.79070,-2.27362
-1.60519,-1.61557,-2.28366,0.41376,2.79081,-2.27533
-1.60535,-1.61507,-2.28353,0.41171,2.79092,-2.27703
-1.60549,-1.61462,-2.28340,0.40987,2.79100,-2.27859
-1.60564,-1.61417,-2.28325,0.40797,2.79111,-2.28018
-1.60622,-1.61112,-2.28378,0.40074,2.79046,-2.28511
-1.60680,-1.60807,-2.28427,0.39349,2.78981,-2.29005
-1.60728,-1.60537,-2.28476,0.38725,2.78919,-2.29413
-1.60776,-1.60265,-2.28524,0.38093,2.78855,-2.29826
-1.60825,-1.59996,-2.28559,0.37456,2.78792,-2.30259
-1.60873,-1.59726,-2.28594,0.36817,2.78725,-2.30690
-1.60922,-1.59455,-2.28626,0.36184,2.78652,-2.31127
-1.60970,-1.59183,-2.28658,0.35552,2.78577,-2.31561
-1.61018,-1.58891,-2.28691,0.34856,2.78508,-2.32015
-1.61067,-1.58599,-2.28722,0.34160,2.78437,-2.32467
-1.61112,-1.58344,-2.28755,0.33562,2.78371,-2.32862
-1.61157,-1.58090,-2.28786,0.32969,2.78305,-2.33254
-1.61211,-1.57808,-2.28814,0.32295,2.78235,-2.33711
-1.61265,-1.57524,-2.28840,0.31614,2.78164,-2.34172
-1.61309,-1.57264,-2.28856,0.31005,2.78085,-2.34584
-1.61352,-1.57007,-2.28870,0.30402,2.78005,-2.34991
-1.61386,-1.56766,-2.28884,0.29831,2.77935,-2.35364
-1.61420,-1.56528,-2.28899,0.29273,2.77864,-2.35727
-1.61460,-1.56288,-2.28916,0.28707,2.77795,-2.36103
-1.61499,-1.56047,-2.28932,0.28141,2.77725,-2.36475
-1.61535,-1.55866,-2.28948,0.27743,2.77660,-2.36765
-1.61570,-1.55688,-2.28962,0.27352,2.77596,-2.37051
-1.61588,-1.55573,-2.28972,0.27102,2.77561,-2.37215
-1.61607,-1.55457,-2.28982,0.26850,2.77525,-2.37381
-1.61659,-1.55149,-2.28989,0.26061,2.77461,-2.37890
-1.61710,-1.54842,-2.28994,0.25271,2.77397,-2.38400
-1.61755,-1.54521,-2.29006,0.24541,2.77275,-2.38877
-1.61799,-1.54202,-2.29015,0.23814,2.77150,-2.39348
-1.61823,-1.54111,-2.29004,0.23607,2.77111,-2.39529
-1.61847,-1.54019,-2.28993,0.23400,2.77070,-2.39710
-1.61859,-1.54000,-2.28982,0.23299,2.77095,-2.39786
-1.61870,-1.53983,-2.28970,0.23201,2.77121,-2.39860
-1.61891,-1.53912,-2.28937,0.22876,2.77142,-2.40100
-1.61912,-1.53846,-2.28903,0.22558,2.77165,-2.40336
-1.61915,-1.53946,-2.28859,0.22615,2.77265,-2.40328
-1.61917,-1.54048,-2.28816,0.22677,2.77364,-2.40317
-1.61933,-1.53933,-2.28822,0.22365,2.77356,-2.40486
-1.61948,-1.53819,-2.28828,0.22060,2.77348,-2.40650
-1.61956,-1.53822,-2.28809,0.21948,2.77384,-2.40732
-1.61965,-1.53825,-2.28790,0.21838,2.77420,-2.40812
-1.61978,-1.53784,-2.28764,0.21670,2.77431,-2.40954
-1.61991,-1.53743,-2.28738,0.21502,2.77441,-2.41094
-1.61988,-1.53893,-2.28700,0.21707,2.77557,-2.40999
-1.61986,-1.54045,-2.28662,0.21915,2.77673,-2.40903
-1.62009,-1.53903,-2.28651,0.21525,2.77620,-2.41174
-1.62031,-1.53763,-2.28641,0.21144,2.77566,-2.41438
-1.62048,-1.53731,-2.28600,0.20855,2.77638,-2.41646
-1.62064,-1.53700,-2.28558,0.20566,2.77712,-2.41855
-1.62058,-1.53716,-2.28569,0.20614,2.77731,-2.41771
-1.62052,-1.53733,-2.28579,0.20665,2.77751,-2.41684
-1.62046,-1.53802,-2.28569,0.20902,2.77737,-2.41593
-1.62040,-1.53870,-2.28559,0.21135,2.77723,-2.41503
-1.62067,-1.53746,-2.28533,0.20534,2.77809,-2.41836
-1.62094,-1.53625,-2.28505,0.19936,2.77896,-2.42167
-1.62083,-1.53784,-2.28490,0.20417,2.77899,-2.41954
-1.62072,-1.53943,-2.28474,0.20897,2.77901,-2.41741
-1.62088,-1.53873,-2.28459,0.20578,2.77958,-2.41895
-1.62103,-1.53805,-2.28444,0.20262,2.78017,-2.42047
-1.62128,-1.53775,-2.28373,0.19843,2.78107,-2.42387
-1.62153,-1.53744,-2.28302,0.19420,2.78196,-2.42730
-1.62111,-1.53992,-2.28342,0.20312,2.78225,-2.42096
-1.62068,-1.54240,-2.28380,0.21204,2.78251,-2.41461
-1.62111,-1.54064,-2.28324,0.20373,2.78345,-2.41997
-1.62153,-1.53889,-2.28266,0.19537,2.78439,-2.42538
-1.62157,-1.53949,-2.28240,0.19597,2.78493,-2.42529
-1.62161,-1.54010,-2.28215,0.19661,2.78546,-2.42519
-1.62127,-1.54231,-2.28224,0.20376,2.78570,-2.42066
-1.62094,-1.54453,-2.28231,0.21096,2.78592,-2.41611
-1.62136,-1.54234,-2.28207,0.20375,2.78570,-2.42106
-1.62178,-1.54015,-2.28180,0.19648,2.78548,-2.42604
-1.62179,-1.54007,-2.28171,0.19656,2.78512,-2.42645
-1.62181,-1.53999,-2.28163,0.19661,2.78476,-2.42686
-1.62205,-1.53986,-2.28101,0.19247,2.78626,-2.42950
-1.62229,-1.53972,-2.28040,0.18826,2.78776,-2.43218
-1.62233,-1.54168,-2.27945,0.19140,2.78871,-2.43185
-1.62237,-1.54366,-2.27850,0.19460,2.78966,-2.43146
-1.62196,-1.54486,-2.27934,0.20093,2.78942,-2.42606
-1.62154,-1.54606,-2.28016,0.20723,2.78919,-2.42068
-1.62183,-1.54511,-2.27976,0.20248,2.78979,-2.42385
-1.62212,-1.54416,-2.27935,0.19773,2.79039,-2.42701
-1.62225,-1.54727,-2.27758,0.20166,2.79232,-2.42740
-1.62239,-1.55036,-2.27578,0.20554,2.79425,-2.42779
-1.62212,-1.54851,-2.27733,0.20368,2.79320,-2.42608
-1.62185,-1.54663,-2.27887,0.20170,2.79216,-2.42443
-1.62226,-1.54512,-2.27843,0.19601,2.79226,-2.42876
-1.62267,-1.54359,-2.27797,0.19022,2.79235,-2.43314
-1.62244,-1.54491,-2.27812,0.19485,2.79225,-2.43026
-1.62220,-1.54623,-2.27827,0.19949,2.79213,-2.42737
-1.62251,-1.54674,-2.27704,0.19567,2.79399,-2.43105
-1.62282,-1.54721,-2.27582,0.19175,2.79583,-2.43480
-1.62277,-1.54705,-2.27603,0.19283,2.79518,-2.43420
-1.62273,-1.54692,-2.27624,0.19390,2.79453,-2.43361
-1.62252,-1.54686,-2.27697,0.19614,2.79412,-2.43070
-1.62231,-1.54680,-2.27772,0.19841,2.79370,-2.42777
-1.62275,-1.54576,-2.27689,0.19237,2.79422,-2.43295
-1.62317,-1.54473,-2.27607,0.18633,2.79472,-2.43813
-1.62317,-1.54472,-2.27601,0.18575,2.79499,-2.43834
-1.62316,-1.54473,-2.27596,0.18522,2.79526,-2.43850
-1.62297,-1.54627,-2.27603,0.19071,2.79533,-2.43514
-1.62278,-1.54781,-2.27610,0.19620,2.79540,-2.43175
-1.62273,-1.54920,-2.27543,0.19863,2.79556,-2.43181
-1.62268,-1.55058,-2.27475,0.20103,2.79573,-2.43187
-1.62272,-1.54539,-2.27685,0.19262,2.79267,-2.43424
-1.62273,-1.54021,-2.27890,0.18431,2.78960,-2.43648
-1.62282,-1.53756,-2.27962,0.17976,2.78764,-2.43885
-1.62290,-1.53493,-2.28033,0.17527,2.78566,-2.44119
-1.62284,-1.53365,-2.28092,0.17268,2.78518,-2.44144
-1.62278,-1.53238,-2.28151,0.17011,2.78470,-2.44168
-1.62252,-1.53145,-2.28268,0.17292,2.78261,-2.43903
-1.62226,-1.53050,-2.28387,0.17572,2.78049,-2.43639
-1.62184,-1.53205,-2.28424,0.18143,2.78022,-2.43271
-1.62142,-1.53359,-2.28461,0.18709,2.77995,-2.42905
-1.62165,-1.52964,-2.28535,0.17951,2.77711,-2.43361
-1.62187,-1.52571,-2.28605,0.17196,2.77427,-2.43814
-1.62231,-1.52109,-2.28649,0.15844,2.77375,-2.44457
-1.62274,-1.51649,-2.28686,0.14486,2.77324,-2.45100
-1.62260,-1.51560,-2.28742,0.14320,2.77280,-2.45098
-1.62247,-1.51472,-2.28798,0.14157,2.77237,-2.45095
-1.62224,-1.51360,-2.28907,0.14401,2.77010,-2.44857
-1.62202,-1.51247,-2.29015,0.14640,2.76783,-2.44623
-1.62191,-1.51141,-2.29048,0.14364,2.76723,-2.44733
-1.62180,-1.51032,-2.29080,0.14086,2.76663,-2.44846
-1.62194,-1.50868,-2.29105,0.13554,2.76662,-2.45059
-1.62207,-1.50703,-2.29128,0.13025,2.76660,-2.45270
-1.62171,-1.50676,-2.29227,0.13419,2.76458,-2.44979
-1.62135,-1.50646,-2.29327,0.13809,2.76254,-2.44690
-1.62143,-1.50543,-2.29315,0.13373,2.76262,-2.44936
-1.62152,-1.50441,-2.29302,0.12937,2.76270,-2.45181
-1.62155,-1.50337,-2.29322,0.12482,2.76364,-2.45290
-1.62157,-1.50233,-2.29342,0.12028,2.76458,-2.45398
-1.62128,-1.49990,-2.29485,0.12172,2.76006,-2.45290
-1.62097,-1.49743,-2.29628,0.12308,2.75552,-2.45187
-1.62100,-1.49611,-2.29652,0.11841,2.75594,-2.45321
-1.62103,-1.49480,-2.29675,0.11373,2.75637,-2.45455
-1.62077,-1.49422,-2.29744,0.11669,2.75388,-2.45312
-1.62051,-1.49364,-2.29813,0.11966,2.75137,-2.45168
-1.62047,-1.49131,-2.29886,0.11558,2.75001,-2.45269
-1.62043,-1.48897,-2.29958,0.11146,2.74864,-2.45370
-1.62048,-1.48707,-2.29985,0.10512,2.74889,-2.45595
-1.62053,-1.48518,-2.30010,0.09881,2.74914,-2.45818
-1.62034,-1.48382,-2.30089,0.09586,2.74910,-2.45752
-1.62015,-1.48246,-2.30166,0.09289,2.74907,-2.45686
-1.62000,-1.48090,-2.30218,0.09204,2.74675,-2.45732
-1.61986,-1.47934,-2.30269,0.09117,2.74442,-2.45777
-1.61975,-1.47818,-2.30314,0.09006,2.74293,-2.45807
-1.61964,-1.47703,-2.30358,0.08897,2.74146,-2.45835
-1.61956,-1.47575,-2.30391,0.08614,2.74078,-2.45925
-1.61948,-1.47449,-2.30423,0.08331,2.74010,-2.46015
-1.61939,-1.47197,-2.30487,0.08004,2.73758,-2.46144
-1.61930,-1.46947,-2.30550,0.07675,2.73508,-2.46274
-1.61918,-1.46950,-2.30570,0.07610,2.73563,-2.46228
-1.61906,-1.46952,-2.30589,0.07541,2.73618,-2.46184
-1.61900,-1.46770,-2.30648,0.07253,2.73500,-2.46217
-1.61894,-1.46584,-2.30706,0.06957,2.73381,-2.46254
-1.61872,-1.46436,-2.30788,0.06961,2.73162,-2.46195
-1.61850,-1.46288,-2.30871,0.06968,2.72941,-2.46134
-1.61839,-1.46060,-2.30919,0.06494,2.72815,-2.46244
-1.61828,-1.45831,-2.30965,0.06019,2.72688,-2.46354
-1.61833,-1.45480,-2.31027,0.05466,2.72409,-2.46575
-1.61836,-1.45133,-2.31088,0.04921,2.72129,-2.46788
-1.61826,-1.45005,-2.31126,0.04754,2.72012,-2.46816
-1.61817,-1.44878,-2.31164,0.04588,2.71897,-2.46843
-1.61794,-1.44745,-2.31215,0.04338,2.71826,-2.46846
-1.61770,-1.44612,-2.31266,0.04093,2.71754,-2.46845
-1.61747,-1.44409,-2.31356,0.03959,2.71547,-2.46773
-1.61722,-1.44206,-2.31446,0.03830,2.71339,-2.46699
-1.61709,-1.44041,-2.31506,0.03775,2.71125,-2.46667
-1.61695,-1.43876,-2.31566,0.03720,2.70910,-2.46636
-1.61666,-1.43785,-2.31625,0.03712,2.70783,-2.46553
-1.61637,-1.43694,-2.31685,0.03705,2.70656,-2.46469
-1.61622,-1.43479,-2.31745,0.03445,2.70477,-2.46496
-1.61607,-1.43265,-2.31804,0.03188,2.70298,-2.46521
-1.61595,-1.43083,-2.31826,0.02727,2.70188,-2.46673
-1.61582,-1.42901,-2.31848,0.02272,2.70074,-2.46822
-1.61581,-1.42548,-2.31873,0.01488,2.69903,-2.47071
-1.61581,-1.42197,-2.31895,0.00703,2.69732,-2.47319
-1.61554,-1.41976,-2.31982,0.00507,2.69533,-2.47245
-1.61526,-1.41755,-2.32067,0.00305,2.69334,-2.47174
-1.61514,-1.41721,-2.32109,0.00531,2.69188,-2.47058
-1.61502,-1.41685,-2.32152,0.00754,2.69040,-2.46942
-1.61449,-1.41458,-2.32299,0.00619,2.68861,-2.46694
-1.61395,-1.41229,-2.32446,0.00484,2.68680,-2.46444
-1.61438,-1.41217,-2.32318,-0.00096,2.68826,-2.46874
-1.61481,-1.41205,-2.32189,-0.00680,2.68972,-2.47307
-1.61448,-1.40865,-2.32276,-0.01070,2.68655,-2.47329
-1.61415,-1.40524,-2.32363,-0.01458,2.68337,-2.47347
-1.61373,-1.40339,-2.32474,-0.01550,2.68166,-2.47159
-1.61332,-1.40153,-2.32585,-0.01643,2.67998,-2.46972
-1.61309,-1.39935,-2.32601,-0.02092,2.67795,-2.47153
-1.61286,-1.39717,-2.32617,-0.02541,2.67593,-2.47335
-1.61312,-1.39267,-2.32567,-0.03696,2.67380,-2.47809
-1.61336,-1.38819,-2.32513,-0.04851,2.67166,-2.48280
-1.61329,-1.38811,-2.32528,-0.04838,2.67155,-2.48246
-1.61322,-1.38803,-2.32545,-0.04820,2.67142,-2.48207
-1.61305,-1.38455,-2.32567,-0.05391,2.66849,-2.48371
-1.61287,-1.38109,-2.32588,-0.05956,2.66556,-2.48529
-1.61272,-1.38270,-2.32613,-0.05556,2.66629,-2.48361
-1.61256,-1.38429,-2.32637,-0.05159,2.66700,-2.48195
-1.61274,-1.37952,-2.32596,-0.06200,2.66416,-2.48599
-1.61291,-1.37478,-2.32551,-0.07234,2.66128,-2.48996
-1.61274,-1.37476,-2.32606,-0.07139,2.66135,-2.48837
-1.61258,-1.37473,-2.32660,-0.07051,2.66142,-2.48682
-1.61269,-1.37327,-2.32605,-0.07513,2.66078,-2.48927
-1.61280,-1.37182,-2.32550,-0.07974,2.66013,-2.49168
-1.61322,-1.36559,-2.32392,-0.09766,2.65685,-2.50013
-1.61363,-1.35945,-2.32227,-0.11542,2.65351,-2.50843
-1.61348,-1.36061,-2.32277,-0.11241,2.65466,-2.50634
-1.61333,-1.36177,-2.32326,-0.10940,2.65581,-2.50426
-1.61379,-1.36055,-2.32201,-0.11601,2.65583,-2.50860
-1.61424,-1.35934,-2.32074,-0.12261,2.65584,-2.51293
-1.61429,-1.35798,-2.32055,-0.12648,2.65543,-2.51409
-1.61433,-1.35663,-2.32036,-0.13037,2.65501,-2.51526
-1.61414,-1.35627,-2.32087,-0.12936,2.65452,-2.51383
-1.61394,-1.35588,-2.32138,-0.12839,2.65400,-2.51241
-1.61396,-1.35532,-2.32118,-0.13062,2.65387,-2.51320
-1.61396,-1.35475,-2.32099,-0.13281,2.65373,-2.51395
-1.61425,-1.35282,-2.31971,-0.14161,2.65322,-2.51869
-1.61453,-1.35090,-2.31841,-0.15040,2.65269,-2.52341
-1.61487,-1.34660,-2.31708,-0.16226,2.65026,-2.52874
-1.61519,-1.34235,-2.31571,-0.17404,2.64781,-2.53399
-1.61577,-1.33649,-2.31379,-0.19187,2.64585,-2.54058
-1.61634,-1.33070,-2.31179,-0.20970,2.64385,-2.54712
-1.61685,-1.32819,-2.30967,-0.22000,2.64212,-2.55397
-1.61733,-1.32573,-2.30754,-0.23019,2.64036,-2.56076
-1.61710,-1.32509,-2.30795,-0.23108,2.64036,-2.55942
-1.61687,-1.32447,-2.30835,-0.23196,2.64039,-2.55810
-1.61729,-1.32488,-2.30737,-0.23384,2.64095,-2.56081
-1.61769,-1.32529,-2.30640,-0.23567,2.64151,-2.56349
-1.61807,-1.32518,-2.30523,-0.23983,2.64206,-2.56678
-1.61844,-1.32504,-2.30407,-0.24402,2.64259,-2.57006
-1.61874,-1.32290,-2.30248,-0.25351,2.64174,-2.57490
-1.61904,-1.32079,-2.30087,-0.26300,2.64087,-2.57974
-1.61909,-1.32084,-2.30081,-0.26327,2.64100,-2.58000
-1.61915,-1.32089,-2.30075,-0.26355,2.64112,-2.58026
-1.61941,-1.31561,-2.29882,-0.27914,2.63830,-2.58562
-1.61966,-1.31042,-2.29682,-0.29460,2.63548,-2.59088
-1.61966,-1.30945,-2.29656,-0.29603,2.63402,-2.59184
-1.61965,-1.30846,-2.29630,-0.29747,2.63255,-2.59279
-1.61965,-1.30837,-2.29633,-0.29829,2.63300,-2.59254
-1.61965,-1.30830,-2.29637,-0.29908,2.63346,-2.59227
-1.61965,-1.30727,-2.29569,-0.30277,2.63245,-2.59436
-1.61965,-1.30624,-2.29500,-0.30645,2.63143,-2.59643
-1.61982,-1.30349,-2.29352,-0.31688,2.63042,-2.60021
-1.61998,-1.30076,-2.29202,-0.32731,2.62938,-2.60394
-1.61968,-1.29742,-2.29186,-0.33507,2.62737,-2.60409
-1.61938,-1.29411,-2.29167,-0.34277,2.62537,-2.60421
-1.61982,-1.29398,-2.28978,-0.34847,2.62551,-2.60936
-1.62026,-1.29389,-2.28789,-0.35411,2.62565,-2.61448
-1.62050,-1.28891,-2.28613,-0.36849,2.62302,-2.61720
-1.62074,-1.28402,-2.28432,-0.38278,2.62039,-2.61983
-1.62102,-1.28300,-2.28306,-0.38854,2.62013,-2.62273
-1.62130,-1.28197,-2.28179,-0.39431,2.61986,-2.62564
-1.62150,-1.27981,-2.28032,-0.40219,2.61877,-2.62857
-1.62169,-1.27768,-2.27884,-0.41006,2.61768,-2.63149
-1.62188,-1.27728,-2.27795,-0.41349,2.61747,-2.63371
-1.62208,-1.27687,-2.27705,-0.41692,2.61727,-2.63594
-1.62211,-1.27573,-2.27636,-0.42229,2.61712,-2.63721
-1.62213,-1.27458,-2.27566,-0.42764,2.61695,-2.63845
-1.62216,-1.27423,-2.27501,-0.43070,2.61677,-2.64011
-1.62220,-1.27387,-2.27434,-0.43381,2.61657,-2.64180
-1.62203,-1.27396,-2.27458,-0.43497,2.61657,-2.64168
-1.62185,-1.27404,-2.27484,-0.43610,2.61655,-2.64152
-1.62194,-1.27221,-2.27335,-0.44361,2.61509,-2.64401
-1.62202,-1.27040,-2.27185,-0.45106,2.61363,-2.64649
-1.62250,-1.26816,-2.26933,-0.46157,2.61236,-2.65153
-1.62297,-1.26598,-2.26680,-0.47201,2.61109,-2.65654
-1.62296,-1.26596,-2.26647,-0.47378,2.61126,-2.65743
-1.62295,-1.26595,-2.26617,-0.47550,2.61144,-2.65829
-1.62259,-1.26780,-2.26798,-0.46886,2.61220,-2.65499
-1.62221,-1.26965,-2.26978,-0.46220,2.61293,-2.65167
-1.62261,-1.26720,-2.26722,-0.47317,2.61156,-2.65669
-1.62299,-1.26480,-2.26463,-0.48407,2.61017,-2.66167
-1.62301,-1.26319,-2.26334,-0.49114,2.60929,-2.66361
-1.62302,-1.26161,-2.26203,-0.49820,2.60840,-2.66555
-1.62335,-1.26031,-2.26045,-0.50515,2.60760,-2.66855
-1.62368,-1.25902,-2.25886,-0.51209,2.60679,-2.67154
-1.62377,-1.25820,-2.25771,-0.51673,2.60574,-2.67393
-1.62386,-1.25738,-2.25656,-0.52134,2.60469,-2.67628
-1.62359,-1.25805,-2.25755,-0.51862,2.60530,-2.67401
-1.62332,-1.25872,-2.25853,-0.51590,2.60591,-2.67174
-1.62341,-1.25939,-2.25843,-0.51430,2.60589,-2.67237
-1.62349,-1.26006,-2.25832,-0.51268,2.60586,-2.67299
-1.62377,-1.25693,-2.25503,-0.52849,2.60393,-2.67876
-1.62403,-1.25388,-2.25168,-0.54418,2.60195,-2.68446
-1.62423,-1.25284,-2.25040,-0.54968,2.60138,-2.68676
-1.62443,-1.25182,-2.24909,-0.55522,2.60081,-2.68909
-1.62459,-1.25076,-2.24748,-0.56180,2.59988,-2.69210
-1.62474,-1.24972,-2.24588,-0.56833,2.59895,-2.69509
-1.62485,-1.24928,-2.24490,-0.57238,2.59836,-2.69669
-1.62497,-1.24885,-2.24392,-0.57638,2.59778,-2.69829
-1.62500,-1.24809,-2.24292,-0.58081,2.59732,-2.69983
-1.62502,-1.24733,-2.24192,-0.58525,2.59684,-2.70135
-1.62497,-1.24721,-2.24124,-0.58813,2.59653,-2.70263
-1.62492,-1.24708,-2.24055,-0.59106,2.59621,-2.70393
-1.62498,-1.24600,-2.23926,-0.59673,2.59519,-2.70554
-1.62504,-1.24494,-2.23795,-0.60241,2.59417,-2.70714
-1.62534,-1.24406,-2.23570,-0.60953,2.59301,-2.71125
-1.62562,-1.24320,-2.23346,-0.61657,2.59184,-2.71529
-1.62536,-1.24196,-2.23251,-0.62234,2.59044,-2.71607
-1.62510,-1.24073,-2.23158,-0.62806,2.58904,-2.71680
-1.62479,-1.24036,-2.23291,-0.62293,2.58791,-2.71403
-1.62446,-1.23998,-2.23425,-0.61780,2.58676,-2.71123
-1.62410,-1.24029,-2.23472,-0.61400,2.58595,-2.71030
-1.62375,-1.24060,-2.23519,-0.61021,2.58514,-2.70936
-1.62330,-1.24048,-2.23609,-0.60699,2.58376,-2.70752
-1.62284,-1.24036,-2.23700,-0.60376,2.58237,-2.70566
-1.62226,-1.24080,-2.23803,-0.59892,2.58215,-2.70389
-1.62168,-1.24123,-2.23907,-0.59405,2.58191,-2.70209
-1.62134,-1.24072,-2.24024,-0.59029,2.58024,-2.69961
-1.62100,-1.24021,-2.24141,-0.58651,2.57856,-2.69714
-1.62046,-1.24001,-2.24224,-0.58317,2.57687,-2.69506
-1.61991,-1.23980,-2.24308,-0.57981,2.57518,-2.69296
-1.61947,-1.23993,-2.24430,-0.57448,2.57424,-2.69043
-1.61902,-1.24005,-2.24552,-0.56912,2.57328,-2.68789
-1.61860,-1.23957,-2.24650,-0.56618,2.57155,-2.68584
-1.61817,-1.23906,-2.24748,-0.56326,2.56979,-2.68377
-1.61747,-1.24026,-2.24831,-0.55812,2.57054,-2.68281
-1.61676,-1.24147,-2.24913,-0.55296,2.57128,-2.68183
-1.61640,-1.24152,-2.25038,-0.54792,2.57039,-2.67950
-1.61603,-1.24157,-2.25162,-0.54293,2.56950,-2.67721
-1.61571,-1.24149,-2.25289,-0.53781,2.56842,-2.67478
-1.61538,-1.24143,-2.25416,-0.53267,2.56735,-2.67232
-1.61480,-1.24182,-2.25529,-0.52728,2.56666,-2.67004
-1.61424,-1.24222,-2.25640,-0.52192,2.56597,-2.66778
-1.61390,-1.24222,-2.25777,-0.51641,2.56500,-2.66516
-1.61355,-1.24223,-2.25914,-0.51087,2.56403,-2.66253
-1.61304,-1.24202,-2.26015,-0.50749,2.56266,-2.66064
-1.61253,-1.24182,-2.26114,-0.50413,2.56131,-2.65876
-1.61182,-1.24204,-2.26193,-0.50052,2.56010,-2.65707
-1.61111,-1.24225,-2.26271,-0.49695,2.55889,-2.65540
-1.61039,-1.24273,-2.26367,-0.49246,2.55819,-2.65351
-1.60967,-1.24319,-2.26461,-0.48805,2.55747,-2.65165
-1.60917,-1.24327,-2.26551,-0.48471,2.55669,-2.65031
-1.60865,-1.24333,-2.26643,-0.48133,2.55588,-2.64893
-1.60811,-1.24332,-2.26720,-0.47875,2.55503,-2.64793
-1.60758,-1.24331,-2.26797,-0.47618,2.55419,-2.64696
-1.60704,-1.24330,-2.26873,-0.47360,2.55334,-2.64597
-1.60649,-1.24329,-2.26950,-0.47103,2.55249,-2.64499
-1.60595,-1.24328,-2.27026,-0.46848,2.55163,-2.64403
-1.60541,-1.24328,-2.27103,-0.46590,2.55078,-2.64306
-1.60487,-1.24328,-2.27178,-0.46336,2.54992,-2.64210
-1.60433,-1.24328,-2.27254,-0.46080,2.54907,-2.64114
-1.60378,-1.24328,-2.27331,-0.45823,2.54821,-2.64017
-1.60324,-1.24329,-2.27406,-0.45568,2.54735,-2.63923
-1.60269,-1.24329,-2.27481,-0.45317,2.54649,-2.63830
-1.60214,-1.24329,-2.27557,-0.45061,2.54562,-2.63733
-1.60160,-1.24331,-2.27632,-0.44808,2.54475,-2.63640
-1.60105,-1.24331,-2.27707,-0.44554,2.54388,-2.63546
-1.60050,-1.24332,-2.27782,-0.44302,2.54300,-2.63453
-1.59995,-1.24333,-2.27857,-0.44049,2.54213,-2.63359
-1.59940,-1.24335,-2.27932,-0.43794,2.54126,-2.63266
-1.59885,-1.24336,-2.28006,-0.43543,2.54038,-2.63174
-1.59830,-1.24338,-2.28082,-0.43290,2.53950,-2.63080
-1.59775,-1.24340,-2.28155,-0.43041,2.53862,-2.62991
-1.59720,-1.24343,-2.28230,-0.42788,2.53775,-2.62900
-1.59664,-1.24344,-2.28304,-0.42537,2.53686,-2.62808
-1.59609,-1.24346,-2.28378,-0.42287,2.53596,-2.62718
-1.59553,-1.24349,-2.28452,-0.42036,2.53507,-2.62628
-1.59498,-1.24352,-2.28526,-0.41787,2.53418,-2.62538
-1.59442,-1.24355,-2.28600,-0.41535,2.53329,-2.62447
-1.59387,-1.24358,-2.28673,-0.41286,2.53241,-2.62359
-1.59331,-1.24362,-2.28746,-0.41037,2.53152,-2.62271
-1.59275,-1.24365,-2.28819,-0.40790,2.53061,-2.62184
-1.59219,-1.24368,-2.28892,-0.40540,2.52970,-2.62095
-1.59163,-1.24372,-2.28966,-0.40291,2.52880,-2.62007
-1.59107,-1.24376,-2.29038,-0.40044,2.52791,-2.61919
-1.59051,-1.24379,-2.29111,-0.39798,2.52699,-2.61832
-1.58995,-1.24384,-2.29184,-0.39548,2.52609,-2.61745
-1.58939,-1.24389,-2.29256,-0.39303,2.52518,-2.61661
-1.58883,-1.24393,-2.29328,-0.39056,2.52427,-2.61575
-1.58826,-1.24399,-2.29400,-0.38808,2.52337,-2.61489
-1.58769,-1.24403,-2.29473,-0.38561,2.52245,-2.61402
-1.58713,-1.24408,-2.29545,-0.38315,2.52154,-2.61319
-1.58657,-1.24414,-2.29617,-0.38071,2.52063,-2.61234
-1.58600,-1.24418,-2.29688,-0.37826,2.51970,-2.61151
-1.58543,-1.24424,-2.29759,-0.37583,2.51877,-2.61068
-1.58486,-1.24429,-2.29832,-0.37336,2.51785,-2.60983
-1.58430,-1.24436,-2.29903,-0.37092,2.51693,-2.60900
-1.58373,-1.24442,-2.29974,-0.36848,2.51601,-2.60819
-1.58316,-1.24448,-2.30045,-0.36603,2.51508,-2.60736
-1.58259,-1.24455,-2.30117,-0.36358,2.51415,-2.60652
-1.58202,-1.24462,-2.30187,-0.36116,2.51322,-2.60572
-1.58144,-1.24467,-2.30259,-0.35873,2.51228,-2.60489
-1.58087,-1.24474,-2.30329,-0.35631,2.51134,-2.60410
-1.58030,-1.24481,-2.30399,-0.35389,2.51041,-2.60329
-1.57973,-1.24488,-2.30470,-0.35147,2.50946,-2.60249
-1.57915,-1.24496,-2.30540,-0.34906,2.50853,-2.60169
-1.57858,-1.24504,-2.30610,-0.34663,2.50759,-2.60091
-1.57801,-1.24512,-2.30680,-0.34423,2.50665,-2.60012
-1.57743,-1.24520,-2.30751,-0.34180,2.50571,-2.59932
-1.57685,-1.24528,-2.30820,-0.33940,2.50476,-2.59854
-1.57628,-1.24536,-2.30890,-0.33699,2.50382,-2.59776
-1.57570,-1.24544,-2.30959,-0.33461,2.50287,-2.59699
-1.57512,-1.24553,-2.31029,-0.33220,2.50191,-2.59622
-1.57454,-1.24560,-2.31098,-0.32983,2.50095,-2.59545
-1.57396,-1.24570,-2.31167,-0.32744,2.50000,-2.59469
-1.57338,-1.24579,-2.31236,-0.32505,2.49904,-2.59394
-1.57280,-1.24588,-2.31305,-0.32265,2.49808,-2.59316
-1.57222,-1.24597,-2.31374,-0.32026,2.49712,-2.59240
-1.57164,-1.24608,-2.31442,-0.31789,2.49617,-2.59166
