1.65117,-0.66726,-1.61012,1.31893,-1.63209,2.48688
1.65117,-0.66726,-1.61012,1.31893,-1.63209,2.48688
1.65117,-0.66726,-1.61012,1.31893,-1.63209,2.48688
1.65117,-0.66726,-1.61012,1.31893,-1.63209,2.48688
1.65117,-0.66726,-1.61012,1.31893,-1.63209,2.48688
1.65117,-0.66726,-1.61012,1.31893,-1.63209,2.48688
1.65117,-0.66726,-1.61012,1.31893,-1.63209,2.48688
1.65117,-0.66726,-1.61012,1.31893,-1.63209,2.48688
1.65117,-0.66726,-1.61012,1.31893,-1.63209,2.48688
1.65117,-0.66726,-1.61012,1.31893,-1.63209,2.48688
1.65117,-0.66726,-1.61012,1.31893,-1.63209,2.48688
1.65117,-0.66726,-1.61012,1.31893,-1.63209,2.48688
1.65117,-0.66726,-1.61012,1.31893,-1.63209,2.48688
1.65117,-0.66726,-1.61012,1.31893,-1.63209,2.48688
1.65117,-0.66726,-1.61012,1.31893,-1.63209,2.48688
1.65117,-0.66726,-1.61012,1.31893,-1.63209,2.48688
1.65117,-0.66726,-1.61012,1.31893,-1.63209,2.48688
1.65117,-0.66726,-1.61012,1.31893,-1.63209,2.48688
1.65117,-0.66726,-1.61012,1.31893,-1.63209,2.48688
1.65117,-0.66726,-1.61012,1.31893,-1.63209,2.48688
1.65117,-0.66726,-1.61012,1.31893,-1.63209,2.48688
1.65117,-0.66726,-1.61012,1.31893,-1.63209,2.48688
1.65117,-0.66726,-1.61012,1.31893,-1.63209,2.48688
1.65117,-0.66726,-1.61012,1.31893,-1.63209,2.48688
1.65117,-0.66726,-1.61012,1.31893,-1.63209,2.48688
1.65117,-0.66726,-1.61012,1.31893,-1.63209,2.48688
1.65117,-0.66726,-1.61012,1.31893,-1.63209,2.48688
1.65117,-0.66726,-1.61012,1.31893,-1.63209,2.48688
1.65117,-0.66726,-1.61012,1.31893,-1.63209,2.48688
1.65117,-0.66726,-1.61012,1.31893,-1.63209,2.48688
1.65117,-0.66726,-1.61012,1.31893,-1.63209,2.48688
1.65117,-0.66726,-1.61012,1.31893,-1.63209,2.48688
1.65117,-0.66726,-1.61012,1.31893,-1.63209,2.48688
1.65117,-0.66726,-1.61012,1.31893,-1.63209,2.48688
1.65117,-0.66726,-1.61012,1.31893,-1.63209,2.48688
1.65117,-0.66726,-1.61012,1.31893,-1.63209,2.48688
1.65117,-0.66726,-1.61012,1.31893,-1.63209,2.48688
1.65117,-0.66726,-1.61012,1.31893,-1.63209,2.48688
1.65117,-0.66726,-1.61012,1.31893,-1.63209,2.48688
1.65117,-0.66726,-1.61012,1.31893,-1.63209,2.48688
1.65117,-0.66726,-1.61012,1.31893,-1.63209,2.48688
1.65117,-0.66726,-1.61012,1.31893,-1.63209,2.48688
1.65117,-0.66726,-1.61012,1.31893,-1.63209,2.48688
1.65117,-0.66726,-1.61012,1.31893,-1.63209,2.48688
1.65117,-0.66726,-1.61012,1.31893,-1.63209,2.48688
1.65117,-0.66726,-1.61012,1.31893,-1.63209,2.48688
1.65117,-0.66726,-1.61012,1.31893,-1.63209,2.48688
1.65117,-0.66726,-1.61012,1.31893,-1.63209,2.48688
1.65117,-0.66726,-1.61012,1.31893,-1.63209,2.48688
1.65117,-0.66726,-1.61012,1.31893,-1.63209,2.48688
1.65117,-0.66726,-1.61012,1.31893,-1.63209,2.48688
1.65117,-0.66726,-1.61012,1.31893,-1.63209,2.48688
1.65117,-0.66726,-1.61012,1.31893,-1.63209,2.48688
1.65117,-0.66726,-1.61012,1.31893,-1.63209,2.48688
1.65117,-0.66726,-1.61012,1.31893,-1.63209,2.48688
1.65117,-0.66726,-1.61012,1.31893,-1.63209,2.48688
1.65117,-0.66726,-1.61012,1.31893,-1.63209,2.48688
1.65117,-0.66726,-1.61012,1.31893,-1.63209,2.48688
1.65117,-0.66726,-1.61012,1.31893,-1.63209,2.48688
1.65117,-0.66726,-1.61012,1.31893,-1.63209,2.48688
1.65117,-0.66726,-1.61012,1.31893,-1.63209,2.48688
1.65117,-0.66726,-1.61012,1.31893,-1.63209,2.48688
1.65117,-0.66726,-1.61012,1.31893,-1.63209,2.48688
1.65117,-0.66726,-1.61012,1.31893,-1.63209,2.48688
1.65117,-0.66726,-1.61012,1.31893,-1.63209,2.48688
1.65117,-0.66726,-1.61012,1.31893,-1.63209,2.48688
1.65117,-0.66726,-1.61012,1.31893,-1.63209,2.48688
1.65117,-0.66726,-1.61012,1.31893,-1.63209,2.48688
1.65117,-0.66726,-1.61012,1.31893,-1.63209,2.48688
1.65117,-0.66726,-1.61012,1.31893,-1.63209,2.48688
1.65117,-0.66726,-1.61012,1.31893,-1.63209,2.48688
1.65117,-0.66726,-1.61012,1.31893,-1.63209,2.48688
1.65117,-0.66726,-1.61012,1.31893,-1.63209,2.48688
1.65117,-0.66726,-1.61012,1.31893,-1.63209,2.48688
1.65117,-0.66726,-1.61012,1.31893,-1.63209,2.48688
1.65117,-0.66726,-1.61012,1.31893,-1.63209,2.48688
1.65117,-0.66726,-1.61012,1.31893,-1.63209,2.48688
1.65117,-0.66726,-1.61012,1.31893,-1.63209,2.48688
1.65117,-0.66726,-1.61012,1.31893,-1.63209,2.48688
1.65117,-0.66726,-1.61012,1.31893,-1.63209,2.48688
1.65117,-0.66726,-1.61012,1.31893,-1.63209,2.48688
1.65117,-0.66726,-1.61012,1.31893,-1.63209,2.48688
1.65117,-0.66726,-1.61012,1.31893,-1.63209,2.48688
1.65117,-0.66726,-1.61012,1.31893,-1.63209,2.48688
1.65117,-0.66726,-1.61012,1.31893,-1.63209,2.48688
1.65117,-0.66726,-1.61012,1.31893,-1.63209,2.48688
1.65117,-0.66726,-1.61012,1.31893,-1.63209,2.48688
1.65117,-0.66726,-1.61012,1.31893,-1.63209,2.48688
1.65117,-0.66726,-1.61012,1.31893,-1.63209,2.48688
1.65117,-0.66726,-1.61012,1.31893,-1.63209,2.48688
1.65117,-0.66726,-1.61012,1.31893,-1.63209,2.48688
1.65117,-0.66726,-1.61012,1.31893,-1.63209,2.48688
1.65117,-0.66726,-1.61012,1.31893,-1.63209,2.48688
1.65117,-0.66726,-1.61012,1.31893,-1.63209,2.48688
1.65117,-0.66726,-1.61012,1.31893,-1.63209,2.48688
1.65117,-0.66726,-1.61012,1.31893,-1.63209,2.48688
1.65117,-0.66726,-1.61012,1.31893,-1.63209,2.48688
1.65117,-0.66726,-1.61012,1.31893,-1.63209,2.48688
1.65117,-0.66726,-1.61012,1.31893,-1.63209,2.48688
1.65117,-0.66726,-1.61012,1.31893,-1.63209,2.48688
1.65117,-0.66726,-1.61012,1.31893,-1.63209,2.48688
1.65117,-0.66726,-1.61012,1.31893,-1.63209,2.48688
1.65117,-0.66726,-1.61012,1.31893,-1.63209,2.48688
1.65117,-0.66726,-1.61012,1.31893,-1.63209,2.48688
1.65117,-0.66726,-1.61012,1.31893,-1.63209,2.48688
1.65117,-0.66726,-1.61012,1.31893,-1.63209,2.48688
1.65117,-0.66726,-1.61012,1.31893,-1.63209,2.48688
1.65117,-0.66726,-1.61012,1.31893,-1.63209,2.48688
1.65117,-0.66726,-1.61012,1.31893,-1.63209,2.48688
1.65117,-0.66726,-1.61012,1.31893,-1.63209,2.48688
1.65117,-0.66726,-1.61012,1.31893,-1.63209,2.48688
1.65117,-0.66726,-1.61012,1.31893,-1.63209,2.48688
1.65117,-0.66726,-1.61012,1.31893,-1.63209,2.48688
1.65117,-0.66726,-1.61012,1.31893,-1.63209,2.48688
1.65117,-0.66726,-1.61012,1.31893,-1.63209,2.48688
1.65117,-0.66726,-1.61012,1.31893,-1.63209,2.48688
1.65117,-0.66726,-1.61012,1.31893,-1.63209,2.48688
1.65117,-0.66726,-1.61012,1.31893,-1.63209,2.48688
1.65117,-0.66726,-1.61012,1.31893,-1.63209,2.48688
1.65117,-0.66726,-1.61012,1.31893,-1.63209,2.48688
1.65117,-0.66726,-1.61012,1.31893,-1.63209,2.48688
1.65117,-0.66726,-1.61012,1.31893,-1.63209,2.48688
1.65117,-0.66726,-1.61012,1.31893,-1.63209,2.48688
1.65117,-0.66726,-1.61012,1.31893,-1.63209,2.48688
1.65117,-0.66726,-1.61012,1.31893,-1.63209,2.48688
1.65117,-0.66726,-1.61012,1.31893,-1.63209,2.48688
1.65117,-0.66726,-1.61012,1.31893,-1.63209,2.48688
1.65117,-0.66726,-1.61012,1.31893,-1.63209,2.48688
1.65117,-0.66726,-1.61012,1.31893,-1.63209,2.48688
1.65117,-0.66726,-1.61012,1.31893,-1.63209,2.48688
1.65117,-0.66726,-1.61012,1.31893,-1.63209,2.48688
1.65117,-0.66726,-1.61012,1.31893,-1.63209,2.48688
1.65117,-0.66726,-1.61012,1.31893,-1.63209,2.48688
1.65117,-0.66726,-1.61012,1.31893,-1.63209,2.48688
1.65117,-0.66726,-1.61012,1.31893,-1.63209,2.48688
1.65117,-0.66726,-1.61012,1.31893,-1.63209,2.48688
1.65117,-0.66726,-1.61012,1.31893,-1.63209,2.48688
1.65117,-0.66726,-1.61012,1.31893,-1.63209,2.48688
1.65117,-0.66726,-1.61012,1.31893,-1.63209,2.48688
1.65117,-0.66726,-1.61012,1.31893,-1.63209,2.48688
1.65117,-0.66726,-1.61012,1.31893,-1.63209,2.48688
1.65117,-0.66726,-1.61012,1.31893,-1.63209,2.48688
1.65117,-0.66726,-1.61012,1.31893,-1.63209,2.48688
1.65117,-0.66726,-1.61012,1.31893,-1.63209,2.48688
1.65117,-0.66726,-1.61012,1.31893,-1.63209,2.48688
1.65117,-0.66726,-1.61012,1.31893,-1.63209,2.48688
1.65117,-0.66726,-1.61012,1.31893,-1.63209,2.48688
1.65117,-0.66726,-1.61012,1.31893,-1.63209,2.48688
1.65117,-0.66726,-1.61012,1.31893,-1.63209,2.48688
1.65117,-0.66726,-1.61012,1.31893,-1.63209,2.48688
1.65117,-0.66726,-1.61012,1.31893,-1.63209,2.48688
1.65117,-0.66726,-1.61012,1.31893,-1.63209,2.48688
1.65117,-0.66726,-1.61012,1.31893,-1.63209,2.48688
1.65117,-0.66726,-1.61012,1.31893,-1.63209,2.48688
1.65117,-0.66726,-1.61012,1.31893,-1.63209,2.48688
1.65117,-0.66726,-1.61012,1.31893,-1.63209,2.48688
1.65117,-0.66726,-1.61012,1.31893,-1.63209,2.48688
1.65117,-0.66726,-1.61012,1.31893,-1.63209,2.48688
1.65117,-0.66726,-1.61012,1.31893,-1.63209,2.48688
1.65117,-0.66726,-1.61012,1.31893,-1.63209,2.48688
1.65117,-0.66726,-1.61012,1.31893,-1.63209,2.48688
1.65117,-0.66726,-1.61012,1.31893,-1.63209,2.48688
1.65117,-0.66726,-1.61012,1.31893,-1.63209,2.48688
1.65117,-0.66726,-1.61012,1.31893,-1.63209,2.48688
1.65117,-0.66726,-1.61012,1.31893,-1.63209,2.48688
1.65117,-0.66726,-1.61012,1.31893,-1.63209,2.48688
1.65117,-0.66726,-1.61012,1.31893,-1.63209,2.48688
1.65117,-0.66726,-1.61012,1.31893,-1.63209,2.48688
1.65117,-0.66726,-1.61012,1.31893,-1.63209,2.48688
1.65117,-0.66726,-1.61012,1.31893,-1.63209,2.48688
1.65117,-0.66726,-1.61012,1.31893,-1.63209,2.48688
1.65117,-0.66726,-1.61012,1.31893,-1.63209,2.48688
1.65117,-0.66726,-1.61012,1.31893,-1.63209,2.48688
1.65117,-0.66726,-1.61012,1.31893,-1.63209,2.48688
1.65117,-0.66726,-1.61012,1.31893,-1.63209,2.48688
1.65117,-0.66726,-1.61012,1.31893,-1.63209,2.48688
1.65117,-0.66726,-1.61012,1.31893,-1.63209,2.48688
1.65117,-0.66726,-1.61012,1.31893,-1.63209,2.48688
1.65117,-0.66726,-1.61012,1.31893,-1.63209,2.48688
1.65117,-0.66726,-1.61012,1.31893,-1.63209,2.48688
1.65117,-0.66726,-1.61012,1.31893,-1.63209,2.48688
1.65117,-0.66726,-1.61012,1.31893,-1.63209,2.48688
1.65117,-0.66726,-1.61012,1.31893,-1.63209,2.48688
1.65117,-0.66726,-1.61012,1.31893,-1.63209,2.48688
1.65117,-0.66726,-1.61012,1.31893,-1.63209,2.48688
1.65117,-0.66726,-1.61012,1.31893,-1.63209,2.48688
1.65117,-0.66726,-1.61012,1.31893,-1.63209,2.48688
1.65117,-0.66726,-1.61012,1.31893,-1.63209,2.48688
1.65117,-0.66726,-1.61012,1.31893,-1.63209,2.48688
1.65117,-0.66726,-1.61012,1.31893,-1.63209,2.48688
1.65117,-0.66726,-1.61012,1.31893,-1.63209,2.48688
1.65117,-0.66726,-1.61012,1.31893,-1.63209,2.48688
1.65117,-0.66726,-1.61012,1.31893,-1.63209,2.48688
1.65117,-0.66726,-1.61012,1.31893,-1.63209,2.48688
1.65117,-0.66726,-1.61012,1.31893,-1.63209,2.48688
1.65117,-0.66726,-1.61012,1.31893,-1.63209,2.48688
1.65117,-0.66726,-1.61012,1.31893,-1.63209,2.48688
1.65117,-0.66726,-1.61012,1.31893,-1.63209,2.48688
1.65117,-0.66726,-1.61012,1.31893,-1.63209,2.48688
1.65117,-0.66726,-1.61012,1.31893,-1.63209,2.48688
1.65117,-0.66726,-1.61012,1.31893,-1.63209,2.48688
1.65117,-0.66726,-1.61012,1.31893,-1.63209,2.48688
1.65117,-0.66726,-1.61012,1.31893,-1.63209,2.48688
1.65117,-0.66726,-1.61012,1.31893,-1.63209,2.48688
1.65117,-0.66726,-1.61012,1.31893,-1.63209,2.48688
1.65117,-0.66726,-1.61012,1.31893,-1.63209,2.48688
1.65117,-0.66726,-1.61012,1.31893,-1.63209,2.48688
1.65117,-0.66726,-1.61012,1.31893,-1.63209,2.48688
1.65117,-0.66726,-1.61012,1.31893,-1.63209,2.48688
1.65117,-0.66726,-1.61012,1.31893,-1.63209,2.48688
1.65117,-0.66726,-1.61012,1.31893,-1.63209,2.48688
1.65117,-0.66726,-1.61012,1.31893,-1.63209,2.48688
1.65117,-0.66726,-1.61012,1.31893,-1.63209,2.48688
1.65117,-0.66726,-1.61012,1.31893,-1.63209,2.48688
1.65117,-0.66726,-1.61012,1.31893,-1.63209,2.48688
1.65117,-0.66726,-1.61012,1.31893,-1.63209,2.48688
1.65117,-0.66726,-1.61012,1.31893,-1.63209,2.48688
1.65117,-0.66726,-1.61012,1.31893,-1.63209,2.48688
1.65117,-0.66726,-1.61012,1.31893,-1.63209,2.48688
1.65117,-0.66726,-1.61012,1.31893,-1.63209,2.48688
1.65117,-0.66726,-1.61012,1.31893,-1.63209,2.48688
1.65117,-0.66726,-1.61012,1.31893,-1.63209,2.48688
1.65117,-0.66726,-1.61012,1.31893,-1.63209,2.48688
1.65117,-0.66726,-1.61012,1.31893,-1.63209,2.48688
1.65117,-0.66726,-1.61012,1.31893,-1.63209,2.48688
1.65117,-0.66726,-1.61012,1.31893,-1.63209,2.48688
1.65117,-0.66726,-1.61012,1.31893,-1.63209,2.48688
1.65117,-0.66726,-1.61012,1.31893,-1.63209,2.48688
1.65117,-0.66726,-1.61012,1.31893,-1.63209,2.48688
1.65117,-0.66726,-1.61012,1.31893,-1.63209,2.48688
1.65117,-0.66726,-1.61012,1.31893,-1.63209,2.48688
1.65117,-0.66726,-1.61012,1.31893,-1.63209,2.48688
1.65117,-0.66726,-1.61012,1.31893,-1.63209,2.48688
1.65117,-0.66726,-1.61012,1.31893,-1.63209,2.48688
1.65117,-0.66726,-1.61012,1.31893,-1.63209,2.48688
1.65117,-0.66726,-1.61012,1.31893,-1.63209,2.48688
1.65117,-0.66726,-1.61012,1.31893,-1.63209,2.48688
1.65117,-0.66726,-1.61012,1.31893,-1.63209,2.48688
1.65117,-0.66726,-1.61012,1.31893,-1.63209,2.48688
1.65117,-0.66726,-1.61012,1.31893,-1.63209,2.48688
1.65117,-0.66726,-1.61012,1.31893,-1.63209,2.48688
1.65117,-0.66726,-1.61012,1.31893,-1.63209,2.48688
1.65117,-0.66726,-1.61012,1.31893,-1.63209,2.48688
1.65117,-0.66726,-1.61012,1.31893,-1.63209,2.48688
1.65117,-0.66726,-1.61012,1.31893,-1.63209,2.48688
1.65117,-0.66726,-1.61012,1.31893,-1.63209,2.48688
1.65117,-0.66726,-1.61012,1.31893,-1.63209,2.48688
1.65117,-0.66726,-1.61012,1.31893,-1.63209,2.48688
1.65117,-0.66726,-1.61012,1.31893,-1.63209,2.48688
1.65117,-0.66726,-1.61012,1.31893,-1.63209,2.48688
1.65117,-0.66726,-1.61012,1.31893,-1.63209,2.48688
1.65117,-0.66726,-1.61012,1.31893,-1.63209,2.48688
1.65117,-0.66726,-1.61012,1.31893,-1.63209,2.48688
1.65117,-0.66726,-1.61012,1.31893,-1.63209,2.48688
1.65117,-0.66726,-1.61012,1.31893,-1.63209,2.48688
1.65117,-0.66726,-1.61012,1.31893,-1.63209,2.48688
1.65117,-0.66726,-1.61012,1.31893,-1.63209,2.48688
1.65117,-0.66726,-1.61012,1.31893,-1.63209,2.48688
1.65117,-0.66726,-1.61012,1.31893,-1.63209,2.48688
1.65117,-0.66726,-1.61012,1.31893,-1.63209,2.48688
1.65117,-0.66726,-1.61012,1.31893,-1.63209,2.48688
1.65117,-0.66726,-1.61012,1.31893,-1.63209,2.48688
1.65117,-0.66726,-1.61012,1.31893,-1.63209,2.48688
1.65117,-0.66726,-1.61012,1.31893,-1.63209,2.48688
1.65117,-0.66726,-1.61012,1.31893,-1.63209,2.48688
1.65117,-0.66726,-1.61012,1.31893,-1.63209,2.48688
1.65117,-0.66726,-1.61012,1.31893,-1.63209,2.48688
1.65117,-0.66726,-1.61012,1.31893,-1.63209,2.48688
1.65117,-0.66726,-1.61012,1.31893,-1.63209,2.48688
1.65117,-0.66726,-1.61012,1.31893,-1.63209,2.48688
1.65117,-0.66726,-1.61012,1.31893,-1.63209,2.48688
1.65117,-0.66726,-1.61012,1.31893,-1.63209,2.48688
1.65117,-0.66726,-1.61012,1.31893,-1.63209,2.48688
1.65117,-0.66726,-1.61012,1.31893,-1.63209,2.48688
1.65117,-0.66726,-1.61012,1.31893,-1.63209,2.48688
1.65117,-0.66726,-1.61012,1.31893,-1.63209,2.48688
1.65117,-0.66726,-1.61012,1.31893,-1.63209,2.48688
1.65117,-0.66726,-1.61012,1.31893,-1.63209,2.48688
1.65117,-0.66726,-1.61012,1.31893,-1.63209,2.48688
1.65117,-0.66726,-1.61012,1.31893,-1.63209,2.48688
1.65117,-0.66726,-1.61012,1.31893,-1.63209,2.48688
1.65117,-0.66726,-1.61012,1.31893,-1.63209,2.48688
1.65117,-0.66726,-1.61012,1.31893,-1.63209,2.48688
1.65117,-0.66726,-1.61012,1.31893,-1.63209,2.48688
1.65117,-0.66726,-1.61012,1.31893,-1.63209,2.48688
1.65117,-0.66726,-1.61012,1.31893,-1.63209,2.48688
1.65117,-0.66726,-1.61012,1.31893,-1.63209,2.48688
1.65117,-0.66726,-1.61012,1.31893,-1.63209,2.48688
1.65117,-0.66726,-1.61012,1.31893,-1.63209,2.48688
1.65117,-0.66726,-1.61012,1.31893,-1.63209,2.48688
1.65117,-0.66726,-1.61012,1.31893,-1.63209,2.48688
1.65117,-0.66726,-1.61012,1.31893,-1.63209,2.48688
1.65117,-0.66726,-1.61012,1.31893,-1.63209,2.48688
1.65117,-0.66726,-1.61012,1.31893,-1.63209,2.48688
1.65117,-0.66726,-1.61012,1.31893,-1.63209,2.48688
1.65117,-0.66726,-1.61012,1.31893,-1.63209,2.48688
1.65117,-0.66726,-1.61012,1.31893,-1.63209,2.48688
1.65117,-0.66726,-1.61012,1.31893,-1.63209,2.48688
1.65117,-0.66726,-1.61012,1.31893,-1.63209,2.48688
1.65117,-0.66726,-1.61012,1.31893,-1.63209,2.48688
1.65117,-0.66726,-1.61012,1.31893,-1.63209,2.48688
1.65131,-0.66768,-1.60890,1.31953,-1.63212,2.48746
1.65145,-0.66810,-1.60769,1.32012,-1.63215,2.48807
1.65168,-0.66866,-1.60642,1.32081,-1.63198,2.48751
1.65191,-0.66920,-1.60514,1.32150,-1.63183,2.48695
1.65197,-0.66956,-1.60416,1.32191,-1.63208,2.48651
1.65203,-0.66991,-1.60318,1.32231,-1.63233,2.48608
1.65202,-0.67017,-1.60232,1.32263,-1.63273,2.48589
1.65201,-0.67043,-1.60145,1.32295,-1.63314,2.48571
1.65219,-0.67096,-1.60011,1.32366,-1.63309,2.48625
1.65238,-0.67149,-1.59875,1.32438,-1.63304,2.48677
1.65266,-0.67188,-1.59764,1.32513,-1.63281,2.48750
1.65295,-0.67228,-1.59652,1.32588,-1.63260,2.48823
1.65319,-0.67292,-1.59501,1.32665,-1.63233,2.48847
1.65342,-0.67357,-1.59350,1.32743,-1.63207,2.48872
1.65350,-0.67390,-1.59250,1.32787,-1.63226,2.48857
1.65359,-0.67423,-1.59150,1.32831,-1.63245,2.48842
1.65377,-0.67488,-1.58998,1.32907,-1.63235,2.48872
1.65396,-0.67553,-1.58847,1.32983,-1.63224,2.48904
1.65416,-0.67597,-1.58731,1.33045,-1.63218,2.48918
1.65436,-0.67640,-1.58614,1.33106,-1.63211,2.48933
1.65450,-0.67673,-1.58512,1.33161,-1.63220,2.48964
1.65464,-0.67706,-1.58409,1.33215,-1.63231,2.48996
1.65478,-0.67767,-1.58272,1.33278,-1.63232,2.48986
1.65492,-0.67828,-1.58135,1.33341,-1.63234,2.48975
1.65510,-0.67868,-1.58024,1.33399,-1.63234,2.48985
1.65528,-0.67907,-1.57914,1.33457,-1.63234,2.48996
1.65547,-0.67955,-1.57791,1.33520,-1.63230,2.49007
1.65566,-0.68003,-1.57668,1.33584,-1.63226,2.49019
1.65584,-0.68042,-1.57552,1.33645,-1.63222,2.49047
1.65603,-0.68081,-1.57436,1.33707,-1.63217,2.49073
1.65622,-0.68130,-1.57307,1.33773,-1.63212,2.49085
1.65641,-0.68180,-1.57178,1.33839,-1.63207,2.49098
1.65655,-0.68230,-1.57059,1.33895,-1.63215,2.49050
1.65668,-0.68281,-1.56939,1.33950,-1.63222,2.49003
1.65688,-0.68324,-1.56816,1.34014,-1.63216,2.49063
1.65708,-0.68367,-1.56694,1.34078,-1.63209,2.49124
1.65722,-0.68410,-1.56578,1.34134,-1.63214,2.49119
1.65738,-0.68454,-1.56463,1.34189,-1.63219,2.49115
1.65758,-0.68517,-1.56320,1.34258,-1.63208,2.49134
1.65777,-0.68580,-1.56178,1.34327,-1.63198,2.49153
1.65780,-0.68613,-1.56084,1.34364,-1.63232,2.49120
1.65784,-0.68645,-1.55991,1.34401,-1.63267,2.49087
1.65788,-0.68676,-1.55901,1.34434,-1.63297,2.49028
1.65792,-0.68707,-1.55810,1.34467,-1.63327,2.48970
1.65797,-0.68739,-1.55718,1.34504,-1.63359,2.48942
1.65801,-0.68771,-1.55624,1.34542,-1.63391,2.48915
1.65805,-0.68799,-1.55539,1.34571,-1.63422,2.48825
1.65809,-0.68827,-1.55455,1.34599,-1.63453,2.48736
1.65812,-0.68857,-1.55366,1.34632,-1.63488,2.48704
1.65816,-0.68886,-1.55279,1.34664,-1.63522,2.48672
1.65814,-0.68895,-1.55220,1.34679,-1.63571,2.48713
1.65812,-0.68904,-1.55160,1.34695,-1.63621,2.48754
1.65815,-0.68937,-1.55070,1.34729,-1.63655,2.48759
1.65820,-0.68969,-1.54980,1.34763,-1.63688,2.48764
1.65816,-0.68992,-1.54906,1.34782,-1.63738,2.48704
1.65813,-0.69014,-1.54834,1.34801,-1.63789,2.48645
1.65813,-0.69054,-1.54734,1.34839,-1.63834,2.48756
1.65813,-0.69094,-1.54634,1.34877,-1.63879,2.48866
1.65819,-0.69121,-1.54545,1.34910,-1.63906,2.48783
1.65824,-0.69148,-1.54456,1.34942,-1.63933,2.48698
1.65820,-0.69174,-1.54379,1.34963,-1.63986,2.48688
1.65817,-0.69199,-1.54302,1.34985,-1.64037,2.48679
1.65815,-0.69234,-1.54216,1.35014,-1.64090,2.48755
1.65813,-0.69268,-1.54131,1.35043,-1.64141,2.48831
1.65827,-0.69314,-1.54009,1.35099,-1.64146,2.48842
1.65842,-0.69360,-1.53887,1.35155,-1.64150,2.48853
1.65856,-0.69408,-1.53764,1.35213,-1.64159,2.48869
1.65870,-0.69457,-1.53642,1.35271,-1.64168,2.48884
1.65885,-0.69503,-1.53520,1.35326,-1.64173,2.48895
1.65900,-0.69549,-1.53397,1.35382,-1.64178,2.48906
1.65919,-0.69595,-1.53266,1.35445,-1.64169,2.48908
1.65939,-0.69640,-1.53135,1.35507,-1.64160,2.48909
1.65944,-0.69674,-1.53037,1.35543,-1.64188,2.48909
1.65950,-0.69707,-1.52939,1.35578,-1.64215,2.48909
1.65948,-0.69736,-1.52854,1.35605,-1.64263,2.48897
1.65946,-0.69765,-1.52768,1.35632,-1.64312,2.48885
1.65958,-0.69811,-1.52650,1.35685,-1.64324,2.48880
1.65970,-0.69857,-1.52532,1.35737,-1.64337,2.48875
1.65985,-0.69897,-1.52410,1.35792,-1.64341,2.48866
1.66000,-0.69938,-1.52286,1.35847,-1.64344,2.48857
1.66014,-0.69984,-1.52162,1.35902,-1.64349,2.48878
1.66029,-0.70029,-1.52040,1.35957,-1.64355,2.48898
1.66041,-0.70074,-1.51920,1.36008,-1.64367,2.48900
1.66052,-0.70119,-1.51801,1.36059,-1.64379,2.48900
1.66066,-0.70161,-1.51684,1.36111,-1.64387,2.48896
1.66080,-0.70203,-1.51565,1.36164,-1.64395,2.48892
1.66090,-0.70244,-1.51454,1.36210,-1.64413,2.48860
1.66100,-0.70285,-1.51341,1.36257,-1.64431,2.48828
1.66110,-0.70327,-1.51224,1.36304,-1.64445,2.48785
1.66120,-0.70370,-1.51107,1.36350,-1.64460,2.48742
1.66139,-0.70410,-1.50991,1.36408,-1.64455,2.48761
1.66158,-0.70450,-1.50874,1.36466,-1.64451,2.48781
1.66170,-0.70488,-1.50763,1.36514,-1.64464,2.48770
1.66181,-0.70527,-1.50651,1.36561,-1.64480,2.48760
1.66197,-0.70564,-1.50536,1.36612,-1.64478,2.48707
1.66214,-0.70601,-1.50422,1.36663,-1.64477,2.48652
1.66225,-0.70643,-1.50306,1.36712,-1.64491,2.48643
1.66237,-0.70684,-1.50189,1.36761,-1.64505,2.48634
1.66248,-0.70726,-1.50070,1.36811,-1.64519,2.48627
1.66260,-0.70769,-1.49952,1.36860,-1.64532,2.48618
1.66239,-0.70766,-1.49965,1.36857,-1.64578,2.48765
1.66219,-0.70764,-1.49978,1.36854,-1.64622,2.48913
1.66190,-0.70757,-1.49996,1.36842,-1.64686,2.48963
1.66162,-0.70751,-1.50013,1.36831,-1.64748,2.49015
1.66133,-0.70751,-1.50024,1.36823,-1.64809,2.49079
1.66105,-0.70751,-1.50035,1.36815,-1.64870,2.49143
1.66077,-0.70744,-1.50051,1.36807,-1.64931,2.49205
1.66049,-0.70737,-1.50068,1.36799,-1.64992,2.49267
1.66022,-0.70739,-1.50075,1.36793,-1.65050,2.49345
1.65995,-0.70742,-1.50082,1.36786,-1.65108,2.49424
1.65966,-0.70732,-1.50104,1.36773,-1.65171,2.49489
1.65937,-0.70722,-1.50127,1.36759,-1.65234,2.49554
1.65911,-0.70719,-1.50137,1.36756,-1.65293,2.49639
1.65884,-0.70716,-1.50147,1.36752,-1.65351,2.49723
1.65857,-0.70715,-1.50157,1.36747,-1.65410,2.49820
1.65831,-0.70715,-1.50166,1.36742,-1.65469,2.49917
1.65802,-0.70712,-1.50178,1.36735,-1.65531,2.49997
1.65774,-0.70710,-1.50190,1.36727,-1.65594,2.50077
1.65745,-0.70704,-1.50207,1.36718,-1.65659,2.50169
1.65715,-0.70698,-1.50224,1.36707,-1.65724,2.50260
1.65685,-0.70694,-1.50237,1.36698,-1.65791,2.50322
1.65655,-0.70689,-1.50252,1.36689,-1.65858,2.50384
1.65633,-0.70702,-1.50245,1.36693,-1.65902,2.50495
1.65612,-0.70716,-1.50237,1.36697,-1.65945,2.50606
1.65577,-0.70697,-1.50272,1.36678,-1.66029,2.50679
1.65541,-0.70679,-1.50307,1.36659,-1.66112,2.50752
1.65513,-0.70678,-1.50318,1.36654,-1.66174,2.50840
1.65485,-0.70677,-1.50330,1.36648,-1.66237,2.50928
1.65457,-0.70673,-1.50341,1.36642,-1.66299,2.51006
1.65429,-0.70669,-1.50353,1.36635,-1.66360,2.51084
1.65401,-0.70668,-1.50366,1.36628,-1.66424,2.51176
1.65373,-0.70666,-1.50380,1.36620,-1.66487,2.51267
1.65346,-0.70671,-1.50379,1.36619,-1.66546,2.51342
1.65318,-0.70676,-1.50377,1.36618,-1.66605,2.51417
1.65287,-0.70664,-1.50405,1.36604,-1.66677,2.51499
1.65255,-0.70652,-1.50433,1.36589,-1.66750,2.51581
1.65227,-0.70657,-1.50433,1.36586,-1.66811,2.51648
1.65198,-0.70661,-1.50434,1.36584,-1.66873,2.51716
1.65168,-0.70659,-1.50445,1.36576,-1.66940,2.51807
1.65137,-0.70658,-1.50456,1.36567,-1.67009,2.51898
1.65108,-0.70655,-1.50468,1.36560,-1.67075,2.51972
1.65078,-0.70652,-1.50479,1.36553,-1.67143,2.52045
1.65045,-0.70641,-1.50506,1.36539,-1.67217,2.52129
1.65013,-0.70629,-1.50533,1.36524,-1.67292,2.52214
1.64989,-0.70640,-1.50519,1.36530,-1.67339,2.52220
1.64965,-0.70650,-1.50506,1.36534,-1.67385,2.52226
1.64934,-0.70647,-1.50518,1.36527,-1.67455,2.52301
1.64903,-0.70644,-1.50530,1.36520,-1.67525,2.52376
1.64877,-0.70639,-1.50548,1.36517,-1.67588,2.52463
1.64850,-0.70633,-1.50566,1.36514,-1.67652,2.52549
1.64817,-0.70625,-1.50584,1.36498,-1.67727,2.52601
1.64783,-0.70616,-1.50601,1.36483,-1.67802,2.52654
1.64790,-0.70648,-1.50538,1.36541,-1.67771,2.52782
1.64798,-0.70680,-1.50473,1.36599,-1.67740,2.52910
1.64809,-0.70711,-1.50406,1.36656,-1.67697,2.53008
1.64821,-0.70742,-1.50338,1.36713,-1.67653,2.53105
1.64837,-0.70769,-1.50280,1.36773,-1.67601,2.53189
1.64853,-0.70796,-1.50222,1.36832,-1.67549,2.53272
1.64865,-0.70829,-1.50159,1.36887,-1.67503,2.53312
1.64878,-0.70861,-1.50096,1.36942,-1.67458,2.53352
1.64889,-0.70889,-1.50036,1.36998,-1.67418,2.53452
1.64900,-0.70916,-1.49975,1.37055,-1.67378,2.53552
1.64913,-0.70941,-1.49919,1.37108,-1.67333,2.53636
1.64926,-0.70965,-1.49863,1.37161,-1.67289,2.53719
1.64934,-0.70995,-1.49802,1.37215,-1.67253,2.53770
1.64943,-0.71025,-1.49740,1.37269,-1.67219,2.53822
1.64958,-0.71054,-1.49681,1.37326,-1.67172,2.53887
1.64972,-0.71082,-1.49624,1.37383,-1.67126,2.53952
1.64978,-0.71110,-1.49561,1.37432,-1.67095,2.54006
1.64985,-0.71137,-1.49498,1.37481,-1.67065,2.54061
1.64972,-0.71145,-1.49480,1.37498,-1.67085,2.54090
1.64960,-0.71153,-1.49463,1.37514,-1.67104,2.54121
1.64948,-0.71161,-1.49445,1.37530,-1.67124,2.54150
1.64936,-0.71168,-1.49428,1.37547,-1.67144,2.54179
1.64925,-0.71176,-1.49410,1.37563,-1.67163,2.54209
1.64913,-0.71184,-1.49392,1.37580,-1.67182,2.54239
1.64920,-0.71210,-1.49338,1.37626,-1.67154,2.54256
1.64927,-0.71235,-1.49285,1.37670,-1.67125,2.54273
1.64939,-0.71263,-1.49205,1.37726,-1.67077,2.54315
1.64950,-0.71292,-1.49125,1.37782,-1.67028,2.54358
1.64954,-0.71309,-1.49099,1.37820,-1.67018,2.54362
1.64958,-0.71325,-1.49074,1.37857,-1.67007,2.54367
1.64969,-0.71357,-1.49011,1.37912,-1.66971,2.54381
1.64981,-0.71389,-1.48948,1.37966,-1.66934,2.54396
1.64986,-0.71410,-1.48895,1.38011,-1.66909,2.54418
1.64992,-0.71432,-1.48841,1.38056,-1.66883,2.54441
1.64980,-0.71444,-1.48812,1.38081,-1.66903,2.54486
1.64968,-0.71457,-1.48784,1.38105,-1.66923,2.54530
1.64956,-0.71469,-1.48756,1.38128,-1.66942,2.54573
1.64945,-0.71481,-1.48728,1.38152,-1.66960,2.54616
1.64933,-0.71493,-1.48700,1.38176,-1.66978,2.54661
1.64922,-0.71505,-1.48671,1.38200,-1.66996,2.54707
1.64912,-0.71518,-1.48642,1.38225,-1.67012,2.54747
1.64901,-0.71529,-1.48615,1.38249,-1.67029,2.54788
1.64887,-0.71536,-1.48591,1.38267,-1.67052,2.54841
1.64873,-0.71543,-1.48567,1.38287,-1.67075,2.54896
1.64862,-0.71558,-1.48537,1.38313,-1.67093,2.54934
1.64852,-0.71573,-1.48507,1.38340,-1.67111,2.54974
1.64839,-0.71584,-1.48481,1.38362,-1.67132,2.55012
1.64827,-0.71595,-1.48455,1.38383,-1.67152,2.55051
1.64851,-0.71606,-1.48412,1.38379,-1.67158,2.55087
1.64874,-0.71616,-1.48369,1.38373,-1.67163,2.55121
1.64942,-0.71662,-1.48248,1.38435,-1.67058,2.55138
1.65011,-0.71707,-1.48126,1.38497,-1.66952,2.55154
1.65031,-0.71717,-1.48086,1.38489,-1.66965,2.55208
1.65051,-0.71727,-1.48045,1.38481,-1.66977,2.55262
1.65115,-0.71774,-1.47905,1.38542,-1.66864,2.55232
1.65181,-0.71822,-1.47764,1.38603,-1.66749,2.55203
1.65244,-0.71861,-1.47648,1.38658,-1.66652,2.55204
1.65308,-0.71898,-1.47534,1.38713,-1.66553,2.55204
1.65377,-0.71938,-1.47420,1.38771,-1.66441,2.55138
1.65446,-0.71977,-1.47305,1.38828,-1.66329,2.55072
1.65511,-0.72020,-1.47194,1.38888,-1.66232,2.55062
1.65577,-0.72064,-1.47083,1.38948,-1.66137,2.55052
1.65632,-0.72095,-1.46968,1.38992,-1.66050,2.55068
1.65687,-0.72126,-1.46854,1.39036,-1.65965,2.55083
1.65744,-0.72160,-1.46741,1.39082,-1.65876,2.55094
1.65802,-0.72194,-1.46628,1.39128,-1.65787,2.55105
1.65865,-0.72227,-1.46536,1.39184,-1.65705,2.55092
1.65928,-0.72259,-1.46443,1.39239,-1.65621,2.55080
1.65986,-0.72302,-1.46315,1.39289,-1.65524,2.55030
1.66044,-0.72346,-1.46186,1.39340,-1.65427,2.54981
1.66109,-0.72391,-1.46059,1.39397,-1.65322,2.54986
1.66174,-0.72435,-1.45932,1.39454,-1.65216,2.54992
1.66213,-0.72456,-1.45855,1.39472,-1.65179,2.54970
1.66251,-0.72476,-1.45779,1.39491,-1.65142,2.54948
1.66281,-0.72493,-1.45730,1.39498,-1.65138,2.54943
1.66312,-0.72510,-1.45679,1.39507,-1.65134,2.54938
1.66362,-0.72540,-1.45567,1.39544,-1.65056,2.54916
1.66413,-0.72571,-1.45455,1.39582,-1.64979,2.54893
1.66453,-0.72596,-1.45373,1.39606,-1.64938,2.54850
1.66493,-0.72621,-1.45290,1.39630,-1.64899,2.54807
1.66529,-0.72633,-1.45246,1.39644,-1.64883,2.54774
1.66565,-0.72645,-1.45203,1.39658,-1.64867,2.54740
1.66615,-0.72687,-1.45074,1.39699,-1.64787,2.54670
1.66665,-0.72728,-1.44944,1.39739,-1.64707,2.54600
1.66710,-0.72745,-1.44888,1.39764,-1.64667,2.54584
1.66754,-0.72761,-1.44832,1.39788,-1.64627,2.54567
1.66788,-0.72787,-1.44742,1.39803,-1.64594,2.54524
1.66822,-0.72814,-1.44653,1.39818,-1.64561,2.54480
1.66872,-0.72847,-1.44550,1.39854,-1.64494,2.54383
1.66922,-0.72880,-1.44447,1.39890,-1.64427,2.54286
1.66959,-0.72900,-1.44376,1.39913,-1.64395,2.54272
1.66996,-0.72920,-1.44304,1.39936,-1.64364,2.54257
1.67031,-0.72945,-1.44208,1.39953,-1.64323,2.54223
1.67067,-0.72969,-1.44113,1.39970,-1.64282,2.54189
1.67114,-0.72996,-1.44034,1.40005,-1.64232,2.54114
1.67162,-0.73023,-1.43957,1.40039,-1.64182,2.54039
1.67203,-0.73049,-1.43867,1.40066,-1.64134,2.53983
1.67245,-0.73075,-1.43779,1.40092,-1.64087,2.53926
1.67291,-0.73108,-1.43680,1.40127,-1.64028,2.53871
1.67337,-0.73142,-1.43582,1.40161,-1.63969,2.53815
1.67378,-0.73166,-1.43493,1.40188,-1.63921,2.53759
1.67418,-0.73190,-1.43404,1.40214,-1.63873,2.53702
1.67460,-0.73218,-1.43310,1.40244,-1.63822,2.53648
1.67501,-0.73245,-1.43216,1.40273,-1.63770,2.53593
1.67542,-0.73273,-1.43121,1.40304,-1.63719,2.53536
1.67583,-0.73300,-1.43027,1.40335,-1.63667,2.53479
1.67623,-0.73326,-1.42931,1.40360,-1.63616,2.53433
1.67663,-0.73351,-1.42837,1.40385,-1.63564,2.53388
1.67704,-0.73380,-1.42740,1.40416,-1.63512,2.53334
1.67746,-0.73408,-1.42643,1.40447,-1.63459,2.53280
1.67788,-0.73436,-1.42547,1.40479,-1.63405,2.53224
1.67830,-0.73465,-1.42450,1.40511,-1.63351,2.53168
1.67871,-0.73494,-1.42346,1.40543,-1.63297,2.53133
1.67912,-0.73523,-1.42241,1.40575,-1.63241,2.53097
1.67954,-0.73551,-1.42144,1.40606,-1.63190,2.53059
1.67996,-0.73579,-1.42046,1.40638,-1.63137,2.53022
1.68035,-0.73606,-1.41949,1.40667,-1.63092,2.52987
1.68075,-0.73634,-1.41853,1.40696,-1.63045,2.52951
1.68111,-0.73661,-1.41752,1.40723,-1.63002,2.52924
1.68148,-0.73688,-1.41650,1.40750,-1.62957,2.52898
1.68185,-0.73713,-1.41563,1.40772,-1.62919,2.52861
1.68222,-0.73737,-1.41476,1.40794,-1.62880,2.52823
1.68273,-0.73769,-1.41381,1.40839,-1.62813,2.52683
1.68324,-0.73801,-1.41286,1.40883,-1.62746,2.52543
1.68358,-0.73825,-1.41192,1.40902,-1.62710,2.52588
1.68393,-0.73849,-1.41099,1.40920,-1.62673,2.52632
1.68434,-0.73877,-1.41002,1.40950,-1.62621,2.52574
1.68475,-0.73904,-1.40906,1.40980,-1.62569,2.52514
1.68513,-0.73930,-1.40813,1.41007,-1.62524,2.52475
1.68552,-0.73956,-1.40721,1.41033,-1.62479,2.52435
1.68592,-0.73983,-1.40626,1.41061,-1.62431,2.52386
1.68632,-0.74009,-1.40531,1.41089,-1.62381,2.52337
1.68662,-0.74027,-1.40443,1.41107,-1.62346,2.52238
1.68693,-0.74045,-1.40353,1.41126,-1.62311,2.52140
1.68735,-0.74069,-1.40260,1.41156,-1.62257,2.52085
1.68777,-0.74094,-1.40166,1.41187,-1.62204,2.52030
1.68816,-0.74122,-1.40069,1.41214,-1.62155,2.51972
1.68855,-0.74150,-1.39974,1.41241,-1.62107,2.51913
1.68900,-0.74186,-1.39868,1.41277,-1.62045,2.51902
1.68946,-0.74221,-1.39762,1.41313,-1.61982,2.51891
1.68985,-0.74248,-1.39663,1.41345,-1.61930,2.51831
1.69024,-0.74275,-1.39565,1.41375,-1.61879,2.51770
1.69064,-0.74308,-1.39458,1.41409,-1.61823,2.51702
1.69105,-0.74340,-1.39352,1.41443,-1.61767,2.51634
1.69146,-0.74369,-1.39250,1.41479,-1.61708,2.51544
1.69188,-0.74399,-1.39147,1.41514,-1.61648,2.51455
1.69224,-0.74419,-1.39063,1.41537,-1.61608,2.51367
1.69259,-0.74438,-1.38979,1.41559,-1.61570,2.51278
1.69303,-0.74479,-1.38845,1.41622,-1.61497,2.51154
1.69348,-0.74520,-1.38711,1.41683,-1.61425,2.51030
1.69389,-0.74558,-1.38589,1.41743,-1.61356,2.50868
1.69431,-0.74596,-1.38466,1.41802,-1.61288,2.50705
1.69473,-0.74641,-1.38332,1.41856,-1.61221,2.50634
1.69515,-0.74685,-1.38198,1.41910,-1.61155,2.50563
1.69558,-0.74724,-1.38056,1.41975,-1.61079,2.50318
1.69600,-0.74763,-1.37914,1.42040,-1.61003,2.50073
1.69644,-0.74811,-1.37766,1.42104,-1.60931,2.50072
1.69688,-0.74858,-1.37618,1.42168,-1.60860,2.50072
1.69727,-0.74897,-1.37493,1.42222,-1.60801,2.49917
1.69765,-0.74935,-1.37368,1.42276,-1.60741,2.49762
1.69803,-0.74979,-1.37229,1.42338,-1.60678,2.49564
1.69840,-0.75023,-1.37089,1.42402,-1.60614,2.49366
1.69869,-0.75052,-1.36982,1.42432,-1.60583,2.49319
1.69899,-0.75081,-1.36876,1.42462,-1.60552,2.49271
1.69925,-0.75113,-1.36750,1.42487,-1.60521,2.49267
1.69952,-0.75146,-1.36623,1.42512,-1.60490,2.49265
1.69987,-0.75182,-1.36496,1.42559,-1.60440,2.49187
1.70022,-0.75219,-1.36370,1.42605,-1.60389,2.49110
1.70065,-0.75248,-1.36257,1.42662,-1.60331,2.49040
1.70108,-0.75277,-1.36144,1.42719,-1.60274,2.48970
1.70134,-0.75315,-1.36016,1.42764,-1.60240,2.48811
1.70160,-0.75353,-1.35889,1.42810,-1.60206,2.48650
1.70195,-0.75392,-1.35755,1.42857,-1.60154,2.48571
1.70229,-0.75431,-1.35621,1.42904,-1.60103,2.48493
1.70271,-0.75471,-1.35475,1.42967,-1.60030,2.48415
1.70314,-0.75512,-1.35329,1.43029,-1.59957,2.48338
1.70349,-0.75551,-1.35196,1.43081,-1.59904,2.48228
1.70385,-0.75589,-1.35064,1.43132,-1.59852,2.48118
1.70413,-0.75620,-1.34957,1.43168,-1.59822,2.47996
1.70441,-0.75651,-1.34851,1.43203,-1.59793,2.47872
1.70473,-0.75694,-1.34715,1.43252,-1.59744,2.47759
1.70504,-0.75736,-1.34580,1.43301,-1.59695,2.47646
1.70550,-0.75773,-1.34439,1.43359,-1.59616,2.47616
1.70595,-0.75810,-1.34298,1.43418,-1.59537,2.47586
1.70645,-0.75853,-1.34157,1.43490,-1.59454,2.47497
1.70694,-0.75897,-1.34015,1.43561,-1.59371,2.47409
1.70731,-0.75936,-1.33883,1.43611,-1.59319,2.47297
1.70767,-0.75975,-1.33751,1.43661,-1.59269,2.47186
1.70806,-0.76016,-1.33611,1.43721,-1.59204,2.47080
1.70844,-0.76056,-1.33471,1.43780,-1.59140,2.46974
1.70883,-0.76098,-1.33329,1.43840,-1.59075,2.46864
1.70922,-0.76139,-1.33188,1.43900,-1.59009,2.46755
1.70956,-0.76179,-1.33043,1.43956,-1.58944,2.46629
1.70991,-0.76218,-1.32899,1.44012,-1.58881,2.46504
1.71033,-0.76260,-1.32763,1.44076,-1.58815,2.46404
1.71076,-0.76301,-1.32626,1.44139,-1.58749,2.46306
1.71107,-0.76340,-1.32483,1.44189,-1.58695,2.46175
1.71138,-0.76379,-1.32340,1.44239,-1.58641,2.46046
1.71175,-0.76420,-1.32198,1.44297,-1.58578,2.45935
1.71212,-0.76461,-1.32055,1.44356,-1.58516,2.45826
1.71250,-0.76501,-1.31912,1.44415,-1.58452,2.45718
1.71288,-0.76542,-1.31770,1.44473,-1.58389,2.45611
1.71325,-0.76583,-1.31625,1.44532,-1.58327,2.45500
1.71362,-0.76625,-1.31480,1.44591,-1.58265,2.45389
1.71410,-0.76674,-1.31317,1.44676,-1.58174,2.45249
1.71458,-0.76724,-1.31154,1.44760,-1.58083,2.45108
1.71490,-0.76765,-1.31009,1.44813,-1.58027,2.44963
1.71523,-0.76807,-1.30864,1.44865,-1.57970,2.44817
1.71552,-0.76838,-1.30739,1.44903,-1.57934,2.44773
1.71581,-0.76868,-1.30615,1.44941,-1.57897,2.44730
1.71618,-0.76906,-1.30474,1.44998,-1.57836,2.44620
1.71655,-0.76945,-1.30332,1.45055,-1.57775,2.44510
1.71703,-0.76997,-1.30172,1.45140,-1.57692,2.44327
1.71751,-0.77049,-1.30011,1.45224,-1.57609,2.44144
1.71776,-0.77076,-1.29895,1.45256,-1.57579,2.44057
1.71801,-0.77102,-1.29779,1.45288,-1.57549,2.43970
1.71836,-0.77151,-1.29627,1.45358,-1.57486,2.43707
1.71871,-0.77201,-1.29474,1.45428,-1.57423,2.43443
1.71906,-0.77245,-1.29319,1.45485,-1.57356,2.43309
1.71942,-0.77290,-1.29164,1.45542,-1.57289,2.43175
1.71991,-0.77325,-1.29027,1.45624,-1.57208,2.43022
1.72040,-0.77359,-1.28891,1.45705,-1.57127,2.42868
1.72077,-0.77401,-1.28745,1.45768,-1.57064,2.42683
1.72113,-0.77444,-1.28599,1.45831,-1.57003,2.42500
1.72154,-0.77499,-1.28419,1.45906,-1.56918,2.42330
1.72195,-0.77555,-1.28240,1.45980,-1.56834,2.42161
1.72230,-0.77595,-1.28100,1.46044,-1.56774,2.41980
1.72264,-0.77635,-1.27961,1.46107,-1.56714,2.41797
1.72290,-0.77663,-1.27845,1.46159,-1.56685,2.41615
1.72316,-0.77692,-1.27728,1.46211,-1.56655,2.41434
1.72386,-0.77747,-1.27544,1.46350,-1.56502,2.41152
1.72456,-0.77802,-1.27359,1.46489,-1.56350,2.40870
1.72480,-0.77840,-1.27219,1.46533,-1.56318,2.40755
1.72505,-0.77879,-1.27080,1.46577,-1.56286,2.40641
1.72532,-0.77921,-1.26928,1.46635,-1.56230,2.40502
1.72559,-0.77962,-1.26775,1.46693,-1.56174,2.40361
1.72596,-0.78005,-1.26619,1.46771,-1.56099,2.40180
1.72633,-0.78049,-1.26461,1.46850,-1.56025,2.39998
1.72657,-0.78090,-1.26323,1.46912,-1.55986,2.39782
1.72682,-0.78133,-1.26182,1.46973,-1.55947,2.39566
1.72707,-0.78171,-1.26054,1.47017,-1.55918,2.39418
1.72732,-0.78209,-1.25926,1.47060,-1.55890,2.39271
1.72768,-0.78247,-1.25787,1.47124,-1.55826,2.39125
1.72803,-0.78286,-1.25647,1.47187,-1.55761,2.38980
1.72805,-0.78323,-1.25522,1.47232,-1.55772,2.38690
1.72806,-0.78360,-1.25397,1.47276,-1.55781,2.38400
1.72826,-0.78391,-1.25292,1.47310,-1.55766,2.38250
1.72847,-0.78422,-1.25185,1.47343,-1.55750,2.38099
1.72847,-0.78435,-1.25140,1.47366,-1.55759,2.37789
1.72849,-0.78448,-1.25095,1.47388,-1.55768,2.37477
1.72859,-0.78468,-1.25034,1.47424,-1.55761,2.37274
1.72870,-0.78488,-1.24972,1.47459,-1.55755,2.37071
1.72895,-0.78511,-1.24882,1.47485,-1.55707,2.37006
1.72921,-0.78534,-1.24790,1.47511,-1.55659,2.36941
1.72936,-0.78555,-1.24713,1.47541,-1.55636,2.36783
1.72950,-0.78576,-1.24636,1.47570,-1.55614,2.36624
1.72947,-0.78576,-1.24637,1.47554,-1.55650,2.36390
1.72943,-0.78576,-1.24638,1.47538,-1.55687,2.36156
1.72966,-0.78605,-1.24530,1.47584,-1.55662,2.36046
1.72988,-0.78634,-1.24421,1.47629,-1.55638,2.35936
1.72986,-0.78649,-1.24355,1.47629,-1.55654,2.35810
1.72983,-0.78664,-1.24288,1.47629,-1.55670,2.35685
1.73006,-0.78681,-1.24233,1.47656,-1.55639,2.35460
1.73029,-0.78698,-1.24177,1.47684,-1.55608,2.35236
1.73051,-0.78722,-1.24085,1.47714,-1.55576,2.35195
1.73074,-0.78746,-1.23993,1.47744,-1.55545,2.35154
1.73078,-0.78770,-1.23908,1.47762,-1.55531,2.34967
1.73081,-0.78794,-1.23822,1.47779,-1.55518,2.34780
1.73102,-0.78815,-1.23744,1.47811,-1.55493,2.34696
1.73122,-0.78838,-1.23666,1.47843,-1.55469,2.34613
1.73119,-0.78848,-1.23620,1.47841,-1.55494,2.34417
1.73116,-0.78858,-1.23575,1.47838,-1.55520,2.34221
1.73132,-0.78884,-1.23471,1.47875,-1.55501,2.34111
1.73147,-0.78911,-1.23368,1.47912,-1.55481,2.34001
1.73173,-0.78942,-1.23264,1.47956,-1.55421,2.33932
1.73198,-0.78974,-1.23159,1.47999,-1.55361,2.33863
1.73207,-0.78994,-1.23089,1.48018,-1.55366,2.33793
1.73217,-0.79013,-1.23018,1.48037,-1.55370,2.33723
1.73219,-0.79024,-1.22972,1.48040,-1.55387,2.33555
1.73220,-0.79035,-1.22928,1.48043,-1.55405,2.33387
1.73242,-0.79058,-1.22840,1.48076,-1.55364,2.33279
1.73264,-0.79081,-1.22751,1.48108,-1.55323,2.33171
1.73281,-0.79114,-1.22634,1.48145,-1.55301,2.33056
1.73298,-0.79147,-1.22518,1.48180,-1.55279,2.32941
1.73301,-0.79155,-1.22475,1.48186,-1.55280,2.32776
1.73304,-0.79162,-1.22433,1.48192,-1.55282,2.32612
1.73316,-0.79187,-1.22349,1.48213,-1.55278,2.32473
1.73329,-0.79212,-1.22265,1.48235,-1.55273,2.32333
1.73343,-0.79235,-1.22171,1.48257,-1.55250,2.32176
1.73357,-0.79259,-1.22077,1.48279,-1.55227,2.32018
1.73371,-0.79276,-1.22016,1.48296,-1.55218,2.31945
1.73386,-0.79294,-1.21955,1.48313,-1.55210,2.31873
1.73399,-0.79307,-1.21900,1.48324,-1.55197,2.31702
1.73412,-0.79320,-1.21848,1.48335,-1.55186,2.31531
1.73426,-0.79352,-1.21732,1.48370,-1.55157,2.31440
1.73441,-0.79386,-1.21616,1.48406,-1.55127,2.31348
1.73453,-0.79399,-1.21557,1.48424,-1.55121,2.31179
1.73466,-0.79413,-1.21499,1.48442,-1.55114,2.31010
1.73477,-0.79435,-1.21424,1.48462,-1.55090,2.30950
1.73488,-0.79456,-1.21349,1.48482,-1.55065,2.30891
1.73503,-0.79473,-1.21285,1.48506,-1.55051,2.30731
1.73516,-0.79489,-1.21220,1.48530,-1.55038,2.30572
1.73520,-0.79504,-1.21154,1.48549,-1.55044,2.30506
1.73523,-0.79519,-1.21088,1.48568,-1.55052,2.30440
1.73535,-0.79537,-1.21022,1.48591,-1.55031,2.30378
1.73547,-0.79555,-1.20954,1.48615,-1.55011,2.30316
1.73560,-0.79572,-1.20890,1.48639,-1.54988,2.30204
1.73573,-0.79590,-1.20827,1.48662,-1.54966,2.30092
1.73567,-0.79619,-1.20739,1.48685,-1.54988,2.30007
1.73561,-0.79649,-1.20651,1.48709,-1.55010,2.29922
1.73572,-0.79678,-1.20546,1.48747,-1.54999,2.29820
1.73582,-0.79707,-1.20441,1.48784,-1.54989,2.29719
1.73589,-0.79714,-1.20409,1.48788,-1.54977,2.29654
1.73597,-0.79721,-1.20377,1.48791,-1.54964,2.29588
1.73619,-0.79730,-1.20331,1.48818,-1.54931,2.29452
1.73641,-0.79738,-1.20286,1.48844,-1.54898,2.29315
1.73637,-0.79781,-1.20150,1.48876,-1.54913,2.29235
1.73632,-0.79824,-1.20015,1.48907,-1.54928,2.29156
1.73670,-0.79865,-1.19851,1.48964,-1.54865,2.28949
1.73708,-0.79907,-1.19688,1.49022,-1.54802,2.28744
1.73716,-0.79921,-1.19633,1.49033,-1.54792,2.28627
1.73724,-0.79936,-1.19580,1.49045,-1.54782,2.28511
1.73736,-0.79965,-1.19469,1.49085,-1.54777,2.28379
1.73748,-0.79994,-1.19357,1.49126,-1.54771,2.28249
1.73775,-0.80015,-1.19272,1.49164,-1.54721,2.28127
1.73802,-0.80034,-1.19187,1.49201,-1.54670,2.28006
1.73821,-0.80057,-1.19101,1.49232,-1.54639,2.27898
1.73840,-0.80079,-1.19015,1.49262,-1.54609,2.27789
1.73865,-0.80101,-1.18920,1.49297,-1.54567,2.27629
1.73891,-0.80123,-1.18825,1.49331,-1.54524,2.27469
1.73919,-0.80149,-1.18723,1.49372,-1.54471,2.27397
1.73946,-0.80175,-1.18620,1.49413,-1.54418,2.27324
1.73957,-0.80191,-1.18559,1.49436,-1.54404,2.27235
1.73968,-0.80206,-1.18498,1.49459,-1.54391,2.27145
1.73992,-0.80230,-1.18398,1.49493,-1.54351,2.26977
1.74016,-0.80254,-1.18298,1.49526,-1.54310,2.26810
1.74030,-0.80287,-1.18183,1.49573,-1.54292,2.26716
1.74043,-0.80318,-1.18070,1.49618,-1.54275,2.26623
1.74056,-0.80348,-1.17959,1.49655,-1.54260,2.26469
1.74068,-0.80378,-1.17848,1.49693,-1.54244,2.26315
1.74082,-0.80408,-1.17738,1.49726,-1.54223,2.26203
1.74095,-0.80439,-1.17628,1.49759,-1.54202,2.26092
1.74117,-0.80472,-1.17504,1.49807,-1.54165,2.26017
1.74138,-0.80504,-1.17380,1.49854,-1.54129,2.25942
1.74150,-0.80530,-1.17282,1.49890,-1.54121,2.25824
1.74161,-0.80555,-1.17184,1.49926,-1.54114,2.25707
1.74183,-0.80592,-1.17044,1.49968,-1.54077,2.25528
1.74205,-0.80629,-1.16905,1.50010,-1.54041,2.25348
1.74275,-0.80687,-1.16667,1.50090,-1.53903,2.25145
1.74345,-0.80745,-1.16430,1.50168,-1.53765,2.24940
1.74448,-0.80768,-1.16282,1.50229,-1.53550,2.24662
1.74550,-0.80791,-1.16134,1.50290,-1.53337,2.24383
1.74577,-0.80817,-1.16028,1.50327,-1.53291,2.24227
1.74603,-0.80842,-1.15921,1.50364,-1.53244,2.24071
1.74633,-0.80842,-1.15900,1.50375,-1.53178,2.23986
1.74663,-0.80842,-1.15878,1.50386,-1.53112,2.23900
1.74702,-0.80855,-1.15805,1.50424,-1.53035,2.23780
1.74741,-0.80869,-1.15730,1.50463,-1.52958,2.23659
1.74750,-0.80883,-1.15676,1.50476,-1.52946,2.23576
1.74759,-0.80897,-1.15622,1.50491,-1.52933,2.23492
1.74792,-0.80925,-1.15503,1.50531,-1.52873,2.23376
1.74824,-0.80952,-1.15384,1.50570,-1.52814,2.23260
1.74840,-0.80952,-1.15373,1.50573,-1.52782,2.23177
1.74855,-0.80952,-1.15363,1.50577,-1.52750,2.23095
1.74864,-0.80979,-1.15259,1.50612,-1.52742,2.23038
1.74872,-0.81007,-1.15154,1.50647,-1.52735,2.22980
1.74892,-0.81019,-1.15101,1.50668,-1.52694,2.22932
1.74911,-0.81031,-1.15048,1.50690,-1.52655,2.22883
1.74908,-0.81024,-1.15070,1.50678,-1.52667,2.22790
1.74904,-0.81016,-1.15093,1.50666,-1.52680,2.22697
1.74905,-0.81028,-1.15048,1.50674,-1.52688,2.22602
1.74906,-0.81040,-1.15003,1.50681,-1.52695,2.22507
1.75056,-0.81102,-1.14674,1.50823,-1.52402,2.22151
1.75204,-0.81163,-1.14344,1.50966,-1.52111,2.21796
1.75220,-0.81160,-1.14343,1.50968,-1.52079,2.21742
1.75235,-0.81157,-1.14341,1.50970,-1.52047,2.21689
1.75277,-0.81180,-1.14227,1.51016,-1.51967,2.21556
1.75319,-0.81202,-1.14113,1.51061,-1.51887,2.21423
1.75354,-0.81237,-1.13962,1.51103,-1.51826,2.21204
1.75389,-0.81273,-1.13809,1.51144,-1.51765,2.20985
1.75417,-0.81281,-1.13757,1.51164,-1.51706,2.20902
1.75446,-0.81290,-1.13705,1.51184,-1.51646,2.20819
1.75468,-0.81334,-1.13534,1.51227,-1.51606,2.20675
1.75490,-0.81378,-1.13365,1.51269,-1.51567,2.20530
1.75533,-0.81407,-1.13227,1.51320,-1.51485,2.20377
1.75575,-0.81435,-1.13089,1.51371,-1.51405,2.20225
1.75675,-0.81405,-1.13107,1.51395,-1.51180,2.20083
1.75775,-0.81376,-1.13125,1.51421,-1.50956,2.19941
1.75793,-0.81388,-1.13065,1.51440,-1.50923,2.19865
1.75811,-0.81401,-1.13005,1.51459,-1.50891,2.19788
1.75820,-0.81443,-1.12849,1.51504,-1.50882,2.19703
1.75831,-0.81485,-1.12694,1.51550,-1.50873,2.19616
1.75845,-0.81509,-1.12596,1.51581,-1.50850,2.19544
1.75860,-0.81534,-1.12497,1.51613,-1.50826,2.19472
1.75857,-0.81553,-1.12429,1.51625,-1.50844,2.19365
1.75853,-0.81573,-1.12361,1.51637,-1.50864,2.19257
1.75851,-0.81584,-1.12321,1.51647,-1.50873,2.19221
1.75850,-0.81596,-1.12281,1.51657,-1.50883,2.19184
1.75905,-0.81593,-1.12247,1.51693,-1.50763,2.19155
1.75960,-0.81589,-1.12213,1.51729,-1.50643,2.19126
1.75993,-0.81600,-1.12145,1.51760,-1.50577,2.19020
1.76026,-0.81611,-1.12077,1.51792,-1.50512,2.18915
1.76051,-0.81616,-1.12033,1.51809,-1.50462,2.18786
1.76077,-0.81621,-1.11990,1.51826,-1.50413,2.18655
1.76098,-0.81627,-1.11948,1.51839,-1.50374,2.18512
1.76119,-0.81633,-1.11908,1.51851,-1.50335,2.18369
1.76150,-0.81664,-1.11771,1.51900,-1.50275,2.18271
1.76182,-0.81696,-1.11636,1.51949,-1.50216,2.18173
1.76216,-0.81706,-1.11569,1.51975,-1.50146,2.18075
1.76250,-0.81716,-1.11504,1.52001,-1.50075,2.17977
1.76311,-0.81747,-1.11342,1.52058,-1.49952,2.17718
1.76372,-0.81777,-1.11181,1.52114,-1.49830,2.17457
1.76397,-0.81798,-1.11085,1.52144,-1.49780,2.17321
1.76423,-0.81819,-1.10990,1.52174,-1.49730,2.17184
1.76465,-0.81853,-1.10835,1.52216,-1.49641,2.17019
1.76507,-0.81885,-1.10682,1.52257,-1.49553,2.16853
1.76493,-0.81948,-1.10487,1.52282,-1.49585,2.16716
1.76480,-0.82012,-1.10292,1.52307,-1.49618,2.16578
1.76526,-0.82014,-1.10235,1.52347,-1.49527,2.16475
1.76572,-0.82017,-1.10179,1.52388,-1.49436,2.16374
1.76596,-0.82031,-1.10105,1.52422,-1.49395,2.16259
1.76620,-0.82045,-1.10030,1.52456,-1.49354,2.16145
1.76641,-0.82068,-1.09930,1.52488,-1.49313,2.16058
1.76662,-0.82091,-1.09830,1.52522,-1.49271,2.15972
1.76690,-0.82105,-1.09752,1.52546,-1.49225,2.15816
1.76716,-0.82118,-1.09673,1.52570,-1.49180,2.15660
1.76751,-0.82146,-1.09547,1.52611,-1.49108,2.15519
1.76786,-0.82174,-1.09420,1.52652,-1.49037,2.15377
1.76816,-0.82207,-1.09277,1.52711,-1.48977,2.15371
1.76846,-0.82240,-1.09134,1.52771,-1.48917,2.15365
1.76868,-0.82260,-1.09028,1.52799,-1.48873,2.15265
1.76890,-0.82281,-1.08922,1.52827,-1.48829,2.15165
1.76925,-0.82289,-1.08861,1.52850,-1.48770,2.15005
1.76961,-0.82297,-1.08799,1.52872,-1.48712,2.14844
1.76989,-0.82322,-1.08667,1.52913,-1.48661,2.14703
1.77016,-0.82348,-1.08535,1.52953,-1.48610,2.14562
1.77040,-0.82353,-1.08495,1.52963,-1.48574,2.14506
1.77064,-0.82359,-1.08455,1.52973,-1.48538,2.14450
1.77106,-0.82374,-1.08347,1.53006,-1.48461,2.14291
1.77149,-0.82390,-1.08239,1.53039,-1.48385,2.14132
1.77196,-0.82412,-1.08105,1.53119,-1.48288,2.13971
1.77243,-0.82434,-1.07972,1.53200,-1.48192,2.13810
1.77241,-0.82454,-1.07894,1.53166,-1.48200,2.13685
1.77239,-0.82475,-1.07815,1.53133,-1.48208,2.13560
1.77294,-0.82479,-1.07746,1.53197,-1.48118,2.13484
1.77350,-0.82482,-1.07677,1.53262,-1.48029,2.13408
1.77377,-0.82509,-1.07541,1.53300,-1.47972,2.13284
1.77403,-0.82536,-1.07405,1.53338,-1.47916,2.13161
1.77403,-0.82536,-1.07405,1.53338,-1.47916,2.13161
1.77403,-0.82536,-1.07405,1.53338,-1.47916,2.13161
1.77403,-0.82536,-1.07405,1.53338,-1.47916,2.13161
1.77403,-0.82536,-1.07405,1.53338,-1.47916,2.13161
1.77403,-0.82536,-1.07405,1.53338,-1.47916,2.13161
1.77403,-0.82536,-1.07405,1.53338,-1.47916,2.13161
1.77403,-0.82536,-1.07405,1.53338,-1.47916,2.13161
1.77403,-0.82536,-1.07405,1.53338,-1.47916,2.13161
1.77403,-0.82536,-1.07405,1.53338,-1.47916,2.13161
1.77403,-0.82536,-1.07405,1.53338,-1.47916,2.13161
1.77403,-0.82536,-1.07405,1.53338,-1.47916,2.13161
1.77403,-0.82536,-1.07405,1.53338,-1.47916,2.13161
1.77403,-0.82536,-1.07405,1.53338,-1.47916,2.13161
1.77403,-0.82536,-1.07405,1.53338,-1.47916,2.13161
1.77403,-0.82536,-1.07405,1.53338,-1.47916,2.13161
1.77403,-0.82536,-1.07405,1.53338,-1.47916,2.13161
1.77403,-0.82536,-1.07405,1.53338,-1.47916,2.13161
1.77403,-0.82536,-1.07405,1.53338,-1.47916,2.13161
1.77403,-0.82536,-1.07405,1.53338,-1.47916,2.13161
1.77403,-0.82536,-1.07405,1.53338,-1.47916,2.13161
1.77403,-0.82536,-1.07405,1.53338,-1.47916,2.13161
1.77403,-0.82536,-1.07405,1.53338,-1.47916,2.13161
1.77403,-0.82536,-1.07405,1.53338,-1.47916,2.13161
1.77403,-0.82536,-1.07405,1.53338,-1.47916,2.13161
1.77403,-0.82536,-1.07405,1.53338,-1.47916,2.13161
1.77403,-0.82536,-1.07405,1.53338,-1.47916,2.13161
1.77403,-0.82536,-1.07405,1.53338,-1.47916,2.13161
1.77403,-0.82536,-1.07405,1.53338,-1.47916,2.13161
1.77403,-0.82536,-1.07405,1.53338,-1.47916,2.13161
1.77403,-0.82536,-1.07405,1.53338,-1.47916,2.13161
1.77403,-0.82536,-1.07405,1.53338,-1.47916,2.13161
1.77403,-0.82536,-1.07405,1.53338,-1.47916,2.13161
1.77403,-0.82536,-1.07405,1.53338,-1.47916,2.13161
1.77403,-0.82536,-1.07405,1.53338,-1.47916,2.13161
1.77403,-0.82536,-1.07405,1.53338,-1.47916,2.13161
1.77403,-0.82536,-1.07405,1.53338,-1.47916,2.13161
1.77403,-0.82536,-1.07405,1.53338,-1.47916,2.13161
1.77403,-0.82536,-1.07405,1.53338,-1.47916,2.13161
1.77403,-0.82536,-1.07405,1.53338,-1.47916,2.13161
1.77403,-0.82536,-1.07405,1.53338,-1.47916,2.13161
1.77403,-0.82536,-1.07405,1.53338,-1.47916,2.13161
1.77403,-0.82536,-1.07405,1.53338,-1.47916,2.13161
1.77403,-0.82536,-1.07405,1.53338,-1.47916,2.13161
1.77403,-0.82536,-1.07405,1.53338,-1.47916,2.13161
1.77403,-0.82536,-1.07405,1.53338,-1.47916,2.13161
1.77403,-0.82536,-1.07405,1.53338,-1.47916,2.13161
1.77403,-0.82536,-1.07405,1.53338,-1.47916,2.13161
1.77403,-0.82536,-1.07405,1.53338,-1.47916,2.13161
1.77403,-0.82536,-1.07405,1.53338,-1.47916,2.13161
1.77403,-0.82536,-1.07405,1.53338,-1.47916,2.13161
1.77403,-0.82536,-1.07405,1.53338,-1.47916,2.13161
1.77403,-0.82536,-1.07405,1.53338,-1.47916,2.13161
1.77403,-0.82536,-1.07405,1.53338,-1.47916,2.13161
1.77403,-0.82536,-1.07405,1.53338,-1.47916,2.13161
1.77403,-0.82536,-1.07405,1.53338,-1.47916,2.13161
1.77403,-0.82536,-1.07405,1.53338,-1.47916,2.13161
1.77403,-0.82536,-1.07405,1.53338,-1.47916,2.13161
1.77403,-0.82536,-1.07405,1.53338,-1.47916,2.13161
1.77403,-0.82536,-1.07405,1.53338,-1.47916,2.13161
1.77403,-0.82536,-1.07405,1.53338,-1.47916,2.13161
1.77403,-0.82536,-1.07405,1.53338,-1.47916,2.13161
1.77403,-0.82536,-1.07405,1.53338,-1.47916,2.13161
1.77403,-0.82536,-1.07405,1.53338,-1.47916,2.13161
1.77403,-0.82536,-1.07405,1.53338,-1.47916,2.13161
1.77403,-0.82536,-1.07405,1.53338,-1.47916,2.13161
1.77403,-0.82536,-1.07405,1.53338,-1.47916,2.13161
1.77403,-0.82536,-1.07405,1.53338,-1.47916,2.13161
1.77403,-0.82536,-1.07405,1.53338,-1.47916,2.13161
1.77403,-0.82536,-1.07405,1.53338,-1.47916,2.13161
1.77403,-0.82536,-1.07405,1.53338,-1.47916,2.13161
1.77403,-0.82536,-1.07405,1.53338,-1.47916,2.13161
1.77403,-0.82536,-1.07405,1.53338,-1.47916,2.13161
1.77403,-0.82536,-1.07405,1.53338,-1.47916,2.13161
1.77403,-0.82536,-1.07405,1.53338,-1.47916,2.13161
1.77403,-0.82536,-1.07405,1.53338,-1.47916,2.13161
1.77403,-0.82536,-1.07405,1.53338,-1.47916,2.13161
1.77403,-0.82536,-1.07405,1.53338,-1.47916,2.13161
1.77403,-0.82536,-1.07405,1.53338,-1.47916,2.13161
1.77403,-0.82536,-1.07405,1.53338,-1.47916,2.13161
1.77403,-0.82536,-1.07405,1.53338,-1.47916,2.13161
1.77403,-0.82536,-1.07405,1.53338,-1.47916,2.13161
1.77403,-0.82536,-1.07405,1.53338,-1.47916,2.13161
1.77403,-0.82536,-1.07405,1.53338,-1.47916,2.13161
1.77403,-0.82536,-1.07405,1.53338,-1.47916,2.13161
1.77403,-0.82536,-1.07405,1.53338,-1.47916,2.13161
1.77403,-0.82536,-1.07405,1.53338,-1.47916,2.13161
1.77403,-0.82536,-1.07405,1.53338,-1.47916,2.13161
1.77403,-0.82536,-1.07405,1.53338,-1.47916,2.13161
1.77403,-0.82536,-1.07405,1.53338,-1.47916,2.13161
1.77403,-0.82536,-1.07405,1.53338,-1.47916,2.13161
1.77403,-0.82536,-1.07405,1.53338,-1.47916,2.13161
1.77403,-0.82536,-1.07405,1.53338,-1.47916,2.13161
1.77403,-0.82536,-1.07405,1.53338,-1.47916,2.13161
1.77403,-0.82536,-1.07405,1.53338,-1.47916,2.13161
1.77403,-0.82536,-1.07405,1.53338,-1.47916,2.13161
1.77403,-0.82536,-1.07405,1.53338,-1.47916,2.13161
1.77403,-0.82536,-1.07405,1.53338,-1.47916,2.13161
1.77403,-0.82536,-1.07405,1.53338,-1.47916,2.13161
1.77403,-0.82536,-1.07405,1.53338,-1.47916,2.13161
1.77403,-0.82536,-1.07405,1.53338,-1.47916,2.13161
1.77403,-0.82536,-1.07405,1.53338,-1.47916,2.13161
1.77403,-0.82536,-1.07405,1.53338,-1.47916,2.13161
1.77403,-0.82536,-1.07405,1.53338,-1.47916,2.13161
1.77403,-0.82536,-1.07405,1.53338,-1.47916,2.13161
1.77403,-0.82536,-1.07405,1.53338,-1.47916,2.13161
1.77403,-0.82536,-1.07405,1.53338,-1.47916,2.13161
1.77403,-0.82536,-1.07405,1.53338,-1.47916,2.13161
1.77403,-0.82536,-1.07405,1.53338,-1.47916,2.13161
1.77403,-0.82536,-1.07405,1.53338,-1.47916,2.13161
1.77403,-0.82536,-1.07405,1.53338,-1.47916,2.13161
1.77403,-0.82536,-1.07405,1.53338,-1.47916,2.13161
1.77403,-0.82536,-1.07405,1.53338,-1.47916,2.13161
1.77403,-0.82536,-1.07405,1.53338,-1.47916,2.13161
1.77403,-0.82536,-1.07405,1.53338,-1.47916,2.13161
1.77403,-0.82536,-1.07405,1.53338,-1.47916,2.13161
1.77403,-0.82536,-1.07405,1.53338,-1.47916,2.13161
1.77403,-0.82536,-1.07405,1.53338,-1.47916,2.13161
1.77403,-0.82536,-1.07405,1.53338,-1.47916,2.13161
1.77403,-0.82536,-1.07405,1.53338,-1.47916,2.13161
1.77403,-0.82536,-1.07405,1.53338,-1.47916,2.13161
1.77403,-0.82536,-1.07405,1.53338,-1.47916,2.13161
1.77403,-0.82536,-1.07405,1.53338,-1.47916,2.13161
1.77403,-0.82536,-1.07405,1.53338,-1.47916,2.13161
1.77403,-0.82536,-1.07405,1.53338,-1.47916,2.13161
1.77403,-0.82536,-1.07405,1.53338,-1.47916,2.13161
1.77403,-0.82536,-1.07405,1.53338,-1.47916,2.13161
1.77403,-0.82536,-1.07405,1.53338,-1.47916,2.13161
1.77403,-0.82536,-1.07405,1.53338,-1.47916,2.13161
1.77403,-0.82536,-1.07405,1.53338,-1.47916,2.13161
1.77403,-0.82536,-1.07405,1.53338,-1.47916,2.13161
1.77403,-0.82536,-1.07405,1.53338,-1.47916,2.13161
1.77403,-0.82536,-1.07405,1.53338,-1.47916,2.13161
1.77403,-0.82536,-1.07405,1.53338,-1.47916,2.13161
1.77403,-0.82536,-1.07405,1.53338,-1.47916,2.13161
1.77403,-0.82536,-1.07405,1.53338,-1.47916,2.13161
1.77403,-0.82536,-1.07405,1.53338,-1.47916,2.13161
1.77403,-0.82536,-1.07405,1.53338,-1.47916,2.13161
1.77403,-0.82536,-1.07405,1.53338,-1.47916,2.13161
1.77403,-0.82536,-1.07405,1.53338,-1.47916,2.13161
1.77403,-0.82536,-1.07405,1.53338,-1.47916,2.13161
1.77403,-0.82536,-1.07405,1.53338,-1.47916,2.13161
1.77403,-0.82536,-1.07405,1.53338,-1.47916,2.13161
1.77403,-0.82536,-1.07405,1.53338,-1.47916,2.13161
1.77403,-0.82536,-1.07405,1.53338,-1.47916,2.13161
1.77403,-0.82536,-1.07405,1.53338,-1.47916,2.13161
1.77403,-0.82536,-1.07405,1.53338,-1.47916,2.13161
1.77403,-0.82536,-1.07405,1.53338,-1.47916,2.13161
1.77403,-0.82536,-1.07405,1.53338,-1.47916,2.13161
1.77403,-0.82536,-1.07405,1.53338,-1.47916,2.13161
1.77403,-0.82536,-1.07405,1.53338,-1.47916,2.13161
1.77403,-0.82536,-1.07405,1.53338,-1.47916,2.13161
1.77403,-0.82536,-1.07405,1.53338,-1.47916,2.13161
1.77403,-0.82536,-1.07405,1.53338,-1.47916,2.13161
1.77403,-0.82536,-1.07405,1.53338,-1.47916,2.13161
1.77403,-0.82536,-1.07405,1.53338,-1.47916,2.13161
1.77403,-0.82536,-1.07405,1.53338,-1.47916,2.13161
1.77403,-0.82536,-1.07405,1.53338,-1.47916,2.13161
1.77403,-0.82536,-1.07405,1.53338,-1.47916,2.13161
1.77403,-0.82536,-1.07405,1.53338,-1.47916,2.13161
1.77403,-0.82536,-1.07405,1.53338,-1.47916,2.13161
1.77403,-0.82536,-1.07405,1.53338,-1.47916,2.13161
1.77403,-0.82536,-1.07405,1.53338,-1.47916,2.13161
1.77403,-0.82536,-1.07405,1.53338,-1.47916,2.13161
1.77403,-0.82536,-1.07405,1.53338,-1.47916,2.13161
1.77403,-0.82536,-1.07405,1.53338,-1.47916,2.13161
1.77403,-0.82536,-1.07405,1.53338,-1.47916,2.13161
1.77403,-0.82536,-1.07405,1.53338,-1.47916,2.13161
1.77403,-0.82536,-1.07405,1.53338,-1.47916,2.13161
1.77403,-0.82536,-1.07405,1.53338,-1.47916,2.13161
1.77403,-0.82536,-1.07405,1.53338,-1.47916,2.13161
1.77403,-0.82536,-1.07405,1.53338,-1.47916,2.13161
1.77403,-0.82536,-1.07405,1.53338,-1.47916,2.13161
1.77403,-0.82536,-1.07405,1.53338,-1.47916,2.13161
1.77403,-0.82536,-1.07405,1.53338,-1.47916,2.13161
1.77403,-0.82536,-1.07405,1.53338,-1.47916,2.13161
1.77403,-0.82536,-1.07405,1.53338,-1.47916,2.13161
1.77403,-0.82536,-1.07405,1.53338,-1.47916,2.13161
1.77403,-0.82536,-1.07405,1.53338,-1.47916,2.13161
1.77403,-0.82536,-1.07405,1.53338,-1.47916,2.13161
1.77403,-0.82536,-1.07405,1.53338,-1.47916,2.13161
1.77403,-0.82536,-1.07405,1.53338,-1.47916,2.13161
1.77403,-0.82536,-1.07405,1.53338,-1.47916,2.13161
1.77403,-0.82536,-1.07405,1.53338,-1.47916,2.13161
1.77403,-0.82536,-1.07405,1.53338,-1.47916,2.13161
1.77403,-0.82536,-1.07405,1.53338,-1.47916,2.13161
1.77403,-0.82536,-1.07405,1.53338,-1.47916,2.13161
1.77403,-0.82536,-1.07405,1.53338,-1.47916,2.13161
1.77403,-0.82536,-1.07405,1.53338,-1.47916,2.13161
1.77403,-0.82536,-1.07405,1.53338,-1.47916,2.13161
1.77403,-0.82536,-1.07405,1.53338,-1.47916,2.13161
1.77403,-0.82536,-1.07405,1.53338,-1.47916,2.13161
1.77403,-0.82536,-1.07405,1.53338,-1.47916,2.13161
1.77403,-0.82536,-1.07405,1.53338,-1.47916,2.13161
1.77403,-0.82536,-1.07405,1.53338,-1.47916,2.13161
1.77403,-0.82536,-1.07405,1.53338,-1.47916,2.13161
1.77403,-0.82536,-1.07405,1.53338,-1.47916,2.13161
1.77403,-0.82536,-1.07405,1.53338,-1.47916,2.13161
1.77403,-0.82536,-1.07405,1.53338,-1.47916,2.13161
1.77403,-0.82536,-1.07405,1.53338,-1.47916,2.13161
1.77403,-0.82536,-1.07405,1.53338,-1.47916,2.13161
1.77403,-0.82536,-1.07405,1.53338,-1.47916,2.13161
1.77403,-0.82536,-1.07405,1.53338,-1.47916,2.13161
1.77403,-0.82536,-1.07405,1.53338,-1.47916,2.13161
1.77403,-0.82536,-1.07405,1.53338,-1.47916,2.13161
1.77403,-0.82536,-1.07405,1.53338,-1.47916,2.13161
1.77403,-0.82536,-1.07405,1.53338,-1.47916,2.13161
1.77403,-0.82536,-1.07405,1.53338,-1.47916,2.13161
1.77403,-0.82536,-1.07405,1.53338,-1.47916,2.13161
1.77403,-0.82536,-1.07405,1.53338,-1.47916,2.13161
1.77403,-0.82536,-1.07405,1.53338,-1.47916,2.13161
1.77403,-0.82536,-1.07405,1.53338,-1.47916,2.13161
1.77403,-0.82536,-1.07405,1.53338,-1.47916,2.13161
1.77403,-0.82536,-1.07405,1.53338,-1.47916,2.13161
1.77403,-0.82536,-1.07405,1.53338,-1.47916,2.13161
1.77403,-0.82536,-1.07405,1.53338,-1.47916,2.13161
1.77403,-0.82536,-1.07405,1.53338,-1.47916,2.13161
1.77403,-0.82536,-1.07405,1.53338,-1.47916,2.13161
1.77403,-0.82536,-1.07405,1.53338,-1.47916,2.13161
1.77403,-0.82536,-1.07405,1.53338,-1.47916,2.13161
1.77403,-0.82536,-1.07405,1.53338,-1.47916,2.13161
1.77403,-0.82536,-1.07405,1.53338,-1.47916,2.13161
1.77403,-0.82536,-1.07405,1.53338,-1.47916,2.13161
1.77403,-0.82536,-1.07405,1.53338,-1.47916,2.13161
1.77403,-0.82536,-1.07405,1.53338,-1.47916,2.13161
1.77403,-0.82536,-1.07405,1.53338,-1.47916,2.13161
1.77403,-0.82536,-1.07405,1.53338,-1.47916,2.13161
1.77403,-0.82536,-1.07405,1.53338,-1.47916,2.13161
1.77403,-0.82536,-1.07405,1.53338,-1.47916,2.13161
1.77403,-0.82536,-1.07405,1.53338,-1.47916,2.13161
1.77403,-0.82536,-1.07405,1.53338,-1.47916,2.13161
1.77403,-0.82536,-1.07405,1.53338,-1.47916,2.13161
1.77403,-0.82536,-1.07405,1.53338,-1.47916,2.13161
1.77403,-0.82536,-1.07405,1.53338,-1.47916,2.13161
1.77403,-0.82536,-1.07405,1.53338,-1.47916,2.13161
1.77403,-0.82536,-1.07405,1.53338,-1.47916,2.13161
1.77403,-0.82536,-1.07405,1.53338,-1.47916,2.13161
1.77403,-0.82536,-1.07405,1.53338,-1.47916,2.13161
1.77403,-0.82536,-1.07405,1.53338,-1.47916,2.13161
1.77403,-0.82536,-1.07405,1.53338,-1.47916,2.13161
1.77403,-0.82536,-1.07405,1.53338,-1.47916,2.13161
1.77403,-0.82536,-1.07405,1.53338,-1.47916,2.13161
1.77403,-0.82536,-1.07405,1.53338,-1.47916,2.13161
1.77403,-0.82536,-1.07405,1.53338,-1.47916,2.13161
1.77403,-0.82536,-1.07405,1.53338,-1.47916,2.13161
1.77403,-0.82536,-1.07405,1.53338,-1.47916,2.13161
1.77403,-0.82536,-1.07405,1.53338,-1.47916,2.13161
1.77403,-0.82536,-1.07405,1.53338,-1.47916,2.13161
1.77403,-0.82536,-1.07405,1.53338,-1.47916,2.13161
1.77403,-0.82536,-1.07405,1.53338,-1.47916,2.13161
1.77403,-0.82536,-1.07405,1.53338,-1.47916,2.13161
1.77403,-0.82536,-1.07405,1.53338,-1.47916,2.13161
1.77403,-0.82536,-1.07405,1.53338,-1.47916,2.13161
1.77403,-0.82536,-1.07405,1.53338,-1.47916,2.13161
1.77403,-0.82536,-1.07405,1.53338,-1.47916,2.13161
1.77403,-0.82536,-1.07405,1.53338,-1.47916,2.13161
1.77403,-0.82536,-1.07405,1.53338,-1.47916,2.13161
1.77403,-0.82536,-1.07405,1.53338,-1.47916,2.13161
1.77403,-0.82536,-1.07405,1.53338,-1.47916,2.13161
1.77403,-0.82536,-1.07405,1.53338,-1.47916,2.13161
1.77403,-0.82536,-1.07405,1.53338,-1.47916,2.13161
1.77403,-0.82536,-1.07405,1.53338,-1.47916,2.13161
1.77403,-0.82536,-1.07405,1.53338,-1.47916,2.13161
1.77403,-0.82536,-1.07405,1.53338,-1.47916,2.13161
1.77403,-0.82536,-1.07405,1.53338,-1.47916,2.13161
1.77403,-0.82536,-1.07405,1.53338,-1.47916,2.13161
1.77403,-0.82536,-1.07405,1.53338,-1.47916,2.13161
1.77403,-0.82536,-1.07405,1.53338,-1.47916,2.13161
1.77403,-0.82536,-1.07405,1.53338,-1.47916,2.13161
1.77403,-0.82536,-1.07405,1.53338,-1.47916,2.13161
1.77403,-0.82536,-1.07405,1.53338,-1.47916,2.13161
1.77403,-0.82536,-1.07405,1.53338,-1.47916,2.13161
1.77403,-0.82536,-1.07405,1.53338,-1.47916,2.13161
1.77403,-0.82536,-1.07405,1.53338,-1.47916,2.13161
1.77403,-0.82536,-1.07405,1.53338,-1.47916,2.13161
1.77403,-0.82536,-1.07405,1.53338,-1.47916,2.13161
1.77403,-0.82536,-1.07405,1.53338,-1.47916,2.13161
1.77403,-0.82536,-1.07405,1.53338,-1.47916,2.13161
1.77403,-0.82536,-1.07405,1.53338,-1.47916,2.13161
1.77403,-0.82536,-1.07405,1.53338,-1.47916,2.13161
1.77403,-0.82536,-1.07405,1.53338,-1.47916,2.13161
1.77403,-0.82536,-1.07405,1.53338,-1.47916,2.13161
1.77403,-0.82536,-1.07405,1.53338,-1.47916,2.13161
1.77403,-0.82536,-1.07405,1.53338,-1.47916,2.13161
1.77403,-0.82536,-1.07405,1.53338,-1.47916,2.13161
1.77403,-0.82536,-1.07405,1.53338,-1.47916,2.13161
1.77403,-0.82536,-1.07405,1.53338,-1.47916,2.13161
1.77403,-0.82536,-1.07405,1.53338,-1.47916,2.13161
1.77403,-0.82536,-1.07405,1.53338,-1.47916,2.13161
1.77403,-0.82536,-1.07405,1.53338,-1.47916,2.13161
1.77403,-0.82536,-1.07405,1.53338,-1.47916,2.13161
1.77403,-0.82536,-1.07405,1.53338,-1.47916,2.13161
1.77403,-0.82536,-1.07405,1.53338,-1.47916,2.13161
1.77403,-0.82536,-1.07405,1.53338,-1.47916,2.13161
1.77403,-0.82536,-1.07405,1.53338,-1.47916,2.13161
1.77403,-0.82536,-1.07405,1.53338,-1.47916,2.13161
1.77403,-0.82536,-1.07405,1.53338,-1.47916,2.13161
1.77403,-0.82536,-1.07405,1.53338,-1.47916,2.13161
1.77403,-0.82536,-1.07405,1.53338,-1.47916,2.13161
1.77403,-0.82536,-1.07405,1.53338,-1.47916,2.13161
1.77403,-0.82536,-1.07405,1.53338,-1.47916,2.13161
1.77367,-0.82537,-1.07417,1.53298,-1.48030,2.13093
1.77332,-0.82537,-1.07429,1.53260,-1.48143,2.13024
1.77455,-0.82538,-1.07298,1.53321,-1.47864,2.12883
1.77579,-0.82539,-1.07169,1.53383,-1.47585,2.12741
1.77626,-0.82548,-1.07077,1.53402,-1.47501,2.12562
1.77672,-0.82557,-1.06985,1.53420,-1.47418,2.12383
1.77722,-0.82552,-1.06946,1.53443,-1.47317,2.12420
1.77772,-0.82546,-1.06907,1.53467,-1.47217,2.12457
1.77808,-0.82515,-1.06985,1.53448,-1.47123,2.12304
1.77843,-0.82483,-1.07063,1.53429,-1.47030,2.12151
1.77847,-0.82450,-1.07158,1.53375,-1.47033,2.12164
1.77850,-0.82419,-1.07252,1.53323,-1.47035,2.12178
1.77909,-0.82442,-1.07089,1.53353,-1.46947,2.11881
1.77967,-0.82467,-1.06924,1.53384,-1.46858,2.11584
1.78044,-0.82523,-1.06652,1.53484,-1.46691,2.11619
1.78120,-0.82579,-1.06380,1.53584,-1.46523,2.11655
1.78161,-0.82581,-1.06326,1.53584,-1.46444,2.11687
1.78203,-0.82582,-1.06272,1.53585,-1.46365,2.11720
1.78240,-0.82545,-1.06359,1.53577,-1.46275,2.11539
1.78277,-0.82508,-1.06446,1.53569,-1.46185,2.11359
1.78315,-0.82517,-1.06355,1.53568,-1.46132,2.11349
1.78352,-0.82525,-1.06264,1.53566,-1.46078,2.11337
1.78401,-0.82546,-1.06146,1.53603,-1.45993,2.11398
1.78449,-0.82567,-1.06030,1.53639,-1.45908,2.11460
1.78481,-0.82529,-1.06114,1.53603,-1.45851,2.11299
1.78514,-0.82491,-1.06199,1.53567,-1.45794,2.11138
1.78536,-0.82516,-1.06075,1.53581,-1.45772,2.11162
1.78557,-0.82541,-1.05952,1.53596,-1.45750,2.11187
1.78598,-0.82556,-1.05862,1.53636,-1.45650,2.11385
1.78638,-0.82571,-1.05773,1.53676,-1.45549,2.11585
1.78700,-0.82539,-1.05791,1.53642,-1.45462,2.11140
1.78761,-0.82507,-1.05808,1.53607,-1.45374,2.10695
1.78805,-0.82523,-1.05708,1.53643,-1.45278,2.10830
1.78848,-0.82538,-1.05608,1.53679,-1.45182,2.10964
1.78868,-0.82509,-1.05661,1.53642,-1.45170,2.10696
1.78887,-0.82481,-1.05716,1.53605,-1.45159,2.10428
1.78946,-0.82485,-1.05632,1.53633,-1.45035,2.10374
1.79006,-0.82489,-1.05548,1.53661,-1.44912,2.10319
1.79056,-0.82519,-1.05390,1.53698,-1.44802,2.10441
1.79106,-0.82549,-1.05232,1.53734,-1.44692,2.10564
1.79175,-0.82539,-1.05188,1.53765,-1.44535,2.10716
1.79245,-0.82529,-1.05146,1.53796,-1.44379,2.10867
1.79279,-0.82519,-1.05112,1.53786,-1.44340,2.10635
1.79312,-0.82509,-1.05079,1.53777,-1.44301,2.10403
1.79350,-0.82503,-1.05040,1.53773,-1.44253,2.10279
1.79387,-0.82498,-1.05001,1.53768,-1.44206,2.10154
1.79424,-0.82506,-1.04920,1.53776,-1.44141,2.10139
1.79461,-0.82514,-1.04838,1.53785,-1.44076,2.10125
1.79514,-0.82516,-1.04750,1.53794,-1.43992,2.09904
1.79567,-0.82518,-1.04660,1.53803,-1.43907,2.09683
1.79587,-0.82518,-1.04637,1.53803,-1.43861,2.09804
1.79608,-0.82517,-1.04614,1.53804,-1.43816,2.09924
1.79661,-0.82513,-1.04565,1.53830,-1.43708,2.09879
1.79714,-0.82509,-1.04515,1.53856,-1.43600,2.09835
1.79753,-0.82499,-1.04496,1.53843,-1.43531,2.09649
1.79793,-0.82489,-1.04477,1.53829,-1.43462,2.09463
1.79861,-0.82485,-1.04387,1.53866,-1.43337,2.09433
1.79929,-0.82481,-1.04296,1.53903,-1.43211,2.09403
1.79991,-0.82496,-1.04166,1.53938,-1.43094,2.09163
1.80053,-0.82512,-1.04035,1.53972,-1.42979,2.08922
1.80086,-0.82510,-1.03994,1.53980,-1.42918,2.08844
1.80120,-0.82507,-1.03953,1.53989,-1.42857,2.08768
1.80169,-0.82504,-1.03885,1.53998,-1.42757,2.08793
1.80218,-0.82501,-1.03817,1.54007,-1.42656,2.08818
1.80274,-0.82485,-1.03801,1.54021,-1.42536,2.08692
1.80330,-0.82468,-1.03785,1.54035,-1.42416,2.08565
1.80365,-0.82453,-1.03787,1.54045,-1.42350,2.08372
1.80400,-0.82438,-1.03789,1.54055,-1.42285,2.08180
1.80437,-0.82422,-1.03779,1.54049,-1.42217,2.08113
1.80474,-0.82406,-1.03769,1.54042,-1.42149,2.08046
1.80519,-0.82403,-1.03718,1.54064,-1.42047,2.07930
1.80564,-0.82400,-1.03667,1.54086,-1.41945,2.07814
1.80627,-0.82410,-1.03526,1.54100,-1.41858,2.07778
1.80690,-0.82419,-1.03387,1.54114,-1.41770,2.07741
1.80764,-0.82436,-1.03217,1.54177,-1.41617,2.07672
1.80838,-0.82453,-1.03048,1.54240,-1.41464,2.07604
1.80902,-0.82436,-1.03020,1.54263,-1.41326,2.07505
1.80965,-0.82418,-1.02993,1.54286,-1.41189,2.07407
1.80970,-0.82397,-1.03064,1.54280,-1.41185,2.07240
1.80975,-0.82375,-1.03134,1.54273,-1.41180,2.07073
1.81071,-0.82340,-1.03131,1.54293,-1.40962,2.07089
1.81168,-0.82305,-1.03128,1.54313,-1.40742,2.07103
1.81149,-0.82361,-1.02944,1.54333,-1.40810,2.07197
1.81129,-0.82416,-1.02758,1.54354,-1.40877,2.07290
1.81206,-0.82407,-1.02670,1.54385,-1.40718,2.07074
1.81284,-0.82398,-1.02582,1.54417,-1.40559,2.06858
1.81359,-0.82369,-1.02583,1.54433,-1.40397,2.06828
1.81435,-0.82341,-1.02583,1.54448,-1.40235,2.06798
1.81491,-0.82359,-1.02407,1.54448,-1.40166,2.06648
1.81547,-0.82378,-1.02230,1.54448,-1.40098,2.06498
1.81623,-0.82421,-1.01959,1.54543,-1.39957,2.06355
1.81700,-0.82465,-1.01688,1.54639,-1.39817,2.06212
1.81709,-0.82461,-1.01690,1.54636,-1.39800,2.06219
1.81718,-0.82456,-1.01692,1.54633,-1.39782,2.06227
1.81783,-0.82463,-1.01556,1.54682,-1.39658,2.06003
1.81847,-0.82469,-1.01419,1.54731,-1.39534,2.05780
1.81827,-0.82453,-1.01501,1.54690,-1.39579,2.05838
1.81807,-0.82436,-1.01583,1.54650,-1.39623,2.05896
1.81871,-0.82472,-1.01358,1.54751,-1.39481,2.05670
1.81934,-0.82508,-1.01131,1.54852,-1.39340,2.05443
1.81963,-0.82488,-1.01173,1.54852,-1.39278,2.05514
1.81992,-0.82468,-1.01214,1.54851,-1.39215,2.05585
1.82000,-0.82495,-1.01088,1.54882,-1.39198,2.05523
1.82009,-0.82521,-1.00961,1.54913,-1.39181,2.05460
1.82099,-0.82618,-1.00459,1.55035,-1.39047,2.05190
1.82187,-0.82716,-0.99954,1.55155,-1.38915,2.04918
1.82182,-0.82694,-1.00051,1.55135,-1.38899,2.05069
1.82176,-0.82672,-1.00147,1.55115,-1.38884,2.05220
1.82170,-0.82726,-0.99957,1.55156,-1.38917,2.05177
1.82164,-0.82781,-0.99765,1.55198,-1.38950,2.05135
1.82194,-0.82793,-0.99678,1.55233,-1.38885,2.05144
1.82224,-0.82806,-0.99591,1.55267,-1.38820,2.05153
1.82243,-0.82785,-0.99639,1.55271,-1.38767,2.05148
1.82263,-0.82764,-0.99688,1.55275,-1.38712,2.05142
1.82283,-0.82768,-0.99633,1.55291,-1.38684,2.05157
1.82303,-0.82772,-0.99579,1.55307,-1.38656,2.05173
1.82333,-0.82827,-0.99310,1.55352,-1.38639,2.05138
1.82363,-0.82882,-0.99042,1.55398,-1.38621,2.05104
1.82410,-0.82942,-0.98747,1.55506,-1.38526,2.04901
1.82456,-0.83001,-0.98452,1.55614,-1.38432,2.04697
1.82544,-0.83065,-0.98099,1.55810,-1.38218,2.04640
1.82632,-0.83128,-0.97746,1.56006,-1.38003,2.04584
1.82625,-0.83225,-0.97387,1.56060,-1.38061,2.04345
1.82618,-0.83322,-0.97028,1.56112,-1.38120,2.04107
1.82660,-0.83292,-0.97061,1.56138,-1.38014,2.04211
1.82702,-0.83262,-0.97095,1.56164,-1.37907,2.04315
1.82660,-0.83302,-0.97018,1.56168,-1.38007,2.04282
1.82619,-0.83342,-0.96942,1.56171,-1.38107,2.04248
1.82598,-0.83386,-0.96811,1.56191,-1.38165,2.04262
1.82578,-0.83430,-0.96680,1.56212,-1.38222,2.04275
1.82606,-0.83492,-0.96396,1.56272,-1.38193,2.04229
1.82633,-0.83555,-0.96111,1.56332,-1.38164,2.04182
1.82633,-0.83561,-0.96096,1.56330,-1.38169,2.04191
1.82633,-0.83568,-0.96080,1.56328,-1.38175,2.04198
1.82721,-0.83621,-0.95737,1.56496,-1.37973,2.04077
1.82809,-0.83673,-0.95394,1.56665,-1.37771,2.03955
1.82814,-0.83694,-0.95312,1.56671,-1.37780,2.03790
1.82819,-0.83714,-0.95228,1.56677,-1.37788,2.03623
1.82835,-0.83703,-0.95243,1.56693,-1.37746,2.03711
1.82851,-0.83693,-0.95259,1.56709,-1.37704,2.03798
1.82859,-0.83728,-0.95102,1.56718,-1.37706,2.03706
1.82867,-0.83763,-0.94944,1.56728,-1.37707,2.03614
1.82922,-0.83805,-0.94690,1.56822,-1.37587,2.03634
1.82978,-0.83848,-0.94436,1.56917,-1.37466,2.03655
1.83098,-0.83837,-0.94280,1.57007,-1.37218,2.03674
1.83218,-0.83825,-0.94125,1.57096,-1.36972,2.03693
1.83170,-0.83908,-0.93885,1.57104,-1.37091,2.03634
1.83121,-0.83990,-0.93646,1.57112,-1.37211,2.03575
1.83266,-0.83975,-0.93468,1.57339,-1.36908,2.03556
1.83412,-0.83959,-0.93292,1.57567,-1.36605,2.03535
1.83419,-0.83996,-0.93147,1.57621,-1.36589,2.03536
1.83426,-0.84033,-0.93001,1.57674,-1.36573,2.03535
1.83452,-0.84066,-0.92833,1.57769,-1.36492,2.03501
1.83477,-0.84098,-0.92664,1.57863,-1.36411,2.03467
1.83474,-0.84134,-0.92542,1.57880,-1.36431,2.03445
1.83470,-0.84169,-0.92418,1.57897,-1.36451,2.03423
1.83520,-0.84175,-0.92313,1.57951,-1.36349,2.03518
1.83570,-0.84180,-0.92208,1.58005,-1.36247,2.03611
1.83578,-0.84208,-0.92083,1.58009,-1.36246,2.03620
1.83586,-0.84236,-0.91957,1.58014,-1.36245,2.03627
1.83646,-0.84239,-0.91855,1.57980,-1.36196,2.03705
1.83707,-0.84241,-0.91755,1.57945,-1.36147,2.03782
1.83766,-0.84249,-0.91593,1.58037,-1.36060,2.03734
1.83826,-0.84258,-0.91430,1.58129,-1.35974,2.03686
1.83833,-0.84325,-0.91175,1.58247,-1.35934,2.03610
1.83840,-0.84391,-0.90919,1.58365,-1.35896,2.03535
1.83849,-0.84406,-0.90844,1.58360,-1.35889,2.03582
1.83858,-0.84421,-0.90770,1.58355,-1.35882,2.03629
1.83903,-0.84373,-0.90874,1.58247,-1.35900,2.03704
1.83949,-0.84324,-0.90978,1.58139,-1.35918,2.03778
1.83955,-0.84394,-0.90708,1.58260,-1.35863,2.03710
1.83959,-0.84464,-0.90437,1.58381,-1.35807,2.03643
1.84013,-0.84471,-0.90295,1.58465,-1.35698,2.03678
1.84066,-0.84478,-0.90153,1.58550,-1.35589,2.03714
1.84097,-0.84515,-0.89981,1.58625,-1.35542,2.03693
1.84129,-0.84552,-0.89808,1.58701,-1.35496,2.03672
1.84148,-0.84593,-0.89621,1.58725,-1.35492,2.03602
1.84167,-0.84633,-0.89435,1.58750,-1.35487,2.03531
1.84209,-0.84578,-0.89546,1.58726,-1.35441,2.03637
1.84251,-0.84522,-0.89658,1.58702,-1.35394,2.03743
1.84217,-0.84539,-0.89648,1.58672,-1.35487,2.03664
1.84184,-0.84556,-0.89639,1.58642,-1.35580,2.03584
1.84267,-0.84626,-0.89226,1.58797,-1.35414,2.03605
1.84350,-0.84696,-0.88814,1.58951,-1.35249,2.03626
1.84364,-0.84729,-0.88675,1.59010,-1.35208,2.03625
1.84377,-0.84763,-0.88535,1.59070,-1.35166,2.03624
1.84399,-0.84812,-0.88318,1.59119,-1.35135,2.03600
1.84421,-0.84860,-0.88100,1.59168,-1.35104,2.03576
1.84463,-0.84869,-0.87988,1.59206,-1.35074,2.03576
1.84505,-0.84878,-0.87877,1.59244,-1.35044,2.03576
1.84527,-0.84894,-0.87768,1.59290,-1.34993,2.03600
1.84548,-0.84909,-0.87659,1.59336,-1.34942,2.03626
1.84575,-0.84924,-0.87539,1.59340,-1.34927,2.03649
1.84602,-0.84938,-0.87419,1.59345,-1.34912,2.03672
1.84655,-0.84940,-0.87300,1.59421,-1.34832,2.03670
1.84708,-0.84942,-0.87183,1.59498,-1.34752,2.03668
1.84702,-0.85009,-0.86938,1.59560,-1.34773,2.03585
1.84696,-0.85077,-0.86694,1.59621,-1.34795,2.03501
1.84787,-0.85072,-0.86519,1.59670,-1.34664,2.03527
1.84877,-0.85068,-0.86344,1.59719,-1.34532,2.03552
1.84866,-0.85046,-0.86442,1.59682,-1.34546,2.03371
1.84854,-0.85024,-0.86540,1.59645,-1.34559,2.03190
1.84811,-0.85019,-0.86573,1.59599,-1.34644,2.03031
1.84768,-0.85014,-0.86605,1.59554,-1.34728,2.02872
1.84792,-0.84999,-0.86587,1.59499,-1.34738,2.02722
1.84816,-0.84984,-0.86570,1.59443,-1.34749,2.02573
1.84764,-0.84974,-0.86624,1.59368,-1.34807,2.02496
1.84712,-0.84965,-0.86678,1.59294,-1.34866,2.02419
1.84743,-0.84945,-0.86704,1.59253,-1.34854,2.02228
1.84774,-0.84926,-0.86731,1.59213,-1.34843,2.02038
1.84801,-0.84894,-0.86744,1.59172,-1.34848,2.01862
1.84828,-0.84862,-0.86758,1.59131,-1.34853,2.01686
1.84814,-0.84829,-0.86865,1.59084,-1.34888,2.01532
1.84799,-0.84795,-0.86973,1.59037,-1.34923,2.01379
1.84835,-0.84782,-0.86957,1.58991,-1.34908,2.01204
1.84870,-0.84768,-0.86941,1.58945,-1.34894,2.01029
1.84768,-0.84772,-0.86986,1.58841,-1.35002,2.01037
1.84666,-0.84775,-0.87032,1.58737,-1.35110,2.01045
1.84651,-0.84758,-0.87112,1.58682,-1.35141,2.00899
1.84636,-0.84740,-0.87193,1.58627,-1.35171,2.00753
1.84625,-0.84719,-0.87287,1.58580,-1.35198,2.00584
1.84613,-0.84699,-0.87383,1.58533,-1.35224,2.00414
1.84581,-0.84668,-0.87484,1.58473,-1.35271,2.00294
1.84549,-0.84638,-0.87584,1.58413,-1.35319,2.00175
1.84534,-0.84613,-0.87700,1.58364,-1.35344,2.00015
1.84519,-0.84589,-0.87815,1.58315,-1.35370,1.99855
1.84529,-0.84579,-0.87811,1.58255,-1.35373,1.99712
1.84539,-0.84570,-0.87808,1.58196,-1.35377,1.99571
1.84535,-0.84547,-0.87811,1.58130,-1.35406,1.99447
1.84531,-0.84523,-0.87815,1.58064,-1.35434,1.99324
1.84505,-0.84500,-0.87857,1.57990,-1.35474,1.99237
1.84479,-0.84476,-0.87898,1.57916,-1.35513,1.99150
1.84458,-0.84485,-0.87875,1.57840,-1.35541,1.99052
1.84437,-0.84494,-0.87853,1.57764,-1.35568,1.98954
1.84418,-0.84514,-0.87785,1.57682,-1.35592,1.98865
1.84399,-0.84535,-0.87715,1.57601,-1.35616,1.98776
1.84380,-0.84555,-0.87646,1.57519,-1.35641,1.98687
1.84361,-0.84575,-0.87578,1.57437,-1.35664,1.98599
1.84342,-0.84596,-0.87508,1.57356,-1.35688,1.98509
1.84322,-0.84616,-0.87439,1.57274,-1.35713,1.98420
1.84303,-0.84636,-0.87371,1.57193,-1.35736,1.98332
1.84284,-0.84656,-0.87302,1.57111,-1.35761,1.98243
1.84265,-0.84677,-0.87233,1.57029,-1.35785,1.98154
1.84246,-0.84697,-0.87164,1.56947,-1.35809,1.98065
1.84227,-0.84718,-0.87095,1.56865,-1.35833,1.97977
1.84208,-0.84738,-0.87026,1.56784,-1.35857,1.97888
1.84189,-0.84758,-0.86957,1.56702,-1.35881,1.97799
1.84170,-0.84779,-0.86888,1.56620,-1.35905,1.97710
1.84151,-0.84799,-0.86819,1.56538,-1.35929,1.97620
1.84132,-0.84820,-0.86750,1.56456,-1.35953,1.97531
1.84113,-0.84840,-0.86682,1.56374,-1.35977,1.97442
1.84094,-0.84860,-0.86613,1.56292,-1.36001,1.97353
1.84075,-0.84880,-0.86545,1.56210,-1.36024,1.97264
1.84056,-0.84901,-0.86476,1.56128,-1.36048,1.97176
1.84037,-0.84921,-0.86407,1.56046,-1.36072,1.97087
1.84018,-0.84942,-0.86338,1.55964,-1.36096,1.96998
1.83999,-0.84962,-0.86269,1.55882,-1.36120,1.96909
1.83981,-0.84982,-0.86201,1.55799,-1.36144,1.96820
1.83962,-0.85003,-0.86132,1.55717,-1.36167,1.96730
1.83943,-0.85023,-0.86063,1.55635,-1.36191,1.96641
1.83924,-0.85044,-0.85994,1.55553,-1.36215,1.96553
1.83905,-0.85065,-0.85925,1.55470,-1.36239,1.96463
1.83886,-0.85085,-0.85857,1.55388,-1.36263,1.96374
1.83867,-0.85105,-0.85788,1.55306,-1.36287,1.96285
1.83849,-0.85126,-0.85720,1.55224,-1.36310,1.96195
1.83830,-0.85146,-0.85651,1.55141,-1.36334,1.96107
1.83811,-0.85167,-0.85582,1.55059,-1.36358,1.96018
1.83792,-0.85187,-0.85514,1.54976,-1.36382,1.95929
1.83773,-0.85207,-0.85445,1.54894,-1.36406,1.95839
1.83755,-0.85228,-0.85376,1.54812,-1.36429,1.95751
1.83736,-0.85248,-0.85309,1.54729,-1.36453,1.95661
1.83717,-0.85268,-0.85240,1.54647,-1.36476,1.95572
1.83698,-0.85289,-0.85171,1.54564,-1.36501,1.95482
1.83680,-0.85310,-0.85102,1.54482,-1.36524,1.95394
1.83661,-0.85330,-0.85035,1.54399,-1.36548,1.95305
1.83642,-0.85350,-0.84965,1.54317,-1.36572,1.95215
1.83624,-0.85371,-0.84898,1.54234,-1.36595,1.95125
1.83605,-0.85391,-0.84829,1.54151,-1.36619,1.95037
1.83586,-0.85411,-0.84761,1.54069,-1.36643,1.94947
1.83568,-0.85432,-0.84693,1.53986,-1.36666,1.94858
1.83549,-0.85452,-0.84624,1.53903,-1.36689,1.94770
1.83530,-0.85473,-0.84556,1.53820,-1.36713,1.94680
1.83512,-0.85493,-0.84488,1.53737,-1.36736,1.94590
1.83493,-0.85513,-0.84419,1.53655,-1.36761,1.94501
1.83475,-0.85534,-0.84351,1.53572,-1.36784,1.94412
1.83456,-0.85555,-0.84282,1.53489,-1.36807,1.94322
1.83438,-0.85575,-0.84214,1.53406,-1.36831,1.94234
1.83419,-0.85595,-0.84146,1.53323,-1.36855,1.94144
1.83400,-0.85616,-0.84077,1.53240,-1.36878,1.94055
1.83382,-0.85636,-0.84010,1.53157,-1.36902,1.93966
1.83363,-0.85657,-0.83941,1.53074,-1.36925,1.93876
1.83345,-0.85677,-0.83873,1.52991,-1.36948,1.93787
1.83326,-0.85698,-0.83805,1.52908,-1.36972,1.93697
1.83308,-0.85718,-0.83736,1.52825,-1.36996,1.93608
1.83290,-0.85738,-0.83668,1.52742,-1.37018,1.93519
1.83271,-0.85759,-0.83600,1.52659,-1.37042,1.93430
1.83252,-0.85779,-0.83532,1.52576,-1.37066,1.93340
1.83234,-0.85800,-0.83464,1.52492,-1.37089,1.93251
1.83216,-0.85820,-0.83396,1.52409,-1.37112,1.93161
1.83197,-0.85841,-0.83328,1.52326,-1.37136,1.93072
