0.04602,1.58328,-0.60772,0.64601,-2.18398,0.65582
0.04562,1.58361,-0.60865,0.64627,-2.18280,0.65585
0.04521,1.58395,-0.60960,0.64653,-2.18163,0.65587
0.04481,1.58428,-0.61054,0.64678,-2.18044,0.65590
0.04441,1.58460,-0.61144,0.64704,-2.17926,0.65594
0.04400,1.58495,-0.61242,0.64730,-2.17809,0.65596
0.04359,1.58528,-0.61334,0.64756,-2.17690,0.65599
0.04325,1.58596,-0.61491,0.64757,-2.17572,0.65506
0.04291,1.58664,-0.61647,0.64758,-2.17455,0.65414
0.04273,1.58732,-0.61812,0.64754,-2.17368,0.65350
0.04255,1.58798,-0.61975,0.64751,-2.17283,0.65288
0.04235,1.58897,-0.62196,0.64740,-2.17200,0.65197
0.04216,1.58996,-0.62417,0.64728,-2.17117,0.65107
0.04187,1.59101,-0.62644,0.64717,-2.17013,0.64946
0.04158,1.59207,-0.62873,0.64705,-2.16910,0.64784
0.04140,1.59281,-0.63045,0.64694,-2.16820,0.64726
0.04122,1.59355,-0.63217,0.64683,-2.16731,0.64667
0.04101,1.59436,-0.63408,0.64676,-2.16638,0.64591
0.04080,1.59517,-0.63599,0.64668,-2.16547,0.64515
0.04061,1.59572,-0.63739,0.64659,-2.16443,0.64459
0.04041,1.59628,-0.63879,0.64649,-2.16340,0.64404
0.04021,1.59668,-0.63993,0.64638,-2.16233,0.64390
0.04001,1.59707,-0.64105,0.64627,-2.16126,0.64375
0.03982,1.59795,-0.64303,0.64617,-2.16044,0.64295
0.03964,1.59880,-0.64497,0.64606,-2.15962,0.64216
0.03943,1.59961,-0.64680,0.64594,-2.15872,0.64128
0.03922,1.60041,-0.64861,0.64581,-2.15782,0.64042
0.03906,1.60153,-0.65103,0.64570,-2.15720,0.63954
0.03890,1.60265,-0.65344,0.64560,-2.15658,0.63865
0.03869,1.60329,-0.65497,0.64549,-2.15558,0.63789
0.03847,1.60392,-0.65650,0.64539,-2.15460,0.63712
0.03828,1.60477,-0.65841,0.64527,-2.15379,0.63633
0.03809,1.60561,-0.66031,0.64515,-2.15297,0.63553
0.03791,1.60637,-0.66204,0.64503,-2.15216,0.63486
0.03773,1.60712,-0.66376,0.64490,-2.15135,0.63420
0.03753,1.60795,-0.66563,0.64477,-2.15049,0.63339
0.03733,1.60876,-0.66747,0.64463,-2.14962,0.63259
0.03718,1.60983,-0.66977,0.64453,-2.14905,0.63175
0.03702,1.61089,-0.67206,0.64442,-2.14847,0.63090
0.03680,1.61149,-0.67349,0.64425,-2.14743,0.63020
0.03658,1.61210,-0.67495,0.64408,-2.14640,0.62948
0.03641,1.61290,-0.67676,0.64394,-2.14566,0.62885
0.03623,1.61369,-0.67856,0.64380,-2.14490,0.62821
0.03604,1.61469,-0.68072,0.64364,-2.14419,0.62720
0.03585,1.61567,-0.68283,0.64348,-2.14346,0.62621
0.03566,1.61631,-0.68435,0.64334,-2.14257,0.62575
0.03548,1.61694,-0.68585,0.64321,-2.14170,0.62529
0.03526,1.61780,-0.68773,0.64302,-2.14082,0.62424
0.03503,1.61865,-0.68962,0.64283,-2.13991,0.62318
0.03485,1.61947,-0.69144,0.64266,-2.13916,0.62244
0.03467,1.62030,-0.69327,0.64248,-2.13841,0.62169
0.03448,1.62119,-0.69523,0.64232,-2.13767,0.62081
0.03429,1.62205,-0.69713,0.64216,-2.13692,0.61995
0.03410,1.62289,-0.69897,0.64199,-2.13616,0.61914
0.03391,1.62373,-0.70082,0.64181,-2.13540,0.61833
0.03373,1.62448,-0.70249,0.64163,-2.13460,0.61766
0.03354,1.62522,-0.70415,0.64144,-2.13380,0.61698
0.03335,1.62602,-0.70594,0.64126,-2.13303,0.61622
0.03316,1.62681,-0.70768,0.64108,-2.13225,0.61546
0.03297,1.62794,-0.71007,0.64088,-2.13162,0.61432
0.03279,1.62907,-0.71244,0.64067,-2.13100,0.61319
0.03257,1.62975,-0.71401,0.64050,-2.13007,0.61244
0.03235,1.63046,-0.71563,0.64032,-2.12914,0.61167
0.03214,1.63115,-0.71723,0.64015,-2.12828,0.61096
0.03194,1.63184,-0.71883,0.63997,-2.12742,0.61025
0.03174,1.63249,-0.72034,0.63980,-2.12656,0.60957
0.03154,1.63313,-0.72183,0.63964,-2.12571,0.60891
0.03135,1.63380,-0.72336,0.63947,-2.12489,0.60823
0.03115,1.63449,-0.72493,0.63930,-2.12408,0.60752
0.03094,1.63513,-0.72645,0.63912,-2.12315,0.60684
0.03072,1.63576,-0.72796,0.63895,-2.12222,0.60617
0.03052,1.63638,-0.72939,0.63878,-2.12135,0.60554
0.03032,1.63699,-0.73083,0.63861,-2.12050,0.60490
0.03011,1.63764,-0.73236,0.63844,-2.11961,0.60420
0.02991,1.63829,-0.73387,0.63827,-2.11873,0.60353
0.02969,1.63892,-0.73534,0.63810,-2.11782,0.60287
0.02949,1.63953,-0.73679,0.63793,-2.11691,0.60224
0.02929,1.64027,-0.73852,0.63780,-2.11613,0.60135
0.02909,1.64102,-0.74027,0.63765,-2.11536,0.60047
0.02887,1.64131,-0.74104,0.63740,-2.11412,0.60031
0.02865,1.64158,-0.74177,0.63715,-2.11288,0.60018
0.02845,1.64220,-0.74322,0.63699,-2.11203,0.59957
0.02825,1.64282,-0.74466,0.63681,-2.11118,0.59895
0.02804,1.64368,-0.74653,0.63659,-2.11039,0.59804
0.02783,1.64455,-0.74842,0.63637,-2.10959,0.59713
0.02763,1.64520,-0.74990,0.63616,-2.10871,0.59656
0.02742,1.64585,-0.75140,0.63596,-2.10782,0.59597
0.02725,1.64627,-0.75247,0.63584,-2.10697,0.59589
0.02707,1.64668,-0.75355,0.63572,-2.10611,0.59578
0.02687,1.64740,-0.75515,0.63553,-2.10529,0.59504
0.02666,1.64810,-0.75673,0.63534,-2.10446,0.59432
0.02647,1.64869,-0.75809,0.63516,-2.10362,0.59376
0.02627,1.64927,-0.75944,0.63499,-2.10279,0.59320
0.02607,1.64976,-0.76065,0.63481,-2.10183,0.59280
0.02587,1.65026,-0.76187,0.63464,-2.10089,0.59239
0.02567,1.65120,-0.76383,0.63433,-2.10017,0.59159
0.02548,1.65215,-0.76580,0.63403,-2.09946,0.59077
0.02528,1.65267,-0.76704,0.63385,-2.09856,0.59028
0.02507,1.65317,-0.76826,0.63369,-2.09764,0.58981
0.02486,1.65363,-0.76942,0.63354,-2.09669,0.58931
0.02465,1.65408,-0.77057,0.63340,-2.09573,0.58882
0.02453,1.65442,-0.77139,0.63341,-2.09520,0.58836
0.02441,1.65475,-0.77222,0.63342,-2.09469,0.58790
0.02429,1.65510,-0.77306,0.63341,-2.09418,0.58742
0.02417,1.65545,-0.77390,0.63341,-2.09367,0.58694
0.02404,1.65577,-0.77471,0.63344,-2.09311,0.58643
0.02392,1.65609,-0.77553,0.63347,-2.09257,0.58592
0.02381,1.65757,-0.77828,0.63325,-2.09275,0.58378
0.02370,1.65906,-0.78105,0.63303,-2.09293,0.58162
0.02347,1.65906,-0.78128,0.63302,-2.09177,0.58072
0.02325,1.65908,-0.78153,0.63302,-2.09060,0.57982
0.02305,1.65938,-0.78246,0.63325,-2.09002,0.57830
0.02285,1.65969,-0.78340,0.63347,-2.08943,0.57676
0.02267,1.66044,-0.78504,0.63351,-2.08905,0.57473
0.02249,1.66118,-0.78666,0.63355,-2.08867,0.57268
0.02222,1.66125,-0.78729,0.63391,-2.08781,0.57084
0.02195,1.66131,-0.78791,0.63427,-2.08695,0.56900
0.02168,1.66157,-0.78888,0.63463,-2.08625,0.56689
0.02142,1.66183,-0.78988,0.63499,-2.08556,0.56477
0.02115,1.66195,-0.79059,0.63533,-2.08473,0.56284
0.02087,1.66208,-0.79131,0.63567,-2.08389,0.56093
0.02060,1.66227,-0.79212,0.63594,-2.08303,0.55900
0.02032,1.66246,-0.79292,0.63622,-2.08216,0.55707
0.02004,1.66260,-0.79369,0.63655,-2.08133,0.55509
0.01976,1.66276,-0.79446,0.63687,-2.08049,0.55312
0.01954,1.66343,-0.79606,0.63701,-2.08003,0.55097
0.01932,1.66409,-0.79766,0.63714,-2.07956,0.54881
0.01906,1.66435,-0.79855,0.63739,-2.07882,0.54685
0.01881,1.66460,-0.79943,0.63764,-2.07807,0.54487
0.01857,1.66523,-0.80094,0.63777,-2.07751,0.54266
0.01833,1.66585,-0.80245,0.63789,-2.07696,0.54046
0.01809,1.66634,-0.80377,0.63809,-2.07638,0.53834
0.01784,1.66682,-0.80507,0.63829,-2.07580,0.53621
0.01757,1.66709,-0.80600,0.63854,-2.07500,0.53417
0.01729,1.66736,-0.80694,0.63879,-2.07419,0.53211
0.01704,1.66789,-0.80830,0.63893,-2.07356,0.52996
0.01678,1.66842,-0.80968,0.63908,-2.07292,0.52780
0.01658,1.66961,-0.81210,0.63896,-2.07270,0.52534
0.01638,1.67082,-0.81453,0.63882,-2.07250,0.52290
0.01609,1.67084,-0.81511,0.63924,-2.07169,0.52098
0.01580,1.67086,-0.81570,0.63965,-2.07087,0.51905
0.01561,1.67145,-0.81703,0.63960,-2.07021,0.51743
0.01541,1.67204,-0.81837,0.63953,-2.06957,0.51580
0.01523,1.67289,-0.82016,0.63947,-2.06923,0.51392
0.01505,1.67374,-0.82196,0.63941,-2.06891,0.51202
0.01487,1.67519,-0.82482,0.63920,-2.06892,0.50963
0.01468,1.67663,-0.82766,0.63897,-2.06894,0.50723
0.01449,1.67747,-0.82944,0.63891,-2.06858,0.50539
0.01429,1.67831,-0.83122,0.63884,-2.06823,0.50353
0.01414,1.67919,-0.83305,0.63870,-2.06794,0.50194
0.01397,1.68005,-0.83486,0.63858,-2.06763,0.50032
0.01382,1.68112,-0.83695,0.63826,-2.06725,0.49852
0.01365,1.68219,-0.83904,0.63793,-2.06687,0.49671
0.01347,1.68258,-0.84003,0.63789,-2.06615,0.49533
0.01330,1.68298,-0.84102,0.63786,-2.06543,0.49394
0.01318,1.68450,-0.84386,0.63735,-2.06544,0.49217
0.01306,1.68605,-0.84672,0.63683,-2.06544,0.49038
0.01287,1.68668,-0.84808,0.63684,-2.06506,0.48914
0.01268,1.68731,-0.84944,0.63684,-2.06471,0.48793
0.01257,1.68818,-0.85109,0.63648,-2.06430,0.48701
0.01247,1.68905,-0.85273,0.63612,-2.06390,0.48611
0.01235,1.68999,-0.85457,0.63585,-2.06368,0.48504
0.01222,1.69094,-0.85639,0.63557,-2.06346,0.48398
0.01198,1.69151,-0.85780,0.63568,-2.06299,0.48214
0.01175,1.69208,-0.85919,0.63577,-2.06253,0.48029
0.01159,1.69290,-0.86085,0.63555,-2.06213,0.47904
0.01143,1.69371,-0.86248,0.63532,-2.06172,0.47779
0.01127,1.69431,-0.86372,0.63512,-2.06108,0.47667
0.01111,1.69489,-0.86494,0.63492,-2.06044,0.47559
0.01093,1.69585,-0.86686,0.63469,-2.06013,0.47401
0.01075,1.69683,-0.86879,0.63444,-2.05983,0.47243
0.01059,1.69759,-0.87039,0.63429,-2.05949,0.47115
0.01043,1.69837,-0.87202,0.63413,-2.05916,0.46987
0.01026,1.69922,-0.87367,0.63382,-2.05866,0.46864
0.01010,1.70005,-0.87530,0.63352,-2.05816,0.46743
0.00994,1.70015,-0.87574,0.63363,-2.05750,0.46702
0.00978,1.70024,-0.87618,0.63375,-2.05682,0.46661
0.00965,1.70150,-0.87849,0.63320,-2.05657,0.46525
0.00953,1.70276,-0.88080,0.63263,-2.05632,0.46391
0.00935,1.70228,-0.88037,0.63310,-2.05545,0.46383
0.00917,1.70179,-0.87992,0.63358,-2.05459,0.46376
0.00900,1.70200,-0.88043,0.63357,-2.05383,0.46335
0.00882,1.70220,-0.88095,0.63356,-2.05308,0.46294
0.00875,1.70476,-0.88545,0.63235,-2.05348,0.46036
0.00869,1.70734,-0.88996,0.63110,-2.05390,0.45776
0.00853,1.70793,-0.89119,0.63092,-2.05336,0.45701
0.00838,1.70852,-0.89243,0.63073,-2.05283,0.45625
0.00820,1.70913,-0.89372,0.63060,-2.05237,0.45524
0.00802,1.70974,-0.89501,0.63048,-2.05190,0.45422
0.00788,1.71033,-0.89619,0.63025,-2.05138,0.45357
0.00774,1.71093,-0.89737,0.63001,-2.05088,0.45292
0.00759,1.71143,-0.89844,0.62986,-2.05031,0.45231
0.00744,1.71192,-0.89950,0.62970,-2.04976,0.45171
0.00729,1.71240,-0.90052,0.62956,-2.04921,0.45113
0.00714,1.71290,-0.90158,0.62940,-2.04864,0.45053
0.00699,1.71339,-0.90262,0.62925,-2.04810,0.44996
0.00684,1.71388,-0.90367,0.62909,-2.04753,0.44938
0.00669,1.71436,-0.90472,0.62894,-2.04696,0.44875
0.00653,1.71487,-0.90580,0.62879,-2.04640,0.44812
0.00638,1.71534,-0.90682,0.62864,-2.04585,0.44753
0.00623,1.71583,-0.90786,0.62848,-2.04529,0.44692
0.00617,1.71758,-0.91098,0.62795,-2.04485,0.44646
0.00611,1.71933,-0.91411,0.62741,-2.04441,0.44599
0.00606,1.72105,-0.91714,0.62684,-2.04397,0.44581
0.00602,1.72277,-0.92015,0.62626,-2.04353,0.44562
0.00592,1.72426,-0.92293,0.62591,-2.04298,0.44502
0.00582,1.72576,-0.92571,0.62555,-2.04242,0.44441
0.00577,1.72765,-0.92904,0.62485,-2.04200,0.44380
0.00571,1.72953,-0.93234,0.62415,-2.04159,0.44320
0.00567,1.73150,-0.93575,0.62336,-2.04123,0.44275
0.00563,1.73346,-0.93914,0.62256,-2.04087,0.44229
0.00556,1.73456,-0.94121,0.62235,-2.04018,0.44254
0.00548,1.73565,-0.94326,0.62214,-2.03948,0.44278
0.00548,1.73684,-0.94531,0.62158,-2.03857,0.44347
0.00548,1.73802,-0.94734,0.62102,-2.03767,0.44416
0.00549,1.73970,-0.95016,0.62026,-2.03721,0.44468
0.00549,1.74137,-0.95297,0.61949,-2.03676,0.44520
0.00544,1.74294,-0.95568,0.61890,-2.03627,0.44506
0.00540,1.74449,-0.95838,0.61832,-2.03579,0.44493
0.00526,1.74626,-0.96143,0.61771,-2.03529,0.44389
0.00511,1.74801,-0.96445,0.61710,-2.03479,0.44286
0.00507,1.74954,-0.96710,0.61649,-2.03428,0.44283
0.00503,1.75105,-0.96973,0.61587,-2.03375,0.44279
0.00499,1.75257,-0.97235,0.61525,-2.03321,0.44273
0.00494,1.75409,-0.97499,0.61463,-2.03269,0.44266
0.00491,1.75561,-0.97757,0.61397,-2.03218,0.44289
0.00489,1.75712,-0.98015,0.61331,-2.03168,0.44311
0.00485,1.75846,-0.98251,0.61279,-2.03111,0.44317
0.00481,1.75979,-0.98486,0.61227,-2.03053,0.44323
0.00474,1.76150,-0.98774,0.61150,-2.03003,0.44274
0.00466,1.76319,-0.99060,0.61074,-2.02953,0.44225
0.00460,1.76442,-0.99278,0.61030,-2.02886,0.44233
0.00454,1.76563,-0.99494,0.60986,-2.02820,0.44242
0.00450,1.76744,-0.99792,0.60894,-2.02782,0.44217
0.00447,1.76925,-1.00089,0.60802,-2.02743,0.44194
0.00443,1.77059,-1.00327,0.60746,-2.02684,0.44192
0.00438,1.77193,-1.00567,0.60689,-2.02625,0.44189
0.00433,1.77348,-1.00828,0.60616,-2.02572,0.44173
0.00428,1.77502,-1.01089,0.60542,-2.02521,0.44158
0.00425,1.77656,-1.01340,0.60466,-2.02474,0.44185
0.00421,1.77808,-1.01588,0.60390,-2.02427,0.44212
0.00415,1.77974,-1.01865,0.60309,-2.02383,0.44191
0.00409,1.78139,-1.02140,0.60227,-2.02340,0.44171
0.00401,1.78284,-1.02389,0.60162,-2.02281,0.44151
0.00393,1.78428,-1.02637,0.60097,-2.02220,0.44132
0.00391,1.78576,-1.02884,0.60019,-2.02167,0.44126
0.00388,1.78725,-1.03132,0.59940,-2.02114,0.44120
0.00386,1.78881,-1.03385,0.59851,-2.02062,0.44134
0.00385,1.79038,-1.03638,0.59760,-2.02008,0.44146
0.00375,1.79194,-1.03903,0.59683,-2.01950,0.44097
0.00366,1.79350,-1.04167,0.59605,-2.01893,0.44049
0.00358,1.79509,-1.04428,0.59519,-2.01831,0.44004
0.00350,1.79667,-1.04687,0.59433,-2.01770,0.43959
0.00348,1.79805,-1.04913,0.59357,-2.01715,0.44009
0.00347,1.79941,-1.05136,0.59281,-2.01662,0.44060
0.00340,1.80101,-1.05401,0.59189,-2.01599,0.44006
0.00332,1.80262,-1.05667,0.59097,-2.01534,0.43951
0.00328,1.80382,-1.05868,0.59038,-2.01471,0.44004
0.00324,1.80501,-1.06068,0.58979,-2.01408,0.44058
0.00320,1.80626,-1.06274,0.58909,-2.01334,0.44098
0.00315,1.80752,-1.06482,0.58838,-2.01261,0.44138
0.00304,1.80878,-1.06695,0.58780,-2.01189,0.44120
0.00294,1.81003,-1.06907,0.58722,-2.01118,0.44104
0.00282,1.81145,-1.07149,0.58653,-2.01053,0.44041
0.00270,1.81288,-1.07391,0.58584,-2.00988,0.43977
0.00262,1.81382,-1.07561,0.58544,-2.00898,0.44002
0.00253,1.81476,-1.07730,0.58504,-2.00807,0.44028
0.00244,1.81565,-1.07890,0.58476,-2.00727,0.44069
0.00236,1.81654,-1.08049,0.58447,-2.00646,0.44111
0.00225,1.81734,-1.08203,0.58425,-2.00555,0.44121
0.00215,1.81814,-1.08357,0.58404,-2.00463,0.44130
0.00203,1.81925,-1.08544,0.58356,-2.00383,0.44146
0.00191,1.82034,-1.08729,0.58309,-2.00303,0.44163
0.00182,1.82142,-1.08913,0.58260,-2.00229,0.44171
0.00174,1.82249,-1.09096,0.58211,-2.00152,0.44180
0.00165,1.82346,-1.09266,0.58170,-2.00066,0.44214
0.00157,1.82442,-1.09434,0.58128,-1.99981,0.44251
0.00143,1.82542,-1.09613,0.58088,-1.99889,0.44256
0.00129,1.82643,-1.09792,0.58047,-1.99797,0.44261
0.00120,1.82734,-1.09956,0.58010,-1.99709,0.44274
0.00112,1.82827,-1.10121,0.57972,-1.99621,0.44286
0.00098,1.82913,-1.10284,0.57944,-1.99514,0.44282
0.00084,1.82999,-1.10448,0.57914,-1.99410,0.44279
0.00071,1.83089,-1.10607,0.57888,-1.99328,0.44299
0.00059,1.83179,-1.10766,0.57860,-1.99246,0.44320
0.00043,1.83241,-1.10901,0.57856,-1.99125,0.44332
0.00026,1.83301,-1.11034,0.57852,-1.99005,0.44342
0.00013,1.83413,-1.11224,0.57799,-1.98916,0.44330
0.00000,1.83525,-1.11412,0.57745,-1.98828,0.44318
-0.00013,1.83606,-1.11563,0.57719,-1.98739,0.44320
-0.00026,1.83688,-1.11715,0.57695,-1.98650,0.44321
-0.00044,1.83749,-1.11849,0.57692,-1.98533,0.44300
-0.00061,1.83811,-1.11983,0.57688,-1.98417,0.44280
-0.00068,1.83934,-1.12186,0.57622,-1.98353,0.44284
-0.00075,1.84058,-1.12390,0.57554,-1.98290,0.44289
-0.00098,1.84154,-1.12567,0.57524,-1.98187,0.44223
-0.00119,1.84251,-1.12743,0.57492,-1.98087,0.44158
-0.00133,1.84340,-1.12906,0.57460,-1.97991,0.44157
-0.00148,1.84429,-1.13068,0.57427,-1.97896,0.44155
-0.00164,1.84488,-1.13200,0.57430,-1.97792,0.44155
-0.00181,1.84547,-1.13333,0.57434,-1.97686,0.44154
-0.00181,1.84547,-1.13333,0.57434,-1.97686,0.44154
-0.00181,1.84547,-1.13333,0.57434,-1.97686,0.44154
-0.00181,1.84547,-1.13333,0.57434,-1.97686,0.44154
-0.00181,1.84547,-1.13333,0.57434,-1.97686,0.44154
-0.00181,1.84547,-1.13333,0.57434,-1.97686,0.44154
-0.00181,1.84547,-1.13333,0.57434,-1.97686,0.44154
-0.00181,1.84547,-1.13333,0.57434,-1.97686,0.44154
-0.00181,1.84547,-1.13333,0.57434,-1.97686,0.44154
-0.00181,1.84547,-1.13333,0.57434,-1.97686,0.44154
-0.00181,1.84547,-1.13333,0.57434,-1.97686,0.44154
-0.00181,1.84547,-1.13333,0.57434,-1.97686,0.44154
-0.00181,1.84547,-1.13333,0.57434,-1.97686,0.44154
-0.00181,1.84547,-1.13333,0.57434,-1.97686,0.44154
-0.00181,1.84547,-1.13333,0.57434,-1.97686,0.44154
-0.00181,1.84547,-1.13333,0.57434,-1.97686,0.44154
-0.00181,1.84547,-1.13333,0.57434,-1.97686,0.44154
-0.00181,1.84547,-1.13333,0.57434,-1.97686,0.44154
-0.00181,1.84547,-1.13333,0.57434,-1.97686,0.44154
-0.00181,1.84547,-1.13333,0.57434,-1.97686,0.44154
-0.00181,1.84547,-1.13333,0.57434,-1.97686,0.44154
-0.00181,1.84547,-1.13333,0.57434,-1.97686,0.44154
-0.00181,1.84547,-1.13333,0.57434,-1.97686,0.44154
-0.00181,1.84547,-1.13333,0.57434,-1.97686,0.44154
-0.00181,1.84547,-1.13333,0.57434,-1.97686,0.44154
-0.00181,1.84547,-1.13333,0.57434,-1.97686,0.44154
-0.00181,1.84547,-1.13333,0.57434,-1.97686,0.44154
-0.00181,1.84547,-1.13333,0.57434,-1.97686,0.44154
-0.00181,1.84547,-1.13333,0.57434,-1.97686,0.44154
-0.00181,1.84547,-1.13333,0.57434,-1.97686,0.44154
-0.00181,1.84547,-1.13333,0.57434,-1.97686,0.44154
-0.00181,1.84547,-1.13333,0.57434,-1.97686,0.44154
-0.00181,1.84547,-1.13333,0.57434,-1.97686,0.44154
-0.00181,1.84547,-1.13333,0.57434,-1.97686,0.44154
-0.00181,1.84547,-1.13333,0.57434,-1.97686,0.44154
-0.00181,1.84547,-1.13333,0.57434,-1.97686,0.44154
-0.00181,1.84547,-1.13333,0.57434,-1.97686,0.44154
-0.00181,1.84547,-1.13333,0.57434,-1.97686,0.44154
-0.00181,1.84547,-1.13333,0.57434,-1.97686,0.44154
-0.00181,1.84547,-1.13333,0.57434,-1.97686,0.44154
-0.00181,1.84547,-1.13333,0.57434,-1.97686,0.44154
-0.00181,1.84547,-1.13333,0.57434,-1.97686,0.44154
-0.00181,1.84547,-1.13333,0.57434,-1.97686,0.44154
-0.00181,1.84547,-1.13333,0.57434,-1.97686,0.44154
-0.00181,1.84547,-1.13333,0.57434,-1.97686,0.44154
-0.00181,1.84547,-1.13333,0.57434,-1.97686,0.44154
-0.00181,1.84547,-1.13333,0.57434,-1.97686,0.44154
-0.00181,1.84547,-1.13333,0.57434,-1.97686,0.44154
-0.00181,1.84547,-1.13333,0.57434,-1.97686,0.44154
-0.00181,1.84547,-1.13333,0.57434,-1.97686,0.44154
-0.00181,1.84547,-1.13333,0.57434,-1.97686,0.44154
-0.00181,1.84547,-1.13333,0.57434,-1.97686,0.44154
-0.00181,1.84547,-1.13333,0.57434,-1.97686,0.44154
-0.00181,1.84547,-1.13333,0.57434,-1.97686,0.44154
-0.00181,1.84547,-1.13333,0.57434,-1.97686,0.44154
-0.00181,1.84547,-1.13333,0.57434,-1.97686,0.44154
-0.00181,1.84547,-1.13333,0.57434,-1.97686,0.44154
-0.00181,1.84547,-1.13333,0.57434,-1.97686,0.44154
-0.00181,1.84547,-1.13333,0.57434,-1.97686,0.44154
-0.00181,1.84547,-1.13333,0.57434,-1.97686,0.44154
-0.00181,1.84547,-1.13333,0.57434,-1.97686,0.44154
-0.00181,1.84547,-1.13333,0.57434,-1.97686,0.44154
-0.00181,1.84547,-1.13333,0.57434,-1.97686,0.44154
-0.00181,1.84547,-1.13333,0.57434,-1.97686,0.44154
-0.00181,1.84547,-1.13333,0.57434,-1.97686,0.44154
-0.00181,1.84547,-1.13333,0.57434,-1.97686,0.44154
-0.00181,1.84547,-1.13333,0.57434,-1.97686,0.44154
-0.00181,1.84547,-1.13333,0.57434,-1.97686,0.44154
-0.00181,1.84547,-1.13333,0.57434,-1.97686,0.44154
-0.00181,1.84547,-1.13333,0.57434,-1.97686,0.44154
-0.00181,1.84547,-1.13333,0.57434,-1.97686,0.44154
-0.00181,1.84547,-1.13333,0.57434,-1.97686,0.44154
-0.00181,1.84547,-1.13333,0.57434,-1.97686,0.44154
-0.00181,1.84547,-1.13333,0.57434,-1.97686,0.44154
-0.00181,1.84547,-1.13333,0.57434,-1.97686,0.44154
-0.00181,1.84547,-1.13333,0.57434,-1.97686,0.44154
-0.00181,1.84547,-1.13333,0.57434,-1.97686,0.44154
-0.00181,1.84547,-1.13333,0.57434,-1.97686,0.44154
-0.00181,1.84547,-1.13333,0.57434,-1.97686,0.44154
-0.00181,1.84547,-1.13333,0.57434,-1.97686,0.44154
-0.00181,1.84547,-1.13333,0.57434,-1.97686,0.44154
-0.00181,1.84547,-1.13333,0.57434,-1.97686,0.44154
-0.00181,1.84547,-1.13333,0.57434,-1.97686,0.44154
-0.00181,1.84547,-1.13333,0.57434,-1.97686,0.44154
-0.00181,1.84547,-1.13333,0.57434,-1.97686,0.44154
-0.00181,1.84547,-1.13333,0.57434,-1.97686,0.44154
-0.00181,1.84547,-1.13333,0.57434,-1.97686,0.44154
-0.00181,1.84547,-1.13333,0.57434,-1.97686,0.44154
-0.00181,1.84547,-1.13333,0.57434,-1.97686,0.44154
-0.00181,1.84547,-1.13333,0.57434,-1.97686,0.44154
-0.00181,1.84547,-1.13333,0.57434,-1.97686,0.44154
-0.00181,1.84547,-1.13333,0.57434,-1.97686,0.44154
-0.00181,1.84547,-1.13333,0.57434,-1.97686,0.44154
-0.00181,1.84547,-1.13333,0.57434,-1.97686,0.44154
-0.00181,1.84547,-1.13333,0.57434,-1.97686,0.44154
-0.00181,1.84547,-1.13333,0.57434,-1.97686,0.44154
-0.00181,1.84547,-1.13333,0.57434,-1.97686,0.44154
-0.00181,1.84547,-1.13333,0.57434,-1.97686,0.44154
-0.00181,1.84547,-1.13333,0.57434,-1.97686,0.44154
-0.00181,1.84547,-1.13333,0.57434,-1.97686,0.44154
-0.00181,1.84547,-1.13333,0.57434,-1.97686,0.44154
-0.00181,1.84547,-1.13333,0.57434,-1.97686,0.44154
-0.00181,1.84547,-1.13333,0.57434,-1.97686,0.44154
-0.00181,1.84547,-1.13333,0.57434,-1.97686,0.44154
-0.00181,1.84547,-1.13333,0.57434,-1.97686,0.44154
-0.00181,1.84547,-1.13333,0.57434,-1.97686,0.44154
-0.00181,1.84547,-1.13333,0.57434,-1.97686,0.44154
-0.00181,1.84547,-1.13333,0.57434,-1.97686,0.44154
-0.00181,1.84547,-1.13333,0.57434,-1.97686,0.44154
-0.00181,1.84547,-1.13333,0.57434,-1.97686,0.44154
-0.00181,1.84547,-1.13333,0.57434,-1.97686,0.44154
-0.00181,1.84547,-1.13333,0.57434,-1.97686,0.44154
-0.00181,1.84547,-1.13333,0.57434,-1.97686,0.44154
-0.00181,1.84547,-1.13333,0.57434,-1.97686,0.44154
-0.00181,1.84547,-1.13333,0.57434,-1.97686,0.44154
-0.00181,1.84547,-1.13333,0.57434,-1.97686,0.44154
-0.00181,1.84547,-1.13333,0.57434,-1.97686,0.44154
-0.00181,1.84547,-1.13333,0.57434,-1.97686,0.44154
-0.00181,1.84547,-1.13333,0.57434,-1.97686,0.44154
-0.00181,1.84547,-1.13333,0.57434,-1.97686,0.44154
-0.00181,1.84547,-1.13333,0.57434,-1.97686,0.44154
-0.00181,1.84547,-1.13333,0.57434,-1.97686,0.44154
-0.00181,1.84547,-1.13333,0.57434,-1.97686,0.44154
-0.00181,1.84547,-1.13333,0.57434,-1.97686,0.44154
-0.00181,1.84547,-1.13333,0.57434,-1.97686,0.44154
-0.00181,1.84547,-1.13333,0.57434,-1.97686,0.44154
-0.00181,1.84547,-1.13333,0.57434,-1.97686,0.44154
-0.00181,1.84547,-1.13333,0.57434,-1.97686,0.44154
-0.00181,1.84547,-1.13333,0.57434,-1.97686,0.44154
-0.00181,1.84547,-1.13333,0.57434,-1.97686,0.44154
-0.00181,1.84547,-1.13333,0.57434,-1.97686,0.44154
-0.00181,1.84547,-1.13333,0.57434,-1.97686,0.44154
-0.00181,1.84547,-1.13333,0.57434,-1.97686,0.44154
-0.00181,1.84547,-1.13333,0.57434,-1.97686,0.44154
-0.00181,1.84547,-1.13333,0.57434,-1.97686,0.44154
-0.00181,1.84547,-1.13333,0.57434,-1.97686,0.44154
-0.00181,1.84547,-1.13333,0.57434,-1.97686,0.44154
-0.00181,1.84547,-1.13333,0.57434,-1.97686,0.44154
-0.00181,1.84547,-1.13333,0.57434,-1.97686,0.44154
-0.00181,1.84547,-1.13333,0.57434,-1.97686,0.44154
-0.00181,1.84547,-1.13333,0.57434,-1.97686,0.44154
-0.00181,1.84547,-1.13333,0.57434,-1.97686,0.44154
-0.00181,1.84547,-1.13333,0.57434,-1.97686,0.44154
-0.00181,1.84547,-1.13333,0.57434,-1.97686,0.44154
-0.00181,1.84547,-1.13333,0.57434,-1.97686,0.44154
-0.00181,1.84547,-1.13333,0.57434,-1.97686,0.44154
-0.00181,1.84547,-1.13333,0.57434,-1.97686,0.44154
-0.00181,1.84547,-1.13333,0.57434,-1.97686,0.44154
-0.00181,1.84547,-1.13333,0.57434,-1.97686,0.44154
-0.00181,1.84547,-1.13333,0.57434,-1.97686,0.44154
-0.00181,1.84547,-1.13333,0.57434,-1.97686,0.44154
-0.00181,1.84547,-1.13333,0.57434,-1.97686,0.44154
-0.00181,1.84547,-1.13333,0.57434,-1.97686,0.44154
-0.00181,1.84547,-1.13333,0.57434,-1.97686,0.44154
-0.00181,1.84547,-1.13333,0.57434,-1.97686,0.44154
-0.00181,1.84547,-1.13333,0.57434,-1.97686,0.44154
-0.00181,1.84547,-1.13333,0.57434,-1.97686,0.44154
-0.00181,1.84547,-1.13333,0.57434,-1.97686,0.44154
-0.00181,1.84547,-1.13333,0.57434,-1.97686,0.44154
-0.00181,1.84547,-1.13333,0.57434,-1.97686,0.44154
-0.00181,1.84547,-1.13333,0.57434,-1.97686,0.44154
-0.00181,1.84547,-1.13333,0.57434,-1.97686,0.44154
-0.00181,1.84547,-1.13333,0.57434,-1.97686,0.44154
-0.00181,1.84547,-1.13333,0.57434,-1.97686,0.44154
-0.00181,1.84547,-1.13333,0.57434,-1.97686,0.44154
-0.00181,1.84547,-1.13333,0.57434,-1.97686,0.44154
-0.00181,1.84547,-1.13333,0.57434,-1.97686,0.44154
-0.00181,1.84547,-1.13333,0.57434,-1.97686,0.44154
-0.00181,1.84547,-1.13333,0.57434,-1.97686,0.44154
-0.00181,1.84547,-1.13333,0.57434,-1.97686,0.44154
-0.00181,1.84547,-1.13333,0.57434,-1.97686,0.44154
-0.00181,1.84547,-1.13333,0.57434,-1.97686,0.44154
-0.00181,1.84547,-1.13333,0.57434,-1.97686,0.44154
-0.00181,1.84547,-1.13333,0.57434,-1.97686,0.44154
-0.00181,1.84547,-1.13333,0.57434,-1.97686,0.44154
-0.00181,1.84547,-1.13333,0.57434,-1.97686,0.44154
-0.00181,1.84547,-1.13333,0.57434,-1.97686,0.44154
-0.00181,1.84547,-1.13333,0.57434,-1.97686,0.44154
-0.00181,1.84547,-1.13333,0.57434,-1.97686,0.44154
-0.00181,1.84547,-1.13333,0.57434,-1.97686,0.44154
-0.00181,1.84547,-1.13333,0.57434,-1.97686,0.44154
-0.00181,1.84547,-1.13333,0.57434,-1.97686,0.44154
-0.00181,1.84547,-1.13333,0.57434,-1.97686,0.44154
-0.00181,1.84547,-1.13333,0.57434,-1.97686,0.44154
-0.00181,1.84547,-1.13333,0.57434,-1.97686,0.44154
-0.00181,1.84547,-1.13333,0.57434,-1.97686,0.44154
-0.00181,1.84547,-1.13333,0.57434,-1.97686,0.44154
-0.00181,1.84547,-1.13333,0.57434,-1.97686,0.44154
-0.00181,1.84547,-1.13333,0.57434,-1.97686,0.44154
-0.00181,1.84547,-1.13333,0.57434,-1.97686,0.44154
-0.00181,1.84547,-1.13333,0.57434,-1.97686,0.44154
-0.00181,1.84547,-1.13333,0.57434,-1.97686,0.44154
-0.00181,1.84547,-1.13333,0.57434,-1.97686,0.44154
-0.00181,1.84547,-1.13333,0.57434,-1.97686,0.44154
-0.00181,1.84547,-1.13333,0.57434,-1.97686,0.44154
-0.00181,1.84547,-1.13333,0.57434,-1.97686,0.44154
-0.00181,1.84547,-1.13333,0.57434,-1.97686,0.44154
-0.00181,1.84547,-1.13333,0.57434,-1.97686,0.44154
-0.00181,1.84547,-1.13333,0.57434,-1.97686,0.44154
-0.00181,1.84547,-1.13333,0.57434,-1.97686,0.44154
-0.00181,1.84547,-1.13333,0.57434,-1.97686,0.44154
-0.00181,1.84547,-1.13333,0.57434,-1.97686,0.44154
-0.00181,1.84547,-1.13333,0.57434,-1.97686,0.44154
-0.00181,1.84547,-1.13333,0.57434,-1.97686,0.44154
-0.00181,1.84547,-1.13333,0.57434,-1.97686,0.44154
-0.00181,1.84547,-1.13333,0.57434,-1.97686,0.44154
-0.00181,1.84547,-1.13333,0.57434,-1.97686,0.44154
-0.00181,1.84547,-1.13333,0.57434,-1.97686,0.44154
-0.00181,1.84547,-1.13333,0.57434,-1.97686,0.44154
-0.00181,1.84547,-1.13333,0.57434,-1.97686,0.44154
-0.00181,1.84547,-1.13333,0.57434,-1.97686,0.44154
-0.00181,1.84547,-1.13333,0.57434,-1.97686,0.44154
-0.00181,1.84547,-1.13333,0.57434,-1.97686,0.44154
-0.00181,1.84547,-1.13333,0.57434,-1.97686,0.44154
-0.00181,1.84547,-1.13333,0.57434,-1.97686,0.44154
-0.00181,1.84547,-1.13333,0.57434,-1.97686,0.44154
-0.00181,1.84547,-1.13333,0.57434,-1.97686,0.44154
-0.00181,1.84547,-1.13333,0.57434,-1.97686,0.44154
-0.00181,1.84547,-1.13333,0.57434,-1.97686,0.44154
-0.00181,1.84547,-1.13333,0.57434,-1.97686,0.44154
-0.00181,1.84547,-1.13333,0.57434,-1.97686,0.44154
-0.00181,1.84547,-1.13333,0.57434,-1.97686,0.44154
-0.00181,1.84547,-1.13333,0.57434,-1.97686,0.44154
-0.00181,1.84547,-1.13333,0.57434,-1.97686,0.44154
-0.00181,1.84547,-1.13333,0.57434,-1.97686,0.44154
-0.00181,1.84547,-1.13333,0.57434,-1.97686,0.44154
-0.00181,1.84547,-1.13333,0.57434,-1.97686,0.44154
-0.00181,1.84547,-1.13333,0.57434,-1.97686,0.44154
-0.00181,1.84547,-1.13333,0.57434,-1.97686,0.44154
-0.00181,1.84547,-1.13333,0.57434,-1.97686,0.44154
-0.00181,1.84547,-1.13333,0.57434,-1.97686,0.44154
-0.00181,1.84547,-1.13333,0.57434,-1.97686,0.44154
-0.00181,1.84547,-1.13333,0.57434,-1.97686,0.44154
-0.00181,1.84547,-1.13333,0.57434,-1.97686,0.44154
-0.00181,1.84547,-1.13333,0.57434,-1.97686,0.44154
-0.00181,1.84547,-1.13333,0.57434,-1.97686,0.44154
-0.00181,1.84547,-1.13333,0.57434,-1.97686,0.44154
-0.00181,1.84547,-1.13333,0.57434,-1.97686,0.44154
-0.00181,1.84547,-1.13333,0.57434,-1.97686,0.44154
-0.00181,1.84547,-1.13333,0.57434,-1.97686,0.44154
-0.00181,1.84547,-1.13333,0.57434,-1.97686,0.44154
-0.00181,1.84547,-1.13333,0.57434,-1.97686,0.44154
-0.00181,1.84547,-1.13333,0.57434,-1.97686,0.44154
-0.00181,1.84547,-1.13333,0.57434,-1.97686,0.44154
-0.00181,1.84547,-1.13333,0.57434,-1.97686,0.44154
-0.00181,1.84547,-1.13333,0.57434,-1.97686,0.44154
-0.00181,1.84547,-1.13333,0.57434,-1.97686,0.44154
-0.00181,1.84547,-1.13333,0.57434,-1.97686,0.44154
-0.00181,1.84547,-1.13333,0.57434,-1.97686,0.44154
-0.00181,1.84547,-1.13333,0.57434,-1.97686,0.44154
-0.00181,1.84547,-1.13333,0.57434,-1.97686,0.44154
-0.00181,1.84547,-1.13333,0.57434,-1.97686,0.44154
-0.00181,1.84547,-1.13333,0.57434,-1.97686,0.44154
-0.00181,1.84547,-1.13333,0.57434,-1.97686,0.44154
-0.00181,1.84547,-1.13333,0.57434,-1.97686,0.44154
-0.00181,1.84547,-1.13333,0.57434,-1.97686,0.44154
-0.00181,1.84547,-1.13333,0.57434,-1.97686,0.44154
-0.00181,1.84547,-1.13333,0.57434,-1.97686,0.44154
-0.00181,1.84547,-1.13333,0.57434,-1.97686,0.44154
-0.00181,1.84547,-1.13333,0.57434,-1.97686,0.44154
-0.00181,1.84547,-1.13333,0.57434,-1.97686,0.44154
-0.00181,1.84547,-1.13333,0.57434,-1.97686,0.44154
-0.00181,1.84547,-1.13333,0.57434,-1.97686,0.44154
-0.00181,1.84547,-1.13333,0.57434,-1.97686,0.44154
-0.00181,1.84547,-1.13333,0.57434,-1.97686,0.44154
-0.00181,1.84547,-1.13333,0.57434,-1.97686,0.44154
-0.00181,1.84547,-1.13333,0.57434,-1.97686,0.44154
-0.00181,1.84547,-1.13333,0.57434,-1.97686,0.44154
-0.00181,1.84547,-1.13333,0.57434,-1.97686,0.44154
-0.00181,1.84547,-1.13333,0.57434,-1.97686,0.44154
-0.00181,1.84547,-1.13333,0.57434,-1.97686,0.44154
-0.00181,1.84547,-1.13333,0.57434,-1.97686,0.44154
-0.00181,1.84547,-1.13333,0.57434,-1.97686,0.44154
-0.00181,1.84547,-1.13333,0.57434,-1.97686,0.44154
-0.00181,1.84547,-1.13333,0.57434,-1.97686,0.44154
-0.00181,1.84547,-1.13333,0.57434,-1.97686,0.44154
-0.00181,1.84547,-1.13333,0.57434,-1.97686,0.44154
-0.00181,1.84547,-1.13333,0.57434,-1.97686,0.44154
-0.00181,1.84547,-1.13333,0.57434,-1.97686,0.44154
-0.00181,1.84547,-1.13333,0.57434,-1.97686,0.44154
-0.00181,1.84547,-1.13333,0.57434,-1.97686,0.44154
-0.00181,1.84547,-1.13333,0.57434,-1.97686,0.44154
-0.00181,1.84547,-1.13333,0.57434,-1.97686,0.44154
-0.00181,1.84547,-1.13333,0.57434,-1.97686,0.44154
-0.00181,1.84547,-1.13333,0.57434,-1.97686,0.44154
-0.00181,1.84547,-1.13333,0.57434,-1.97686,0.44154
-0.00181,1.84547,-1.13333,0.57434,-1.97686,0.44154
-0.00181,1.84547,-1.13333,0.57434,-1.97686,0.44154
-0.00181,1.84547,-1.13333,0.57434,-1.97686,0.44154
-0.00181,1.84547,-1.13333,0.57434,-1.97686,0.44154
-0.00181,1.84547,-1.13333,0.57434,-1.97686,0.44154
-0.00181,1.84547,-1.13333,0.57434,-1.97686,0.44154
-0.00181,1.84547,-1.13333,0.57434,-1.97686,0.44154
-0.00181,1.84547,-1.13333,0.57434,-1.97686,0.44154
-0.00181,1.84547,-1.13333,0.57434,-1.97686,0.44154
-0.00181,1.84547,-1.13333,0.57434,-1.97686,0.44154
-0.00181,1.84547,-1.13333,0.57434,-1.97686,0.44154
-0.00181,1.84547,-1.13333,0.57434,-1.97686,0.44154
-0.00181,1.84547,-1.13333,0.57434,-1.97686,0.44154
-0.00181,1.84547,-1.13333,0.57434,-1.97686,0.44154
-0.00181,1.84547,-1.13333,0.57434,-1.97686,0.44154
-0.00181,1.84547,-1.13333,0.57434,-1.97686,0.44154
-0.00181,1.84547,-1.13333,0.57434,-1.97686,0.44154
-0.00181,1.84547,-1.13333,0.57434,-1.97686,0.44154
-0.00181,1.84547,-1.13333,0.57434,-1.97686,0.44154
-0.00181,1.84547,-1.13333,0.57434,-1.97686,0.44154
-0.00181,1.84547,-1.13333,0.57434,-1.97686,0.44154
-0.00181,1.84547,-1.13333,0.57434,-1.97686,0.44154
-0.00181,1.84547,-1.13333,0.57434,-1.97686,0.44154
-0.00181,1.84547,-1.13333,0.57434,-1.97686,0.44154
-0.00181,1.84547,-1.13333,0.57434,-1.97686,0.44154
-0.00181,1.84547,-1.13333,0.57434,-1.97686,0.44154
-0.00181,1.84547,-1.13333,0.57434,-1.97686,0.44154
-0.00181,1.84547,-1.13333,0.57434,-1.97686,0.44154
-0.00181,1.84547,-1.13333,0.57434,-1.97686,0.44154
-0.00181,1.84547,-1.13333,0.57434,-1.97686,0.44154
-0.00181,1.84547,-1.13333,0.57434,-1.97686,0.44154
-0.00181,1.84547,-1.13333,0.57434,-1.97686,0.44154
-0.00181,1.84547,-1.13333,0.57434,-1.97686,0.44154
-0.00181,1.84547,-1.13333,0.57434,-1.97686,0.44154
-0.00181,1.84547,-1.13333,0.57434,-1.97686,0.44154
-0.00181,1.84547,-1.13333,0.57434,-1.97686,0.44154
-0.00181,1.84547,-1.13333,0.57434,-1.97686,0.44154
-0.00181,1.84547,-1.13333,0.57434,-1.97686,0.44154
-0.00181,1.84547,-1.13333,0.57434,-1.97686,0.44154
-0.00181,1.84547,-1.13333,0.57434,-1.97686,0.44154
-0.00181,1.84547,-1.13333,0.57434,-1.97686,0.44154
-0.00181,1.84547,-1.13333,0.57434,-1.97686,0.44154
-0.00181,1.84547,-1.13333,0.57434,-1.97686,0.44154
-0.00181,1.84547,-1.13333,0.57434,-1.97686,0.44154
-0.00181,1.84547,-1.13333,0.57434,-1.97686,0.44154
-0.00181,1.84547,-1.13333,0.57434,-1.97686,0.44154
-0.00181,1.84547,-1.13333,0.57434,-1.97686,0.44154
-0.00181,1.84547,-1.13333,0.57434,-1.97686,0.44154
-0.00181,1.84547,-1.13333,0.57434,-1.97686,0.44154
-0.00181,1.84547,-1.13333,0.57434,-1.97686,0.44154
-0.00181,1.84547,-1.13333,0.57434,-1.97686,0.44154
-0.00181,1.84547,-1.13333,0.57434,-1.97686,0.44154
-0.00181,1.84547,-1.13333,0.57434,-1.97686,0.44154
-0.00181,1.84547,-1.13333,0.57434,-1.97686,0.44154
-0.00181,1.84547,-1.13333,0.57434,-1.97686,0.44154
-0.00181,1.84547,-1.13333,0.57434,-1.97686,0.44154
-0.00181,1.84547,-1.13333,0.57434,-1.97686,0.44154
-0.00181,1.84547,-1.13333,0.57434,-1.97686,0.44154
-0.00181,1.84547,-1.13333,0.57434,-1.97686,0.44154
-0.00181,1.84547,-1.13333,0.57434,-1.97686,0.44154
-0.00181,1.84547,-1.13333,0.57434,-1.97686,0.44154
-0.00181,1.84547,-1.13333,0.57434,-1.97686,0.44154
-0.00181,1.84547,-1.13333,0.57434,-1.97686,0.44154
-0.00181,1.84547,-1.13333,0.57434,-1.97686,0.44154
-0.00181,1.84547,-1.13333,0.57434,-1.97686,0.44154
-0.00181,1.84547,-1.13333,0.57434,-1.97686,0.44154
-0.00181,1.84547,-1.13333,0.57434,-1.97686,0.44154
-0.00181,1.84547,-1.13333,0.57434,-1.97686,0.44154
-0.00181,1.84547,-1.13333,0.57434,-1.97686,0.44154
-0.00181,1.84547,-1.13333,0.57434,-1.97686,0.44154
-0.00181,1.84547,-1.13333,0.57434,-1.97686,0.44154
-0.00181,1.84547,-1.13333,0.57434,-1.97686,0.44154
-0.00181,1.84547,-1.13333,0.57434,-1.97686,0.44154
-0.00181,1.84547,-1.13333,0.57434,-1.97686,0.44154
-0.00181,1.84547,-1.13333,0.57434,-1.97686,0.44154
-0.00181,1.84547,-1.13333,0.57434,-1.97686,0.44154
-0.00181,1.84547,-1.13333,0.57434,-1.97686,0.44154
-0.00181,1.84547,-1.13333,0.57434,-1.97686,0.44154
-0.00181,1.84547,-1.13333,0.57434,-1.97686,0.44154
-0.00181,1.84547,-1.13333,0.57434,-1.97686,0.44154
-0.00181,1.84547,-1.13333,0.57434,-1.97686,0.44154
-0.00181,1.84547,-1.13333,0.57434,-1.97686,0.44154
-0.00181,1.84547,-1.13333,0.57434,-1.97686,0.44154
-0.00181,1.84547,-1.13333,0.57434,-1.97686,0.44154
-0.00181,1.84547,-1.13333,0.57434,-1.97686,0.44154
-0.00181,1.84547,-1.13333,0.57434,-1.97686,0.44154
-0.00181,1.84547,-1.13333,0.57434,-1.97686,0.44154
-0.00181,1.84547,-1.13333,0.57434,-1.97686,0.44154
-0.00181,1.84547,-1.13333,0.57434,-1.97686,0.44154
-0.00181,1.84547,-1.13333,0.57434,-1.97686,0.44154
-0.00181,1.84547,-1.13333,0.57434,-1.97686,0.44154
-0.00181,1.84547,-1.13333,0.57434,-1.97686,0.44154
-0.00181,1.84547,-1.13333,0.57434,-1.97686,0.44154
-0.00181,1.84547,-1.13333,0.57434,-1.97686,0.44154
-0.00181,1.84547,-1.13333,0.57434,-1.97686,0.44154
-0.00181,1.84547,-1.13333,0.57434,-1.97686,0.44154
-0.00181,1.84547,-1.13333,0.57434,-1.97686,0.44154
-0.00181,1.84547,-1.13333,0.57434,-1.97686,0.44154
-0.00181,1.84547,-1.13333,0.57434,-1.97686,0.44154
-0.00181,1.84547,-1.13333,0.57434,-1.97686,0.44154
-0.00181,1.84547,-1.13333,0.57434,-1.97686,0.44154
-0.00181,1.84547,-1.13333,0.57434,-1.97686,0.44154
-0.00181,1.84547,-1.13333,0.57434,-1.97686,0.44154
-0.00181,1.84547,-1.13333,0.57434,-1.97686,0.44154
-0.00181,1.84547,-1.13333,0.57434,-1.97686,0.44154
-0.00181,1.84547,-1.13333,0.57434,-1.97686,0.44154
-0.00181,1.84547,-1.13333,0.57434,-1.97686,0.44154
-0.00181,1.84547,-1.13333,0.57434,-1.97686,0.44154
-0.00181,1.84547,-1.13333,0.57434,-1.97686,0.44154
-0.00181,1.84547,-1.13333,0.57434,-1.97686,0.44154
-0.00181,1.84547,-1.13333,0.57434,-1.97686,0.44154
-0.00181,1.84547,-1.13333,0.57434,-1.97686,0.44154
-0.00181,1.84547,-1.13333,0.57434,-1.97686,0.44154
-0.00181,1.84547,-1.13333,0.57434,-1.97686,0.44154
-0.00181,1.84547,-1.13333,0.57434,-1.97686,0.44154
-0.00181,1.84547,-1.13333,0.57434,-1.97686,0.44154
-0.00181,1.84547,-1.13333,0.57434,-1.97686,0.44154
-0.00181,1.84547,-1.13333,0.57434,-1.97686,0.44154
-0.00181,1.84547,-1.13333,0.57434,-1.97686,0.44154
-0.00181,1.84547,-1.13333,0.57434,-1.97686,0.44154
-0.00181,1.84547,-1.13333,0.57434,-1.97686,0.44154
-0.00181,1.84547,-1.13333,0.57434,-1.97686,0.44154
-0.00181,1.84547,-1.13333,0.57434,-1.97686,0.44154
-0.00181,1.84547,-1.13333,0.57434,-1.97686,0.44154
-0.00181,1.84547,-1.13333,0.57434,-1.97686,0.44154
-0.00181,1.84547,-1.13333,0.57434,-1.97686,0.44154
-0.00181,1.84547,-1.13333,0.57434,-1.97686,0.44154
-0.00181,1.84547,-1.13333,0.57434,-1.97686,0.44154
-0.00181,1.84547,-1.13333,0.57434,-1.97686,0.44154
-0.00181,1.84547,-1.13333,0.57434,-1.97686,0.44154
-0.00181,1.84547,-1.13333,0.57434,-1.97686,0.44154
-0.00181,1.84547,-1.13333,0.57434,-1.97686,0.44154
-0.00181,1.84547,-1.13333,0.57434,-1.97686,0.44154
-0.00181,1.84547,-1.13333,0.57434,-1.97686,0.44154
-0.00181,1.84547,-1.13333,0.57434,-1.97686,0.44154
-0.00181,1.84547,-1.13333,0.57434,-1.97686,0.44154
-0.00181,1.84547,-1.13333,0.57434,-1.97686,0.44154
-0.00181,1.84547,-1.13333,0.57434,-1.97686,0.44154
-0.00181,1.84547,-1.13333,0.57434,-1.97686,0.44154
-0.00181,1.84547,-1.13333,0.57434,-1.97686,0.44154
-0.00181,1.84547,-1.13333,0.57434,-1.97686,0.44154
-0.00181,1.84547,-1.13333,0.57434,-1.97686,0.44154
-0.00181,1.84547,-1.13333,0.57434,-1.97686,0.44154
-0.00181,1.84547,-1.13333,0.57434,-1.97686,0.44154
-0.00181,1.84547,-1.13333,0.57434,-1.97686,0.44154
-0.00181,1.84547,-1.13333,0.57434,-1.97686,0.44154
-0.00181,1.84547,-1.13333,0.57434,-1.97686,0.44154
-0.00181,1.84547,-1.13333,0.57434,-1.97686,0.44154
-0.00181,1.84547,-1.13333,0.57434,-1.97686,0.44154
-0.00181,1.84547,-1.13333,0.57434,-1.97686,0.44154
-0.00181,1.84547,-1.13333,0.57434,-1.97686,0.44154
-0.00181,1.84547,-1.13333,0.57434,-1.97686,0.44154
-0.00181,1.84547,-1.13333,0.57434,-1.97686,0.44154
-0.00181,1.84547,-1.13333,0.57434,-1.97686,0.44154
-0.00181,1.84547,-1.13333,0.57434,-1.97686,0.44154
-0.00181,1.84547,-1.13333,0.57434,-1.97686,0.44154
-0.00181,1.84547,-1.13333,0.57434,-1.97686,0.44154
-0.00181,1.84547,-1.13333,0.57434,-1.97686,0.44154
-0.00181,1.84547,-1.13333,0.57434,-1.97686,0.44154
-0.00181,1.84547,-1.13333,0.57434,-1.97686,0.44154
-0.00181,1.84547,-1.13333,0.57434,-1.97686,0.44154
-0.00181,1.84547,-1.13333,0.57434,-1.97686,0.44154
-0.00181,1.84547,-1.13333,0.57434,-1.97686,0.44154
-0.00181,1.84547,-1.13333,0.57434,-1.97686,0.44154
-0.00181,1.84547,-1.13333,0.57434,-1.97686,0.44154
-0.00181,1.84547,-1.13333,0.57434,-1.97686,0.44154
-0.00181,1.84547,-1.13333,0.57434,-1.97686,0.44154
-0.00181,1.84547,-1.13333,0.57434,-1.97686,0.44154
-0.00181,1.84547,-1.13333,0.57434,-1.97686,0.44154
-0.00181,1.84547,-1.13333,0.57434,-1.97686,0.44154
-0.00181,1.84547,-1.13333,0.57434,-1.97686,0.44154
-0.00181,1.84547,-1.13333,0.57434,-1.97686,0.44154
-0.00181,1.84547,-1.13333,0.57434,-1.97686,0.44154
-0.00181,1.84547,-1.13333,0.57434,-1.97686,0.44154
-0.00181,1.84547,-1.13333,0.57434,-1.97686,0.44154
-0.00181,1.84547,-1.13333,0.57434,-1.97686,0.44154
-0.00181,1.84547,-1.13333,0.57434,-1.97686,0.44154
-0.00181,1.84547,-1.13333,0.57434,-1.97686,0.44154
-0.00181,1.84547,-1.13333,0.57434,-1.97686,0.44154
-0.00181,1.84547,-1.13333,0.57434,-1.97686,0.44154
-0.00181,1.84547,-1.13333,0.57434,-1.97686,0.44154
-0.00181,1.84547,-1.13333,0.57434,-1.97686,0.44154
-0.00181,1.84547,-1.13333,0.57434,-1.97686,0.44154
-0.00181,1.84547,-1.13333,0.57434,-1.97686,0.44154
-0.00181,1.84547,-1.13333,0.57434,-1.97686,0.44154
-0.00181,1.84547,-1.13333,0.57434,-1.97686,0.44154
-0.00181,1.84547,-1.13333,0.57434,-1.97686,0.44154
-0.00181,1.84547,-1.13333,0.57434,-1.97686,0.44154
-0.00181,1.84547,-1.13333,0.57434,-1.97686,0.44154
-0.00181,1.84547,-1.13333,0.57434,-1.97686,0.44154
-0.00181,1.84547,-1.13333,0.57434,-1.97686,0.44154
-0.00181,1.84547,-1.13333,0.57434,-1.97686,0.44154
-0.00181,1.84547,-1.13333,0.57434,-1.97686,0.44154
-0.00181,1.84547,-1.13333,0.57434,-1.97686,0.44154
-0.00181,1.84547,-1.13333,0.57434,-1.97686,0.44154
-0.00181,1.84547,-1.13333,0.57434,-1.97686,0.44154
-0.00181,1.84547,-1.13333,0.57434,-1.97686,0.44154
-0.00181,1.84547,-1.13333,0.57434,-1.97686,0.44154
-0.00181,1.84547,-1.13333,0.57434,-1.97686,0.44154
-0.00181,1.84547,-1.13333,0.57434,-1.97686,0.44154
-0.00181,1.84547,-1.13333,0.57434,-1.97686,0.44154
-0.00181,1.84547,-1.13333,0.57434,-1.97686,0.44154
-0.00181,1.84547,-1.13333,0.57434,-1.97686,0.44154
-0.00181,1.84547,-1.13333,0.57434,-1.97686,0.44154
-0.00181,1.84547,-1.13333,0.57434,-1.97686,0.44154
-0.00181,1.84547,-1.13333,0.57434,-1.97686,0.44154
-0.00181,1.84547,-1.13333,0.57434,-1.97686,0.44154
-0.00181,1.84547,-1.13333,0.57434,-1.97686,0.44154
-0.00181,1.84547,-1.13333,0.57434,-1.97686,0.44154
-0.00181,1.84547,-1.13333,0.57434,-1.97686,0.44154
-0.00181,1.84547,-1.13333,0.57434,-1.97686,0.44154
-0.00181,1.84547,-1.13333,0.57434,-1.97686,0.44154
-0.00181,1.84547,-1.13333,0.57434,-1.97686,0.44154
-0.00181,1.84547,-1.13333,0.57434,-1.97686,0.44154
-0.00181,1.84547,-1.13333,0.57434,-1.97686,0.44154
-0.00181,1.84547,-1.13333,0.57434,-1.97686,0.44154
-0.00181,1.84547,-1.13333,0.57434,-1.97686,0.44154
-0.00181,1.84547,-1.13333,0.57434,-1.97686,0.44154
-0.00181,1.84547,-1.13333,0.57434,-1.97686,0.44154
-0.00181,1.84547,-1.13333,0.57434,-1.97686,0.44154
-0.00181,1.84547,-1.13333,0.57434,-1.97686,0.44154
-0.00181,1.84547,-1.13333,0.57434,-1.97686,0.44154
-0.00181,1.84547,-1.13333,0.57434,-1.97686,0.44154
-0.00181,1.84547,-1.13333,0.57434,-1.97686,0.44154
-0.00181,1.84547,-1.13333,0.57434,-1.97686,0.44154
-0.00181,1.84547,-1.13333,0.57434,-1.97686,0.44154
-0.00181,1.84547,-1.13333,0.57434,-1.97686,0.44154
-0.00181,1.84547,-1.13333,0.57434,-1.97686,0.44154
-0.00181,1.84547,-1.13333,0.57434,-1.97686,0.44154
-0.00181,1.84547,-1.13333,0.57434,-1.97686,0.44154
-0.00181,1.84547,-1.13333,0.57434,-1.97686,0.44154
-0.00181,1.84547,-1.13333,0.57434,-1.97686,0.44154
-0.00181,1.84547,-1.13333,0.57434,-1.97686,0.44154
-0.00181,1.84547,-1.13333,0.57434,-1.97686,0.44154
-0.00181,1.84547,-1.13333,0.57434,-1.97686,0.44154
-0.00181,1.84547,-1.13333,0.57434,-1.97686,0.44154
-0.00181,1.84547,-1.13333,0.57434,-1.97686,0.44154
-0.00181,1.84547,-1.13333,0.57434,-1.97686,0.44154
-0.00181,1.84547,-1.13333,0.57434,-1.97686,0.44154
-0.00181,1.84547,-1.13333,0.57434,-1.97686,0.44154
-0.00181,1.84547,-1.13333,0.57434,-1.97686,0.44154
-0.00181,1.84547,-1.13333,0.57434,-1.97686,0.44154
-0.00181,1.84547,-1.13333,0.57434,-1.97686,0.44154
-0.00181,1.84547,-1.13333,0.57434,-1.97686,0.44154
-0.00181,1.84547,-1.13333,0.57434,-1.97686,0.44154
-0.00181,1.84547,-1.13333,0.57434,-1.97686,0.44154
-0.00181,1.84547,-1.13333,0.57434,-1.97686,0.44154
-0.00181,1.84547,-1.13333,0.57434,-1.97686,0.44154
-0.00181,1.84547,-1.13333,0.57434,-1.97686,0.44154
-0.00181,1.84547,-1.13333,0.57434,-1.97686,0.44154
-0.00181,1.84547,-1.13333,0.57434,-1.97686,0.44154
-0.00181,1.84547,-1.13333,0.57434,-1.97686,0.44154
-0.00181,1.84547,-1.13333,0.57434,-1.97686,0.44154
-0.00181,1.84547,-1.13333,0.57434,-1.97686,0.44154
-0.00181,1.84547,-1.13333,0.57434,-1.97686,0.44154
-0.00181,1.84547,-1.13333,0.57434,-1.97686,0.44154
-0.00181,1.84547,-1.13333,0.57434,-1.97686,0.44154
-0.00181,1.84547,-1.13333,0.57434,-1.97686,0.44154
-0.00181,1.84547,-1.13333,0.57434,-1.97686,0.44154
-0.00181,1.84547,-1.13333,0.57434,-1.97686,0.44154
-0.00181,1.84547,-1.13333,0.57434,-1.97686,0.44154
-0.00181,1.84547,-1.13333,0.57434,-1.97686,0.44154
-0.00181,1.84547,-1.13333,0.57434,-1.97686,0.44154
-0.00181,1.84547,-1.13333,0.57434,-1.97686,0.44154
-0.00181,1.84547,-1.13333,0.57434,-1.97686,0.44154
-0.00181,1.84547,-1.13333,0.57434,-1.97686,0.44154
-0.00181,1.84547,-1.13333,0.57434,-1.97686,0.44154
-0.00181,1.84547,-1.13333,0.57434,-1.97686,0.44154
-0.00181,1.84547,-1.13333,0.57434,-1.97686,0.44154
-0.00181,1.84547,-1.13333,0.57434,-1.97686,0.44154
-0.00181,1.84547,-1.13333,0.57434,-1.97686,0.44154
-0.00181,1.84547,-1.13333,0.57434,-1.97686,0.44154
-0.00181,1.84547,-1.13333,0.57434,-1.97686,0.44154
-0.00181,1.84547,-1.13333,0.57434,-1.97686,0.44154
-0.00181,1.84547,-1.13333,0.57434,-1.97686,0.44154
-0.00181,1.84547,-1.13333,0.57434,-1.97686,0.44154
-0.00181,1.84547,-1.13333,0.57434,-1.97686,0.44154
-0.00181,1.84547,-1.13333,0.57434,-1.97686,0.44154
-0.00181,1.84547,-1.13333,0.57434,-1.97686,0.44154
-0.00181,1.84547,-1.13333,0.57434,-1.97686,0.44154
-0.00181,1.84547,-1.13333,0.57434,-1.97686,0.44154
-0.00181,1.84547,-1.13333,0.57434,-1.97686,0.44154
-0.00181,1.84547,-1.13333,0.57434,-1.97686,0.44154
-0.00181,1.84547,-1.13333,0.57434,-1.97686,0.44154
-0.00181,1.84547,-1.13333,0.57434,-1.97686,0.44154
-0.00181,1.84547,-1.13333,0.57434,-1.97686,0.44154
-0.00181,1.84547,-1.13333,0.57434,-1.97686,0.44154
-0.00181,1.84547,-1.13333,0.57434,-1.97686,0.44154
-0.00181,1.84547,-1.13333,0.57434,-1.97686,0.44154
-0.00181,1.84547,-1.13333,0.57434,-1.97686,0.44154
-0.00181,1.84547,-1.13333,0.57434,-1.97686,0.44154
-0.00181,1.84547,-1.13333,0.57434,-1.97686,0.44154
-0.00181,1.84547,-1.13333,0.57434,-1.97686,0.44154
-0.00181,1.84547,-1.13333,0.57434,-1.97686,0.44154
-0.00181,1.84547,-1.13333,0.57434,-1.97686,0.44154
-0.00181,1.84547,-1.13333,0.57434,-1.97686,0.44154
-0.00181,1.84547,-1.13333,0.57434,-1.97686,0.44154
-0.00181,1.84547,-1.13333,0.57434,-1.97686,0.44154
-0.00181,1.84547,-1.13333,0.57434,-1.97686,0.44154
-0.00181,1.84547,-1.13333,0.57434,-1.97686,0.44154
-0.00181,1.84547,-1.13333,0.57434,-1.97686,0.44154
-0.00181,1.84547,-1.13333,0.57434,-1.97686,0.44154
-0.00181,1.84547,-1.13333,0.57434,-1.97686,0.44154
-0.00181,1.84547,-1.13333,0.57434,-1.97686,0.44154
-0.00181,1.84547,-1.13333,0.57434,-1.97686,0.44154
-0.00181,1.84547,-1.13333,0.57434,-1.97686,0.44154
-0.00181,1.84547,-1.13333,0.57434,-1.97686,0.44154
-0.00181,1.84547,-1.13333,0.57434,-1.97686,0.44154
-0.00181,1.84547,-1.13333,0.57434,-1.97686,0.44154
-0.00181,1.84547,-1.13333,0.57434,-1.97686,0.44154
-0.00181,1.84547,-1.13333,0.57434,-1.97686,0.44154
-0.00181,1.84547,-1.13333,0.57434,-1.97686,0.44154
-0.00181,1.84547,-1.13333,0.57434,-1.97686,0.44154
-0.00181,1.84547,-1.13333,0.57434,-1.97686,0.44154
-0.00181,1.84547,-1.13333,0.57434,-1.97686,0.44154
-0.00174,1.84452,-1.13227,0.57590,-1.97702,0.44145
-0.00167,1.84357,-1.13120,0.57747,-1.97717,0.44136
-0.00171,1.84244,-1.12998,0.57912,-1.97652,0.44221
-0.00176,1.84131,-1.12876,0.58076,-1.97586,0.44306
-0.00181,1.83976,-1.12708,0.58303,-1.97541,0.44315
-0.00187,1.83821,-1.12540,0.58529,-1.97496,0.44322
-0.00193,1.83748,-1.12458,0.58628,-1.97440,0.44359
-0.00200,1.83674,-1.12374,0.58727,-1.97385,0.44396
-0.00199,1.83541,-1.12228,0.58910,-1.97336,0.44438
-0.00199,1.83407,-1.12081,0.59093,-1.97283,0.44479
-0.00198,1.83365,-1.12035,0.59171,-1.97258,0.44526
-0.00198,1.83324,-1.11990,0.59248,-1.97231,0.44572
-0.00204,1.83169,-1.11818,0.59448,-1.97148,0.44642
-0.00210,1.83014,-1.11644,0.59648,-1.97065,0.44713
-0.00219,1.82908,-1.11532,0.59790,-1.96988,0.44764
-0.00228,1.82802,-1.11418,0.59933,-1.96911,0.44816
-0.00244,1.82578,-1.11168,0.60181,-1.96751,0.44949
-0.00261,1.82354,-1.10917,0.60426,-1.96590,0.45080
-0.00254,1.82267,-1.10810,0.60567,-1.96614,0.45094
-0.00246,1.82179,-1.10702,0.60709,-1.96638,0.45110
-0.00255,1.81971,-1.10457,0.60966,-1.96557,0.45205
-0.00263,1.81764,-1.10212,0.61222,-1.96476,0.45298
-0.00263,1.81635,-1.10065,0.61396,-1.96405,0.45381
-0.00263,1.81506,-1.09919,0.61568,-1.96336,0.45462
-0.00274,1.81443,-1.09850,0.61659,-1.96266,0.45480
-0.00286,1.81380,-1.09781,0.61750,-1.96197,0.45498
-0.00275,1.81267,-1.09631,0.61895,-1.96197,0.45559
-0.00263,1.81154,-1.09479,0.62040,-1.96199,0.45620
-0.00266,1.81103,-1.09429,0.62120,-1.96134,0.45676
-0.00269,1.81052,-1.09380,0.62200,-1.96070,0.45731
-0.00266,1.80966,-1.09271,0.62325,-1.96064,0.45759
-0.00263,1.80880,-1.09164,0.62451,-1.96056,0.45783
-0.00262,1.80827,-1.09100,0.62538,-1.96029,0.45815
-0.00261,1.80775,-1.09039,0.62623,-1.96001,0.45843
-0.00271,1.80675,-1.08923,0.62752,-1.95926,0.45920
-0.00281,1.80573,-1.08805,0.62881,-1.95852,0.45997
-0.00275,1.80434,-1.08625,0.63056,-1.95834,0.46027
-0.00270,1.80293,-1.08444,0.63230,-1.95814,0.46055
-0.00265,1.80213,-1.08346,0.63359,-1.95801,0.46091
-0.00261,1.80132,-1.08249,0.63487,-1.95787,0.46127
-0.00261,1.80160,-1.08290,0.63498,-1.95768,0.46133
-0.00260,1.80189,-1.08332,0.63509,-1.95751,0.46139
-0.00277,1.79919,-1.08012,0.63793,-1.95611,0.46248
-0.00293,1.79647,-1.07689,0.64076,-1.95471,0.46356
-0.00288,1.79630,-1.07660,0.64140,-1.95497,0.46358
-0.00283,1.79614,-1.07633,0.64204,-1.95521,0.46360
-0.00275,1.79547,-1.07546,0.64297,-1.95500,0.46422
-0.00268,1.79481,-1.07460,0.64390,-1.95479,0.46484
-0.00271,1.79357,-1.07310,0.64547,-1.95428,0.46516
-0.00275,1.79235,-1.07161,0.64704,-1.95376,0.46548
-0.00271,1.79194,-1.07101,0.64775,-1.95373,0.46595
-0.00267,1.79153,-1.07042,0.64845,-1.95370,0.46643
-0.00271,1.79039,-1.06905,0.64973,-1.95283,0.46741
-0.00274,1.78924,-1.06768,0.65101,-1.95196,0.46840
-0.00275,1.78820,-1.06639,0.65231,-1.95145,0.46913
-0.00276,1.78715,-1.06509,0.65362,-1.95095,0.46987
-0.00284,1.78576,-1.06335,0.65519,-1.95030,0.47054
-0.00292,1.78436,-1.06160,0.65675,-1.94966,0.47121
-0.00288,1.78374,-1.06084,0.65762,-1.94917,0.47193
-0.00285,1.78310,-1.06008,0.65848,-1.94868,0.47263
-0.00296,1.78108,-1.05752,0.66041,-1.94751,0.47353
-0.00307,1.77905,-1.05493,0.66232,-1.94635,0.47441
-0.00314,1.77838,-1.05410,0.66308,-1.94548,0.47531
-0.00321,1.77773,-1.05329,0.66383,-1.94461,0.47620
-0.00329,1.77657,-1.05184,0.66497,-1.94350,0.47718
-0.00337,1.77541,-1.05039,0.66611,-1.94239,0.47817
-0.00342,1.77437,-1.04913,0.66713,-1.94124,0.47932
-0.00348,1.77334,-1.04788,0.66815,-1.94008,0.48044
-0.00356,1.77241,-1.04672,0.66907,-1.93893,0.48151
-0.00364,1.77146,-1.04554,0.67000,-1.93779,0.48259
-0.00376,1.77045,-1.04421,0.67093,-1.93671,0.48336
-0.00388,1.76945,-1.04288,0.67185,-1.93565,0.48413
-0.00396,1.76823,-1.04134,0.67302,-1.93457,0.48500
-0.00404,1.76702,-1.03980,0.67419,-1.93349,0.48589
-0.00409,1.76563,-1.03805,0.67553,-1.93247,0.48687
-0.00414,1.76424,-1.03630,0.67687,-1.93144,0.48784
-0.00415,1.76271,-1.03432,0.67852,-1.93089,0.48849
-0.00416,1.76117,-1.03232,0.68016,-1.93035,0.48916
-0.00431,1.75927,-1.02978,0.68164,-1.92890,0.49024
-0.00447,1.75736,-1.02721,0.68313,-1.92743,0.49132
-0.00455,1.75645,-1.02609,0.68404,-1.92642,0.49202
-0.00464,1.75554,-1.02496,0.68496,-1.92541,0.49272
-0.00474,1.75413,-1.02308,0.68623,-1.92439,0.49360
-0.00485,1.75273,-1.02121,0.68749,-1.92338,0.49446
-0.00490,1.75108,-1.01905,0.68893,-1.92221,0.49547
-0.00496,1.74943,-1.01688,0.69034,-1.92105,0.49648
-0.00507,1.74796,-1.01491,0.69172,-1.92017,0.49705
-0.00519,1.74649,-1.01295,0.69307,-1.91928,0.49761
-0.00522,1.74490,-1.01084,0.69450,-1.91834,0.49843
-0.00525,1.74332,-1.00874,0.69591,-1.91740,0.49924
-0.00535,1.74224,-1.00733,0.69692,-1.91640,0.50002
-0.00545,1.74116,-1.00593,0.69792,-1.91540,0.50078
-0.00557,1.73974,-1.00398,0.69907,-1.91425,0.50155
-0.00569,1.73833,-1.00205,0.70020,-1.91311,0.50232
-0.00578,1.73711,-1.00038,0.70121,-1.91206,0.50310
-0.00586,1.73587,-0.99868,0.70223,-1.91102,0.50391
-0.00598,1.73421,-0.99642,0.70359,-1.90994,0.50465
-0.00610,1.73256,-0.99416,0.70494,-1.90887,0.50537
-0.00619,1.73096,-0.99195,0.70628,-1.90793,0.50596
-0.00629,1.72938,-0.98977,0.70761,-1.90701,0.50653
-0.00644,1.72906,-0.98949,0.70792,-1.90644,0.50623
-0.00659,1.72873,-0.98921,0.70823,-1.90590,0.50594
-0.00674,1.72843,-0.98896,0.70853,-1.90535,0.50564
-0.00689,1.72811,-0.98867,0.70884,-1.90480,0.50536
-0.00704,1.72779,-0.98841,0.70916,-1.90426,0.50504
-0.00719,1.72747,-0.98814,0.70948,-1.90371,0.50473
-0.00734,1.72714,-0.98784,0.70980,-1.90318,0.50442
-0.00749,1.72681,-0.98754,0.71010,-1.90265,0.50411
-0.00764,1.72648,-0.98725,0.71042,-1.90212,0.50382
-0.00779,1.72616,-0.98696,0.71073,-1.90158,0.50353
-0.00794,1.72583,-0.98667,0.71104,-1.90103,0.50323
-0.00809,1.72550,-0.98637,0.71135,-1.90049,0.50294
-0.00823,1.72507,-0.98596,0.71179,-1.89996,0.50267
-0.00836,1.72463,-0.98554,0.71223,-1.89943,0.50240
-0.00851,1.72432,-0.98528,0.71252,-1.89889,0.50210
-0.00867,1.72401,-0.98502,0.71281,-1.89834,0.50181
-0.00881,1.72368,-0.98470,0.71308,-1.89773,0.50156
-0.00896,1.72334,-0.98438,0.71335,-1.89712,0.50131
-0.00913,1.72315,-0.98427,0.71359,-1.89666,0.50089
-0.00930,1.72296,-0.98417,0.71385,-1.89620,0.50046
-0.00945,1.72259,-0.98381,0.71414,-1.89558,0.50027
-0.00961,1.72224,-0.98346,0.71442,-1.89496,0.50008
-0.00975,1.72192,-0.98317,0.71472,-1.89443,0.49978
-0.00990,1.72160,-0.98289,0.71502,-1.89390,0.49948
-0.01003,1.72148,-0.98289,0.71529,-1.89357,0.49899
-0.01016,1.72135,-0.98290,0.71556,-1.89322,0.49849
-0.01031,1.72108,-0.98268,0.71584,-1.89274,0.49816
-0.01045,1.72081,-0.98246,0.71612,-1.89224,0.49784
-0.01060,1.72052,-0.98223,0.71641,-1.89172,0.49753
-0.01075,1.72025,-0.98201,0.71669,-1.89120,0.49720
-0.01074,1.72181,-0.98432,0.71597,-1.89179,0.49639
-0.01074,1.72334,-0.98660,0.71526,-1.89238,0.49557
-0.01101,1.72170,-0.98449,0.71633,-1.89110,0.49549
-0.01128,1.72005,-0.98236,0.71741,-1.88982,0.49539
-0.01144,1.72001,-0.98245,0.71757,-1.88959,0.49450
-0.01160,1.71995,-0.98250,0.71774,-1.88935,0.49364
-0.01162,1.72101,-0.98423,0.71732,-1.88937,0.49344
-0.01164,1.72207,-0.98595,0.71688,-1.88940,0.49325
-0.01186,1.72092,-0.98447,0.71777,-1.88884,0.49254
-0.01208,1.71978,-0.98300,0.71866,-1.88829,0.49183
-0.01222,1.71962,-0.98287,0.71847,-1.88705,0.49263
-0.01236,1.71948,-0.98275,0.71829,-1.88581,0.49342
-0.01253,1.71861,-0.98177,0.71922,-1.88563,0.49235
-0.01271,1.71775,-0.98079,0.72015,-1.88543,0.49128
-0.01291,1.71747,-0.98054,0.72026,-1.88455,0.49116
-0.01312,1.71720,-0.98031,0.72038,-1.88368,0.49101
-0.01327,1.71691,-0.98007,0.72066,-1.88317,0.49066
-0.01343,1.71664,-0.97985,0.72095,-1.88265,0.49031
-0.01358,1.71647,-0.97975,0.72119,-1.88230,0.48970
-0.01373,1.71628,-0.97963,0.72145,-1.88195,0.48909
-0.01386,1.71584,-0.97924,0.72199,-1.88161,0.48870
-0.01399,1.71538,-0.97881,0.72254,-1.88126,0.48831
-0.01411,1.71578,-0.97954,0.72259,-1.88138,0.48729
-0.01423,1.71619,-0.98030,0.72263,-1.88148,0.48625
-0.01436,1.71624,-0.98057,0.72278,-1.88118,0.48581
-0.01449,1.71629,-0.98084,0.72293,-1.88088,0.48536
-0.01469,1.71522,-0.97946,0.72351,-1.87979,0.48545
-0.01490,1.71416,-0.97808,0.72410,-1.87870,0.48554
-0.01503,1.71426,-0.97838,0.72419,-1.87841,0.48502
-0.01516,1.71438,-0.97870,0.72429,-1.87813,0.48449
-0.01533,1.71397,-0.97829,0.72469,-1.87767,0.48397
-0.01549,1.71355,-0.97787,0.72510,-1.87721,0.48345
-0.01565,1.71357,-0.97803,0.72513,-1.87670,0.48305
-0.01581,1.71359,-0.97817,0.72517,-1.87619,0.48263
-0.01596,1.71332,-0.97797,0.72547,-1.87573,0.48221
-0.01611,1.71304,-0.97775,0.72577,-1.87528,0.48179
-0.01623,1.71263,-0.97740,0.72634,-1.87505,0.48123
-0.01635,1.71222,-0.97704,0.72690,-1.87483,0.48068
-0.01650,1.71206,-0.97698,0.72714,-1.87444,0.48013
-0.01665,1.71192,-0.97693,0.72737,-1.87405,0.47959
-0.01680,1.71165,-0.97671,0.72770,-1.87369,0.47914
-0.01695,1.71138,-0.97649,0.72803,-1.87331,0.47867
-0.01710,1.71119,-0.97639,0.72829,-1.87291,0.47821
-0.01725,1.71100,-0.97628,0.72855,-1.87251,0.47776
-0.01738,1.71075,-0.97609,0.72882,-1.87200,0.47746
-0.01751,1.71049,-0.97589,0.72910,-1.87150,0.47715
-0.01768,1.71047,-0.97603,0.72930,-1.87119,0.47646
-0.01785,1.71044,-0.97617,0.72949,-1.87086,0.47578
-0.01802,1.71022,-0.97603,0.72978,-1.87044,0.47529
-0.01820,1.71001,-0.97590,0.73005,-1.87001,0.47481
-0.01834,1.70983,-0.97580,0.73031,-1.86961,0.47435
-0.01849,1.70964,-0.97569,0.73057,-1.86922,0.47390
-0.01862,1.70950,-0.97564,0.73080,-1.86884,0.47350
-0.01877,1.70935,-0.97558,0.73103,-1.86845,0.47307
-0.01892,1.70910,-0.97537,0.73126,-1.86793,0.47279
-0.01909,1.70887,-0.97518,0.73149,-1.86740,0.47250
-0.01923,1.70869,-0.97508,0.73174,-1.86699,0.47205
-0.01938,1.70850,-0.97497,0.73200,-1.86658,0.47160
-0.01953,1.70831,-0.97486,0.73226,-1.86618,0.47116
-0.01968,1.70813,-0.97477,0.73251,-1.86577,0.47071
-0.01982,1.70800,-0.97479,0.73279,-1.86540,0.47011
-0.01996,1.70787,-0.97482,0.73308,-1.86502,0.46950
-0.02011,1.70769,-0.97473,0.73333,-1.86464,0.46904
-0.02026,1.70752,-0.97464,0.73358,-1.86423,0.46859
-0.02040,1.70733,-0.97452,0.73384,-1.86383,0.46813
-0.02055,1.70713,-0.97440,0.73409,-1.86341,0.46767
-0.02070,1.70694,-0.97429,0.73435,-1.86302,0.46723
-0.02084,1.70675,-0.97418,0.73460,-1.86262,0.46679
-0.02098,1.70659,-0.97409,0.73484,-1.86226,0.46635
-0.02113,1.70643,-0.97401,0.73507,-1.86189,0.46591
-0.02133,1.70455,-0.97138,0.73598,-1.86100,0.46575
-0.02153,1.70267,-0.96875,0.73689,-1.86012,0.46558
-0.02168,1.70099,-0.96636,0.73765,-1.85936,0.46562
-0.02183,1.69931,-0.96395,0.73840,-1.85859,0.46564
-0.02203,1.69764,-0.96159,0.73919,-1.85782,0.46538
-0.02224,1.69595,-0.95920,0.73997,-1.85706,0.46513
-0.02245,1.69423,-0.95676,0.74079,-1.85634,0.46476
-0.02266,1.69250,-0.95430,0.74161,-1.85563,0.46439
-0.02289,1.69070,-0.95171,0.74236,-1.85474,0.46424
-0.02312,1.68890,-0.94910,0.74312,-1.85386,0.46407
-0.02329,1.68728,-0.94677,0.74382,-1.85313,0.46392
-0.02346,1.68567,-0.94445,0.74451,-1.85242,0.46376
-0.02367,1.68387,-0.94189,0.74532,-1.85160,0.46343
-0.02388,1.68205,-0.93931,0.74612,-1.85077,0.46309
-0.02412,1.68036,-0.93687,0.74687,-1.85008,0.46263
-0.02435,1.67868,-0.93444,0.74760,-1.84940,0.46217
-0.02457,1.67716,-0.93220,0.74817,-1.84868,0.46185
-0.02479,1.67566,-0.92996,0.74873,-1.84798,0.46156
-0.02498,1.67411,-0.92768,0.74934,-1.84728,0.46124
-0.02516,1.67255,-0.92540,0.74995,-1.84659,0.46095
-0.02528,1.67126,-0.92352,0.75052,-1.84623,0.46048
-0.02539,1.66999,-0.92168,0.75107,-1.84587,0.46000
-0.02546,1.66920,-0.92048,0.75131,-1.84560,0.45983
-0.02554,1.66840,-0.91927,0.75153,-1.84532,0.45968
-0.02583,1.66652,-0.91653,0.75217,-1.84416,0.45934
-0.02612,1.66464,-0.91378,0.75280,-1.84300,0.45900
-0.02640,1.66248,-0.91055,0.75367,-1.84218,0.45848
-0.02668,1.66032,-0.90729,0.75452,-1.84136,0.45797
-0.02681,1.65957,-0.90626,0.75489,-1.84126,0.45723
-0.02694,1.65882,-0.90522,0.75527,-1.84116,0.45649
-0.02700,1.65876,-0.90519,0.75521,-1.84091,0.45632
-0.02707,1.65870,-0.90518,0.75514,-1.84067,0.45614
-0.02729,1.65848,-0.90507,0.75537,-1.83997,0.45565
-0.02752,1.65829,-0.90499,0.75558,-1.83927,0.45516
-0.02762,1.65920,-0.90660,0.75529,-1.83900,0.45489
-0.02771,1.66012,-0.90822,0.75498,-1.83875,0.45461
-0.02780,1.65950,-0.90726,0.75502,-1.83816,0.45486
-0.02788,1.65889,-0.90630,0.75506,-1.83759,0.45512
-0.02796,1.65910,-0.90678,0.75511,-1.83721,0.45506
-0.02805,1.65932,-0.90727,0.75516,-1.83684,0.45501
-0.02821,1.65911,-0.90705,0.75520,-1.83653,0.45442
-0.02836,1.65889,-0.90682,0.75525,-1.83623,0.45385
-0.02838,1.66007,-0.90879,0.75477,-1.83622,0.45357
-0.02840,1.66124,-0.91075,0.75429,-1.83621,0.45329
-0.02859,1.66038,-0.90958,0.75488,-1.83567,0.45289
-0.02878,1.65952,-0.90842,0.75546,-1.83516,0.45250
-0.02900,1.65969,-0.90885,0.75529,-1.83431,0.45213
-0.02922,1.65986,-0.90932,0.75511,-1.83346,0.45175
-0.02916,1.66002,-0.90946,0.75487,-1.83345,0.45237
-0.02910,1.66017,-0.90962,0.75461,-1.83344,0.45301
-0.02907,1.66036,-0.90991,0.75465,-1.83405,0.45227
-0.02905,1.66053,-0.91019,0.75469,-1.83466,0.45152
-0.02929,1.66043,-0.91024,0.75457,-1.83304,0.45214
-0.02954,1.66035,-0.91033,0.75444,-1.83143,0.45276
-0.02944,1.66097,-0.91132,0.75441,-1.83251,0.45171
-0.02935,1.66158,-0.91231,0.75437,-1.83359,0.45065
-0.02948,1.66147,-0.91221,0.75412,-1.83273,0.45113
-0.02961,1.66137,-0.91212,0.75386,-1.83187,0.45161
-0.02998,1.66175,-0.91313,0.75399,-1.83069,0.45075
-0.03035,1.66213,-0.91412,0.75412,-1.82950,0.44989
-0.02990,1.66313,-0.91525,0.75317,-1.83122,0.45066
-0.02946,1.66413,-0.91637,0.75221,-1.83296,0.45141
-0.02990,1.66381,-0.91625,0.75228,-1.83093,0.45127
-0.03034,1.66351,-0.91616,0.75235,-1.82889,0.45112
-0.03040,1.66397,-0.91698,0.75216,-1.82885,0.45078
-0.03045,1.66442,-0.91780,0.75198,-1.82883,0.45044
-0.03018,1.66541,-0.91910,0.75141,-1.83020,0.45038
-0.02992,1.66638,-0.92039,0.75084,-1.83159,0.45032
-0.03025,1.66533,-0.91906,0.75148,-1.83029,0.44983
-0.03059,1.66427,-0.91773,0.75212,-1.82898,0.44933
-0.03064,1.66410,-0.91754,0.75243,-1.82916,0.44873
-0.03069,1.66393,-0.91733,0.75273,-1.82934,0.44815
-0.03099,1.66455,-0.91862,0.75233,-1.82794,0.44819
-0.03128,1.66518,-0.91990,0.75192,-1.82654,0.44822
-0.03152,1.66633,-0.92204,0.75172,-1.82701,0.44603
-0.03176,1.66748,-0.92416,0.75152,-1.82749,0.44386
-0.03124,1.66781,-0.92410,0.75077,-1.82875,0.44557
-0.03073,1.66814,-0.92404,0.75003,-1.82999,0.44729
-0.03101,1.66795,-0.92401,0.75006,-1.82887,0.44705
-0.03129,1.66777,-0.92399,0.75010,-1.82776,0.44681
-0.03179,1.66974,-0.92768,0.74961,-1.82815,0.44297
-0.03230,1.67170,-0.93134,0.74912,-1.82852,0.43912
-0.03178,1.67071,-0.92918,0.74907,-1.82816,0.44304
-0.03128,1.66972,-0.92701,0.74901,-1.82777,0.44695
-0.03163,1.66900,-0.92625,0.74944,-1.82675,0.44599
-0.03198,1.66828,-0.92547,0.74987,-1.82571,0.44502
-0.03178,1.66883,-0.92618,0.74971,-1.82664,0.44500
-0.03158,1.66937,-0.92688,0.74956,-1.82758,0.44499
-0.03210,1.67039,-0.92902,0.74922,-1.82623,0.44341
-0.03262,1.67139,-0.93112,0.74888,-1.82487,0.44181
-0.03254,1.67101,-0.93045,0.74913,-1.82535,0.44167
-0.03246,1.67064,-0.92980,0.74937,-1.82583,0.44152
-0.03211,1.67038,-0.92897,0.74902,-1.82634,0.44330
-0.03177,1.67011,-0.92814,0.74865,-1.82686,0.44511
-0.03225,1.66991,-0.92837,0.74916,-1.82560,0.44347
-0.03274,1.66971,-0.92860,0.74966,-1.82433,0.44184
-0.03277,1.66985,-0.92882,0.74952,-1.82409,0.44202
-0.03280,1.66999,-0.92904,0.74936,-1.82386,0.44223
-0.03260,1.67052,-0.92970,0.74896,-1.82500,0.44198
-0.03240,1.67105,-0.93035,0.74857,-1.82614,0.44176
-0.03240,1.67105,-0.93035,0.74857,-1.82614,0.44176
-0.03240,1.67105,-0.93035,0.74857,-1.82614,0.44176
-0.03240,1.67105,-0.93035,0.74857,-1.82614,0.44176
-0.03240,1.67105,-0.93035,0.74857,-1.82614,0.44176
-0.03240,1.67105,-0.93035,0.74857,-1.82614,0.44176
-0.03240,1.67105,-0.93035,0.74857,-1.82614,0.44176
-0.03240,1.67105,-0.93035,0.74857,-1.82614,0.44176
-0.03240,1.67105,-0.93035,0.74857,-1.82614,0.44176
-0.03240,1.67105,-0.93035,0.74857,-1.82614,0.44176
-0.03240,1.67105,-0.93035,0.74857,-1.82614,0.44176
-0.03240,1.67105,-0.93035,0.74857,-1.82614,0.44176
-0.03240,1.67105,-0.93035,0.74857,-1.82614,0.44176
-0.03240,1.67105,-0.93035,0.74857,-1.82614,0.44176
-0.03240,1.67105,-0.93035,0.74857,-1.82614,0.44176
-0.03240,1.67105,-0.93035,0.74857,-1.82614,0.44176
-0.03240,1.67105,-0.93035,0.74857,-1.82614,0.44176
-0.03240,1.67105,-0.93035,0.74857,-1.82614,0.44176
-0.03240,1.67105,-0.93035,0.74857,-1.82614,0.44176
-0.03240,1.67105,-0.93035,0.74857,-1.82614,0.44176
-0.03240,1.67105,-0.93035,0.74857,-1.82614,0.44176
-0.03240,1.67105,-0.93035,0.74857,-1.82614,0.44176
-0.03240,1.67105,-0.93035,0.74857,-1.82614,0.44176
-0.03240,1.67105,-0.93035,0.74857,-1.82614,0.44176
-0.03240,1.67105,-0.93035,0.74857,-1.82614,0.44176
-0.03240,1.67105,-0.93035,0.74857,-1.82614,0.44176
-0.03240,1.67105,-0.93035,0.74857,-1.82614,0.44176
-0.03240,1.67105,-0.93035,0.74857,-1.82614,0.44176
-0.03240,1.67105,-0.93035,0.74857,-1.82614,0.44176
-0.03240,1.67105,-0.93035,0.74857,-1.82614,0.44176
-0.03240,1.67105,-0.93035,0.74857,-1.82614,0.44176
-0.03240,1.67105,-0.93035,0.74857,-1.82614,0.44176
-0.03240,1.67105,-0.93035,0.74857,-1.82614,0.44176
-0.03240,1.67105,-0.93035,0.74857,-1.82614,0.44176
-0.03240,1.67105,-0.93035,0.74857,-1.82614,0.44176
-0.03240,1.67105,-0.93035,0.74857,-1.82614,0.44176
-0.03240,1.67105,-0.93035,0.74857,-1.82614,0.44176
-0.03240,1.67105,-0.93035,0.74857,-1.82614,0.44176
-0.03240,1.67105,-0.93035,0.74857,-1.82614,0.44176
-0.03240,1.67105,-0.93035,0.74857,-1.82614,0.44176
-0.03240,1.67105,-0.93035,0.74857,-1.82614,0.44176
-0.03240,1.67105,-0.93035,0.74857,-1.82614,0.44176
-0.03240,1.67105,-0.93035,0.74857,-1.82614,0.44176
-0.03240,1.67105,-0.93035,0.74857,-1.82614,0.44176
-0.03240,1.67105,-0.93035,0.74857,-1.82614,0.44176
-0.03240,1.67105,-0.93035,0.74857,-1.82614,0.44176
-0.03240,1.67105,-0.93035,0.74857,-1.82614,0.44176
-0.03240,1.67105,-0.93035,0.74857,-1.82614,0.44176
-0.03240,1.67105,-0.93035,0.74857,-1.82614,0.44176
-0.03240,1.67105,-0.93035,0.74857,-1.82614,0.44176
-0.03240,1.67105,-0.93035,0.74857,-1.82614,0.44176
-0.03240,1.67105,-0.93035,0.74857,-1.82614,0.44176
-0.03240,1.67105,-0.93035,0.74857,-1.82614,0.44176
-0.03240,1.67105,-0.93035,0.74857,-1.82614,0.44176
-0.03240,1.67105,-0.93035,0.74857,-1.82614,0.44176
-0.03240,1.67105,-0.93035,0.74857,-1.82614,0.44176
-0.03240,1.67105,-0.93035,0.74857,-1.82614,0.44176
-0.03240,1.67105,-0.93035,0.74857,-1.82614,0.44176
-0.03240,1.67105,-0.93035,0.74857,-1.82614,0.44176
-0.03240,1.67105,-0.93035,0.74857,-1.82614,0.44176
-0.03240,1.67105,-0.93035,0.74857,-1.82614,0.44176
-0.03240,1.67105,-0.93035,0.74857,-1.82614,0.44176
-0.03240,1.67105,-0.93035,0.74857,-1.82614,0.44176
-0.03240,1.67105,-0.93035,0.74857,-1.82614,0.44176
-0.03240,1.67105,-0.93035,0.74857,-1.82614,0.44176
-0.03240,1.67105,-0.93035,0.74857,-1.82614,0.44176
-0.03240,1.67105,-0.93035,0.74857,-1.82614,0.44176
-0.03240,1.67105,-0.93035,0.74857,-1.82614,0.44176
-0.03240,1.67105,-0.93035,0.74857,-1.82614,0.44176
-0.03240,1.67105,-0.93035,0.74857,-1.82614,0.44176
-0.03240,1.67105,-0.93035,0.74857,-1.82614,0.44176
-0.03240,1.67105,-0.93035,0.74857,-1.82614,0.44176
-0.03240,1.67105,-0.93035,0.74857,-1.82614,0.44176
-0.03240,1.67105,-0.93035,0.74857,-1.82614,0.44176
-0.03240,1.67105,-0.93035,0.74857,-1.82614,0.44176
-0.03240,1.67105,-0.93035,0.74857,-1.82614,0.44176
-0.03240,1.67105,-0.93035,0.74857,-1.82614,0.44176
-0.03240,1.67105,-0.93035,0.74857,-1.82614,0.44176
-0.03240,1.67105,-0.93035,0.74857,-1.82614,0.44176
-0.03240,1.67105,-0.93035,0.74857,-1.82614,0.44176
-0.03240,1.67105,-0.93035,0.74857,-1.82614,0.44176
-0.03240,1.67105,-0.93035,0.74857,-1.82614,0.44176
-0.03240,1.67105,-0.93035,0.74857,-1.82614,0.44176
-0.03240,1.67105,-0.93035,0.74857,-1.82614,0.44176
-0.03240,1.67105,-0.93035,0.74857,-1.82614,0.44176
-0.03240,1.67105,-0.93035,0.74857,-1.82614,0.44176
-0.03240,1.67105,-0.93035,0.74857,-1.82614,0.44176
-0.03240,1.67105,-0.93035,0.74857,-1.82614,0.44176
-0.03240,1.67105,-0.93035,0.74857,-1.82614,0.44176
-0.03240,1.67105,-0.93035,0.74857,-1.82614,0.44176
-0.03240,1.67105,-0.93035,0.74857,-1.82614,0.44176
-0.03240,1.67105,-0.93035,0.74857,-1.82614,0.44176
-0.03240,1.67105,-0.93035,0.74857,-1.82614,0.44176
-0.03240,1.67105,-0.93035,0.74857,-1.82614,0.44176
-0.03240,1.67105,-0.93035,0.74857,-1.82614,0.44176
-0.03240,1.67105,-0.93035,0.74857,-1.82614,0.44176
-0.03240,1.67105,-0.93035,0.74857,-1.82614,0.44176
-0.03240,1.67105,-0.93035,0.74857,-1.82614,0.44176
-0.03240,1.67105,-0.93035,0.74857,-1.82614,0.44176
-0.03240,1.67105,-0.93035,0.74857,-1.82614,0.44176
-0.03240,1.67105,-0.93035,0.74857,-1.82614,0.44176
-0.03240,1.67105,-0.93035,0.74857,-1.82614,0.44176
-0.03240,1.67105,-0.93035,0.74857,-1.82614,0.44176
-0.03240,1.67105,-0.93035,0.74857,-1.82614,0.44176
-0.03240,1.67105,-0.93035,0.74857,-1.82614,0.44176
-0.03240,1.67105,-0.93035,0.74857,-1.82614,0.44176
-0.03240,1.67105,-0.93035,0.74857,-1.82614,0.44176
-0.03240,1.67105,-0.93035,0.74857,-1.82614,0.44176
-0.03240,1.67105,-0.93035,0.74857,-1.82614,0.44176
-0.03240,1.67105,-0.93035,0.74857,-1.82614,0.44176
-0.03240,1.67105,-0.93035,0.74857,-1.82614,0.44176
-0.03240,1.67105,-0.93035,0.74857,-1.82614,0.44176
-0.03240,1.67105,-0.93035,0.74857,-1.82614,0.44176
-0.03240,1.67105,-0.93035,0.74857,-1.82614,0.44176
-0.03240,1.67105,-0.93035,0.74857,-1.82614,0.44176
-0.03240,1.67105,-0.93035,0.74857,-1.82614,0.44176
-0.03240,1.67105,-0.93035,0.74857,-1.82614,0.44176
-0.03240,1.67105,-0.93035,0.74857,-1.82614,0.44176
-0.03240,1.67105,-0.93035,0.74857,-1.82614,0.44176
-0.03240,1.67105,-0.93035,0.74857,-1.82614,0.44176
-0.03240,1.67105,-0.93035,0.74857,-1.82614,0.44176
-0.03240,1.67105,-0.93035,0.74857,-1.82614,0.44176
-0.03240,1.67105,-0.93035,0.74857,-1.82614,0.44176
-0.03240,1.67105,-0.93035,0.74857,-1.82614,0.44176
-0.03240,1.67105,-0.93035,0.74857,-1.82614,0.44176
-0.03240,1.67105,-0.93035,0.74857,-1.82614,0.44176
-0.03240,1.67105,-0.93035,0.74857,-1.82614,0.44176
-0.03240,1.67105,-0.93035,0.74857,-1.82614,0.44176
-0.03240,1.67105,-0.93035,0.74857,-1.82614,0.44176
-0.03240,1.67105,-0.93035,0.74857,-1.82614,0.44176
-0.03240,1.67105,-0.93035,0.74857,-1.82614,0.44176
-0.03240,1.67105,-0.93035,0.74857,-1.82614,0.44176
-0.03240,1.67105,-0.93035,0.74857,-1.82614,0.44176
-0.03240,1.67105,-0.93035,0.74857,-1.82614,0.44176
-0.03240,1.67105,-0.93035,0.74857,-1.82614,0.44176
-0.03240,1.67105,-0.93035,0.74857,-1.82614,0.44176
-0.03240,1.67105,-0.93035,0.74857,-1.82614,0.44176
-0.03240,1.67105,-0.93035,0.74857,-1.82614,0.44176
-0.03240,1.67105,-0.93035,0.74857,-1.82614,0.44176
-0.03240,1.67105,-0.93035,0.74857,-1.82614,0.44176
-0.03240,1.67105,-0.93035,0.74857,-1.82614,0.44176
-0.03240,1.67105,-0.93035,0.74857,-1.82614,0.44176
-0.03240,1.67105,-0.93035,0.74857,-1.82614,0.44176
-0.03240,1.67105,-0.93035,0.74857,-1.82614,0.44176
-0.03240,1.67105,-0.93035,0.74857,-1.82614,0.44176
-0.03240,1.67105,-0.93035,0.74857,-1.82614,0.44176
-0.03240,1.67105,-0.93035,0.74857,-1.82614,0.44176
-0.03240,1.67105,-0.93035,0.74857,-1.82614,0.44176
-0.03240,1.67105,-0.93035,0.74857,-1.82614,0.44176
-0.03240,1.67105,-0.93035,0.74857,-1.82614,0.44176
-0.03240,1.67105,-0.93035,0.74857,-1.82614,0.44176
-0.03240,1.67105,-0.93035,0.74857,-1.82614,0.44176
-0.03240,1.67105,-0.93035,0.74857,-1.82614,0.44176
-0.03240,1.67105,-0.93035,0.74857,-1.82614,0.44176
-0.03240,1.67105,-0.93035,0.74857,-1.82614,0.44176
-0.03240,1.67105,-0.93035,0.74857,-1.82614,0.44176
-0.03240,1.67105,-0.93035,0.74857,-1.82614,0.44176
-0.03240,1.67105,-0.93035,0.74857,-1.82614,0.44176
-0.03240,1.67105,-0.93035,0.74857,-1.82614,0.44176
-0.03240,1.67105,-0.93035,0.74857,-1.82614,0.44176
-0.03240,1.67105,-0.93035,0.74857,-1.82614,0.44176
-0.03240,1.67105,-0.93035,0.74857,-1.82614,0.44176
-0.03240,1.67105,-0.93035,0.74857,-1.82614,0.44176
-0.03240,1.67105,-0.93035,0.74857,-1.82614,0.44176
-0.03240,1.67105,-0.93035,0.74857,-1.82614,0.44176
-0.03240,1.67105,-0.93035,0.74857,-1.82614,0.44176
-0.03240,1.67105,-0.93035,0.74857,-1.82614,0.44176
-0.03240,1.67105,-0.93035,0.74857,-1.82614,0.44176
-0.03240,1.67105,-0.93035,0.74857,-1.82614,0.44176
-0.03240,1.67105,-0.93035,0.74857,-1.82614,0.44176
-0.03240,1.67105,-0.93035,0.74857,-1.82614,0.44176
-0.03240,1.67105,-0.93035,0.74857,-1.82614,0.44176
-0.03240,1.67105,-0.93035,0.74857,-1.82614,0.44176
-0.03240,1.67105,-0.93035,0.74857,-1.82614,0.44176
-0.03240,1.67105,-0.93035,0.74857,-1.82614,0.44176
-0.03240,1.67105,-0.93035,0.74857,-1.82614,0.44176
-0.03240,1.67105,-0.93035,0.74857,-1.82614,0.44176
-0.03240,1.67105,-0.93035,0.74857,-1.82614,0.44176
-0.03240,1.67105,-0.93035,0.74857,-1.82614,0.44176
-0.03240,1.67105,-0.93035,0.74857,-1.82614,0.44176
-0.03240,1.67105,-0.93035,0.74857,-1.82614,0.44176
-0.03240,1.67105,-0.93035,0.74857,-1.82614,0.44176
-0.03240,1.67105,-0.93035,0.74857,-1.82614,0.44176
-0.03240,1.67105,-0.93035,0.74857,-1.82614,0.44176
-0.03240,1.67105,-0.93035,0.74857,-1.82614,0.44176
-0.03240,1.67105,-0.93035,0.74857,-1.82614,0.44176
-0.03240,1.67105,-0.93035,0.74857,-1.82614,0.44176
-0.03240,1.67105,-0.93035,0.74857,-1.82614,0.44176
-0.03240,1.67105,-0.93035,0.74857,-1.82614,0.44176
-0.03240,1.67105,-0.93035,0.74857,-1.82614,0.44176
-0.03240,1.67105,-0.93035,0.74857,-1.82614,0.44176
-0.03240,1.67105,-0.93035,0.74857,-1.82614,0.44176
-0.03240,1.67105,-0.93035,0.74857,-1.82614,0.44176
-0.03240,1.67105,-0.93035,0.74857,-1.82614,0.44176
-0.03240,1.67105,-0.93035,0.74857,-1.82614,0.44176
-0.03240,1.67105,-0.93035,0.74857,-1.82614,0.44176
-0.03240,1.67105,-0.93035,0.74857,-1.82614,0.44176
-0.03240,1.67105,-0.93035,0.74857,-1.82614,0.44176
-0.03240,1.67105,-0.93035,0.74857,-1.82614,0.44176
-0.03240,1.67105,-0.93035,0.74857,-1.82614,0.44176
-0.03240,1.67105,-0.93035,0.74857,-1.82614,0.44176
-0.03240,1.67105,-0.93035,0.74857,-1.82614,0.44176
-0.03240,1.67105,-0.93035,0.74857,-1.82614,0.44176
-0.03240,1.67105,-0.93035,0.74857,-1.82614,0.44176
-0.03240,1.67105,-0.93035,0.74857,-1.82614,0.44176
-0.03240,1.67105,-0.93035,0.74857,-1.82614,0.44176
-0.03240,1.67105,-0.93035,0.74857,-1.82614,0.44176
-0.03240,1.67105,-0.93035,0.74857,-1.82614,0.44176
-0.03240,1.67105,-0.93035,0.74857,-1.82614,0.44176
-0.03240,1.67105,-0.93035,0.74857,-1.82614,0.44176
-0.03240,1.67105,-0.93035,0.74857,-1.82614,0.44176
-0.03240,1.67105,-0.93035,0.74857,-1.82614,0.44176
-0.03240,1.67105,-0.93035,0.74857,-1.82614,0.44176
-0.03240,1.67105,-0.93035,0.74857,-1.82614,0.44176
-0.03240,1.67105,-0.93035,0.74857,-1.82614,0.44176
-0.03240,1.67105,-0.93035,0.74857,-1.82614,0.44176
-0.03240,1.67105,-0.93035,0.74857,-1.82614,0.44176
-0.03240,1.67105,-0.93035,0.74857,-1.82614,0.44176
-0.03240,1.67105,-0.93035,0.74857,-1.82614,0.44176
-0.03240,1.67105,-0.93035,0.74857,-1.82614,0.44176
-0.03240,1.67105,-0.93035,0.74857,-1.82614,0.44176
-0.03240,1.67105,-0.93035,0.74857,-1.82614,0.44176
-0.03240,1.67105,-0.93035,0.74857,-1.82614,0.44176
-0.03240,1.67105,-0.93035,0.74857,-1.82614,0.44176
-0.03240,1.67105,-0.93035,0.74857,-1.82614,0.44176
-0.03240,1.67105,-0.93035,0.74857,-1.82614,0.44176
-0.03240,1.67105,-0.93035,0.74857,-1.82614,0.44176
-0.03240,1.67105,-0.93035,0.74857,-1.82614,0.44176
-0.03240,1.67105,-0.93035,0.74857,-1.82614,0.44176
-0.03240,1.67105,-0.93035,0.74857,-1.82614,0.44176
-0.03240,1.67105,-0.93035,0.74857,-1.82614,0.44176
-0.03240,1.67105,-0.93035,0.74857,-1.82614,0.44176
-0.03240,1.67105,-0.93035,0.74857,-1.82614,0.44176
-0.03240,1.67105,-0.93035,0.74857,-1.82614,0.44176
-0.03240,1.67105,-0.93035,0.74857,-1.82614,0.44176
-0.03240,1.67105,-0.93035,0.74857,-1.82614,0.44176
-0.03240,1.67105,-0.93035,0.74857,-1.82614,0.44176
-0.03240,1.67105,-0.93035,0.74857,-1.82614,0.44176
-0.03240,1.67105,-0.93035,0.74857,-1.82614,0.44176
-0.03240,1.67105,-0.93035,0.74857,-1.82614,0.44176
-0.03240,1.67105,-0.93035,0.74857,-1.82614,0.44176
-0.03240,1.67105,-0.93035,0.74857,-1.82614,0.44176
-0.03240,1.67105,-0.93035,0.74857,-1.82614,0.44176
-0.03240,1.67105,-0.93035,0.74857,-1.82614,0.44176
-0.03240,1.67105,-0.93035,0.74857,-1.82614,0.44176
-0.03240,1.67105,-0.93035,0.74857,-1.82614,0.44176
-0.03240,1.67105,-0.93035,0.74857,-1.82614,0.44176
-0.03240,1.67105,-0.93035,0.74857,-1.82614,0.44176
-0.03240,1.67105,-0.93035,0.74857,-1.82614,0.44176
-0.03240,1.67105,-0.93035,0.74857,-1.82614,0.44176
-0.03240,1.67105,-0.93035,0.74857,-1.82614,0.44176
-0.03240,1.67105,-0.93035,0.74857,-1.82614,0.44176
-0.03240,1.67105,-0.93035,0.74857,-1.82614,0.44176
-0.03240,1.67105,-0.93035,0.74857,-1.82614,0.44176
-0.03240,1.67105,-0.93035,0.74857,-1.82614,0.44176
-0.03240,1.67105,-0.93035,0.74857,-1.82614,0.44176
-0.03240,1.67105,-0.93035,0.74857,-1.82614,0.44176
-0.03240,1.67105,-0.93035,0.74857,-1.82614,0.44176
-0.03240,1.67105,-0.93035,0.74857,-1.82614,0.44176
-0.03240,1.67105,-0.93035,0.74857,-1.82614,0.44176
-0.03240,1.67105,-0.93035,0.74857,-1.82614,0.44176
-0.03240,1.67105,-0.93035,0.74857,-1.82614,0.44176
-0.03240,1.67105,-0.93035,0.74857,-1.82614,0.44176
-0.03240,1.67105,-0.93035,0.74857,-1.82614,0.44176
-0.03240,1.67105,-0.93035,0.74857,-1.82614,0.44176
-0.03240,1.67105,-0.93035,0.74857,-1.82614,0.44176
-0.03240,1.67105,-0.93035,0.74857,-1.82614,0.44176
-0.03240,1.67105,-0.93035,0.74857,-1.82614,0.44176
-0.03240,1.67105,-0.93035,0.74857,-1.82614,0.44176
-0.03240,1.67105,-0.93035,0.74857,-1.82614,0.44176
-0.03240,1.67105,-0.93035,0.74857,-1.82614,0.44176
-0.03240,1.67105,-0.93035,0.74857,-1.82614,0.44176
-0.03240,1.67105,-0.93035,0.74857,-1.82614,0.44176
-0.03240,1.67105,-0.93035,0.74857,-1.82614,0.44176
-0.03240,1.67105,-0.93035,0.74857,-1.82614,0.44176
-0.03240,1.67105,-0.93035,0.74857,-1.82614,0.44176
-0.03240,1.67105,-0.93035,0.74857,-1.82614,0.44176
-0.03240,1.67105,-0.93035,0.74857,-1.82614,0.44176
-0.03240,1.67105,-0.93035,0.74857,-1.82614,0.44176
-0.03240,1.67105,-0.93035,0.74857,-1.82614,0.44176
-0.03240,1.67105,-0.93035,0.74857,-1.82614,0.44176
-0.03240,1.67105,-0.93035,0.74857,-1.82614,0.44176
-0.03240,1.67105,-0.93035,0.74857,-1.82614,0.44176
-0.03240,1.67105,-0.93035,0.74857,-1.82614,0.44176
-0.03240,1.67105,-0.93035,0.74857,-1.82614,0.44176
-0.03240,1.67105,-0.93035,0.74857,-1.82614,0.44176
-0.03240,1.67105,-0.93035,0.74857,-1.82614,0.44176
-0.03240,1.67105,-0.93035,0.74857,-1.82614,0.44176
-0.03240,1.67105,-0.93035,0.74857,-1.82614,0.44176
-0.03240,1.67105,-0.93035,0.74857,-1.82614,0.44176
-0.03240,1.67105,-0.93035,0.74857,-1.82614,0.44176
-0.03240,1.67105,-0.93035,0.74857,-1.82614,0.44176
-0.03240,1.67105,-0.93035,0.74857,-1.82614,0.44176
-0.03240,1.67105,-0.93035,0.74857,-1.82614,0.44176
-0.03240,1.67105,-0.93035,0.74857,-1.82614,0.44176
-0.03240,1.67105,-0.93035,0.74857,-1.82614,0.44176
-0.03240,1.67105,-0.93035,0.74857,-1.82614,0.44176
-0.03240,1.67105,-0.93035,0.74857,-1.82614,0.44176
-0.03240,1.67105,-0.93035,0.74857,-1.82614,0.44176
-0.03240,1.67105,-0.93035,0.74857,-1.82614,0.44176
-0.03240,1.67105,-0.93035,0.74857,-1.82614,0.44176
