-1.58763,0.23992,1.90689,-2.28646,0.45114,-2.12148
-1.58707,0.24035,1.90665,-2.28664,0.45178,-2.12090
-1.58650,0.24079,1.90641,-2.28681,0.45242,-2.12033
-1.58594,0.24122,1.90615,-2.28699,0.45306,-2.11974
-1.58538,0.24165,1.90591,-2.28716,0.45370,-2.11916
-1.58481,0.24209,1.90566,-2.28735,0.45434,-2.11857
-1.58424,0.24252,1.90542,-2.28752,0.45498,-2.11799
-1.58368,0.24310,1.90440,-2.28813,0.45566,-2.11715
-1.58312,0.24367,1.90337,-2.28875,0.45634,-2.11630
-1.58293,0.24417,1.90228,-2.28964,0.45710,-2.11486
-1.58274,0.24467,1.90120,-2.29053,0.45786,-2.11344
-1.58253,0.24516,1.89991,-2.29181,0.45859,-2.11154
-1.58232,0.24565,1.89862,-2.29308,0.45931,-2.10965
-1.58185,0.24626,1.89712,-2.29420,0.46000,-2.10842
-1.58138,0.24686,1.89562,-2.29533,0.46068,-2.10719
-1.58115,0.24738,1.89443,-2.29629,0.46143,-2.10553
-1.58091,0.24790,1.89324,-2.29723,0.46219,-2.10389
-1.58069,0.24842,1.89202,-2.29828,0.46299,-2.10224
-1.58048,0.24894,1.89081,-2.29932,0.46379,-2.10060
-1.58020,0.24952,1.88962,-2.30003,0.46463,-2.09925
-1.57993,0.25009,1.88844,-2.30073,0.46546,-2.09792
-1.57970,0.25064,1.88739,-2.30131,0.46638,-2.09644
-1.57947,0.25118,1.88634,-2.30188,0.46729,-2.09498
-1.57925,0.25166,1.88514,-2.30298,0.46801,-2.09330
-1.57904,0.25213,1.88394,-2.30406,0.46872,-2.09164
-1.57876,0.25264,1.88269,-2.30502,0.46945,-2.09016
-1.57848,0.25315,1.88146,-2.30597,0.47017,-2.08870
-1.57835,0.25354,1.88024,-2.30741,0.47080,-2.08663
-1.57822,0.25393,1.87904,-2.30883,0.47141,-2.08458
-1.57793,0.25448,1.87785,-2.30958,0.47220,-2.08335
-1.57764,0.25501,1.87666,-2.31032,0.47299,-2.08212
-1.57743,0.25547,1.87547,-2.31137,0.47370,-2.08050
-1.57721,0.25593,1.87429,-2.31240,0.47441,-2.07890
-1.57700,0.25638,1.87316,-2.31335,0.47511,-2.07734
-1.57679,0.25683,1.87203,-2.31428,0.47582,-2.07579
-1.57655,0.25731,1.87082,-2.31528,0.47655,-2.07423
-1.57631,0.25778,1.86962,-2.31626,0.47728,-2.07267
-1.57621,0.25813,1.86851,-2.31761,0.47788,-2.07075
-1.57610,0.25847,1.86740,-2.31896,0.47848,-2.06882
-1.57578,0.25902,1.86616,-2.31965,0.47930,-2.06753
-1.57546,0.25956,1.86491,-2.32034,0.48011,-2.06625
-1.57531,0.25996,1.86382,-2.32135,0.48081,-2.06457
-1.57515,0.26037,1.86272,-2.32236,0.48152,-2.06290
-1.57494,0.26078,1.86149,-2.32356,0.48216,-2.06121
-1.57473,0.26119,1.86027,-2.32475,0.48281,-2.05953
-1.57452,0.26164,1.85920,-2.32552,0.48358,-2.05803
-1.57431,0.26209,1.85814,-2.32630,0.48434,-2.05653
-1.57402,0.26256,1.85685,-2.32728,0.48505,-2.05511
-1.57372,0.26303,1.85555,-2.32827,0.48577,-2.05367
-1.57353,0.26343,1.85441,-2.32927,0.48645,-2.05205
-1.57333,0.26384,1.85326,-2.33027,0.48714,-2.05043
-1.57314,0.26424,1.85210,-2.33135,0.48780,-2.04885
-1.57294,0.26464,1.85095,-2.33239,0.48847,-2.04728
-1.57273,0.26503,1.84981,-2.33339,0.48915,-2.04574
-1.57253,0.26544,1.84866,-2.33439,0.48982,-2.04418
-1.57231,0.26584,1.84755,-2.33528,0.49052,-2.04265
-1.57210,0.26625,1.84644,-2.33616,0.49123,-2.04115
-1.57189,0.26665,1.84530,-2.33712,0.49191,-2.03960
-1.57169,0.26705,1.84417,-2.33807,0.49260,-2.03808
-1.57152,0.26740,1.84291,-2.33944,0.49322,-2.03623
-1.57136,0.26775,1.84166,-2.34080,0.49384,-2.03439
-1.57109,0.26821,1.84051,-2.34158,0.49460,-2.03305
-1.57081,0.26866,1.83933,-2.34237,0.49537,-2.03170
-1.57059,0.26908,1.83822,-2.34319,0.49612,-2.03031
-1.57037,0.26950,1.83710,-2.34400,0.49687,-2.02892
-1.57015,0.26992,1.83602,-2.34474,0.49761,-2.02761
-1.56993,0.27033,1.83495,-2.34547,0.49835,-2.02631
-1.56972,0.27073,1.83387,-2.34625,0.49907,-2.02499
-1.56950,0.27113,1.83279,-2.34704,0.49978,-2.02366
-1.56926,0.27158,1.83166,-2.34777,0.50059,-2.02232
-1.56902,0.27202,1.83053,-2.34850,0.50139,-2.02099
-1.56880,0.27243,1.82947,-2.34918,0.50214,-2.01974
-1.56857,0.27284,1.82841,-2.34988,0.50287,-2.01849
-1.56834,0.27327,1.82730,-2.35062,0.50364,-2.01718
-1.56811,0.27369,1.82620,-2.35135,0.50440,-2.01587
-1.56787,0.27412,1.82511,-2.35205,0.50518,-2.01460
-1.56763,0.27455,1.82401,-2.35272,0.50596,-2.01333
-1.56749,0.27492,1.82294,-2.35361,0.50671,-2.01203
-1.56734,0.27529,1.82186,-2.35451,0.50745,-2.01072
-1.56691,0.27589,1.82064,-2.35466,0.50836,-2.00961
-1.56649,0.27649,1.81943,-2.35481,0.50926,-2.00851
-1.56626,0.27690,1.81838,-2.35549,0.51000,-2.00726
-1.56604,0.27730,1.81732,-2.35618,0.51074,-2.00599
-1.56582,0.27768,1.81614,-2.35715,0.51144,-2.00448
-1.56559,0.27806,1.81495,-2.35814,0.51214,-2.00297
-1.56536,0.27848,1.81385,-2.35885,0.51292,-2.00158
-1.56512,0.27890,1.81274,-2.35956,0.51370,-2.00019
-1.56495,0.27928,1.81191,-2.35999,0.51447,-1.99895
-1.56477,0.27966,1.81107,-2.36043,0.51526,-1.99772
-1.56455,0.28005,1.80999,-2.36122,0.51598,-1.99639
-1.56432,0.28043,1.80889,-2.36199,0.51671,-1.99506
-1.56410,0.28083,1.80788,-2.36260,0.51744,-1.99387
-1.56388,0.28122,1.80687,-2.36322,0.51815,-1.99268
-1.56363,0.28166,1.80583,-2.36370,0.51896,-1.99149
-1.56338,0.28209,1.80480,-2.36419,0.51977,-1.99029
-1.56317,0.28243,1.80360,-2.36527,0.52044,-1.98851
-1.56297,0.28276,1.80241,-2.36634,0.52112,-1.98674
-1.56273,0.28317,1.80139,-2.36686,0.52189,-1.98560
-1.56249,0.28359,1.80037,-2.36736,0.52267,-1.98448
-1.56223,0.28402,1.79937,-2.36780,0.52347,-1.98347
-1.56198,0.28445,1.79837,-2.36822,0.52427,-1.98248
-1.56184,0.28472,1.79779,-2.36854,0.52470,-1.98204
-1.56171,0.28499,1.79722,-2.36886,0.52512,-1.98160
-1.56157,0.28526,1.79664,-2.36920,0.52553,-1.98114
-1.56142,0.28553,1.79605,-2.36953,0.52596,-1.98068
-1.56127,0.28582,1.79545,-2.36982,0.52639,-1.98034
-1.56112,0.28612,1.79486,-2.37011,0.52683,-1.97998
-1.56109,0.28608,1.79395,-2.37194,0.52675,-1.97875
-1.56105,0.28605,1.79304,-2.37379,0.52667,-1.97750
-1.56056,0.28665,1.79199,-2.37351,0.52730,-1.97796
-1.56006,0.28726,1.79094,-2.37323,0.52794,-1.97840
-1.55991,0.28755,1.79034,-2.37354,0.52834,-1.97900
-1.55977,0.28783,1.78975,-2.37386,0.52874,-1.97961
-1.55964,0.28803,1.78889,-2.37474,0.52900,-1.97968
-1.55950,0.28824,1.78804,-2.37561,0.52925,-1.97978
-1.55929,0.28862,1.78743,-2.37562,0.52979,-1.98110
-1.55908,0.28899,1.78683,-2.37563,0.53034,-1.98240
-1.55894,0.28928,1.78623,-2.37592,0.53079,-1.98360
-1.55880,0.28957,1.78563,-2.37623,0.53125,-1.98478
-1.55860,0.28993,1.78499,-2.37632,0.53177,-1.98603
-1.55839,0.29030,1.78434,-2.37640,0.53230,-1.98727
-1.55814,0.29068,1.78358,-2.37657,0.53283,-1.98834
-1.55790,0.29107,1.78282,-2.37673,0.53336,-1.98939
-1.55769,0.29143,1.78214,-2.37686,0.53389,-1.99061
-1.55748,0.29179,1.78147,-2.37700,0.53441,-1.99181
-1.55739,0.29199,1.78068,-2.37785,0.53476,-1.99209
-1.55729,0.29219,1.77990,-2.37868,0.53510,-1.99241
-1.55707,0.29253,1.77916,-2.37895,0.53554,-1.99337
-1.55686,0.29287,1.77842,-2.37922,0.53598,-1.99436
-1.55671,0.29312,1.77755,-2.37999,0.53635,-1.99474
-1.55656,0.29337,1.77670,-2.38075,0.53671,-1.99512
-1.55643,0.29361,1.77596,-2.38137,0.53710,-1.99574
-1.55631,0.29385,1.77522,-2.38200,0.53750,-1.99634
-1.55608,0.29420,1.77443,-2.38229,0.53798,-1.99731
-1.55585,0.29456,1.77363,-2.38259,0.53847,-1.99827
-1.55569,0.29483,1.77279,-2.38325,0.53888,-1.99877
-1.55553,0.29510,1.77193,-2.38391,0.53931,-1.99925
-1.55546,0.29518,1.77093,-2.38545,0.53947,-1.99864
-1.55539,0.29526,1.76993,-2.38699,0.53963,-1.99800
-1.55524,0.29558,1.76940,-2.38705,0.54016,-1.99940
-1.55509,0.29590,1.76888,-2.38711,0.54069,-2.00081
-1.55487,0.29623,1.76782,-2.38777,0.54113,-2.00062
-1.55466,0.29655,1.76678,-2.38845,0.54156,-2.00043
-1.55458,0.29670,1.76591,-2.38953,0.54182,-2.00004
-1.55449,0.29684,1.76506,-2.39063,0.54207,-1.99964
-1.55454,0.29678,1.76416,-2.39256,0.54216,-1.99846
-1.55459,0.29672,1.76326,-2.39449,0.54224,-1.99727
-1.55450,0.29685,1.76243,-2.39557,0.54252,-1.99685
-1.55442,0.29699,1.76159,-2.39666,0.54279,-1.99642
-1.55438,0.29710,1.76075,-2.39780,0.54307,-1.99568
-1.55433,0.29722,1.75992,-2.39893,0.54336,-1.99497
-1.55420,0.29740,1.75872,-2.40025,0.54367,-1.99384
-1.55407,0.29758,1.75751,-2.40158,0.54398,-1.99272
-1.55387,0.29794,1.75650,-2.40202,0.54447,-1.99267
-1.55366,0.29829,1.75550,-2.40245,0.54496,-1.99264
-1.55367,0.29827,1.75438,-2.40444,0.54510,-1.99057
-1.55368,0.29824,1.75326,-2.40644,0.54523,-1.98849
-1.55357,0.29837,1.75272,-2.40723,0.54550,-1.98814
-1.55346,0.29849,1.75219,-2.40802,0.54575,-1.98776
-1.55332,0.29870,1.75112,-2.40904,0.54613,-1.98632
-1.55318,0.29891,1.75006,-2.41006,0.54649,-1.98488
-1.55313,0.29899,1.74928,-2.41126,0.54675,-1.98356
-1.55309,0.29906,1.74850,-2.41245,0.54702,-1.98225
-1.55303,0.29920,1.74788,-2.41325,0.54736,-1.98240
-1.55296,0.29934,1.74727,-2.41405,0.54769,-1.98255
-1.55285,0.29951,1.74637,-2.41506,0.54803,-1.98157
-1.55274,0.29967,1.74547,-2.41607,0.54838,-1.98062
-1.55252,0.29998,1.74442,-2.41672,0.54884,-1.97992
-1.55230,0.30029,1.74337,-2.41736,0.54929,-1.97923
-1.55222,0.30038,1.74251,-2.41862,0.54956,-1.97824
-1.55215,0.30046,1.74165,-2.41988,0.54982,-1.97725
-1.55211,0.30057,1.74092,-2.42088,0.55016,-1.97644
-1.55207,0.30067,1.74018,-2.42190,0.55049,-1.97562
-1.55189,0.30089,1.73914,-2.42291,0.55087,-1.97450
-1.55171,0.30110,1.73810,-2.42391,0.55125,-1.97340
-1.55155,0.30140,1.73760,-2.42394,0.55175,-1.97338
-1.55139,0.30170,1.73710,-2.42396,0.55225,-1.97337
-1.55130,0.30178,1.73591,-2.42555,0.55255,-1.97140
-1.55122,0.30187,1.73473,-2.42713,0.55286,-1.96943
-1.55106,0.30226,1.73457,-2.42643,0.55346,-1.97047
-1.55090,0.30265,1.73442,-2.42572,0.55406,-1.97152
-1.55059,0.30301,1.73373,-2.42580,0.55452,-1.97127
-1.55028,0.30337,1.73303,-2.42588,0.55499,-1.97103
-1.55046,0.30310,1.73131,-2.42932,0.55503,-1.96705
-1.55064,0.30282,1.72957,-2.43277,0.55508,-1.96307
-1.55050,0.30305,1.72876,-2.43345,0.55554,-1.96216
-1.55035,0.30327,1.72795,-2.43413,0.55598,-1.96125
-1.55024,0.30342,1.72727,-2.43488,0.55636,-1.96059
-1.55013,0.30357,1.72659,-2.43563,0.55675,-1.95992
-1.54996,0.30379,1.72578,-2.43628,0.55716,-1.95895
-1.54978,0.30401,1.72497,-2.43694,0.55756,-1.95797
-1.54963,0.30425,1.72421,-2.43748,0.55803,-1.95715
-1.54948,0.30448,1.72346,-2.43803,0.55848,-1.95634
-1.54932,0.30471,1.72273,-2.43854,0.55894,-1.95556
-1.54917,0.30494,1.72199,-2.43907,0.55940,-1.95477
-1.54902,0.30517,1.72125,-2.43959,0.55986,-1.95398
-1.54886,0.30540,1.72051,-2.44012,0.56032,-1.95317
-1.54871,0.30563,1.71976,-2.44065,0.56079,-1.95240
-1.54856,0.30586,1.71901,-2.44120,0.56126,-1.95161
-1.54841,0.30609,1.71828,-2.44172,0.56171,-1.95084
-1.54825,0.30631,1.71754,-2.44225,0.56217,-1.95005
-1.54801,0.30676,1.71600,-2.44412,0.56268,-1.94685
-1.54776,0.30720,1.71446,-2.44599,0.56319,-1.94365
-1.54750,0.30765,1.71295,-2.44779,0.56371,-1.94030
-1.54724,0.30810,1.71144,-2.44958,0.56424,-1.93695
-1.54700,0.30858,1.71003,-2.45117,0.56481,-1.93441
-1.54676,0.30906,1.70861,-2.45274,0.56538,-1.93187
-1.54652,0.30948,1.70691,-2.45481,0.56593,-1.92837
-1.54629,0.30990,1.70522,-2.45685,0.56648,-1.92490
-1.54605,0.31029,1.70354,-2.45899,0.56702,-1.92112
-1.54581,0.31068,1.70185,-2.46112,0.56756,-1.91736
-1.54554,0.31125,1.70068,-2.46208,0.56826,-1.91509
-1.54526,0.31182,1.69949,-2.46304,0.56896,-1.91284
-1.54480,0.31259,1.69771,-2.46389,0.56981,-1.90979
-1.54435,0.31337,1.69592,-2.46475,0.57067,-1.90676
-1.54406,0.31385,1.69439,-2.46637,0.57134,-1.90290
-1.54377,0.31434,1.69285,-2.46799,0.57202,-1.89905
-1.54348,0.31481,1.69138,-2.46955,0.57261,-1.89601
-1.54320,0.31529,1.68992,-2.47110,0.57320,-1.89298
-1.54284,0.31570,1.68839,-2.47301,0.57364,-1.89023
-1.54249,0.31611,1.68687,-2.47490,0.57409,-1.88750
-1.54221,0.31659,1.68538,-2.47640,0.57474,-1.88441
-1.54192,0.31708,1.68390,-2.47789,0.57540,-1.88134
-1.54164,0.31757,1.68241,-2.47937,0.57607,-1.87830
-1.54135,0.31806,1.68092,-2.48085,0.57673,-1.87526
-1.54107,0.31855,1.67948,-2.48230,0.57742,-1.87203
-1.54079,0.31903,1.67805,-2.48375,0.57810,-1.86879
-1.54053,0.31955,1.67664,-2.48498,0.57881,-1.86607
-1.54027,0.32007,1.67524,-2.48621,0.57953,-1.86336
-1.53994,0.32052,1.67362,-2.48795,0.58014,-1.86022
-1.53962,0.32096,1.67201,-2.48969,0.58075,-1.85708
-1.53931,0.32152,1.67067,-2.49075,0.58149,-1.85464
-1.53901,0.32207,1.66932,-2.49181,0.58223,-1.85219
-1.53872,0.32247,1.66771,-2.49365,0.58285,-1.84864
-1.53843,0.32288,1.66610,-2.49549,0.58348,-1.84508
-1.53820,0.32339,1.66466,-2.49674,0.58427,-1.84237
-1.53798,0.32389,1.66323,-2.49798,0.58506,-1.83967
-1.53769,0.32436,1.66171,-2.49947,0.58577,-1.83663
-1.53740,0.32482,1.66019,-2.50096,0.58648,-1.83359
-1.53708,0.32528,1.65882,-2.50239,0.58716,-1.83036
-1.53675,0.32574,1.65745,-2.50380,0.58784,-1.82714
-1.53648,0.32614,1.65600,-2.50545,0.58852,-1.82394
-1.53620,0.32654,1.65456,-2.50710,0.58920,-1.82074
-1.53592,0.32701,1.65313,-2.50846,0.58995,-1.81800
-1.53563,0.32749,1.65170,-2.50980,0.59072,-1.81528
-1.53534,0.32798,1.65013,-2.51117,0.59148,-1.81228
-1.53505,0.32848,1.64857,-2.51254,0.59224,-1.80929
-1.53472,0.32898,1.64696,-2.51395,0.59303,-1.80599
-1.53439,0.32948,1.64535,-2.51536,0.59382,-1.80269
-1.53409,0.32993,1.64379,-2.51687,0.59459,-1.79987
-1.53379,0.33038,1.64225,-2.51838,0.59535,-1.79707
-1.53343,0.33088,1.64057,-2.51988,0.59611,-1.79415
-1.53307,0.33137,1.63890,-2.52136,0.59688,-1.79124
-1.53277,0.33187,1.63755,-2.52250,0.59772,-1.78818
-1.53248,0.33237,1.63620,-2.52362,0.59855,-1.78512
-1.53214,0.33288,1.63442,-2.52513,0.59938,-1.78218
-1.53180,0.33338,1.63263,-2.52663,0.60022,-1.77925
-1.53150,0.33392,1.63141,-2.52752,0.60108,-1.77664
-1.53119,0.33445,1.63018,-2.52840,0.60194,-1.77402
-1.53081,0.33506,1.62870,-2.52930,0.60285,-1.77130
-1.53044,0.33566,1.62721,-2.53021,0.60377,-1.76857
-1.53008,0.33619,1.62586,-2.53124,0.60457,-1.76634
-1.52972,0.33672,1.62450,-2.53227,0.60537,-1.76408
-1.52942,0.33719,1.62303,-2.53358,0.60615,-1.76175
-1.52910,0.33765,1.62155,-2.53490,0.60694,-1.75941
-1.52874,0.33831,1.62020,-2.53543,0.60788,-1.75753
-1.52838,0.33898,1.61885,-2.53595,0.60883,-1.75565
-1.52804,0.33959,1.61778,-2.53643,0.60969,-1.75390
-1.52770,0.34020,1.61671,-2.53690,0.61054,-1.75215
-1.52738,0.34085,1.61549,-2.53730,0.61144,-1.75074
-1.52705,0.34150,1.61428,-2.53769,0.61235,-1.74934
-1.52665,0.34207,1.61308,-2.53845,0.61318,-1.74729
-1.52625,0.34265,1.61190,-2.53918,0.61401,-1.74526
-1.52590,0.34321,1.61063,-2.53993,0.61484,-1.74327
-1.52555,0.34379,1.60936,-2.54066,0.61568,-1.74129
-1.52519,0.34443,1.60811,-2.54119,0.61661,-1.73937
-1.52482,0.34507,1.60686,-2.54169,0.61754,-1.73748
-1.52445,0.34567,1.60561,-2.54230,0.61848,-1.73569
-1.52407,0.34628,1.60436,-2.54291,0.61942,-1.73390
-1.52372,0.34693,1.60305,-2.54338,0.62034,-1.73224
-1.52337,0.34759,1.60173,-2.54386,0.62125,-1.73058
-1.52299,0.34829,1.60036,-2.54425,0.62227,-1.72914
-1.52261,0.34899,1.59899,-2.54464,0.62327,-1.72770
-1.52224,0.34958,1.59798,-2.54514,0.62407,-1.72617
-1.52187,0.35016,1.59698,-2.54564,0.62487,-1.72465
-1.52149,0.35093,1.59574,-2.54568,0.62595,-1.72370
-1.52112,0.35169,1.59451,-2.54572,0.62702,-1.72276
-1.52071,0.35230,1.59312,-2.54645,0.62792,-1.72086
-1.52029,0.35291,1.59174,-2.54717,0.62882,-1.71897
-1.51996,0.35350,1.59063,-2.54756,0.62969,-1.71767
-1.51962,0.35410,1.58953,-2.54797,0.63055,-1.71636
-1.51926,0.35482,1.58828,-2.54808,0.63154,-1.71562
-1.51889,0.35555,1.58703,-2.54819,0.63253,-1.71488
-1.51860,0.35604,1.58578,-2.54910,0.63339,-1.71264
-1.51831,0.35654,1.58452,-2.55001,0.63427,-1.71039
-1.51789,0.35713,1.58323,-2.55064,0.63512,-1.70920
-1.51748,0.35771,1.58194,-2.55128,0.63596,-1.70803
-1.51712,0.35834,1.58072,-2.55172,0.63692,-1.70660
-1.51677,0.35896,1.57951,-2.55215,0.63786,-1.70516
-1.51648,0.35961,1.57852,-2.55226,0.63881,-1.70443
-1.51619,0.36026,1.57754,-2.55238,0.63976,-1.70369
-1.51578,0.36101,1.57688,-2.55155,0.64061,-1.70367
-1.51537,0.36175,1.57623,-2.55073,0.64146,-1.70363
-1.51510,0.36252,1.57573,-2.54958,0.64233,-1.70513
-1.51483,0.36328,1.57521,-2.54845,0.64320,-1.70659
-1.51451,0.36389,1.57451,-2.54805,0.64395,-1.70718
-1.51420,0.36450,1.57380,-2.54766,0.64469,-1.70776
-1.51383,0.36505,1.57304,-2.54755,0.64539,-1.70779
-1.51346,0.36560,1.57227,-2.54744,0.64609,-1.70783
-1.51310,0.36640,1.57163,-2.54639,0.64704,-1.70808
-1.51273,0.36720,1.57098,-2.54533,0.64801,-1.70834
-1.51239,0.36793,1.57070,-2.54425,0.64883,-1.70857
-1.51204,0.36865,1.57040,-2.54318,0.64965,-1.70878
-1.51172,0.36951,1.56980,-2.54176,0.65061,-1.70967
-1.51139,0.37038,1.56919,-2.54035,0.65158,-1.71056
-1.51103,0.37101,1.56854,-2.53989,0.65233,-1.71094
-1.51068,0.37164,1.56789,-2.53942,0.65307,-1.71131
-1.51035,0.37250,1.56716,-2.53818,0.65412,-1.71193
-1.51002,0.37335,1.56643,-2.53694,0.65516,-1.71254
-1.50969,0.37407,1.56593,-2.53604,0.65598,-1.71309
-1.50936,0.37479,1.56542,-2.53514,0.65680,-1.71364
-1.50899,0.37544,1.56488,-2.53454,0.65758,-1.71371
-1.50862,0.37609,1.56432,-2.53395,0.65837,-1.71377
-1.50835,0.37687,1.56357,-2.53296,0.65933,-1.71457
-1.50808,0.37764,1.56283,-2.53198,0.66029,-1.71535
-1.50774,0.37833,1.56231,-2.53120,0.66110,-1.71582
-1.50741,0.37902,1.56179,-2.53044,0.66189,-1.71627
-1.50709,0.37975,1.56122,-2.52953,0.66277,-1.71683
-1.50677,0.38049,1.56065,-2.52860,0.66365,-1.71740
-1.50639,0.38121,1.56013,-2.52776,0.66447,-1.71775
-1.50600,0.38194,1.55960,-2.52692,0.66530,-1.71811
-1.50566,0.38270,1.55901,-2.52595,0.66621,-1.71870
-1.50531,0.38346,1.55841,-2.52499,0.66712,-1.71928
-1.50505,0.38416,1.55775,-2.52422,0.66799,-1.72027
-1.50478,0.38485,1.55709,-2.52345,0.66887,-1.72126
-1.50440,0.38560,1.55654,-2.52254,0.66973,-1.72132
-1.50403,0.38635,1.55600,-2.52162,0.67059,-1.72140
-1.50371,0.38704,1.55538,-2.52089,0.67143,-1.72194
-1.50339,0.38774,1.55478,-2.52014,0.67226,-1.72249
-1.50313,0.38854,1.55412,-2.51900,0.67325,-1.72315
-1.50288,0.38934,1.55346,-2.51786,0.67423,-1.72380
-1.50256,0.38991,1.55273,-2.51762,0.67499,-1.72413
-1.50225,0.39048,1.55200,-2.51739,0.67573,-1.72445
-1.50196,0.39103,1.55132,-2.51714,0.67642,-1.72505
-1.50166,0.39159,1.55062,-2.51689,0.67712,-1.72564
-1.50134,0.39217,1.54992,-2.51663,0.67786,-1.72595
-1.50103,0.39274,1.54921,-2.51636,0.67861,-1.72625
-1.50074,0.39328,1.54854,-2.51618,0.67926,-1.72710
-1.50045,0.39381,1.54788,-2.51599,0.67990,-1.72796
-1.50015,0.39436,1.54718,-2.51580,0.68061,-1.72824
-1.49985,0.39490,1.54648,-2.51561,0.68130,-1.72851
-1.49950,0.39533,1.54583,-2.51584,0.68182,-1.72770
-1.49914,0.39576,1.54518,-2.51607,0.68234,-1.72688
-1.49887,0.39631,1.54447,-2.51585,0.68307,-1.72681
-1.49860,0.39686,1.54378,-2.51562,0.68378,-1.72676
-1.49830,0.39733,1.54302,-2.51572,0.68441,-1.72703
-1.49801,0.39780,1.54226,-2.51583,0.68503,-1.72729
-1.49775,0.39838,1.54142,-2.51563,0.68587,-1.72610
-1.49749,0.39896,1.54057,-2.51543,0.68673,-1.72492
-1.49715,0.39952,1.53992,-2.51517,0.68739,-1.72580
-1.49681,0.40008,1.53926,-2.51491,0.68805,-1.72667
-1.49654,0.40056,1.53848,-2.51500,0.68872,-1.72645
-1.49627,0.40104,1.53770,-2.51507,0.68938,-1.72623
-1.49604,0.40155,1.53688,-2.51505,0.69015,-1.72524
-1.49581,0.40205,1.53607,-2.51503,0.69091,-1.72425
-1.49549,0.40277,1.53542,-2.51425,0.69178,-1.72466
-1.49516,0.40348,1.53479,-2.51348,0.69264,-1.72507
-1.49486,0.40419,1.53411,-2.51272,0.69356,-1.72541
-1.49456,0.40489,1.53345,-2.51197,0.69447,-1.72574
-1.49423,0.40561,1.53280,-2.51120,0.69534,-1.72614
-1.49391,0.40632,1.53215,-2.51043,0.69621,-1.72654
-1.49352,0.40710,1.53156,-2.50947,0.69708,-1.72723
-1.49313,0.40787,1.53097,-2.50851,0.69796,-1.72791
-1.49282,0.40846,1.53027,-2.50818,0.69869,-1.72800
-1.49251,0.40905,1.52957,-2.50785,0.69943,-1.72808
-1.49222,0.40956,1.52877,-2.50782,0.70014,-1.72799
-1.49192,0.41008,1.52797,-2.50780,0.70087,-1.72787
-1.49163,0.41076,1.52730,-2.50713,0.70174,-1.72833
-1.49133,0.41144,1.52662,-2.50647,0.70262,-1.72879
-1.49094,0.41217,1.52598,-2.50571,0.70346,-1.72938
-1.49054,0.41290,1.52533,-2.50496,0.70431,-1.72995
-1.49020,0.41361,1.52467,-2.50419,0.70519,-1.73024
-1.48987,0.41433,1.52402,-2.50343,0.70605,-1.73053
-1.48955,0.41501,1.52333,-2.50277,0.70692,-1.73091
-1.48924,0.41570,1.52264,-2.50211,0.70778,-1.73129
-1.48891,0.41638,1.52201,-2.50143,0.70862,-1.73177
-1.48858,0.41708,1.52137,-2.50074,0.70947,-1.73224
-1.48826,0.41773,1.52067,-2.50020,0.71030,-1.73285
-1.48794,0.41838,1.51998,-2.49965,0.71113,-1.73346
-1.48762,0.41906,1.51927,-2.49905,0.71196,-1.73421
-1.48729,0.41973,1.51856,-2.49845,0.71279,-1.73497
-1.48695,0.42042,1.51806,-2.49764,0.71361,-1.73537
-1.48661,0.42111,1.51756,-2.49683,0.71444,-1.73576
-1.48627,0.42177,1.51691,-2.49626,0.71525,-1.73619
-1.48594,0.42243,1.51625,-2.49570,0.71607,-1.73660
-1.48558,0.42310,1.51570,-2.49497,0.71684,-1.73764
-1.48521,0.42378,1.51515,-2.49424,0.71761,-1.73867
-1.48488,0.42446,1.51447,-2.49364,0.71846,-1.73911
-1.48455,0.42513,1.51379,-2.49303,0.71931,-1.73954
-1.48421,0.42582,1.51310,-2.49241,0.72017,-1.73997
-1.48388,0.42650,1.51241,-2.49180,0.72102,-1.74040
-1.48388,0.42636,1.51213,-2.49227,0.72116,-1.73840
-1.48387,0.42623,1.51185,-2.49274,0.72130,-1.73640
-1.48383,0.42606,1.51142,-2.49346,0.72143,-1.73509
-1.48378,0.42589,1.51101,-2.49415,0.72157,-1.73379
-1.48377,0.42574,1.51056,-2.49477,0.72176,-1.73243
-1.48376,0.42559,1.51011,-2.49539,0.72194,-1.73107
-1.48370,0.42543,1.50970,-2.49607,0.72210,-1.72969
-1.48364,0.42527,1.50929,-2.49673,0.72225,-1.72832
-1.48363,0.42514,1.50884,-2.49729,0.72246,-1.72687
-1.48363,0.42501,1.50839,-2.49785,0.72266,-1.72542
-1.48359,0.42482,1.50800,-2.49859,0.72276,-1.72395
-1.48354,0.42463,1.50761,-2.49934,0.72287,-1.72247
-1.48348,0.42450,1.50719,-2.49993,0.72308,-1.72094
-1.48342,0.42437,1.50678,-2.50052,0.72328,-1.71942
-1.48340,0.42423,1.50635,-2.50110,0.72349,-1.71777
-1.48337,0.42410,1.50593,-2.50168,0.72369,-1.71611
-1.48334,0.42395,1.50548,-2.50233,0.72389,-1.71457
-1.48330,0.42380,1.50503,-2.50297,0.72408,-1.71302
-1.48325,0.42363,1.50459,-2.50368,0.72425,-1.71130
-1.48320,0.42347,1.50416,-2.50439,0.72442,-1.70960
-1.48315,0.42331,1.50368,-2.50509,0.72462,-1.70817
-1.48311,0.42315,1.50321,-2.50579,0.72481,-1.70674
-1.48315,0.42308,1.50280,-2.50608,0.72509,-1.70522
-1.48319,0.42301,1.50239,-2.50636,0.72537,-1.70372
-1.48309,0.42276,1.50193,-2.50739,0.72548,-1.70188
-1.48300,0.42251,1.50146,-2.50842,0.72560,-1.70005
-1.48299,0.42237,1.50102,-2.50903,0.72582,-1.69846
-1.48297,0.42221,1.50059,-2.50966,0.72603,-1.69686
-1.48290,0.42207,1.50015,-2.51029,0.72624,-1.69534
-1.48284,0.42193,1.49971,-2.51092,0.72644,-1.69383
-1.48283,0.42177,1.49927,-2.51157,0.72665,-1.69217
-1.48283,0.42161,1.49885,-2.51221,0.72685,-1.69052
-1.48278,0.42151,1.49834,-2.51271,0.72713,-1.68914
-1.48274,0.42142,1.49784,-2.51320,0.72742,-1.68776
-1.48269,0.42120,1.49742,-2.51405,0.72755,-1.68602
-1.48265,0.42098,1.49700,-2.51491,0.72769,-1.68426
-1.48262,0.42088,1.49649,-2.51544,0.72797,-1.68293
-1.48258,0.42077,1.49597,-2.51597,0.72825,-1.68159
-1.48254,0.42062,1.49548,-2.51664,0.72848,-1.67989
-1.48250,0.42047,1.49498,-2.51732,0.72871,-1.67819
-1.48246,0.42032,1.49451,-2.51799,0.72894,-1.67668
-1.48241,0.42017,1.49403,-2.51866,0.72917,-1.67515
-1.48236,0.41995,1.49359,-2.51952,0.72932,-1.67337
-1.48230,0.41973,1.49315,-2.52039,0.72948,-1.67157
-1.48225,0.41970,1.49265,-2.52066,0.72981,-1.67109
-1.48220,0.41966,1.49217,-2.52094,0.73012,-1.67059
-1.48215,0.41951,1.49167,-2.52164,0.73037,-1.66904
-1.48209,0.41935,1.49118,-2.52233,0.73061,-1.66748
-1.48206,0.41918,1.49081,-2.52300,0.73083,-1.66588
-1.48203,0.41900,1.49044,-2.52366,0.73107,-1.66428
-1.48195,0.41883,1.48991,-2.52448,0.73125,-1.66283
-1.48187,0.41865,1.48938,-2.52529,0.73143,-1.66137
-1.48176,0.41890,1.48931,-2.52438,0.73195,-1.66089
-1.48166,0.41914,1.48923,-2.52347,0.73247,-1.66041
-1.48153,0.41941,1.48921,-2.52245,0.73292,-1.66034
-1.48140,0.41969,1.48919,-2.52143,0.73338,-1.66028
-1.48131,0.41993,1.48933,-2.52037,0.73378,-1.66044
-1.48122,0.42016,1.48947,-2.51932,0.73418,-1.66061
-1.48115,0.42041,1.48950,-2.51829,0.73461,-1.66115
-1.48108,0.42065,1.48952,-2.51727,0.73503,-1.66168
-1.48096,0.42089,1.48954,-2.51633,0.73548,-1.66153
-1.48084,0.42114,1.48955,-2.51539,0.73593,-1.66138
-1.48072,0.42137,1.48962,-2.51445,0.73632,-1.66141
-1.48061,0.42159,1.48970,-2.51351,0.73670,-1.66144
-1.48051,0.42183,1.48966,-2.51261,0.73716,-1.66173
-1.48040,0.42206,1.48961,-2.51171,0.73762,-1.66200
-1.48032,0.42230,1.48970,-2.51072,0.73805,-1.66228
-1.48025,0.42253,1.48980,-2.50973,0.73847,-1.66255
-1.48011,0.42278,1.48969,-2.50889,0.73892,-1.66271
-1.47997,0.42302,1.48958,-2.50806,0.73937,-1.66287
-1.47988,0.42304,1.48931,-2.50805,0.73965,-1.66248
-1.47978,0.42306,1.48906,-2.50805,0.73993,-1.66209
-1.47969,0.42308,1.48880,-2.50804,0.74021,-1.66170
-1.47960,0.42310,1.48854,-2.50804,0.74049,-1.66131
-1.47951,0.42312,1.48829,-2.50803,0.74076,-1.66093
-1.47942,0.42314,1.48804,-2.50801,0.74104,-1.66055
-1.47932,0.42335,1.48798,-2.50726,0.74145,-1.66102
-1.47922,0.42356,1.48792,-2.50652,0.74185,-1.66150
-1.47898,0.42391,1.48782,-2.50542,0.74232,-1.66201
-1.47874,0.42426,1.48773,-2.50432,0.74278,-1.66252
-1.47873,0.42434,1.48776,-2.50393,0.74312,-1.66285
-1.47872,0.42440,1.48779,-2.50353,0.74345,-1.66318
-1.47865,0.42465,1.48776,-2.50261,0.74393,-1.66385
-1.47858,0.42490,1.48774,-2.50169,0.74441,-1.66452
-1.47843,0.42511,1.48766,-2.50099,0.74482,-1.66488
-1.47828,0.42532,1.48758,-2.50028,0.74523,-1.66526
-1.47815,0.42539,1.48726,-2.50019,0.74561,-1.66478
-1.47803,0.42545,1.48695,-2.50010,0.74599,-1.66430
-1.47791,0.42552,1.48665,-2.50000,0.74635,-1.66385
-1.47779,0.42558,1.48635,-2.49991,0.74671,-1.66339
-1.47767,0.42565,1.48606,-2.49980,0.74708,-1.66292
-1.47755,0.42572,1.48576,-2.49969,0.74745,-1.66246
-1.47743,0.42579,1.48547,-2.49956,0.74782,-1.66206
-1.47731,0.42585,1.48519,-2.49945,0.74817,-1.66165
-1.47716,0.42590,1.48487,-2.49945,0.74850,-1.66099
-1.47700,0.42595,1.48454,-2.49944,0.74883,-1.66033
-1.47690,0.42602,1.48424,-2.49931,0.74923,-1.65995
-1.47680,0.42609,1.48395,-2.49917,0.74963,-1.65958
-1.47668,0.42614,1.48364,-2.49911,0.74999,-1.65913
-1.47657,0.42620,1.48333,-2.49906,0.75033,-1.65868
-1.47649,0.42663,1.48316,-2.49901,0.75047,-1.65837
-1.47641,0.42705,1.48298,-2.49896,0.75060,-1.65807
-1.47629,0.42790,1.48332,-2.49727,0.75101,-1.65961
-1.47616,0.42875,1.48365,-2.49556,0.75143,-1.66115
-1.47608,0.42916,1.48342,-2.49560,0.75157,-1.66056
-1.47601,0.42956,1.48319,-2.49565,0.75171,-1.65997
-1.47577,0.43049,1.48338,-2.49377,0.75214,-1.66205
-1.47553,0.43142,1.48358,-2.49189,0.75256,-1.66413
-1.47535,0.43224,1.48387,-2.49032,0.75294,-1.66567
-1.47517,0.43305,1.48417,-2.48877,0.75331,-1.66721
-1.47503,0.43387,1.48458,-2.48706,0.75364,-1.66959
-1.47489,0.43468,1.48499,-2.48537,0.75397,-1.67195
-1.47481,0.43546,1.48533,-2.48380,0.75440,-1.67363
-1.47473,0.43624,1.48567,-2.48225,0.75483,-1.67529
-1.47445,0.43705,1.48581,-2.48085,0.75517,-1.67646
-1.47418,0.43785,1.48594,-2.47947,0.75550,-1.67762
-1.47395,0.43865,1.48612,-2.47804,0.75585,-1.67889
-1.47373,0.43945,1.48631,-2.47661,0.75620,-1.68015
-1.47364,0.44015,1.48670,-2.47532,0.75659,-1.68163
-1.47356,0.44085,1.48709,-2.47402,0.75699,-1.68311
-1.47334,0.44170,1.48722,-2.47240,0.75739,-1.68512
-1.47312,0.44255,1.48735,-2.47078,0.75781,-1.68712
-1.47296,0.44340,1.48760,-2.46908,0.75825,-1.68870
-1.47279,0.44425,1.48786,-2.46738,0.75868,-1.69029
-1.47262,0.44485,1.48784,-2.46671,0.75893,-1.69113
-1.47246,0.44545,1.48782,-2.46604,0.75917,-1.69199
-1.47242,0.44591,1.48774,-2.46584,0.75940,-1.69227
-1.47238,0.44637,1.48766,-2.46562,0.75964,-1.69255
-1.47211,0.44715,1.48772,-2.46434,0.75998,-1.69396
-1.47184,0.44792,1.48777,-2.46306,0.76031,-1.69537
-1.47169,0.44854,1.48776,-2.46230,0.76062,-1.69651
-1.47153,0.44917,1.48773,-2.46154,0.76093,-1.69765
-1.47149,0.44961,1.48782,-2.46126,0.76113,-1.69835
-1.47145,0.45005,1.48792,-2.46097,0.76133,-1.69904
-1.47119,0.45089,1.48787,-2.45955,0.76176,-1.70100
-1.47093,0.45173,1.48781,-2.45812,0.76219,-1.70297
-1.47088,0.45224,1.48803,-2.45751,0.76241,-1.70381
-1.47082,0.45275,1.48824,-2.45691,0.76263,-1.70464
-1.47062,0.45339,1.48805,-2.45621,0.76292,-1.70567
-1.47043,0.45403,1.48787,-2.45551,0.76321,-1.70670
-1.47027,0.45475,1.48794,-2.45436,0.76358,-1.70875
-1.47010,0.45547,1.48801,-2.45321,0.76394,-1.71079
-1.46995,0.45603,1.48800,-2.45261,0.76424,-1.71152
-1.46980,0.45659,1.48800,-2.45200,0.76454,-1.71225
-1.46955,0.45727,1.48783,-2.45120,0.76483,-1.71326
-1.46930,0.45794,1.48766,-2.45040,0.76512,-1.71428
-1.46921,0.45854,1.48781,-2.44955,0.76547,-1.71589
-1.46912,0.45914,1.48796,-2.44870,0.76581,-1.71750
-1.46895,0.45979,1.48796,-2.44784,0.76614,-1.71886
-1.46878,0.46043,1.48796,-2.44699,0.76646,-1.72021
-1.46863,0.46111,1.48799,-2.44594,0.76685,-1.72174
-1.46848,0.46179,1.48802,-2.44489,0.76724,-1.72326
-1.46828,0.46243,1.48801,-2.44403,0.76755,-1.72461
-1.46808,0.46307,1.48799,-2.44318,0.76787,-1.72595
-1.46788,0.46373,1.48797,-2.44225,0.76822,-1.72734
-1.46767,0.46438,1.48795,-2.44132,0.76857,-1.72872
-1.46747,0.46504,1.48793,-2.44038,0.76894,-1.73015
-1.46727,0.46570,1.48792,-2.43943,0.76931,-1.73158
-1.46704,0.46636,1.48786,-2.43852,0.76963,-1.73284
-1.46681,0.46702,1.48781,-2.43761,0.76995,-1.73409
-1.46660,0.46769,1.48778,-2.43665,0.77032,-1.73549
-1.46639,0.46835,1.48775,-2.43570,0.77069,-1.73689
-1.46619,0.46901,1.48775,-2.43472,0.77107,-1.73833
-1.46599,0.46968,1.48774,-2.43375,0.77145,-1.73976
-1.46573,0.47037,1.48767,-2.43274,0.77184,-1.74099
-1.46547,0.47108,1.48759,-2.43172,0.77224,-1.74224
-1.46525,0.47174,1.48756,-2.43078,0.77262,-1.74346
-1.46504,0.47242,1.48754,-2.42981,0.77301,-1.74469
-1.46482,0.47308,1.48747,-2.42893,0.77340,-1.74582
-1.46460,0.47374,1.48740,-2.42805,0.77379,-1.74696
-1.46434,0.47442,1.48725,-2.42717,0.77418,-1.74796
-1.46407,0.47511,1.48710,-2.42628,0.77457,-1.74896
-1.46388,0.47573,1.48702,-2.42554,0.77491,-1.74999
-1.46368,0.47635,1.48694,-2.42480,0.77524,-1.75102
-1.46355,0.47700,1.48712,-2.42368,0.77568,-1.75349
-1.46342,0.47765,1.48730,-2.42256,0.77612,-1.75597
-1.46318,0.47830,1.48713,-2.42182,0.77645,-1.75613
-1.46294,0.47895,1.48696,-2.42108,0.77678,-1.75630
-1.46273,0.47961,1.48693,-2.42013,0.77716,-1.75772
-1.46251,0.48026,1.48691,-2.41920,0.77754,-1.75915
-1.46230,0.48090,1.48684,-2.41835,0.77791,-1.76028
-1.46209,0.48154,1.48678,-2.41752,0.77827,-1.76141
-1.46188,0.48219,1.48674,-2.41663,0.77864,-1.76268
-1.46166,0.48283,1.48670,-2.41572,0.77901,-1.76396
-1.46136,0.48345,1.48653,-2.41502,0.77932,-1.76552
-1.46105,0.48407,1.48635,-2.41431,0.77963,-1.76707
-1.46082,0.48471,1.48637,-2.41339,0.77999,-1.76845
-1.46059,0.48536,1.48638,-2.41246,0.78036,-1.76983
-1.46039,0.48601,1.48631,-2.41156,0.78074,-1.77119
-1.46019,0.48665,1.48625,-2.41067,0.78112,-1.77255
-1.46002,0.48734,1.48626,-2.40956,0.78156,-1.77365
-1.45985,0.48803,1.48628,-2.40846,0.78201,-1.77474
-1.45961,0.48867,1.48623,-2.40751,0.78241,-1.77616
-1.45937,0.48932,1.48617,-2.40656,0.78281,-1.77758
-1.45915,0.49000,1.48611,-2.40552,0.78325,-1.77915
-1.45893,0.49067,1.48604,-2.40449,0.78370,-1.78072
-1.45870,0.49133,1.48604,-2.40344,0.78413,-1.78253
-1.45847,0.49199,1.48604,-2.40238,0.78456,-1.78434
-1.45823,0.49258,1.48597,-2.40165,0.78489,-1.78585
-1.45800,0.49317,1.48592,-2.40094,0.78521,-1.78735
-1.45800,0.49317,1.48592,-2.40094,0.78521,-1.78735
-1.45800,0.49317,1.48592,-2.40094,0.78521,-1.78735
-1.45800,0.49317,1.48592,-2.40094,0.78521,-1.78735
-1.45800,0.49317,1.48592,-2.40094,0.78521,-1.78735
-1.45800,0.49317,1.48592,-2.40094,0.78521,-1.78735
-1.45800,0.49317,1.48592,-2.40094,0.78521,-1.78735
-1.45800,0.49317,1.48592,-2.40094,0.78521,-1.78735
-1.45800,0.49317,1.48592,-2.40094,0.78521,-1.78735
-1.45800,0.49317,1.48592,-2.40094,0.78521,-1.78735
-1.45800,0.49317,1.48592,-2.40094,0.78521,-1.78735
-1.45800,0.49317,1.48592,-2.40094,0.78521,-1.78735
-1.45800,0.49317,1.48592,-2.40094,0.78521,-1.78735
-1.45800,0.49317,1.48592,-2.40094,0.78521,-1.78735
-1.45800,0.49317,1.48592,-2.40094,0.78521,-1.78735
-1.45800,0.49317,1.48592,-2.40094,0.78521,-1.78735
-1.45800,0.49317,1.48592,-2.40094,0.78521,-1.78735
-1.45800,0.49317,1.48592,-2.40094,0.78521,-1.78735
-1.45800,0.49317,1.48592,-2.40094,0.78521,-1.78735
-1.45800,0.49317,1.48592,-2.40094,0.78521,-1.78735
-1.45800,0.49317,1.48592,-2.40094,0.78521,-1.78735
-1.45800,0.49317,1.48592,-2.40094,0.78521,-1.78735
-1.45800,0.49317,1.48592,-2.40094,0.78521,-1.78735
-1.45800,0.49317,1.48592,-2.40094,0.78521,-1.78735
-1.45800,0.49317,1.48592,-2.40094,0.78521,-1.78735
-1.45800,0.49317,1.48592,-2.40094,0.78521,-1.78735
-1.45800,0.49317,1.48592,-2.40094,0.78521,-1.78735
-1.45800,0.49317,1.48592,-2.40094,0.78521,-1.78735
-1.45800,0.49317,1.48592,-2.40094,0.78521,-1.78735
-1.45800,0.49317,1.48592,-2.40094,0.78521,-1.78735
-1.45800,0.49317,1.48592,-2.40094,0.78521,-1.78735
-1.45800,0.49317,1.48592,-2.40094,0.78521,-1.78735
-1.45800,0.49317,1.48592,-2.40094,0.78521,-1.78735
-1.45800,0.49317,1.48592,-2.40094,0.78521,-1.78735
-1.45800,0.49317,1.48592,-2.40094,0.78521,-1.78735
-1.45800,0.49317,1.48592,-2.40094,0.78521,-1.78735
-1.45800,0.49317,1.48592,-2.40094,0.78521,-1.78735
-1.45800,0.49317,1.48592,-2.40094,0.78521,-1.78735
-1.45800,0.49317,1.48592,-2.40094,0.78521,-1.78735
-1.45800,0.49317,1.48592,-2.40094,0.78521,-1.78735
-1.45800,0.49317,1.48592,-2.40094,0.78521,-1.78735
-1.45800,0.49317,1.48592,-2.40094,0.78521,-1.78735
-1.45800,0.49317,1.48592,-2.40094,0.78521,-1.78735
-1.45800,0.49317,1.48592,-2.40094,0.78521,-1.78735
-1.45800,0.49317,1.48592,-2.40094,0.78521,-1.78735
-1.45800,0.49317,1.48592,-2.40094,0.78521,-1.78735
-1.45800,0.49317,1.48592,-2.40094,0.78521,-1.78735
-1.45800,0.49317,1.48592,-2.40094,0.78521,-1.78735
-1.45800,0.49317,1.48592,-2.40094,0.78521,-1.78735
-1.45800,0.49317,1.48592,-2.40094,0.78521,-1.78735
-1.45800,0.49317,1.48592,-2.40094,0.78521,-1.78735
-1.45800,0.49317,1.48592,-2.40094,0.78521,-1.78735
-1.45800,0.49317,1.48592,-2.40094,0.78521,-1.78735
-1.45800,0.49317,1.48592,-2.40094,0.78521,-1.78735
-1.45800,0.49317,1.48592,-2.40094,0.78521,-1.78735
-1.45800,0.49317,1.48592,-2.40094,0.78521,-1.78735
-1.45800,0.49317,1.48592,-2.40094,0.78521,-1.78735
-1.45800,0.49317,1.48592,-2.40094,0.78521,-1.78735
-1.45800,0.49317,1.48592,-2.40094,0.78521,-1.78735
-1.45800,0.49317,1.48592,-2.40094,0.78521,-1.78735
-1.45800,0.49317,1.48592,-2.40094,0.78521,-1.78735
-1.45800,0.49317,1.48592,-2.40094,0.78521,-1.78735
-1.45800,0.49317,1.48592,-2.40094,0.78521,-1.78735
-1.45800,0.49317,1.48592,-2.40094,0.78521,-1.78735
-1.45800,0.49317,1.48592,-2.40094,0.78521,-1.78735
-1.45800,0.49317,1.48592,-2.40094,0.78521,-1.78735
-1.45800,0.49317,1.48592,-2.40094,0.78521,-1.78735
-1.45800,0.49317,1.48592,-2.40094,0.78521,-1.78735
-1.45800,0.49317,1.48592,-2.40094,0.78521,-1.78735
-1.45800,0.49317,1.48592,-2.40094,0.78521,-1.78735
-1.45800,0.49317,1.48592,-2.40094,0.78521,-1.78735
-1.45800,0.49317,1.48592,-2.40094,0.78521,-1.78735
-1.45800,0.49317,1.48592,-2.40094,0.78521,-1.78735
-1.45800,0.49317,1.48592,-2.40094,0.78521,-1.78735
-1.45800,0.49317,1.48592,-2.40094,0.78521,-1.78735
-1.45800,0.49317,1.48592,-2.40094,0.78521,-1.78735
-1.45800,0.49317,1.48592,-2.40094,0.78521,-1.78735
-1.45800,0.49317,1.48592,-2.40094,0.78521,-1.78735
-1.45800,0.49317,1.48592,-2.40094,0.78521,-1.78735
-1.45800,0.49317,1.48592,-2.40094,0.78521,-1.78735
-1.45800,0.49317,1.48592,-2.40094,0.78521,-1.78735
-1.45800,0.49317,1.48592,-2.40094,0.78521,-1.78735
-1.45800,0.49317,1.48592,-2.40094,0.78521,-1.78735
-1.45800,0.49317,1.48592,-2.40094,0.78521,-1.78735
-1.45800,0.49317,1.48592,-2.40094,0.78521,-1.78735
-1.45800,0.49317,1.48592,-2.40094,0.78521,-1.78735
-1.45800,0.49317,1.48592,-2.40094,0.78521,-1.78735
-1.45800,0.49317,1.48592,-2.40094,0.78521,-1.78735
-1.45800,0.49317,1.48592,-2.40094,0.78521,-1.78735
-1.45800,0.49317,1.48592,-2.40094,0.78521,-1.78735
-1.45800,0.49317,1.48592,-2.40094,0.78521,-1.78735
-1.45800,0.49317,1.48592,-2.40094,0.78521,-1.78735
-1.45800,0.49317,1.48592,-2.40094,0.78521,-1.78735
-1.45800,0.49317,1.48592,-2.40094,0.78521,-1.78735
-1.45800,0.49317,1.48592,-2.40094,0.78521,-1.78735
-1.45800,0.49317,1.48592,-2.40094,0.78521,-1.78735
-1.45800,0.49317,1.48592,-2.40094,0.78521,-1.78735
-1.45800,0.49317,1.48592,-2.40094,0.78521,-1.78735
-1.45800,0.49317,1.48592,-2.40094,0.78521,-1.78735
-1.45800,0.49317,1.48592,-2.40094,0.78521,-1.78735
-1.45800,0.49317,1.48592,-2.40094,0.78521,-1.78735
-1.45800,0.49317,1.48592,-2.40094,0.78521,-1.78735
-1.45800,0.49317,1.48592,-2.40094,0.78521,-1.78735
-1.45800,0.49317,1.48592,-2.40094,0.78521,-1.78735
-1.45800,0.49317,1.48592,-2.40094,0.78521,-1.78735
-1.45800,0.49317,1.48592,-2.40094,0.78521,-1.78735
-1.45800,0.49317,1.48592,-2.40094,0.78521,-1.78735
-1.45800,0.49317,1.48592,-2.40094,0.78521,-1.78735
-1.45800,0.49317,1.48592,-2.40094,0.78521,-1.78735
-1.45800,0.49317,1.48592,-2.40094,0.78521,-1.78735
-1.45800,0.49317,1.48592,-2.40094,0.78521,-1.78735
-1.45800,0.49317,1.48592,-2.40094,0.78521,-1.78735
-1.45800,0.49317,1.48592,-2.40094,0.78521,-1.78735
-1.45800,0.49317,1.48592,-2.40094,0.78521,-1.78735
-1.45800,0.49317,1.48592,-2.40094,0.78521,-1.78735
-1.45800,0.49317,1.48592,-2.40094,0.78521,-1.78735
-1.45800,0.49317,1.48592,-2.40094,0.78521,-1.78735
-1.45800,0.49317,1.48592,-2.40094,0.78521,-1.78735
-1.45800,0.49317,1.48592,-2.40094,0.78521,-1.78735
-1.45800,0.49317,1.48592,-2.40094,0.78521,-1.78735
-1.45800,0.49317,1.48592,-2.40094,0.78521,-1.78735
-1.45800,0.49317,1.48592,-2.40094,0.78521,-1.78735
-1.45800,0.49317,1.48592,-2.40094,0.78521,-1.78735
-1.45800,0.49317,1.48592,-2.40094,0.78521,-1.78735
-1.45800,0.49317,1.48592,-2.40094,0.78521,-1.78735
-1.45800,0.49317,1.48592,-2.40094,0.78521,-1.78735
-1.45800,0.49317,1.48592,-2.40094,0.78521,-1.78735
-1.45800,0.49317,1.48592,-2.40094,0.78521,-1.78735
-1.45800,0.49317,1.48592,-2.40094,0.78521,-1.78735
-1.45800,0.49317,1.48592,-2.40094,0.78521,-1.78735
-1.45800,0.49317,1.48592,-2.40094,0.78521,-1.78735
-1.45800,0.49317,1.48592,-2.40094,0.78521,-1.78735
-1.45800,0.49317,1.48592,-2.40094,0.78521,-1.78735
-1.45800,0.49317,1.48592,-2.40094,0.78521,-1.78735
-1.45800,0.49317,1.48592,-2.40094,0.78521,-1.78735
-1.45800,0.49317,1.48592,-2.40094,0.78521,-1.78735
-1.45800,0.49317,1.48592,-2.40094,0.78521,-1.78735
-1.45800,0.49317,1.48592,-2.40094,0.78521,-1.78735
-1.45800,0.49317,1.48592,-2.40094,0.78521,-1.78735
-1.45800,0.49317,1.48592,-2.40094,0.78521,-1.78735
-1.45800,0.49317,1.48592,-2.40094,0.78521,-1.78735
-1.45800,0.49317,1.48592,-2.40094,0.78521,-1.78735
-1.45800,0.49317,1.48592,-2.40094,0.78521,-1.78735
-1.45800,0.49317,1.48592,-2.40094,0.78521,-1.78735
-1.45800,0.49317,1.48592,-2.40094,0.78521,-1.78735
-1.45800,0.49317,1.48592,-2.40094,0.78521,-1.78735
-1.45800,0.49317,1.48592,-2.40094,0.78521,-1.78735
-1.45800,0.49317,1.48592,-2.40094,0.78521,-1.78735
-1.45800,0.49317,1.48592,-2.40094,0.78521,-1.78735
-1.45800,0.49317,1.48592,-2.40094,0.78521,-1.78735
-1.45800,0.49317,1.48592,-2.40094,0.78521,-1.78735
-1.45800,0.49317,1.48592,-2.40094,0.78521,-1.78735
-1.45800,0.49317,1.48592,-2.40094,0.78521,-1.78735
-1.45800,0.49317,1.48592,-2.40094,0.78521,-1.78735
-1.45800,0.49317,1.48592,-2.40094,0.78521,-1.78735
-1.45800,0.49317,1.48592,-2.40094,0.78521,-1.78735
-1.45800,0.49317,1.48592,-2.40094,0.78521,-1.78735
-1.45800,0.49317,1.48592,-2.40094,0.78521,-1.78735
-1.45800,0.49317,1.48592,-2.40094,0.78521,-1.78735
-1.45800,0.49317,1.48592,-2.40094,0.78521,-1.78735
-1.45800,0.49317,1.48592,-2.40094,0.78521,-1.78735
-1.45800,0.49317,1.48592,-2.40094,0.78521,-1.78735
-1.45800,0.49317,1.48592,-2.40094,0.78521,-1.78735
-1.45800,0.49317,1.48592,-2.40094,0.78521,-1.78735
-1.45800,0.49317,1.48592,-2.40094,0.78521,-1.78735
-1.45800,0.49317,1.48592,-2.40094,0.78521,-1.78735
-1.45800,0.49317,1.48592,-2.40094,0.78521,-1.78735
-1.45800,0.49317,1.48592,-2.40094,0.78521,-1.78735
-1.45800,0.49317,1.48592,-2.40094,0.78521,-1.78735
-1.45800,0.49317,1.48592,-2.40094,0.78521,-1.78735
-1.45800,0.49317,1.48592,-2.40094,0.78521,-1.78735
-1.45800,0.49317,1.48592,-2.40094,0.78521,-1.78735
-1.45800,0.49317,1.48592,-2.40094,0.78521,-1.78735
-1.45800,0.49317,1.48592,-2.40094,0.78521,-1.78735
-1.45800,0.49317,1.48592,-2.40094,0.78521,-1.78735
-1.45800,0.49317,1.48592,-2.40094,0.78521,-1.78735
-1.45800,0.49317,1.48592,-2.40094,0.78521,-1.78735
-1.45800,0.49317,1.48592,-2.40094,0.78521,-1.78735
-1.45800,0.49317,1.48592,-2.40094,0.78521,-1.78735
-1.45800,0.49317,1.48592,-2.40094,0.78521,-1.78735
-1.45800,0.49317,1.48592,-2.40094,0.78521,-1.78735
-1.45800,0.49317,1.48592,-2.40094,0.78521,-1.78735
-1.45800,0.49317,1.48592,-2.40094,0.78521,-1.78735
-1.45800,0.49317,1.48592,-2.40094,0.78521,-1.78735
-1.45800,0.49317,1.48592,-2.40094,0.78521,-1.78735
-1.45800,0.49317,1.48592,-2.40094,0.78521,-1.78735
-1.45800,0.49317,1.48592,-2.40094,0.78521,-1.78735
-1.45800,0.49317,1.48592,-2.40094,0.78521,-1.78735
-1.45800,0.49317,1.48592,-2.40094,0.78521,-1.78735
-1.45800,0.49317,1.48592,-2.40094,0.78521,-1.78735
-1.45800,0.49317,1.48592,-2.40094,0.78521,-1.78735
-1.45800,0.49317,1.48592,-2.40094,0.78521,-1.78735
-1.45800,0.49317,1.48592,-2.40094,0.78521,-1.78735
-1.45800,0.49317,1.48592,-2.40094,0.78521,-1.78735
-1.45800,0.49317,1.48592,-2.40094,0.78521,-1.78735
-1.45800,0.49317,1.48592,-2.40094,0.78521,-1.78735
-1.45800,0.49317,1.48592,-2.40094,0.78521,-1.78735
-1.45800,0.49317,1.48592,-2.40094,0.78521,-1.78735
-1.45800,0.49317,1.48592,-2.40094,0.78521,-1.78735
-1.45800,0.49317,1.48592,-2.40094,0.78521,-1.78735
-1.45800,0.49317,1.48592,-2.40094,0.78521,-1.78735
-1.45800,0.49317,1.48592,-2.40094,0.78521,-1.78735
-1.45800,0.49317,1.48592,-2.40094,0.78521,-1.78735
-1.45800,0.49317,1.48592,-2.40094,0.78521,-1.78735
-1.45800,0.49317,1.48592,-2.40094,0.78521,-1.78735
-1.45800,0.49317,1.48592,-2.40094,0.78521,-1.78735
-1.45800,0.49317,1.48592,-2.40094,0.78521,-1.78735
-1.45800,0.49317,1.48592,-2.40094,0.78521,-1.78735
-1.45800,0.49317,1.48592,-2.40094,0.78521,-1.78735
-1.45800,0.49317,1.48592,-2.40094,0.78521,-1.78735
-1.45800,0.49317,1.48592,-2.40094,0.78521,-1.78735
-1.45800,0.49317,1.48592,-2.40094,0.78521,-1.78735
-1.45800,0.49317,1.48592,-2.40094,0.78521,-1.78735
-1.45800,0.49317,1.48592,-2.40094,0.78521,-1.78735
-1.45800,0.49317,1.48592,-2.40094,0.78521,-1.78735
-1.45800,0.49317,1.48592,-2.40094,0.78521,-1.78735
-1.45800,0.49317,1.48592,-2.40094,0.78521,-1.78735
-1.45800,0.49317,1.48592,-2.40094,0.78521,-1.78735
-1.45800,0.49317,1.48592,-2.40094,0.78521,-1.78735
-1.45800,0.49317,1.48592,-2.40094,0.78521,-1.78735
-1.45800,0.49317,1.48592,-2.40094,0.78521,-1.78735
-1.45800,0.49317,1.48592,-2.40094,0.78521,-1.78735
-1.45800,0.49317,1.48592,-2.40094,0.78521,-1.78735
-1.45800,0.49317,1.48592,-2.40094,0.78521,-1.78735
-1.45800,0.49317,1.48592,-2.40094,0.78521,-1.78735
-1.45800,0.49317,1.48592,-2.40094,0.78521,-1.78735
-1.45800,0.49317,1.48592,-2.40094,0.78521,-1.78735
-1.45800,0.49317,1.48592,-2.40094,0.78521,-1.78735
-1.45800,0.49317,1.48592,-2.40094,0.78521,-1.78735
-1.45800,0.49317,1.48592,-2.40094,0.78521,-1.78735
-1.45800,0.49317,1.48592,-2.40094,0.78521,-1.78735
-1.45800,0.49317,1.48592,-2.40094,0.78521,-1.78735
-1.45800,0.49317,1.48592,-2.40094,0.78521,-1.78735
-1.45800,0.49317,1.48592,-2.40094,0.78521,-1.78735
-1.45800,0.49317,1.48592,-2.40094,0.78521,-1.78735
-1.45800,0.49317,1.48592,-2.40094,0.78521,-1.78735
-1.45800,0.49317,1.48592,-2.40094,0.78521,-1.78735
-1.45800,0.49317,1.48592,-2.40094,0.78521,-1.78735
-1.45800,0.49317,1.48592,-2.40094,0.78521,-1.78735
-1.45800,0.49317,1.48592,-2.40094,0.78521,-1.78735
-1.45800,0.49317,1.48592,-2.40094,0.78521,-1.78735
-1.45800,0.49317,1.48592,-2.40094,0.78521,-1.78735
-1.45800,0.49317,1.48592,-2.40094,0.78521,-1.78735
-1.45800,0.49317,1.48592,-2.40094,0.78521,-1.78735
-1.45800,0.49317,1.48592,-2.40094,0.78521,-1.78735
-1.45800,0.49317,1.48592,-2.40094,0.78521,-1.78735
-1.45800,0.49317,1.48592,-2.40094,0.78521,-1.78735
-1.45800,0.49317,1.48592,-2.40094,0.78521,-1.78735
-1.45800,0.49317,1.48592,-2.40094,0.78521,-1.78735
-1.45800,0.49317,1.48592,-2.40094,0.78521,-1.78735
-1.45800,0.49317,1.48592,-2.40094,0.78521,-1.78735
-1.45800,0.49317,1.48592,-2.40094,0.78521,-1.78735
-1.45800,0.49317,1.48592,-2.40094,0.78521,-1.78735
-1.45800,0.49317,1.48592,-2.40094,0.78521,-1.78735
-1.45800,0.49317,1.48592,-2.40094,0.78521,-1.78735
-1.45800,0.49317,1.48592,-2.40094,0.78521,-1.78735
-1.45800,0.49317,1.48592,-2.40094,0.78521,-1.78735
-1.45800,0.49317,1.48592,-2.40094,0.78521,-1.78735
-1.45800,0.49317,1.48592,-2.40094,0.78521,-1.78735
-1.45800,0.49317,1.48592,-2.40094,0.78521,-1.78735
-1.45800,0.49317,1.48592,-2.40094,0.78521,-1.78735
-1.45800,0.49317,1.48592,-2.40094,0.78521,-1.78735
-1.45800,0.49317,1.48592,-2.40094,0.78521,-1.78735
-1.45800,0.49317,1.48592,-2.40094,0.78521,-1.78735
-1.45800,0.49317,1.48592,-2.40094,0.78521,-1.78735
-1.45800,0.49317,1.48592,-2.40094,0.78521,-1.78735
-1.45800,0.49317,1.48592,-2.40094,0.78521,-1.78735
-1.45800,0.49317,1.48592,-2.40094,0.78521,-1.78735
-1.45800,0.49317,1.48592,-2.40094,0.78521,-1.78735
-1.45800,0.49317,1.48592,-2.40094,0.78521,-1.78735
-1.45800,0.49317,1.48592,-2.40094,0.78521,-1.78735
-1.45800,0.49317,1.48592,-2.40094,0.78521,-1.78735
-1.45800,0.49317,1.48592,-2.40094,0.78521,-1.78735
-1.45800,0.49317,1.48592,-2.40094,0.78521,-1.78735
-1.45800,0.49317,1.48592,-2.40094,0.78521,-1.78735
-1.45800,0.49317,1.48592,-2.40094,0.78521,-1.78735
-1.45800,0.49317,1.48592,-2.40094,0.78521,-1.78735
-1.45800,0.49317,1.48592,-2.40094,0.78521,-1.78735
-1.45800,0.49317,1.48592,-2.40094,0.78521,-1.78735
-1.45800,0.49317,1.48592,-2.40094,0.78521,-1.78735
-1.45800,0.49317,1.48592,-2.40094,0.78521,-1.78735
-1.45800,0.49317,1.48592,-2.40094,0.78521,-1.78735
-1.45800,0.49317,1.48592,-2.40094,0.78521,-1.78735
-1.45800,0.49317,1.48592,-2.40094,0.78521,-1.78735
-1.45800,0.49317,1.48592,-2.40094,0.78521,-1.78735
-1.45800,0.49317,1.48592,-2.40094,0.78521,-1.78735
-1.45800,0.49317,1.48592,-2.40094,0.78521,-1.78735
-1.45800,0.49317,1.48592,-2.40094,0.78521,-1.78735
-1.45800,0.49317,1.48592,-2.40094,0.78521,-1.78735
-1.45800,0.49317,1.48592,-2.40094,0.78521,-1.78735
-1.45800,0.49317,1.48592,-2.40094,0.78521,-1.78735
-1.45800,0.49317,1.48592,-2.40094,0.78521,-1.78735
-1.45800,0.49317,1.48592,-2.40094,0.78521,-1.78735
-1.45800,0.49317,1.48592,-2.40094,0.78521,-1.78735
-1.45800,0.49317,1.48592,-2.40094,0.78521,-1.78735
-1.45800,0.49317,1.48592,-2.40094,0.78521,-1.78735
-1.45800,0.49317,1.48592,-2.40094,0.78521,-1.78735
-1.45800,0.49317,1.48592,-2.40094,0.78521,-1.78735
-1.45800,0.49317,1.48592,-2.40094,0.78521,-1.78735
-1.45800,0.49317,1.48592,-2.40094,0.78521,-1.78735
-1.45800,0.49317,1.48592,-2.40094,0.78521,-1.78735
-1.45803,0.49346,1.48608,-2.40053,0.78511,-1.78958
-1.45807,0.49374,1.48624,-2.40013,0.78501,-1.79181
-1.45800,0.49421,1.48690,-2.39908,0.78508,-1.79412
-1.45794,0.49467,1.48757,-2.39804,0.78515,-1.79643
-1.45783,0.49521,1.48787,-2.39702,0.78528,-1.79969
-1.45772,0.49575,1.48817,-2.39601,0.78541,-1.80295
-1.45758,0.49614,1.48836,-2.39527,0.78553,-1.80442
-1.45743,0.49653,1.48854,-2.39453,0.78565,-1.80587
-1.45738,0.49703,1.48883,-2.39347,0.78581,-1.80853
-1.45733,0.49752,1.48912,-2.39239,0.78597,-1.81118
-1.45730,0.49782,1.48940,-2.39197,0.78596,-1.81224
-1.45726,0.49812,1.48968,-2.39153,0.78596,-1.81328
-1.45714,0.49870,1.49018,-2.39017,0.78617,-1.81623
-1.45702,0.49928,1.49068,-2.38881,0.78640,-1.81918
-1.45689,0.49977,1.49101,-2.38779,0.78664,-1.82123
-1.45676,0.50026,1.49133,-2.38676,0.78690,-1.82328
-1.45656,0.50100,1.49217,-2.38454,0.78740,-1.82703
-1.45635,0.50175,1.49300,-2.38233,0.78792,-1.83078
-1.45640,0.50196,1.49343,-2.38203,0.78770,-1.83286
-1.45645,0.50217,1.49387,-2.38172,0.78747,-1.83494
-1.45633,0.50275,1.49485,-2.38015,0.78757,-1.83888
-1.45620,0.50334,1.49581,-2.37859,0.78767,-1.84282
-1.45614,0.50391,1.49629,-2.37738,0.78786,-1.84536
-1.45608,0.50449,1.49676,-2.37618,0.78804,-1.84790
-1.45585,0.50497,1.49675,-2.37549,0.78829,-1.84923
-1.45563,0.50546,1.49675,-2.37479,0.78854,-1.85057
-1.45564,0.50579,1.49725,-2.37406,0.78833,-1.85289
-1.45564,0.50611,1.49774,-2.37334,0.78811,-1.85522
-1.45556,0.50655,1.49789,-2.37262,0.78835,-1.85629
-1.45548,0.50700,1.49802,-2.37189,0.78859,-1.85737
-1.45544,0.50732,1.49834,-2.37139,0.78850,-1.85929
-1.45540,0.50764,1.49865,-2.37088,0.78842,-1.86120
-1.45532,0.50801,1.49878,-2.37039,0.78846,-1.86247
-1.45525,0.50838,1.49889,-2.36991,0.78851,-1.86372
-1.45511,0.50881,1.49952,-2.36895,0.78865,-1.86567
-1.45497,0.50924,1.50015,-2.36800,0.78879,-1.86761
-1.45489,0.50971,1.50039,-2.36709,0.78877,-1.87043
-1.45480,0.51019,1.50064,-2.36619,0.78875,-1.87324
-1.45477,0.51058,1.50094,-2.36565,0.78871,-1.87514
-1.45475,0.51097,1.50125,-2.36510,0.78869,-1.87704
-1.45465,0.51130,1.50103,-2.36511,0.78873,-1.87699
-1.45456,0.51163,1.50081,-2.36512,0.78878,-1.87694
-1.45438,0.51232,1.50181,-2.36292,0.78929,-1.88151
-1.45421,0.51302,1.50280,-2.36072,0.78982,-1.88608
-1.45416,0.51324,1.50293,-2.36078,0.78957,-1.88700
-1.45412,0.51346,1.50306,-2.36085,0.78932,-1.88791
-1.45410,0.51382,1.50335,-2.36024,0.78929,-1.88935
-1.45409,0.51418,1.50364,-2.35963,0.78926,-1.89079
-1.45395,0.51470,1.50390,-2.35869,0.78943,-1.89326
-1.45381,0.51522,1.50415,-2.35776,0.78961,-1.89571
-1.45378,0.51546,1.50454,-2.35747,0.78943,-1.89681
-1.45374,0.51569,1.50494,-2.35719,0.78925,-1.89791
-1.45364,0.51620,1.50545,-2.35597,0.78951,-1.89992
-1.45354,0.51672,1.50596,-2.35475,0.78978,-1.90193
-1.45348,0.51714,1.50651,-2.35386,0.78987,-1.90398
-1.45341,0.51756,1.50706,-2.35298,0.78995,-1.90603
-1.45328,0.51799,1.50772,-2.35191,0.79010,-1.90860
-1.45316,0.51841,1.50838,-2.35084,0.79023,-1.91117
-1.45311,0.51884,1.50864,-2.35009,0.79037,-1.91247
-1.45307,0.51928,1.50888,-2.34934,0.79051,-1.91376
-1.45284,0.51993,1.50945,-2.34757,0.79092,-1.91710
-1.45261,0.52058,1.51002,-2.34582,0.79134,-1.92043
-1.45244,0.52106,1.51040,-2.34488,0.79156,-1.92163
-1.45226,0.52155,1.51078,-2.34395,0.79176,-1.92285
-1.45206,0.52215,1.51118,-2.34260,0.79213,-1.92477
-1.45186,0.52275,1.51157,-2.34125,0.79250,-1.92670
-1.45171,0.52336,1.51197,-2.33990,0.79290,-1.92837
-1.45155,0.52397,1.51236,-2.33854,0.79331,-1.93004
-1.45135,0.52457,1.51274,-2.33727,0.79367,-1.93158
-1.45115,0.52517,1.51312,-2.33600,0.79403,-1.93314
-1.45085,0.52576,1.51339,-2.33481,0.79434,-1.93482
-1.45056,0.52634,1.51367,-2.33362,0.79465,-1.93650
-1.45034,0.52695,1.51400,-2.33229,0.79504,-1.93852
-1.45013,0.52757,1.51433,-2.33095,0.79542,-1.94054
-1.45000,0.52815,1.51481,-2.32956,0.79581,-1.94283
-1.44986,0.52873,1.51527,-2.32816,0.79621,-1.94511
-1.44979,0.52919,1.51586,-2.32705,0.79639,-1.94790
-1.44971,0.52966,1.51645,-2.32595,0.79657,-1.95069
-1.44938,0.53036,1.51696,-2.32407,0.79709,-1.95357
-1.44905,0.53106,1.51747,-2.32219,0.79761,-1.95645
-1.44884,0.53164,1.51767,-2.32109,0.79801,-1.95800
-1.44864,0.53222,1.51786,-2.31999,0.79841,-1.95955
-1.44841,0.53278,1.51839,-2.31866,0.79873,-1.96188
-1.44818,0.53334,1.51891,-2.31734,0.79906,-1.96420
-1.44799,0.53401,1.51934,-2.31573,0.79953,-1.96682
-1.44780,0.53467,1.51975,-2.31413,0.80001,-1.96941
-1.44756,0.53521,1.52019,-2.31293,0.80034,-1.97192
-1.44731,0.53575,1.52062,-2.31172,0.80067,-1.97442
-1.44716,0.53637,1.52098,-2.31031,0.80107,-1.97702
-1.44700,0.53699,1.52133,-2.30889,0.80149,-1.97960
-1.44679,0.53753,1.52173,-2.30776,0.80185,-1.98141
-1.44657,0.53808,1.52211,-2.30663,0.80222,-1.98320
-1.44628,0.53871,1.52243,-2.30523,0.80265,-1.98545
-1.44599,0.53934,1.52274,-2.30384,0.80309,-1.98767
-1.44574,0.53994,1.52303,-2.30257,0.80347,-1.98963
-1.44549,0.54053,1.52334,-2.30130,0.80385,-1.99160
-1.44523,0.54114,1.52378,-2.29986,0.80429,-1.99425
-1.44497,0.54174,1.52422,-2.29844,0.80473,-1.99688
-1.44472,0.54233,1.52454,-2.29713,0.80513,-1.99948
-1.44447,0.54293,1.52487,-2.29583,0.80552,-2.00207
-1.44431,0.54316,1.52464,-2.29551,0.80593,-2.00250
-1.44415,0.54338,1.52441,-2.29519,0.80632,-2.00294
-1.44399,0.54361,1.52418,-2.29489,0.80672,-2.00336
-1.44383,0.54384,1.52395,-2.29457,0.80711,-2.00380
-1.44367,0.54407,1.52371,-2.29426,0.80752,-2.00425
-1.44352,0.54431,1.52346,-2.29394,0.80793,-2.00469
-1.44336,0.54452,1.52324,-2.29364,0.80831,-2.00515
-1.44319,0.54474,1.52303,-2.29334,0.80869,-2.00560
-1.44304,0.54496,1.52280,-2.29303,0.80908,-2.00605
-1.44288,0.54518,1.52258,-2.29271,0.80947,-2.00650
-1.44272,0.54541,1.52235,-2.29240,0.80987,-2.00694
-1.44256,0.54564,1.52212,-2.29208,0.81026,-2.00739
-1.44244,0.54587,1.52194,-2.29173,0.81069,-2.00801
-1.44231,0.54610,1.52177,-2.29138,0.81110,-2.00864
-1.44215,0.54632,1.52153,-2.29107,0.81150,-2.00905
-1.44199,0.54655,1.52130,-2.29077,0.81189,-2.00946
-1.44181,0.54680,1.52102,-2.29038,0.81231,-2.00987
-1.44164,0.54706,1.52074,-2.29000,0.81273,-2.01028
-1.44147,0.54724,1.52051,-2.28984,0.81308,-2.01057
-1.44130,0.54743,1.52027,-2.28969,0.81343,-2.01087
-1.44112,0.54767,1.52008,-2.28928,0.81384,-2.01132
-1.44095,0.54791,1.51988,-2.28890,0.81425,-2.01176
-1.44079,0.54813,1.51966,-2.28859,0.81463,-2.01220
-1.44063,0.54836,1.51942,-2.28829,0.81502,-2.01262
-1.44051,0.54853,1.51911,-2.28822,0.81535,-2.01286
-1.44039,0.54872,1.51878,-2.28815,0.81568,-2.01311
-1.44023,0.54893,1.51854,-2.28790,0.81605,-2.01349
-1.44008,0.54914,1.51830,-2.28764,0.81643,-2.01387
-1.43993,0.54936,1.51806,-2.28737,0.81681,-2.01425
-1.43977,0.54958,1.51782,-2.28709,0.81720,-2.01463
-1.43983,0.54943,1.51725,-2.28828,0.81698,-2.01269
-1.43988,0.54928,1.51668,-2.28947,0.81676,-2.01077
-1.43956,0.54977,1.51663,-2.28818,0.81759,-2.01292
-1.43923,0.55026,1.51657,-2.28688,0.81841,-2.01508
-1.43903,0.55043,1.51597,-2.28696,0.81873,-2.01520
-1.43883,0.55061,1.51539,-2.28702,0.81904,-2.01535
-1.43891,0.55059,1.51516,-2.28760,0.81909,-2.01396
-1.43898,0.55058,1.51493,-2.28819,0.81914,-2.01255
-1.43873,0.55087,1.51466,-2.28761,0.81966,-2.01424
-1.43847,0.55115,1.51439,-2.28705,0.82017,-2.01592
-1.43826,0.55151,1.51442,-2.28617,0.82066,-2.01569
-1.43805,0.55186,1.51446,-2.28529,0.82114,-2.01547
-1.43791,0.55207,1.51406,-2.28513,0.82160,-2.01693
-1.43776,0.55228,1.51365,-2.28497,0.82207,-2.01838
-1.43751,0.55257,1.51339,-2.28447,0.82257,-2.01858
-1.43725,0.55286,1.51311,-2.28397,0.82306,-2.01877
-1.43709,0.55308,1.51286,-2.28371,0.82345,-2.01914
-1.43693,0.55330,1.51260,-2.28346,0.82384,-2.01951
-1.43676,0.55349,1.51219,-2.28337,0.82418,-2.01980
-1.43659,0.55368,1.51179,-2.28329,0.82452,-2.02010
-1.43652,0.55385,1.51168,-2.28309,0.82489,-2.02083
-1.43644,0.55402,1.51158,-2.28290,0.82527,-2.02156
-1.43633,0.55408,1.51100,-2.28340,0.82541,-2.02124
-1.43622,0.55415,1.51040,-2.28391,0.82556,-2.02090
-1.43614,0.55428,1.51014,-2.28394,0.82587,-2.02087
-1.43605,0.55440,1.50988,-2.28397,0.82617,-2.02083
-1.43578,0.55480,1.50980,-2.28296,0.82681,-2.02209
-1.43552,0.55519,1.50971,-2.28196,0.82745,-2.02333
-1.43538,0.55535,1.50933,-2.28202,0.82772,-2.02324
-1.43525,0.55551,1.50896,-2.28208,0.82799,-2.02315
-1.43507,0.55573,1.50865,-2.28184,0.82840,-2.02375
-1.43490,0.55595,1.50834,-2.28159,0.82881,-2.02435
-1.43469,0.55617,1.50793,-2.28145,0.82915,-2.02427
-1.43449,0.55639,1.50752,-2.28131,0.82950,-2.02419
-1.43434,0.55659,1.50724,-2.28111,0.82989,-2.02457
-1.43420,0.55679,1.50697,-2.28090,0.83027,-2.02495
-1.43413,0.55695,1.50677,-2.28082,0.83062,-2.02568
-1.43407,0.55711,1.50657,-2.28073,0.83097,-2.02641
-1.43390,0.55732,1.50618,-2.28062,0.83133,-2.02665
-1.43373,0.55752,1.50579,-2.28052,0.83168,-2.02687
-1.43360,0.55769,1.50556,-2.28038,0.83202,-2.02730
-1.43346,0.55786,1.50532,-2.28024,0.83236,-2.02771
-1.43332,0.55805,1.50502,-2.28011,0.83271,-2.02799
-1.43317,0.55824,1.50472,-2.27997,0.83306,-2.02828
-1.43303,0.55847,1.50443,-2.27971,0.83346,-2.02860
-1.43289,0.55871,1.50414,-2.27944,0.83385,-2.02893
-1.43272,0.55887,1.50373,-2.27948,0.83418,-2.02904
-1.43255,0.55905,1.50331,-2.27952,0.83451,-2.02914
-1.43238,0.55922,1.50307,-2.27940,0.83487,-2.02947
-1.43222,0.55939,1.50283,-2.27928,0.83522,-2.02979
-1.43207,0.55958,1.50253,-2.27914,0.83556,-2.03007
-1.43193,0.55977,1.50223,-2.27901,0.83591,-2.03035
-1.43179,0.55995,1.50195,-2.27889,0.83624,-2.03057
-1.43165,0.56013,1.50166,-2.27878,0.83657,-2.03080
-1.43148,0.56034,1.50145,-2.27852,0.83693,-2.03110
-1.43131,0.56054,1.50124,-2.27828,0.83729,-2.03139
-1.43116,0.56074,1.50094,-2.27814,0.83764,-2.03166
-1.43101,0.56093,1.50064,-2.27801,0.83799,-2.03193
-1.43086,0.56112,1.50034,-2.27787,0.83834,-2.03221
-1.43071,0.56131,1.50005,-2.27774,0.83869,-2.03247
-1.43058,0.56153,1.49961,-2.27766,0.83909,-2.03270
-1.43044,0.56174,1.49918,-2.27759,0.83949,-2.03293
-1.43030,0.56193,1.49887,-2.27747,0.83983,-2.03319
-1.43015,0.56212,1.49856,-2.27735,0.84018,-2.03344
-1.43000,0.56231,1.49825,-2.27721,0.84053,-2.03373
-1.42985,0.56251,1.49795,-2.27706,0.84089,-2.03402
-1.42970,0.56270,1.49765,-2.27693,0.84124,-2.03429
-1.42955,0.56289,1.49736,-2.27679,0.84158,-2.03456
-1.42941,0.56306,1.49708,-2.27669,0.84190,-2.03481
-1.42927,0.56323,1.49680,-2.27658,0.84222,-2.03505
-1.42905,0.56348,1.49681,-2.27540,0.84291,-2.03725
-1.42884,0.56374,1.49682,-2.27423,0.84360,-2.03945
-1.42866,0.56395,1.49694,-2.27315,0.84414,-2.04139
-1.42848,0.56416,1.49705,-2.27207,0.84470,-2.04333
-1.42826,0.56436,1.49706,-2.27108,0.84530,-2.04529
-1.42804,0.56456,1.49708,-2.27010,0.84591,-2.04725
-1.42782,0.56476,1.49705,-2.26915,0.84653,-2.04929
-1.42760,0.56496,1.49701,-2.26821,0.84714,-2.05132
-1.42734,0.56518,1.49710,-2.26711,0.84778,-2.05336
-1.42709,0.56539,1.49717,-2.26601,0.84843,-2.05540
-1.42690,0.56560,1.49718,-2.26503,0.84900,-2.05725
-1.42671,0.56581,1.49718,-2.26407,0.84958,-2.05909
-1.42649,0.56606,1.49710,-2.26303,0.85029,-2.06115
-1.42626,0.56631,1.49701,-2.26198,0.85101,-2.06321
-1.42602,0.56649,1.49698,-2.26113,0.85162,-2.06516
-1.42578,0.56665,1.49697,-2.26028,0.85223,-2.06712
-1.42552,0.56684,1.49694,-2.25943,0.85277,-2.06881
-1.42526,0.56702,1.49691,-2.25857,0.85330,-2.07049
-1.42504,0.56722,1.49684,-2.25770,0.85388,-2.07223
-1.42482,0.56743,1.49676,-2.25682,0.85446,-2.07397
-1.42469,0.56758,1.49655,-2.25623,0.85493,-2.07546
-1.42456,0.56773,1.49632,-2.25564,0.85540,-2.07693
-1.42447,0.56778,1.49627,-2.25521,0.85565,-2.07776
-1.42438,0.56783,1.49621,-2.25479,0.85591,-2.07858
-1.42403,0.56817,1.49601,-2.25357,0.85678,-2.08053
-1.42368,0.56851,1.49581,-2.25236,0.85765,-2.08247
-1.42336,0.56876,1.49580,-2.25129,0.85837,-2.08498
-1.42303,0.56901,1.49579,-2.25023,0.85908,-2.08748
-1.42295,0.56903,1.49554,-2.25009,0.85942,-2.08836
-1.42287,0.56905,1.49530,-2.24997,0.85975,-2.08924
-1.42282,0.56909,1.49510,-2.24986,0.85996,-2.08911
-1.42277,0.56912,1.49490,-2.24974,0.86017,-2.08900
-1.42254,0.56939,1.49452,-2.24950,0.86070,-2.08917
-1.42232,0.56966,1.49414,-2.24926,0.86122,-2.08934
-1.42229,0.56971,1.49380,-2.24960,0.86140,-2.08809
-1.42227,0.56976,1.49347,-2.24995,0.86156,-2.08685
-1.42213,0.56990,1.49349,-2.24934,0.86186,-2.08733
-1.42201,0.57003,1.49353,-2.24874,0.86214,-2.08781
-1.42193,0.57019,1.49337,-2.24869,0.86237,-2.08754
-1.42186,0.57036,1.49322,-2.24865,0.86260,-2.08727
-1.42172,0.57041,1.49289,-2.24859,0.86292,-2.08736
-1.42158,0.57046,1.49257,-2.24851,0.86324,-2.08746
-1.42164,0.57042,1.49215,-2.24902,0.86328,-2.08587
-1.42170,0.57037,1.49172,-2.24954,0.86332,-2.08427
-1.42149,0.57063,1.49163,-2.24912,0.86377,-2.08543
-1.42129,0.57089,1.49154,-2.24871,0.86422,-2.08659
-1.42105,0.57113,1.49099,-2.24846,0.86475,-2.08603
-1.42081,0.57138,1.49045,-2.24820,0.86529,-2.08548
-1.42089,0.57126,1.49083,-2.24811,0.86511,-2.08516
-1.42098,0.57115,1.49122,-2.24802,0.86494,-2.08483
-1.42105,0.57096,1.49098,-2.24857,0.86479,-2.08475
-1.42113,0.57078,1.49073,-2.24912,0.86464,-2.08470
-1.42082,0.57128,1.49056,-2.24816,0.86538,-2.08434
-1.42050,0.57178,1.49040,-2.24721,0.86612,-2.08397
-1.42071,0.57145,1.49003,-2.24824,0.86579,-2.08348
-1.42092,0.57112,1.48966,-2.24926,0.86547,-2.08299
-1.42079,0.57124,1.48974,-2.24870,0.86582,-2.08265
-1.42066,0.57136,1.48982,-2.24814,0.86617,-2.08233
-1.42029,0.57186,1.48895,-2.24800,0.86702,-2.08174
-1.41992,0.57236,1.48808,-2.24785,0.86787,-2.08115
-1.42051,0.57143,1.48892,-2.24884,0.86666,-2.07978
-1.42111,0.57050,1.48975,-2.24982,0.86546,-2.07841
-1.42060,0.57118,1.48908,-2.24879,0.86663,-2.07825
-1.42009,0.57185,1.48842,-2.24775,0.86781,-2.07808
-1.42010,0.57181,1.48816,-2.24801,0.86790,-2.07741
-1.42011,0.57177,1.48789,-2.24828,0.86800,-2.07674
-1.42049,0.57116,1.48817,-2.24932,0.86719,-2.07562
-1.42087,0.57054,1.48844,-2.25037,0.86638,-2.07451
-1.42048,0.57109,1.48796,-2.24950,0.86731,-2.07568
-1.42008,0.57164,1.48748,-2.24862,0.86825,-2.07686
-1.42003,0.57168,1.48728,-2.24882,0.86830,-2.07729
-1.41999,0.57172,1.48709,-2.24901,0.86836,-2.07774
-1.41973,0.57206,1.48661,-2.24862,0.86910,-2.07641
-1.41946,0.57240,1.48613,-2.24822,0.86984,-2.07509
-1.41944,0.57217,1.48507,-2.24955,0.87008,-2.07368
-1.41941,0.57193,1.48402,-2.25087,0.87032,-2.07228
-1.41991,0.57129,1.48516,-2.25105,0.86916,-2.07177
-1.42041,0.57066,1.48630,-2.25123,0.86800,-2.07126
-1.42015,0.57097,1.48593,-2.25073,0.86870,-2.07112
-1.41988,0.57127,1.48555,-2.25022,0.86940,-2.07099
-1.41972,0.57098,1.48349,-2.25229,0.87006,-2.06837
-1.41955,0.57069,1.48144,-2.25434,0.87073,-2.06577
-1.41976,0.57089,1.48336,-2.25265,0.86995,-2.06702
-1.41996,0.57110,1.48529,-2.25094,0.86919,-2.06827
-1.41963,0.57145,1.48462,-2.25046,0.87008,-2.06891
-1.41929,0.57181,1.48395,-2.24997,0.87097,-2.06956
-1.41952,0.57153,1.48411,-2.25062,0.87043,-2.06916
-1.41976,0.57125,1.48428,-2.25127,0.86989,-2.06876
-1.41935,0.57161,1.48291,-2.25150,0.87098,-2.06699
-1.41893,0.57196,1.48154,-2.25172,0.87208,-2.06524
-1.41900,0.57187,1.48165,-2.25183,0.87188,-2.06592
-1.41907,0.57178,1.48176,-2.25194,0.87168,-2.06660
-1.41939,0.57142,1.48296,-2.25158,0.87094,-2.06679
-1.41971,0.57106,1.48416,-2.25122,0.87020,-2.06700
-1.41924,0.57162,1.48295,-2.25102,0.87136,-2.06716
-1.41878,0.57219,1.48173,-2.25081,0.87252,-2.06731
-1.41874,0.57222,1.48175,-2.25071,0.87258,-2.06700
-1.41871,0.57226,1.48179,-2.25060,0.87263,-2.06671
-1.41902,0.57173,1.48193,-2.25140,0.87205,-2.06606
-1.41932,0.57120,1.48209,-2.25220,0.87147,-2.06543
-1.41922,0.57127,1.48112,-2.25332,0.87165,-2.06498
-1.41912,0.57134,1.48016,-2.25442,0.87183,-2.06453
-1.41908,0.57199,1.48232,-2.25156,0.87146,-2.06898
-1.41903,0.57263,1.48448,-2.24870,0.87111,-2.07343
-1.41887,0.57313,1.48500,-2.24764,0.87119,-2.07626
-1.41871,0.57362,1.48551,-2.24660,0.87128,-2.07908
-1.41871,0.57386,1.48639,-2.24562,0.87113,-2.07983
-1.41870,0.57411,1.48727,-2.24465,0.87098,-2.08057
-1.41900,0.57386,1.48830,-2.24435,0.87009,-2.08278
-1.41931,0.57361,1.48933,-2.24405,0.86920,-2.08498
-1.41955,0.57337,1.48956,-2.24473,0.86842,-2.08454
-1.41979,0.57314,1.48978,-2.24540,0.86765,-2.08410
-1.41945,0.57399,1.49017,-2.24399,0.86809,-2.08836
-1.41911,0.57484,1.49056,-2.24258,0.86853,-2.09261
-1.41858,0.57591,1.49128,-2.23974,0.86958,-2.09459
-1.41804,0.57699,1.49201,-2.23691,0.87063,-2.09655
-1.41800,0.57732,1.49253,-2.23611,0.87048,-2.09710
-1.41796,0.57766,1.49306,-2.23531,0.87033,-2.09764
-1.41826,0.57738,1.49418,-2.23504,0.86950,-2.10014
-1.41855,0.57710,1.49530,-2.23478,0.86868,-2.10262
-1.41835,0.57765,1.49551,-2.23405,0.86876,-2.10345
-1.41816,0.57820,1.49572,-2.23332,0.86885,-2.10428
-1.41799,0.57874,1.49622,-2.23207,0.86920,-2.10482
-1.41781,0.57928,1.49672,-2.23083,0.86956,-2.10534
-1.41808,0.57913,1.49753,-2.23095,0.86867,-2.10731
-1.41835,0.57897,1.49834,-2.23106,0.86779,-2.10928
-1.41805,0.57957,1.49817,-2.23035,0.86828,-2.10954
-1.41775,0.58016,1.49800,-2.22965,0.86877,-2.10979
-1.41762,0.58050,1.49862,-2.22832,0.86898,-2.10899
-1.41749,0.58084,1.49924,-2.22700,0.86919,-2.10818
-1.41761,0.58110,1.50018,-2.22666,0.86843,-2.11346
-1.41774,0.58137,1.50113,-2.22632,0.86768,-2.11875
-1.41757,0.58180,1.50170,-2.22501,0.86791,-2.11858
-1.41740,0.58223,1.50226,-2.22372,0.86815,-2.11841
-1.41752,0.58223,1.50260,-2.22408,0.86758,-2.12109
-1.41765,0.58223,1.50294,-2.22444,0.86701,-2.12378
-1.41755,0.58266,1.50383,-2.22306,0.86700,-2.12574
-1.41745,0.58309,1.50472,-2.22166,0.86699,-2.12770
-1.41715,0.58377,1.50515,-2.21999,0.86740,-2.12788
-1.41686,0.58444,1.50558,-2.21833,0.86782,-2.12804
-1.41688,0.58470,1.50689,-2.21683,0.86753,-2.12818
-1.41689,0.58495,1.50821,-2.21532,0.86725,-2.12832
-1.41679,0.58530,1.50854,-2.21500,0.86711,-2.13113
-1.41669,0.58565,1.50887,-2.21468,0.86698,-2.13393
-1.41663,0.58600,1.50928,-2.21424,0.86687,-2.13577
-1.41657,0.58635,1.50968,-2.21381,0.86677,-2.13761
-1.41641,0.58680,1.51002,-2.21296,0.86686,-2.13857
-1.41624,0.58725,1.51035,-2.21212,0.86696,-2.13952
-1.41606,0.58780,1.51090,-2.21113,0.86699,-2.14278
-1.41588,0.58836,1.51145,-2.21013,0.86703,-2.14603
-1.41586,0.58850,1.51175,-2.20967,0.86692,-2.14531
-1.41584,0.58864,1.51205,-2.20922,0.86682,-2.14459
-1.41580,0.58893,1.51295,-2.20810,0.86675,-2.14624
-1.41576,0.58922,1.51384,-2.20698,0.86668,-2.14789
-1.41578,0.58946,1.51440,-2.20645,0.86635,-2.15046
-1.41580,0.58970,1.51495,-2.20593,0.86600,-2.15304
-1.41560,0.59024,1.51594,-2.20449,0.86609,-2.15484
-1.41539,0.59077,1.51693,-2.20305,0.86618,-2.15665
-1.41516,0.59141,1.51763,-2.20150,0.86647,-2.16050
-1.41492,0.59205,1.51832,-2.19996,0.86676,-2.16434
-1.41485,0.59232,1.51878,-2.19931,0.86673,-2.16583
-1.41477,0.59259,1.51923,-2.19866,0.86669,-2.16729
-1.41462,0.59300,1.51989,-2.19757,0.86659,-2.16816
-1.41448,0.59342,1.52055,-2.19648,0.86649,-2.16903
-1.41451,0.59360,1.52162,-2.19543,0.86614,-2.17155
-1.41453,0.59378,1.52268,-2.19438,0.86581,-2.17406
-1.41456,0.59387,1.52337,-2.19386,0.86559,-2.17669
-1.41459,0.59396,1.52405,-2.19334,0.86538,-2.17930
-1.41457,0.59416,1.52464,-2.19282,0.86507,-2.18067
-1.41455,0.59436,1.52523,-2.19230,0.86475,-2.18206
-1.41446,0.59463,1.52598,-2.19119,0.86469,-2.18433
-1.41437,0.59490,1.52673,-2.19008,0.86464,-2.18662
-1.41403,0.59574,1.52719,-2.18886,0.86493,-2.18819
-1.41370,0.59657,1.52766,-2.18764,0.86522,-2.18975
-1.41330,0.59734,1.52857,-2.18552,0.86574,-2.19234
-1.41289,0.59812,1.52949,-2.18339,0.86628,-2.19491
-1.41288,0.59835,1.53068,-2.18210,0.86600,-2.19736
-1.41287,0.59858,1.53188,-2.18082,0.86572,-2.19980
-1.41305,0.59834,1.53222,-2.18112,0.86537,-2.20142
-1.41323,0.59809,1.53256,-2.18141,0.86502,-2.20305
-1.41335,0.59829,1.53451,-2.17957,0.86430,-2.20510
-1.41347,0.59848,1.53647,-2.17771,0.86357,-2.20717
-1.41293,0.59920,1.53528,-2.17747,0.86474,-2.20589
-1.41238,0.59993,1.53408,-2.17722,0.86591,-2.20461
-1.41219,0.60046,1.53528,-2.17549,0.86586,-2.20856
-1.41199,0.60099,1.53646,-2.17376,0.86581,-2.21250
-1.41208,0.60115,1.53797,-2.17241,0.86528,-2.21447
-1.41217,0.60132,1.53946,-2.17105,0.86475,-2.21643
-1.41170,0.60233,1.53956,-2.16989,0.86516,-2.21897
-1.41123,0.60335,1.53966,-2.16872,0.86558,-2.22151
-1.41054,0.60450,1.54023,-2.16621,0.86686,-2.22490
-1.40984,0.60565,1.54080,-2.16370,0.86816,-2.22828
-1.40986,0.60568,1.54096,-2.16358,0.86806,-2.22838
-1.40988,0.60571,1.54112,-2.16346,0.86796,-2.22848
-1.40949,0.60639,1.54190,-2.16177,0.86840,-2.23226
-1.40911,0.60707,1.54267,-2.16009,0.86884,-2.23601
-1.40931,0.60679,1.54247,-2.16092,0.86835,-2.23482
-1.40950,0.60650,1.54227,-2.16175,0.86786,-2.23364
-1.40890,0.60736,1.54294,-2.15934,0.86903,-2.23775
-1.40829,0.60823,1.54359,-2.15694,0.87020,-2.24186
-1.40847,0.60812,1.54431,-2.15660,0.86979,-2.24172
-1.40864,0.60801,1.54503,-2.15625,0.86939,-2.24158
-1.40825,0.60850,1.54477,-2.15551,0.87007,-2.24258
-1.40785,0.60900,1.54452,-2.15476,0.87075,-2.24358
-1.40651,0.61113,1.54432,-2.15138,0.87323,-2.24853
-1.40516,0.61327,1.54411,-2.14802,0.87573,-2.25346
-1.40544,0.61284,1.54444,-2.14828,0.87512,-2.25190
-1.40572,0.61242,1.54476,-2.14855,0.87451,-2.25033
-1.40519,0.61311,1.54393,-2.14796,0.87575,-2.25074
-1.40467,0.61380,1.54311,-2.14738,0.87699,-2.25116
-1.40445,0.61415,1.54344,-2.14639,0.87737,-2.25186
-1.40424,0.61450,1.54377,-2.14540,0.87776,-2.25256
-1.40438,0.61433,1.54440,-2.14512,0.87738,-2.25307
-1.40452,0.61416,1.54504,-2.14484,0.87701,-2.25360
-1.40435,0.61444,1.54519,-2.14437,0.87725,-2.25385
-1.40419,0.61472,1.54534,-2.14390,0.87749,-2.25410
-1.40343,0.61590,1.54478,-2.14266,0.87887,-2.25509
-1.40266,0.61707,1.54422,-2.14141,0.88025,-2.25608
-1.40184,0.61815,1.54427,-2.13914,0.88195,-2.25953
-1.40102,0.61922,1.54432,-2.13689,0.88367,-2.26298
-1.40007,0.62035,1.54537,-2.13310,0.88590,-2.26623
-1.39911,0.62147,1.54643,-2.12932,0.88814,-2.26945
-1.39810,0.62284,1.54487,-2.12832,0.89025,-2.27179
-1.39710,0.62420,1.54331,-2.12733,0.89236,-2.27412
-1.39715,0.62412,1.54439,-2.12648,0.89203,-2.27410
-1.39720,0.62404,1.54546,-2.12564,0.89169,-2.27407
-1.39700,0.62422,1.54436,-2.12616,0.89241,-2.27353
-1.39680,0.62439,1.54326,-2.12668,0.89313,-2.27298
-1.39643,0.62482,1.54237,-2.12662,0.89404,-2.27246
-1.39606,0.62525,1.54149,-2.12654,0.89496,-2.27195
-1.39527,0.62637,1.54098,-2.12509,0.89649,-2.27313
-1.39448,0.62749,1.54046,-2.12363,0.89804,-2.27431
-1.39447,0.62755,1.54037,-2.12363,0.89811,-2.27420
-1.39446,0.62761,1.54027,-2.12363,0.89818,-2.27408
-1.39347,0.62880,1.54124,-2.12016,0.90021,-2.27777
-1.39248,0.62998,1.54220,-2.11669,0.90224,-2.28145
-1.39227,0.63034,1.54191,-2.11647,0.90266,-2.28314
-1.39205,0.63070,1.54162,-2.11624,0.90308,-2.28487
-1.39209,0.63063,1.54207,-2.11589,0.90300,-2.28438
-1.39213,0.63057,1.54252,-2.11555,0.90292,-2.28390
-1.39168,0.63123,1.54200,-2.11498,0.90364,-2.28501
-1.39122,0.63188,1.54148,-2.11440,0.90435,-2.28612
-1.39050,0.63280,1.54187,-2.11219,0.90573,-2.28742
-1.38978,0.63372,1.54226,-2.10996,0.90710,-2.28871
-1.38936,0.63451,1.54415,-2.10715,0.90759,-2.29118
-1.38893,0.63529,1.54604,-2.10434,0.90808,-2.29363
-1.38825,0.63606,1.54419,-2.10441,0.90955,-2.29333
-1.38757,0.63683,1.54233,-2.10448,0.91102,-2.29301
-1.38700,0.63747,1.54514,-2.10075,0.91255,-2.29652
-1.38642,0.63811,1.54796,-2.09704,0.91409,-2.30001
-1.38602,0.63854,1.54773,-2.09622,0.91508,-2.30032
-1.38561,0.63898,1.54750,-2.09539,0.91607,-2.30064
-1.38510,0.63942,1.54778,-2.09380,0.91725,-2.30192
-1.38458,0.63987,1.54806,-2.09220,0.91844,-2.30318
-1.38427,0.64029,1.54754,-2.09189,0.91915,-2.30335
-1.38395,0.64072,1.54702,-2.09157,0.91988,-2.30353
-1.38364,0.64116,1.54770,-2.09023,0.92041,-2.30369
-1.38334,0.64160,1.54839,-2.08888,0.92094,-2.30387
-1.38299,0.64211,1.54801,-2.08843,0.92149,-2.30394
-1.38264,0.64263,1.54763,-2.08798,0.92204,-2.30403
-1.38246,0.64342,1.54789,-2.08747,0.92203,-2.30396
-1.38228,0.64422,1.54815,-2.08697,0.92202,-2.30390
-1.38170,0.64493,1.54881,-2.08552,0.92314,-2.30552
-1.38113,0.64566,1.54945,-2.08407,0.92427,-2.30714
-1.38040,0.64629,1.54916,-2.08245,0.92617,-2.30848
-1.37966,0.64692,1.54886,-2.08085,0.92808,-2.30981
-1.37946,0.64726,1.54867,-2.08056,0.92833,-2.30949
-1.37927,0.64759,1.54848,-2.08027,0.92856,-2.30917
-1.37964,0.64785,1.54884,-2.08133,0.92733,-2.30839
-1.38001,0.64811,1.54921,-2.08240,0.92608,-2.30762
-1.37921,0.64874,1.54891,-2.08054,0.92801,-2.30900
-1.37841,0.64937,1.54861,-2.07870,0.92994,-2.31037
-1.37791,0.64992,1.54934,-2.07709,0.93085,-2.31124
-1.37740,0.65047,1.55006,-2.07549,0.93175,-2.31209
-1.37696,0.65104,1.55019,-2.07434,0.93296,-2.31294
-1.37653,0.65161,1.55032,-2.07319,0.93418,-2.31380
-1.37603,0.65236,1.54991,-2.07250,0.93515,-2.31478
-1.37553,0.65311,1.54952,-2.07181,0.93612,-2.31576
-1.37576,0.65304,1.55042,-2.07199,0.93530,-2.31517
-1.37599,0.65296,1.55133,-2.07217,0.93447,-2.31458
-1.37597,0.65301,1.55051,-2.07301,0.93457,-2.31455
-1.37596,0.65306,1.54968,-2.07385,0.93467,-2.31452
-1.37476,0.65449,1.55018,-2.07066,0.93712,-2.31628
-1.37356,0.65592,1.55067,-2.06749,0.93959,-2.31801
-1.37319,0.65628,1.55067,-2.06648,0.94053,-2.31851
-1.37282,0.65664,1.55067,-2.06548,0.94147,-2.31899
-1.37223,0.65740,1.55039,-2.06437,0.94269,-2.31972
-1.37164,0.65816,1.55011,-2.06326,0.94392,-2.32046
-1.37131,0.65875,1.55037,-2.06265,0.94462,-2.32099
-1.37098,0.65933,1.55063,-2.06205,0.94532,-2.32151
-1.37062,0.65970,1.55081,-2.06113,0.94598,-2.32183
-1.37026,0.66006,1.55098,-2.06021,0.94664,-2.32214
-1.36989,0.66067,1.55088,-2.05975,0.94713,-2.32224
-1.36951,0.66129,1.55077,-2.05928,0.94762,-2.32235
-1.36909,0.66181,1.55144,-2.05811,0.94849,-2.32331
-1.36867,0.66233,1.55212,-2.05694,0.94936,-2.32428
-1.36799,0.66305,1.55134,-2.05612,0.95097,-2.32511
-1.36730,0.66376,1.55056,-2.05531,0.95258,-2.32594
-1.36671,0.66474,1.55147,-2.05366,0.95330,-2.32721
-1.36611,0.66572,1.55238,-2.05201,0.95402,-2.32847
-1.36638,0.66541,1.55243,-2.05253,0.95334,-2.33006
-1.36665,0.66509,1.55248,-2.05304,0.95265,-2.33165
-1.36656,0.66501,1.55169,-2.05392,0.95235,-2.33244
-1.36648,0.66492,1.55090,-2.05480,0.95205,-2.33324
-1.36638,0.66537,1.55082,-2.05508,0.95169,-2.33482
-1.36628,0.66581,1.55074,-2.05538,0.95132,-2.33640
-1.36624,0.66560,1.54992,-2.05610,0.95058,-2.33647
-1.36620,0.66538,1.54910,-2.05682,0.94985,-2.33655
-1.36633,0.66560,1.54938,-2.05703,0.94939,-2.33867
-1.36645,0.66581,1.54966,-2.05725,0.94892,-2.34078
-1.36633,0.66616,1.54979,-2.05757,0.94852,-2.34267
-1.36621,0.66652,1.54993,-2.05789,0.94810,-2.34456
-1.36638,0.66628,1.54986,-2.05867,0.94734,-2.34573
-1.36656,0.66603,1.54980,-2.05945,0.94657,-2.34689
-1.36653,0.66645,1.54996,-2.05952,0.94622,-2.34893
-1.36651,0.66687,1.55012,-2.05959,0.94587,-2.35098
-1.36633,0.66652,1.54849,-2.06063,0.94504,-2.34962
-1.36614,0.66617,1.54685,-2.06168,0.94421,-2.34824
-1.36636,0.66597,1.54667,-2.06234,0.94350,-2.34933
-1.36657,0.66578,1.54649,-2.06301,0.94280,-2.35043
-1.36685,0.66552,1.54644,-2.06368,0.94209,-2.35180
-1.36712,0.66526,1.54640,-2.06435,0.94138,-2.35317
-1.36720,0.66499,1.54604,-2.06519,0.94055,-2.35382
-1.36728,0.66471,1.54568,-2.06603,0.93973,-2.35446
-1.36761,0.66436,1.54567,-2.06675,0.93892,-2.35570
-1.36794,0.66400,1.54566,-2.06748,0.93811,-2.35694
-1.36791,0.66426,1.54550,-2.06769,0.93763,-2.35838
-1.36788,0.66451,1.54534,-2.06791,0.93715,-2.35982
-1.36765,0.66481,1.54494,-2.06836,0.93661,-2.36085
-1.36742,0.66510,1.54455,-2.06881,0.93607,-2.36190
-1.36729,0.66513,1.54400,-2.06943,0.93534,-2.36234
-1.36716,0.66515,1.54346,-2.07004,0.93461,-2.36278
-1.36708,0.66532,1.54277,-2.07034,0.93414,-2.36344
-1.36700,0.66549,1.54209,-2.07064,0.93366,-2.36412
-1.36681,0.66583,1.54124,-2.07075,0.93332,-2.36475
-1.36662,0.66618,1.54039,-2.07087,0.93299,-2.36540
-1.36642,0.66653,1.53953,-2.07099,0.93265,-2.36603
-1.36623,0.66688,1.53869,-2.07111,0.93231,-2.36667
-1.36604,0.66723,1.53783,-2.07122,0.93198,-2.36731
-1.36584,0.66758,1.53698,-2.07134,0.93164,-2.36794
-1.36565,0.66792,1.53614,-2.07146,0.93130,-2.36858
-1.36546,0.66827,1.53528,-2.07158,0.93096,-2.36922
-1.36527,0.66862,1.53443,-2.07170,0.93063,-2.36985
-1.36508,0.66897,1.53357,-2.07182,0.93029,-2.37049
-1.36488,0.66932,1.53272,-2.07194,0.92995,-2.37111
-1.36469,0.66967,1.53187,-2.07206,0.92961,-2.37175
-1.36450,0.67002,1.53102,-2.07218,0.92928,-2.37239
-1.36431,0.67037,1.53017,-2.07230,0.92894,-2.37302
-1.36412,0.67072,1.52931,-2.07241,0.92860,-2.37366
-1.36393,0.67107,1.52846,-2.07253,0.92827,-2.37430
-1.36374,0.67142,1.52761,-2.07266,0.92792,-2.37493
-1.36355,0.67177,1.52676,-2.07278,0.92759,-2.37556
-1.36336,0.67211,1.52591,-2.07290,0.92724,-2.37620
-1.36317,0.67246,1.52506,-2.07302,0.92691,-2.37682
-1.36298,0.67281,1.52420,-2.07314,0.92657,-2.37745
-1.36279,0.67316,1.52335,-2.07326,0.92623,-2.37809
-1.36260,0.67351,1.52250,-2.07338,0.92589,-2.37872
-1.36241,0.67386,1.52164,-2.07350,0.92555,-2.37935
-1.36222,0.67421,1.52079,-2.07362,0.92521,-2.37999
-1.36203,0.67456,1.51994,-2.07374,0.92487,-2.38062
-1.36184,0.67491,1.51908,-2.07386,0.92453,-2.38125
-1.36165,0.67526,1.51822,-2.07399,0.92419,-2.38188
-1.36147,0.67561,1.51737,-2.07411,0.92385,-2.38251
-1.36128,0.67596,1.51652,-2.07423,0.92351,-2.38314
-1.36109,0.67631,1.51567,-2.07435,0.92317,-2.38377
-1.36090,0.67666,1.51481,-2.07448,0.92283,-2.38440
-1.36071,0.67701,1.51396,-2.07460,0.92249,-2.38503
-1.36053,0.67736,1.51311,-2.07472,0.92214,-2.38566
-1.36034,0.67771,1.51225,-2.07485,0.92181,-2.38629
-1.36015,0.67806,1.51139,-2.07497,0.92147,-2.38691
-1.35997,0.67841,1.51054,-2.07509,0.92112,-2.38754
-1.35978,0.67876,1.50969,-2.07521,0.92078,-2.38817
-1.35959,0.67911,1.50883,-2.07534,0.92044,-2.38880
-1.35941,0.67946,1.50798,-2.07546,0.92010,-2.38942
-1.35922,0.67981,1.50712,-2.07559,0.91975,-2.39005
-1.35903,0.68016,1.50627,-2.07571,0.91941,-2.39068
-1.35885,0.68051,1.50541,-2.07583,0.91907,-2.39131
-1.35866,0.68086,1.50456,-2.07596,0.91872,-2.39193
-1.35848,0.68120,1.50370,-2.07609,0.91838,-2.39255
-1.35830,0.68155,1.50285,-2.07621,0.91804,-2.39318
-1.35811,0.68190,1.50200,-2.07633,0.91769,-2.39380
-1.35793,0.68225,1.50114,-2.07646,0.91735,-2.39443
-1.35774,0.68260,1.50029,-2.07658,0.91700,-2.39506
-1.35756,0.68296,1.49943,-2.07671,0.91666,-2.39568
-1.35737,0.68331,1.49857,-2.07684,0.91632,-2.39631
-1.35719,0.68366,1.49771,-2.07696,0.91597,-2.39693
-1.35700,0.68401,1.49686,-2.07708,0.91563,-2.39755
-1.35682,0.68436,1.49600,-2.07722,0.91528,-2.39818
-1.35664,0.68471,1.49514,-2.07734,0.91494,-2.39879
-1.35646,0.68506,1.49429,-2.07747,0.91459,-2.39942
-1.35627,0.68541,1.49344,-2.07759,0.91425,-2.40005
-1.35609,0.68576,1.49258,-2.07772,0.91390,-2.40066
-1.35591,0.68611,1.49172,-2.07785,0.91356,-2.40129
-1.35572,0.68646,1.49086,-2.07798,0.91321,-2.40190
-1.35554,0.68681,1.49001,-2.07810,0.91287,-2.40254
-1.35536,0.68716,1.48915,-2.07823,0.91252,-2.40315
-1.35518,0.68751,1.48830,-2.07836,0.91217,-2.40377
-1.35499,0.68786,1.48743,-2.07849,0.91183,-2.40439
-1.35481,0.68821,1.48658,-2.07861,0.91148,-2.40501
-1.35463,0.68856,1.48572,-2.07874,0.91113,-2.40563
