1.16259,0.89272,0.74158,-1.55273,0.84034,-2.51956
1.16259,0.89272,0.74158,-1.55273,0.84034,-2.51956
1.16259,0.89272,0.74158,-1.55273,0.84034,-2.51956
1.16259,0.89272,0.74158,-1.55273,0.84034,-2.51956
1.16259,0.89272,0.74158,-1.55273,0.84034,-2.51956
1.16259,0.89272,0.74158,-1.55273,0.84034,-2.51956
1.16259,0.89272,0.74158,-1.55273,0.84034,-2.51956
1.16259,0.89272,0.74158,-1.55273,0.84034,-2.51956
1.16259,0.89272,0.74158,-1.55273,0.84034,-2.51956
1.16259,0.89272,0.74158,-1.55273,0.84034,-2.51956
1.16259,0.89272,0.74158,-1.55273,0.84034,-2.51956
1.16259,0.89272,0.74158,-1.55273,0.84034,-2.51956
1.16259,0.89272,0.74158,-1.55273,0.84034,-2.51956
1.16259,0.89272,0.74158,-1.55273,0.84034,-2.51956
1.16259,0.89272,0.74158,-1.55273,0.84034,-2.51956
1.16259,0.89272,0.74158,-1.55273,0.84034,-2.51956
1.16259,0.89272,0.74158,-1.55273,0.84034,-2.51956
1.16259,0.89272,0.74158,-1.55273,0.84034,-2.51956
1.16259,0.89272,0.74158,-1.55273,0.84034,-2.51956
1.16259,0.89272,0.74158,-1.55273,0.84034,-2.51956
1.16259,0.89272,0.74158,-1.55273,0.84034,-2.51956
1.16259,0.89272,0.74158,-1.55273,0.84034,-2.51956
1.16259,0.89272,0.74158,-1.55273,0.84034,-2.51956
1.16259,0.89272,0.74158,-1.55273,0.84034,-2.51956
1.16259,0.89272,0.74158,-1.55273,0.84034,-2.51956
1.16259,0.89272,0.74158,-1.55273,0.84034,-2.51956
1.16259,0.89272,0.74158,-1.55273,0.84034,-2.51956
1.16259,0.89272,0.74158,-1.55273,0.84034,-2.51956
1.16259,0.89272,0.74158,-1.55273,0.84034,-2.51956
1.16259,0.89272,0.74158,-1.55273,0.84034,-2.51956
1.16259,0.89272,0.74158,-1.55273,0.84034,-2.51956
1.16259,0.89272,0.74158,-1.55273,0.84034,-2.51956
1.16259,0.89272,0.74158,-1.55273,0.84034,-2.51956
1.16259,0.89272,0.74158,-1.55273,0.84034,-2.51956
1.16259,0.89272,0.74158,-1.55273,0.84034,-2.51956
1.16259,0.89272,0.74158,-1.55273,0.84034,-2.51956
1.16259,0.89272,0.74158,-1.55273,0.84034,-2.51956
1.16259,0.89272,0.74158,-1.55273,0.84034,-2.51956
1.16259,0.89272,0.74158,-1.55273,0.84034,-2.51956
1.16259,0.89272,0.74158,-1.55273,0.84034,-2.51956
1.16259,0.89272,0.74158,-1.55273,0.84034,-2.51956
1.16259,0.89272,0.74158,-1.55273,0.84034,-2.51956
1.16259,0.89272,0.74158,-1.55273,0.84034,-2.51956
1.16259,0.89272,0.74158,-1.55273,0.84034,-2.51956
1.16259,0.89272,0.74158,-1.55273,0.84034,-2.51956
1.16259,0.89272,0.74158,-1.55273,0.84034,-2.51956
1.16259,0.89272,0.74158,-1.55273,0.84034,-2.51956
1.16259,0.89272,0.74158,-1.55273,0.84034,-2.51956
1.16259,0.89272,0.74158,-1.55273,0.84034,-2.51956
1.16259,0.89272,0.74158,-1.55273,0.84034,-2.51956
1.16259,0.89272,0.74158,-1.55273,0.84034,-2.51956
1.16259,0.89272,0.74158,-1.55273,0.84034,-2.51956
1.16259,0.89272,0.74158,-1.55273,0.84034,-2.51956
1.16259,0.89272,0.74158,-1.55273,0.84034,-2.51956
1.16259,0.89272,0.74158,-1.55273,0.84034,-2.51956
1.16259,0.89272,0.74158,-1.55273,0.84034,-2.51956
1.16259,0.89272,0.74158,-1.55273,0.84034,-2.51956
1.16259,0.89272,0.74158,-1.55273,0.84034,-2.51956
1.16259,0.89272,0.74158,-1.55273,0.84034,-2.51956
1.16259,0.89272,0.74158,-1.55273,0.84034,-2.51956
1.16259,0.89272,0.74158,-1.55273,0.84034,-2.51956
1.16259,0.89272,0.74158,-1.55273,0.84034,-2.51956
1.16259,0.89272,0.74158,-1.55273,0.84034,-2.51956
1.16259,0.89272,0.74158,-1.55273,0.84034,-2.51956
1.16259,0.89272,0.74158,-1.55273,0.84034,-2.51956
1.16259,0.89272,0.74158,-1.55273,0.84034,-2.51956
1.16259,0.89272,0.74158,-1.55273,0.84034,-2.51956
1.16259,0.89272,0.74158,-1.55273,0.84034,-2.51956
1.16259,0.89272,0.74158,-1.55273,0.84034,-2.51956
1.16259,0.89272,0.74158,-1.55273,0.84034,-2.51956
1.16259,0.89272,0.74158,-1.55273,0.84034,-2.51956
1.16259,0.89272,0.74158,-1.55273,0.84034,-2.51956
1.16259,0.89272,0.74158,-1.55273,0.84034,-2.51956
1.16259,0.89272,0.74158,-1.55273,0.84034,-2.51956
1.16259,0.89272,0.74158,-1.55273,0.84034,-2.51956
1.16259,0.89272,0.74158,-1.55273,0.84034,-2.51956
1.16259,0.89272,0.74158,-1.55273,0.84034,-2.51956
1.16259,0.89272,0.74158,-1.55273,0.84034,-2.51956
1.16259,0.89272,0.74158,-1.55273,0.84034,-2.51956
1.16259,0.89272,0.74158,-1.55273,0.84034,-2.51956
1.16259,0.89272,0.74158,-1.55273,0.84034,-2.51956
1.16259,0.89272,0.74158,-1.55273,0.84034,-2.51956
1.16259,0.89272,0.74158,-1.55273,0.84034,-2.51956
1.16259,0.89272,0.74158,-1.55273,0.84034,-2.51956
1.16259,0.89272,0.74158,-1.55273,0.84034,-2.51956
1.16259,0.89272,0.74158,-1.55273,0.84034,-2.51956
1.16259,0.89272,0.74158,-1.55273,0.84034,-2.51956
1.16259,0.89272,0.74158,-1.55273,0.84034,-2.51956
1.16259,0.89272,0.74158,-1.55273,0.84034,-2.51956
1.16259,0.89272,0.74158,-1.55273,0.84034,-2.51956
1.16259,0.89272,0.74158,-1.55273,0.84034,-2.51956
1.16259,0.89272,0.74158,-1.55273,0.84034,-2.51956
1.16259,0.89272,0.74158,-1.55273,0.84034,-2.51956
1.16259,0.89272,0.74158,-1.55273,0.84034,-2.51956
1.16259,0.89272,0.74158,-1.55273,0.84034,-2.51956
1.16259,0.89272,0.74158,-1.55273,0.84034,-2.51956
1.16259,0.89272,0.74158,-1.55273,0.84034,-2.51956
1.16259,0.89272,0.74158,-1.55273,0.84034,-2.51956
1.16259,0.89272,0.74158,-1.55273,0.84034,-2.51956
1.16259,0.89272,0.74158,-1.55273,0.84034,-2.51956
1.16259,0.89272,0.74158,-1.55273,0.84034,-2.51956
1.16259,0.89272,0.74158,-1.55273,0.84034,-2.51956
1.16259,0.89272,0.74158,-1.55273,0.84034,-2.51956
1.16259,0.89272,0.74158,-1.55273,0.84034,-2.51956
1.16259,0.89272,0.74158,-1.55273,0.84034,-2.51956
1.16259,0.89272,0.74158,-1.55273,0.84034,-2.51956
1.16259,0.89272,0.74158,-1.55273,0.84034,-2.51956
1.16259,0.89272,0.74158,-1.55273,0.84034,-2.51956
1.16259,0.89272,0.74158,-1.55273,0.84034,-2.51956
1.16259,0.89272,0.74158,-1.55273,0.84034,-2.51956
1.16259,0.89272,0.74158,-1.55273,0.84034,-2.51956
1.16259,0.89272,0.74158,-1.55273,0.84034,-2.51956
1.16259,0.89272,0.74158,-1.55273,0.84034,-2.51956
1.16259,0.89272,0.74158,-1.55273,0.84034,-2.51956
1.16259,0.89272,0.74158,-1.55273,0.84034,-2.51956
1.16259,0.89272,0.74158,-1.55273,0.84034,-2.51956
1.16259,0.89272,0.74158,-1.55273,0.84034,-2.51956
1.16259,0.89272,0.74158,-1.55273,0.84034,-2.51956
1.16259,0.89272,0.74158,-1.55273,0.84034,-2.51956
1.16259,0.89272,0.74158,-1.55273,0.84034,-2.51956
1.16259,0.89272,0.74158,-1.55273,0.84034,-2.51956
1.16259,0.89272,0.74158,-1.55273,0.84034,-2.51956
1.16259,0.89272,0.74158,-1.55273,0.84034,-2.51956
1.16259,0.89272,0.74158,-1.55273,0.84034,-2.51956
1.16259,0.89272,0.74158,-1.55273,0.84034,-2.51956
1.16259,0.89272,0.74158,-1.55273,0.84034,-2.51956
1.16259,0.89272,0.74158,-1.55273,0.84034,-2.51956
1.16259,0.89272,0.74158,-1.55273,0.84034,-2.51956
1.16259,0.89272,0.74158,-1.55273,0.84034,-2.51956
1.16259,0.89272,0.74158,-1.55273,0.84034,-2.51956
1.16259,0.89272,0.74158,-1.55273,0.84034,-2.51956
1.16259,0.89272,0.74158,-1.55273,0.84034,-2.51956
1.16259,0.89272,0.74158,-1.55273,0.84034,-2.51956
1.16259,0.89272,0.74158,-1.55273,0.84034,-2.51956
1.16259,0.89272,0.74158,-1.55273,0.84034,-2.51956
1.16259,0.89272,0.74158,-1.55273,0.84034,-2.51956
1.16259,0.89272,0.74158,-1.55273,0.84034,-2.51956
1.16259,0.89272,0.74158,-1.55273,0.84034,-2.51956
1.16259,0.89272,0.74158,-1.55273,0.84034,-2.51956
1.16259,0.89272,0.74158,-1.55273,0.84034,-2.51956
1.16259,0.89272,0.74158,-1.55273,0.84034,-2.51956
1.16259,0.89272,0.74158,-1.55273,0.84034,-2.51956
1.16259,0.89272,0.74158,-1.55273,0.84034,-2.51956
1.16259,0.89272,0.74158,-1.55273,0.84034,-2.51956
1.16259,0.89272,0.74158,-1.55273,0.84034,-2.51956
1.16259,0.89272,0.74158,-1.55273,0.84034,-2.51956
1.16259,0.89272,0.74158,-1.55273,0.84034,-2.51956
1.16259,0.89272,0.74158,-1.55273,0.84034,-2.51956
1.16259,0.89272,0.74158,-1.55273,0.84034,-2.51956
1.16259,0.89272,0.74158,-1.55273,0.84034,-2.51956
1.16259,0.89272,0.74158,-1.55273,0.84034,-2.51956
1.16259,0.89272,0.74158,-1.55273,0.84034,-2.51956
1.16259,0.89272,0.74158,-1.55273,0.84034,-2.51956
1.16259,0.89272,0.74158,-1.55273,0.84034,-2.51956
1.16259,0.89272,0.74158,-1.55273,0.84034,-2.51956
1.16259,0.89272,0.74158,-1.55273,0.84034,-2.51956
1.16259,0.89272,0.74158,-1.55273,0.84034,-2.51956
1.16259,0.89272,0.74158,-1.55273,0.84034,-2.51956
1.16259,0.89272,0.74158,-1.55273,0.84034,-2.51956
1.16259,0.89272,0.74158,-1.55273,0.84034,-2.51956
1.16259,0.89272,0.74158,-1.55273,0.84034,-2.51956
1.16259,0.89272,0.74158,-1.55273,0.84034,-2.51956
1.16259,0.89272,0.74158,-1.55273,0.84034,-2.51956
1.16259,0.89272,0.74158,-1.55273,0.84034,-2.51956
1.16259,0.89272,0.74158,-1.55273,0.84034,-2.51956
1.16259,0.89272,0.74158,-1.55273,0.84034,-2.51956
1.16259,0.89272,0.74158,-1.55273,0.84034,-2.51956
1.16259,0.89272,0.74158,-1.55273,0.84034,-2.51956
1.16259,0.89272,0.74158,-1.55273,0.84034,-2.51956
1.16259,0.89272,0.74158,-1.55273,0.84034,-2.51956
1.16259,0.89272,0.74158,-1.55273,0.84034,-2.51956
1.16259,0.89272,0.74158,-1.55273,0.84034,-2.51956
1.16259,0.89272,0.74158,-1.55273,0.84034,-2.51956
1.16259,0.89272,0.74158,-1.55273,0.84034,-2.51956
1.16259,0.89272,0.74158,-1.55273,0.84034,-2.51956
1.16259,0.89272,0.74158,-1.55273,0.84034,-2.51956
1.16259,0.89272,0.74158,-1.55273,0.84034,-2.51956
1.16259,0.89272,0.74158,-1.55273,0.84034,-2.51956
1.16259,0.89272,0.74158,-1.55273,0.84034,-2.51956
1.16259,0.89272,0.74158,-1.55273,0.84034,-2.51956
1.16259,0.89272,0.74158,-1.55273,0.84034,-2.51956
1.16259,0.89272,0.74158,-1.55273,0.84034,-2.51956
1.16259,0.89272,0.74158,-1.55273,0.84034,-2.51956
1.16259,0.89272,0.74158,-1.55273,0.84034,-2.51956
1.16259,0.89272,0.74158,-1.55273,0.84034,-2.51956
1.16259,0.89272,0.74158,-1.55273,0.84034,-2.51956
1.16259,0.89272,0.74158,-1.55273,0.84034,-2.51956
1.16259,0.89272,0.74158,-1.55273,0.84034,-2.51956
1.16259,0.89272,0.74158,-1.55273,0.84034,-2.51956
1.16259,0.89272,0.74158,-1.55273,0.84034,-2.51956
1.16259,0.89272,0.74158,-1.55273,0.84034,-2.51956
1.16259,0.89272,0.74158,-1.55273,0.84034,-2.51956
1.16259,0.89272,0.74158,-1.55273,0.84034,-2.51956
1.16259,0.89272,0.74158,-1.55273,0.84034,-2.51956
1.16259,0.89272,0.74158,-1.55273,0.84034,-2.51956
1.16259,0.89272,0.74158,-1.55273,0.84034,-2.51956
1.16259,0.89272,0.74158,-1.55273,0.84034,-2.51956
1.16259,0.89272,0.74158,-1.55273,0.84034,-2.51956
1.16259,0.89272,0.74158,-1.55273,0.84034,-2.51956
1.16259,0.89272,0.74158,-1.55273,0.84034,-2.51956
1.16259,0.89272,0.74158,-1.55273,0.84034,-2.51956
1.16259,0.89272,0.74158,-1.55273,0.84034,-2.51956
1.16259,0.89272,0.74158,-1.55273,0.84034,-2.51956
1.16259,0.89272,0.74158,-1.55273,0.84034,-2.51956
1.16259,0.89272,0.74158,-1.55273,0.84034,-2.51956
1.16259,0.89272,0.74158,-1.55273,0.84034,-2.51956
1.16259,0.89272,0.74158,-1.55273,0.84034,-2.51956
1.16259,0.89272,0.74158,-1.55273,0.84034,-2.51956
1.16259,0.89272,0.74158,-1.55273,0.84034,-2.51956
1.16259,0.89272,0.74158,-1.55273,0.84034,-2.51956
1.16259,0.89272,0.74158,-1.55273,0.84034,-2.51956
1.16259,0.89272,0.74158,-1.55273,0.84034,-2.51956
1.16259,0.89272,0.74158,-1.55273,0.84034,-2.51956
1.16259,0.89272,0.74158,-1.55273,0.84034,-2.51956
1.16259,0.89272,0.74158,-1.55273,0.84034,-2.51956
1.16259,0.89272,0.74158,-1.55273,0.84034,-2.51956
1.16259,0.89272,0.74158,-1.55273,0.84034,-2.51956
1.16259,0.89272,0.74158,-1.55273,0.84034,-2.51956
1.16259,0.89272,0.74158,-1.55273,0.84034,-2.51956
1.16259,0.89272,0.74158,-1.55273,0.84034,-2.51956
1.16259,0.89272,0.74158,-1.55273,0.84034,-2.51956
1.16259,0.89272,0.74158,-1.55273,0.84034,-2.51956
1.16259,0.89272,0.74158,-1.55273,0.84034,-2.51956
1.16259,0.89272,0.74158,-1.55273,0.84034,-2.51956
1.16259,0.89272,0.74158,-1.55273,0.84034,-2.51956
1.16259,0.89272,0.74158,-1.55273,0.84034,-2.51956
1.16259,0.89272,0.74158,-1.55273,0.84034,-2.51956
1.16259,0.89272,0.74158,-1.55273,0.84034,-2.51956
1.16259,0.89272,0.74158,-1.55273,0.84034,-2.51956
1.16259,0.89272,0.74158,-1.55273,0.84034,-2.51956
1.16259,0.89272,0.74158,-1.55273,0.84034,-2.51956
1.16259,0.89272,0.74158,-1.55273,0.84034,-2.51956
1.16259,0.89272,0.74158,-1.55273,0.84034,-2.51956
1.16259,0.89272,0.74158,-1.55273,0.84034,-2.51956
1.16259,0.89272,0.74158,-1.55273,0.84034,-2.51956
1.16259,0.89272,0.74158,-1.55273,0.84034,-2.51956
1.16259,0.89272,0.74158,-1.55273,0.84034,-2.51956
1.16259,0.89272,0.74158,-1.55273,0.84034,-2.51956
1.16259,0.89272,0.74158,-1.55273,0.84034,-2.51956
1.16259,0.89272,0.74158,-1.55273,0.84034,-2.51956
1.16259,0.89272,0.74158,-1.55273,0.84034,-2.51956
1.16259,0.89272,0.74158,-1.55273,0.84034,-2.51956
1.16259,0.89272,0.74158,-1.55273,0.84034,-2.51956
1.16259,0.89272,0.74158,-1.55273,0.84034,-2.51956
1.16259,0.89272,0.74158,-1.55273,0.84034,-2.51956
1.16259,0.89272,0.74158,-1.55273,0.84034,-2.51956
1.16259,0.89272,0.74158,-1.55273,0.84034,-2.51956
1.16259,0.89272,0.74158,-1.55273,0.84034,-2.51956
1.16259,0.89272,0.74158,-1.55273,0.84034,-2.51956
1.16259,0.89272,0.74158,-1.55273,0.84034,-2.51956
1.16259,0.89272,0.74158,-1.55273,0.84034,-2.51956
1.16259,0.89272,0.74158,-1.55273,0.84034,-2.51956
1.16259,0.89272,0.74158,-1.55273,0.84034,-2.51956
1.16259,0.89272,0.74158,-1.55273,0.84034,-2.51956
1.16259,0.89272,0.74158,-1.55273,0.84034,-2.51956
1.16259,0.89272,0.74158,-1.55273,0.84034,-2.51956
1.16259,0.89272,0.74158,-1.55273,0.84034,-2.51956
1.16259,0.89272,0.74158,-1.55273,0.84034,-2.51956
1.16259,0.89272,0.74158,-1.55273,0.84034,-2.51956
1.16259,0.89272,0.74158,-1.55273,0.84034,-2.51956
1.16259,0.89272,0.74158,-1.55273,0.84034,-2.51956
1.16259,0.89272,0.74158,-1.55273,0.84034,-2.51956
1.16259,0.89272,0.74158,-1.55273,0.84034,-2.51956
1.16259,0.89272,0.74158,-1.55273,0.84034,-2.51956
1.16259,0.89272,0.74158,-1.55273,0.84034,-2.51956
1.16259,0.89272,0.74158,-1.55273,0.84034,-2.51956
1.16259,0.89272,0.74158,-1.55273,0.84034,-2.51956
1.16259,0.89272,0.74158,-1.55273,0.84034,-2.51956
1.16259,0.89272,0.74158,-1.55273,0.84034,-2.51956
1.16259,0.89272,0.74158,-1.55273,0.84034,-2.51956
1.16259,0.89272,0.74158,-1.55273,0.84034,-2.51956
1.16259,0.89272,0.74158,-1.55273,0.84034,-2.51956
1.16259,0.89272,0.74158,-1.55273,0.84034,-2.51956
1.16259,0.89272,0.74158,-1.55273,0.84034,-2.51956
1.16259,0.89272,0.74158,-1.55273,0.84034,-2.51956
1.16259,0.89272,0.74158,-1.55273,0.84034,-2.51956
1.16259,0.89272,0.74158,-1.55273,0.84034,-2.51956
1.16259,0.89272,0.74158,-1.55273,0.84034,-2.51956
1.16259,0.89272,0.74158,-1.55273,0.84034,-2.51956
1.16259,0.89272,0.74158,-1.55273,0.84034,-2.51956
1.16259,0.89272,0.74158,-1.55273,0.84034,-2.51956
1.16259,0.89272,0.74158,-1.55273,0.84034,-2.51956
1.16259,0.89272,0.74158,-1.55273,0.84034,-2.51956
1.16259,0.89272,0.74158,-1.55273,0.84034,-2.51956
1.16259,0.89272,0.74158,-1.55273,0.84034,-2.51956
1.16259,0.89272,0.74158,-1.55273,0.84034,-2.51956
1.16259,0.89272,0.74158,-1.55273,0.84034,-2.51956
1.16259,0.89272,0.74158,-1.55273,0.84034,-2.51956
1.16259,0.89272,0.74158,-1.55273,0.84034,-2.51956
1.16259,0.89272,0.74158,-1.55273,0.84034,-2.51956
1.16259,0.89272,0.74158,-1.55273,0.84034,-2.51956
1.16259,0.89272,0.74158,-1.55273,0.84034,-2.51956
1.16259,0.89272,0.74158,-1.55273,0.84034,-2.51956
1.16259,0.89272,0.74158,-1.55273,0.84034,-2.51956
1.16259,0.89272,0.74158,-1.55273,0.84034,-2.51956
1.16259,0.89272,0.74158,-1.55273,0.84034,-2.51956
1.16259,0.89272,0.74158,-1.55273,0.84034,-2.51956
1.16259,0.89272,0.74158,-1.55273,0.84034,-2.51956
1.16259,0.89272,0.74158,-1.55273,0.84034,-2.51956
1.16259,0.89272,0.74158,-1.55273,0.84034,-2.51956
1.16259,0.89272,0.74158,-1.55273,0.84034,-2.51956
1.16259,0.89272,0.74158,-1.55273,0.84034,-2.51956
1.16259,0.89272,0.74158,-1.55273,0.84034,-2.51956
1.16259,0.89272,0.74158,-1.55273,0.84034,-2.51956
1.16259,0.89272,0.74158,-1.55273,0.84034,-2.51956
1.16259,0.89272,0.74158,-1.55273,0.84034,-2.51956
1.16259,0.89272,0.74158,-1.55273,0.84034,-2.51956
1.16259,0.89272,0.74158,-1.55273,0.84034,-2.51956
1.16259,0.89272,0.74158,-1.55273,0.84034,-2.51956
1.16259,0.89272,0.74158,-1.55273,0.84034,-2.51956
1.16259,0.89272,0.74158,-1.55273,0.84034,-2.51956
1.16259,0.89272,0.74158,-1.55273,0.84034,-2.51956
1.16259,0.89272,0.74158,-1.55273,0.84034,-2.51956
1.16259,0.89272,0.74158,-1.55273,0.84034,-2.51956
1.16259,0.89272,0.74158,-1.55273,0.84034,-2.51956
1.16259,0.89272,0.74158,-1.55273,0.84034,-2.51956
1.16259,0.89272,0.74158,-1.55273,0.84034,-2.51956
1.16259,0.89272,0.74158,-1.55273,0.84034,-2.51956
1.16259,0.89272,0.74158,-1.55273,0.84034,-2.51956
1.16259,0.89272,0.74158,-1.55273,0.84034,-2.51956
1.16259,0.89272,0.74158,-1.55273,0.84034,-2.51956
1.16259,0.89272,0.74158,-1.55273,0.84034,-2.51956
1.16259,0.89272,0.74158,-1.55273,0.84034,-2.51956
1.16259,0.89272,0.74158,-1.55273,0.84034,-2.51956
1.16259,0.89272,0.74158,-1.55273,0.84034,-2.51956
1.16259,0.89272,0.74158,-1.55273,0.84034,-2.51956
1.16259,0.89272,0.74158,-1.55273,0.84034,-2.51956
1.16259,0.89272,0.74158,-1.55273,0.84034,-2.51956
1.16259,0.89272,0.74158,-1.55273,0.84034,-2.51956
1.16259,0.89272,0.74158,-1.55273,0.84034,-2.51956
1.16259,0.89272,0.74158,-1.55273,0.84034,-2.51956
1.16259,0.89272,0.74158,-1.55273,0.84034,-2.51956
1.16259,0.89272,0.74158,-1.55273,0.84034,-2.51956
1.16259,0.89272,0.74158,-1.55273,0.84034,-2.51956
1.16259,0.89272,0.74158,-1.55273,0.84034,-2.51956
1.16259,0.89272,0.74158,-1.55273,0.84034,-2.51956
1.16259,0.89272,0.74158,-1.55273,0.84034,-2.51956
1.16259,0.89272,0.74158,-1.55273,0.84034,-2.51956
1.16259,0.89272,0.74158,-1.55273,0.84034,-2.51956
1.16259,0.89272,0.74158,-1.55273,0.84034,-2.51956
1.16259,0.89272,0.74158,-1.55273,0.84034,-2.51956
1.16259,0.89272,0.74158,-1.55273,0.84034,-2.51956
1.16259,0.89272,0.74158,-1.55273,0.84034,-2.51956
1.16259,0.89272,0.74158,-1.55273,0.84034,-2.51956
1.16259,0.89272,0.74158,-1.55273,0.84034,-2.51956
1.16259,0.89272,0.74158,-1.55273,0.84034,-2.51956
1.16259,0.89272,0.74158,-1.55273,0.84034,-2.51956
1.16259,0.89272,0.74158,-1.55273,0.84034,-2.51956
1.16259,0.89272,0.74158,-1.55273,0.84034,-2.51956
1.16259,0.89272,0.74158,-1.55273,0.84034,-2.51956
1.16259,0.89272,0.74158,-1.55273,0.84034,-2.51956
1.16259,0.89272,0.74158,-1.55273,0.84034,-2.51956
1.16259,0.89272,0.74158,-1.55273,0.84034,-2.51956
1.16259,0.89272,0.74158,-1.55273,0.84034,-2.51956
1.16259,0.89272,0.74158,-1.55273,0.84034,-2.51956
1.16259,0.89272,0.74158,-1.55273,0.84034,-2.51956
1.16259,0.89272,0.74158,-1.55273,0.84034,-2.51956
1.16259,0.89272,0.74158,-1.55273,0.84034,-2.51956
1.16259,0.89272,0.74158,-1.55273,0.84034,-2.51956
1.16259,0.89272,0.74158,-1.55273,0.84034,-2.51956
1.16259,0.89272,0.74158,-1.55273,0.84034,-2.51956
1.16259,0.89272,0.74158,-1.55273,0.84034,-2.51956
1.16259,0.89272,0.74158,-1.55273,0.84034,-2.51956
1.16259,0.89272,0.74158,-1.55273,0.84034,-2.51956
1.16259,0.89272,0.74158,-1.55273,0.84034,-2.51956
1.16259,0.89272,0.74158,-1.55273,0.84034,-2.51956
1.16259,0.89272,0.74158,-1.55273,0.84034,-2.51956
1.16259,0.89272,0.74158,-1.55273,0.84034,-2.51956
1.16259,0.89272,0.74158,-1.55273,0.84034,-2.51956
1.16259,0.89272,0.74158,-1.55273,0.84034,-2.51956
1.16259,0.89272,0.74158,-1.55273,0.84034,-2.51956
1.16259,0.89272,0.74158,-1.55273,0.84034,-2.51956
1.16259,0.89272,0.74158,-1.55273,0.84034,-2.51956
1.16259,0.89272,0.74158,-1.55273,0.84034,-2.51956
1.16259,0.89272,0.74158,-1.55273,0.84034,-2.51956
1.16259,0.89272,0.74158,-1.55273,0.84034,-2.51956
1.16259,0.89272,0.74158,-1.55273,0.84034,-2.51956
1.16259,0.89272,0.74158,-1.55273,0.84034,-2.51956
1.16259,0.89272,0.74158,-1.55273,0.84034,-2.51956
1.16259,0.89272,0.74158,-1.55273,0.84034,-2.51956
1.16259,0.89272,0.74158,-1.55273,0.84034,-2.51956
1.16259,0.89272,0.74158,-1.55273,0.84034,-2.51956
1.16259,0.89272,0.74158,-1.55273,0.84034,-2.51956
1.16259,0.89272,0.74158,-1.55273,0.84034,-2.51956
1.16259,0.89272,0.74158,-1.55273,0.84034,-2.51956
1.16259,0.89272,0.74158,-1.55273,0.84034,-2.51956
1.16259,0.89272,0.74158,-1.55273,0.84034,-2.51956
1.16259,0.89272,0.74158,-1.55273,0.84034,-2.51956
1.16259,0.89272,0.74158,-1.55273,0.84034,-2.51956
1.16259,0.89272,0.74158,-1.55273,0.84034,-2.51956
1.16259,0.89272,0.74158,-1.55273,0.84034,-2.51956
1.16259,0.89272,0.74158,-1.55273,0.84034,-2.51956
1.16259,0.89272,0.74158,-1.55273,0.84034,-2.51956
1.16259,0.89272,0.74158,-1.55273,0.84034,-2.51956
1.16259,0.89272,0.74158,-1.55273,0.84034,-2.51956
1.16259,0.89272,0.74158,-1.55273,0.84034,-2.51956
1.16259,0.89272,0.74158,-1.55273,0.84034,-2.51956
1.16259,0.89272,0.74158,-1.55273,0.84034,-2.51956
1.16259,0.89272,0.74158,-1.55273,0.84034,-2.51956
1.16259,0.89272,0.74158,-1.55273,0.84034,-2.51956
1.16259,0.89272,0.74158,-1.55273,0.84034,-2.51956
1.16259,0.89272,0.74158,-1.55273,0.84034,-2.51956
1.16259,0.89272,0.74158,-1.55273,0.84034,-2.51956
1.16259,0.89272,0.74158,-1.55273,0.84034,-2.51956
1.16259,0.89272,0.74158,-1.55273,0.84034,-2.51956
1.16259,0.89272,0.74158,-1.55273,0.84034,-2.51956
1.16259,0.89272,0.74158,-1.55273,0.84034,-2.51956
1.16259,0.89272,0.74158,-1.55273,0.84034,-2.51956
1.16259,0.89272,0.74158,-1.55273,0.84034,-2.51956
1.16259,0.89272,0.74158,-1.55273,0.84034,-2.51956
1.16259,0.89272,0.74158,-1.55273,0.84034,-2.51956
1.16259,0.89272,0.74158,-1.55273,0.84034,-2.51956
1.16259,0.89272,0.74158,-1.55273,0.84034,-2.51956
1.16259,0.89272,0.74158,-1.55273,0.84034,-2.51956
1.16259,0.89272,0.74158,-1.55273,0.84034,-2.51956
1.16259,0.89272,0.74158,-1.55273,0.84034,-2.51956
1.16259,0.89272,0.74158,-1.55273,0.84034,-2.51956
1.16259,0.89272,0.74158,-1.55273,0.84034,-2.51956
1.16259,0.89272,0.74158,-1.55273,0.84034,-2.51956
1.16259,0.89272,0.74158,-1.55273,0.84034,-2.51956
1.16259,0.89272,0.74158,-1.55273,0.84034,-2.51956
1.16259,0.89272,0.74158,-1.55273,0.84034,-2.51956
1.16259,0.89272,0.74158,-1.55273,0.84034,-2.51956
1.16259,0.89272,0.74158,-1.55273,0.84034,-2.51956
1.16259,0.89272,0.74158,-1.55273,0.84034,-2.51956
1.16259,0.89272,0.74158,-1.55273,0.84034,-2.51956
1.16259,0.89272,0.74158,-1.55273,0.84034,-2.51956
1.16259,0.89272,0.74158,-1.55273,0.84034,-2.51956
1.16259,0.89272,0.74158,-1.55273,0.84034,-2.51956
1.16259,0.89272,0.74158,-1.55273,0.84034,-2.51956
1.16259,0.89272,0.74158,-1.55273,0.84034,-2.51956
1.16259,0.89272,0.74158,-1.55273,0.84034,-2.51956
1.16259,0.89272,0.74158,-1.55273,0.84034,-2.51956
1.16259,0.89272,0.74158,-1.55273,0.84034,-2.51956
1.16259,0.89272,0.74158,-1.55273,0.84034,-2.51956
1.16259,0.89272,0.74158,-1.55273,0.84034,-2.51956
1.16259,0.89272,0.74158,-1.55273,0.84034,-2.51956
1.16259,0.89272,0.74158,-1.55273,0.84034,-2.51956
1.16259,0.89272,0.74158,-1.55273,0.84034,-2.51956
1.16259,0.89272,0.74158,-1.55273,0.84034,-2.51956
1.16259,0.89272,0.74158,-1.55273,0.84034,-2.51956
1.16259,0.89272,0.74158,-1.55273,0.84034,-2.51956
1.16259,0.89272,0.74158,-1.55273,0.84034,-2.51956
1.16259,0.89272,0.74158,-1.55273,0.84034,-2.51956
1.16259,0.89272,0.74158,-1.55273,0.84034,-2.51956
1.16259,0.89272,0.74158,-1.55273,0.84034,-2.51956
1.16259,0.89272,0.74158,-1.55273,0.84034,-2.51956
1.16259,0.89272,0.74158,-1.55273,0.84034,-2.51956
1.16259,0.89272,0.74158,-1.55273,0.84034,-2.51956
1.16259,0.89272,0.74158,-1.55273,0.84034,-2.51956
1.16259,0.89272,0.74158,-1.55273,0.84034,-2.51956
1.16259,0.89272,0.74158,-1.55273,0.84034,-2.51956
1.16259,0.89272,0.74158,-1.55273,0.84034,-2.51956
1.16259,0.89272,0.74158,-1.55273,0.84034,-2.51956
1.16259,0.89272,0.74158,-1.55273,0.84034,-2.51956
1.16259,0.89272,0.74158,-1.55273,0.84034,-2.51956
1.16259,0.89272,0.74158,-1.55273,0.84034,-2.51956
1.16259,0.89272,0.74158,-1.55273,0.84034,-2.51956
1.16259,0.89272,0.74158,-1.55273,0.84034,-2.51956
1.16259,0.89272,0.74158,-1.55273,0.84034,-2.51956
1.16259,0.89272,0.74158,-1.55273,0.84034,-2.51956
1.16259,0.89272,0.74158,-1.55273,0.84034,-2.51956
1.16259,0.89272,0.74158,-1.55273,0.84034,-2.51956
1.16259,0.89272,0.74158,-1.55273,0.84034,-2.51956
1.16259,0.89272,0.74158,-1.55273,0.84034,-2.51956
1.16259,0.89272,0.74158,-1.55273,0.84034,-2.51956
1.16259,0.89272,0.74158,-1.55273,0.84034,-2.51956
1.16259,0.89272,0.74158,-1.55273,0.84034,-2.51956
1.16259,0.89272,0.74158,-1.55273,0.84034,-2.51956
1.16259,0.89272,0.74158,-1.55273,0.84034,-2.51956
1.16259,0.89272,0.74158,-1.55273,0.84034,-2.51956
1.16259,0.89272,0.74158,-1.55273,0.84034,-2.51956
1.16259,0.89272,0.74158,-1.55273,0.84034,-2.51956
1.16259,0.89272,0.74158,-1.55273,0.84034,-2.51956
1.16259,0.89272,0.74158,-1.55273,0.84034,-2.51956
1.16259,0.89272,0.74158,-1.55273,0.84034,-2.51956
1.16259,0.89272,0.74158,-1.55273,0.84034,-2.51956
1.16259,0.89272,0.74158,-1.55273,0.84034,-2.51956
1.16259,0.89272,0.74158,-1.55273,0.84034,-2.51956
1.16259,0.89272,0.74158,-1.55273,0.84034,-2.51956
1.16259,0.89272,0.74158,-1.55273,0.84034,-2.51956
1.16259,0.89272,0.74158,-1.55273,0.84034,-2.51956
1.16259,0.89272,0.74158,-1.55273,0.84034,-2.51956
1.16259,0.89272,0.74158,-1.55273,0.84034,-2.51956
1.16259,0.89272,0.74158,-1.55273,0.84034,-2.51956
1.16259,0.89272,0.74158,-1.55273,0.84034,-2.51956
1.16259,0.89272,0.74158,-1.55273,0.84034,-2.51956
1.16259,0.89272,0.74158,-1.55273,0.84034,-2.51956
1.16259,0.89272,0.74158,-1.55273,0.84034,-2.51956
1.16259,0.89272,0.74158,-1.55273,0.84034,-2.51956
1.16259,0.89272,0.74158,-1.55273,0.84034,-2.51956
1.16259,0.89272,0.74158,-1.55273,0.84034,-2.51956
1.16259,0.89272,0.74158,-1.55273,0.84034,-2.51956
1.16259,0.89272,0.74158,-1.55273,0.84034,-2.51956
1.16259,0.89272,0.74158,-1.55273,0.84034,-2.51956
1.16259,0.89272,0.74158,-1.55273,0.84034,-2.51956
1.16259,0.89272,0.74158,-1.55273,0.84034,-2.51956
1.16259,0.89272,0.74158,-1.55273,0.84034,-2.51956
1.16259,0.89272,0.74158,-1.55273,0.84034,-2.51956
1.16259,0.89272,0.74158,-1.55273,0.84034,-2.51956
1.16259,0.89272,0.74158,-1.55273,0.84034,-2.51956
1.16259,0.89272,0.74158,-1.55273,0.84034,-2.51956
1.16259,0.89272,0.74158,-1.55273,0.84034,-2.51956
1.16259,0.89272,0.74158,-1.55273,0.84034,-2.51956
1.16259,0.89272,0.74158,-1.55273,0.84034,-2.51956
1.16259,0.89272,0.74158,-1.55273,0.84034,-2.51956
1.16259,0.89272,0.74158,-1.55273,0.84034,-2.51956
1.16259,0.89272,0.74158,-1.55273,0.84034,-2.51956
1.16259,0.89272,0.74158,-1.55273,0.84034,-2.51956
1.16259,0.89272,0.74158,-1.55273,0.84034,-2.51956
1.16259,0.89272,0.74158,-1.55273,0.84034,-2.51956
1.16259,0.89272,0.74158,-1.55273,0.84034,-2.51956
1.16259,0.89272,0.74158,-1.55273,0.84034,-2.51956
1.16259,0.89272,0.74158,-1.55273,0.84034,-2.51956
1.16259,0.89272,0.74158,-1.55273,0.84034,-2.51956
1.16259,0.89272,0.74158,-1.55273,0.84034,-2.51956
1.16259,0.89272,0.74158,-1.55273,0.84034,-2.51956
1.16259,0.89272,0.74158,-1.55273,0.84034,-2.51956
1.16259,0.89272,0.74158,-1.55273,0.84034,-2.51956
1.16259,0.89272,0.74158,-1.55273,0.84034,-2.51956
1.16259,0.89272,0.74158,-1.55273,0.84034,-2.51956
1.16259,0.89272,0.74158,-1.55273,0.84034,-2.51956
1.16259,0.89272,0.74158,-1.55273,0.84034,-2.51956
1.16259,0.89272,0.74158,-1.55273,0.84034,-2.51956
1.16259,0.89272,0.74158,-1.55273,0.84034,-2.51956
1.16259,0.89272,0.74158,-1.55273,0.84034,-2.51956
1.16259,0.89272,0.74158,-1.55273,0.84034,-2.51956
1.16259,0.89272,0.74158,-1.55273,0.84034,-2.51956
1.16259,0.89272,0.74158,-1.55273,0.84034,-2.51956
1.16259,0.89272,0.74158,-1.55273,0.84034,-2.51956
1.16259,0.89272,0.74158,-1.55273,0.84034,-2.51956
1.16259,0.89272,0.74158,-1.55273,0.84034,-2.51956
1.16259,0.89272,0.74158,-1.55273,0.84034,-2.51956
1.16259,0.89272,0.74158,-1.55273,0.84034,-2.51956
1.16259,0.89272,0.74158,-1.55273,0.84034,-2.51956
1.16259,0.89272,0.74158,-1.55273,0.84034,-2.51956
1.16259,0.89272,0.74158,-1.55273,0.84034,-2.51956
1.16259,0.89272,0.74158,-1.55273,0.84034,-2.51956
1.16259,0.89272,0.74158,-1.55273,0.84034,-2.51956
1.16259,0.89272,0.74158,-1.55273,0.84034,-2.51956
1.16259,0.89272,0.74158,-1.55273,0.84034,-2.51956
1.16259,0.89272,0.74158,-1.55273,0.84034,-2.51956
1.16259,0.89272,0.74158,-1.55273,0.84034,-2.51956
1.16259,0.89272,0.74158,-1.55273,0.84034,-2.51956
1.16259,0.89272,0.74158,-1.55273,0.84034,-2.51956
1.16259,0.89272,0.74158,-1.55273,0.84034,-2.51956
1.16259,0.89272,0.74158,-1.55273,0.84034,-2.51956
1.16259,0.89272,0.74158,-1.55273,0.84034,-2.51956
1.16259,0.89272,0.74158,-1.55273,0.84034,-2.51956
1.16259,0.89272,0.74158,-1.55273,0.84034,-2.51956
1.16259,0.89272,0.74158,-1.55273,0.84034,-2.51956
1.16259,0.89272,0.74158,-1.55273,0.84034,-2.51956
1.16259,0.89272,0.74158,-1.55273,0.84034,-2.51956
1.16259,0.89272,0.74158,-1.55273,0.84034,-2.51956
1.16259,0.89272,0.74158,-1.55273,0.84034,-2.51956
1.16259,0.89272,0.74158,-1.55273,0.84034,-2.51956
1.16259,0.89272,0.74158,-1.55273,0.84034,-2.51956
1.16259,0.89272,0.74158,-1.55273,0.84034,-2.51956
1.16259,0.89272,0.74158,-1.55273,0.84034,-2.51956
1.16259,0.89272,0.74158,-1.55273,0.84034,-2.51956
1.16259,0.89272,0.74158,-1.55273,0.84034,-2.51956
1.16259,0.89272,0.74158,-1.55273,0.84034,-2.51956
1.16259,0.89272,0.74158,-1.55273,0.84034,-2.51956
1.16259,0.89272,0.74158,-1.55273,0.84034,-2.51956
1.16259,0.89272,0.74158,-1.55273,0.84034,-2.51956
1.16259,0.89272,0.74158,-1.55273,0.84034,-2.51956
1.16259,0.89272,0.74158,-1.55273,0.84034,-2.51956
1.16259,0.89272,0.74158,-1.55273,0.84034,-2.51956
1.16259,0.89272,0.74158,-1.55273,0.84034,-2.51956
1.16259,0.89272,0.74158,-1.55273,0.84034,-2.51956
1.16259,0.89272,0.74158,-1.55273,0.84034,-2.51956
1.16259,0.89272,0.74158,-1.55273,0.84034,-2.51956
1.16259,0.89272,0.74158,-1.55273,0.84034,-2.51956
1.16259,0.89272,0.74158,-1.55273,0.84034,-2.51956
1.16259,0.89272,0.74158,-1.55273,0.84034,-2.51956
1.16259,0.89272,0.74158,-1.55273,0.84034,-2.51956
1.16259,0.89272,0.74158,-1.55273,0.84034,-2.51956
1.16259,0.89272,0.74158,-1.55273,0.84034,-2.51956
1.16259,0.89272,0.74158,-1.55273,0.84034,-2.51956
1.16259,0.89272,0.74158,-1.55273,0.84034,-2.51956
1.16259,0.89272,0.74158,-1.55273,0.84034,-2.51956
1.16259,0.89272,0.74158,-1.55273,0.84034,-2.51956
1.16259,0.89272,0.74158,-1.55273,0.84034,-2.51956
1.16259,0.89272,0.74158,-1.55273,0.84034,-2.51956
1.16259,0.89272,0.74158,-1.55273,0.84034,-2.51956
1.16259,0.89272,0.74158,-1.55273,0.84034,-2.51956
1.16259,0.89272,0.74158,-1.55273,0.84034,-2.51956
1.16259,0.89272,0.74158,-1.55273,0.84034,-2.51956
1.16259,0.89272,0.74158,-1.55273,0.84034,-2.51956
1.16259,0.89272,0.74158,-1.55273,0.84034,-2.51956
1.16259,0.89272,0.74158,-1.55273,0.84034,-2.51956
1.16259,0.89272,0.74158,-1.55273,0.84034,-2.51956
1.16259,0.89272,0.74158,-1.55273,0.84034,-2.51956
1.16259,0.89272,0.74158,-1.55273,0.84034,-2.51956
1.16259,0.89272,0.74158,-1.55273,0.84034,-2.51956
1.16259,0.89272,0.74158,-1.55273,0.84034,-2.51956
1.16259,0.89272,0.74158,-1.55273,0.84034,-2.51956
1.16259,0.89272,0.74158,-1.55273,0.84034,-2.51956
1.16259,0.89272,0.74158,-1.55273,0.84034,-2.51956
1.16259,0.89272,0.74158,-1.55273,0.84034,-2.51956
1.16259,0.89272,0.74158,-1.55273,0.84034,-2.51956
1.16202,0.89173,0.74398,-1.55226,0.83932,-2.52089
1.16144,0.89074,0.74637,-1.55179,0.83830,-2.52223
1.16081,0.88962,0.74902,-1.55129,0.83737,-2.52405
1.16018,0.88851,0.75166,-1.55079,0.83644,-2.52589
1.15973,0.88789,0.75329,-1.55029,0.83550,-2.52658
1.15929,0.88728,0.75493,-1.54979,0.83457,-2.52727
1.15847,0.88565,0.75864,-1.54925,0.83345,-2.53013
1.15765,0.88403,0.76234,-1.54870,0.83233,-2.53299
1.15730,0.88359,0.76364,-1.54833,0.83127,-2.53280
1.15694,0.88316,0.76494,-1.54796,0.83022,-2.53260
1.15634,0.88212,0.76737,-1.54742,0.82930,-2.53435
1.15575,0.88109,0.76978,-1.54688,0.82839,-2.53610
1.15502,0.87978,0.77278,-1.54638,0.82738,-2.53838
1.15428,0.87846,0.77582,-1.54587,0.82635,-2.54068
1.15401,0.87803,0.77677,-1.54548,0.82559,-2.54109
1.15373,0.87760,0.77772,-1.54509,0.82484,-2.54151
1.15357,0.87733,0.77837,-1.54481,0.82395,-2.54136
1.15341,0.87706,0.77901,-1.54453,0.82305,-2.54121
1.15299,0.87636,0.78067,-1.54411,0.82213,-2.54201
1.15258,0.87567,0.78232,-1.54369,0.82122,-2.54280
1.15215,0.87492,0.78408,-1.54322,0.82033,-2.54348
1.15172,0.87415,0.78585,-1.54275,0.81945,-2.54416
1.15114,0.87310,0.78810,-1.54236,0.81853,-2.54597
1.15055,0.87205,0.79037,-1.54195,0.81762,-2.54780
1.15013,0.87135,0.79207,-1.54151,0.81668,-2.54862
1.14971,0.87065,0.79375,-1.54107,0.81573,-2.54945
1.14922,0.86978,0.79591,-1.54062,0.81465,-2.55027
1.14873,0.86892,0.79807,-1.54016,0.81358,-2.55109
1.14823,0.86806,0.80009,-1.53966,0.81265,-2.55232
1.14772,0.86721,0.80208,-1.53917,0.81171,-2.55353
1.14727,0.86643,0.80373,-1.53867,0.81098,-2.55491
1.14682,0.86566,0.80539,-1.53817,0.81026,-2.55631
1.14632,0.86484,0.80733,-1.53768,0.80935,-2.55759
1.14581,0.86401,0.80929,-1.53719,0.80844,-2.55886
1.14544,0.86338,0.81102,-1.53670,0.80741,-2.55913
1.14508,0.86275,0.81275,-1.53621,0.80638,-2.55940
1.14452,0.86189,0.81499,-1.53556,0.80540,-2.56038
1.14397,0.86103,0.81723,-1.53492,0.80442,-2.56137
1.14347,0.86020,0.81918,-1.53434,0.80353,-2.56264
1.14297,0.85938,0.82110,-1.53377,0.80264,-2.56389
1.14243,0.85848,0.82330,-1.53322,0.80167,-2.56510
1.14190,0.85756,0.82553,-1.53267,0.80070,-2.56633
1.14135,0.85663,0.82780,-1.53211,0.79972,-2.56761
1.14081,0.85571,0.83006,-1.53153,0.79876,-2.56888
1.14026,0.85468,0.83253,-1.53099,0.79776,-2.57039
1.13971,0.85366,0.83499,-1.53046,0.79676,-2.57189
1.13916,0.85281,0.83710,-1.52982,0.79584,-2.57303
1.13862,0.85196,0.83918,-1.52918,0.79492,-2.57416
1.13809,0.85096,0.84152,-1.52865,0.79396,-2.57572
1.13756,0.84996,0.84387,-1.52811,0.79298,-2.57729
1.13702,0.84904,0.84610,-1.52752,0.79203,-2.57859
1.13648,0.84811,0.84834,-1.52692,0.79107,-2.57989
1.13595,0.84719,0.85058,-1.52633,0.79010,-2.58117
1.13542,0.84628,0.85280,-1.52571,0.78915,-2.58245
1.13487,0.84535,0.85505,-1.52510,0.78819,-2.58378
1.13433,0.84442,0.85730,-1.52449,0.78723,-2.58509
1.13361,0.84322,0.86034,-1.52373,0.78615,-2.58683
1.13289,0.84203,0.86337,-1.52297,0.78507,-2.58855
1.13231,0.84099,0.86582,-1.52230,0.78415,-2.59036
1.13173,0.83996,0.86825,-1.52161,0.78324,-2.59216
1.13142,0.83940,0.86952,-1.52118,0.78237,-2.59262
1.13111,0.83883,0.87078,-1.52077,0.78149,-2.59305
1.13059,0.83790,0.87302,-1.52012,0.78056,-2.59439
1.13006,0.83697,0.87525,-1.51946,0.77963,-2.59574
1.12925,0.83567,0.87844,-1.51852,0.77865,-2.59803
1.12844,0.83439,0.88160,-1.51758,0.77770,-2.60031
1.12808,0.83366,0.88315,-1.51707,0.77690,-2.60136
1.12773,0.83295,0.88468,-1.51656,0.77612,-2.60239
1.12684,0.83140,0.88828,-1.51555,0.77529,-2.60576
1.12595,0.82986,0.89188,-1.51453,0.77447,-2.60916
1.12537,0.82886,0.89435,-1.51376,0.77353,-2.61086
1.12480,0.82786,0.89683,-1.51297,0.77260,-2.61260
1.12410,0.82659,0.89986,-1.51207,0.77168,-2.61452
1.12340,0.82532,0.90288,-1.51114,0.77079,-2.61649
1.12270,0.82410,0.90577,-1.51024,0.76994,-2.61885
1.12201,0.82288,0.90863,-1.50933,0.76910,-2.62120
1.12128,0.82168,0.91172,-1.50836,0.76809,-2.62343
1.12054,0.82047,0.91480,-1.50739,0.76708,-2.62565
1.11986,0.81925,0.91767,-1.50649,0.76628,-2.62800
1.11917,0.81803,0.92053,-1.50559,0.76549,-2.63037
1.11855,0.81682,0.92309,-1.50484,0.76478,-2.63269
1.11792,0.81560,0.92566,-1.50408,0.76407,-2.63500
1.11673,0.81355,0.93097,-1.50254,0.76305,-2.63878
1.11554,0.81151,0.93627,-1.50096,0.76204,-2.64258
1.11505,0.81064,0.93818,-1.50032,0.76120,-2.64403
1.11456,0.80978,0.94008,-1.49966,0.76037,-2.64549
1.11397,0.80870,0.94266,-1.49892,0.75948,-2.64735
1.11339,0.80761,0.94524,-1.49818,0.75858,-2.64922
1.11264,0.80626,0.94851,-1.49721,0.75769,-2.65164
1.11189,0.80490,0.95179,-1.49624,0.75678,-2.65407
1.11114,0.80358,0.95476,-1.49531,0.75608,-2.65692
1.11038,0.80224,0.95774,-1.49439,0.75537,-2.65975
1.10984,0.80134,0.95974,-1.49356,0.75472,-2.66166
1.10929,0.80042,0.96174,-1.49274,0.75406,-2.66358
1.10869,0.79936,0.96434,-1.49179,0.75331,-2.66555
1.10808,0.79830,0.96692,-1.49083,0.75256,-2.66751
1.10725,0.79671,0.97008,-1.49003,0.75199,-2.67130
1.10643,0.79513,0.97325,-1.48921,0.75143,-2.67512
1.10593,0.79427,0.97504,-1.48842,0.75094,-2.67708
1.10544,0.79342,0.97682,-1.48763,0.75045,-2.67904
1.10475,0.79204,0.97961,-1.48667,0.75051,-2.68318
1.10406,0.79068,0.98240,-1.48570,0.75058,-2.68733
1.10349,0.78965,0.98456,-1.48495,0.75042,-2.69002
1.10292,0.78862,0.98670,-1.48421,0.75026,-2.69269
1.10267,0.78817,0.98794,-1.48350,0.74982,-2.69363
1.10242,0.78773,0.98915,-1.48279,0.74938,-2.69455
1.10197,0.78688,0.99105,-1.48203,0.74909,-2.69669
1.10152,0.78604,0.99294,-1.48127,0.74882,-2.69884
1.10116,0.78530,0.99418,-1.48049,0.74918,-2.70191
1.10081,0.78458,0.99539,-1.47972,0.74955,-2.70497
1.10034,0.78375,0.99717,-1.47904,0.74896,-2.70643
1.09986,0.78292,0.99895,-1.47836,0.74838,-2.70789
1.09960,0.78229,1.00008,-1.47792,0.74809,-2.70957
1.09933,0.78166,1.00122,-1.47748,0.74781,-2.71126
1.09880,0.78073,1.00338,-1.47632,0.74786,-2.71429
1.09828,0.77979,1.00555,-1.47515,0.74791,-2.71732
1.09802,0.77938,1.00655,-1.47461,0.74741,-2.71788
1.09777,0.77896,1.00756,-1.47406,0.74690,-2.71845
1.09733,0.77805,1.00958,-1.47329,0.74665,-2.72103
1.09688,0.77715,1.01159,-1.47252,0.74640,-2.72363
1.09655,0.77660,1.01285,-1.47188,0.74605,-2.72475
1.09621,0.77604,1.01411,-1.47126,0.74569,-2.72588
1.09584,0.77524,1.01555,-1.47058,0.74568,-2.72848
1.09546,0.77443,1.01698,-1.46991,0.74567,-2.73108
1.09504,0.77362,1.01872,-1.46928,0.74513,-2.73260
1.09462,0.77281,1.02045,-1.46864,0.74459,-2.73411
1.09428,0.77229,1.02201,-1.46791,0.74413,-2.73514
1.09393,0.77176,1.02358,-1.46718,0.74366,-2.73618
1.09366,0.77128,1.02444,-1.46677,0.74330,-2.73708
1.09338,0.77081,1.02530,-1.46637,0.74294,-2.73798
1.09303,0.77009,1.02661,-1.46571,0.74291,-2.74022
1.09268,0.76937,1.02791,-1.46506,0.74288,-2.74246
1.09233,0.76873,1.02953,-1.46424,0.74255,-2.74398
1.09197,0.76808,1.03115,-1.46342,0.74221,-2.74552
1.09154,0.76731,1.03286,-1.46267,0.74168,-2.74712
1.09110,0.76654,1.03456,-1.46192,0.74113,-2.74871
1.09078,0.76581,1.03604,-1.46123,0.74112,-2.75098
1.09045,0.76508,1.03752,-1.46054,0.74111,-2.75321
1.09005,0.76438,1.03896,-1.45978,0.74086,-2.75510
1.08965,0.76368,1.04041,-1.45901,0.74061,-2.75699
1.08924,0.76287,1.04223,-1.45809,0.74032,-2.75919
1.08884,0.76205,1.04408,-1.45716,0.74003,-2.76142
1.08859,0.76166,1.04489,-1.45660,0.73982,-2.76239
1.08834,0.76127,1.04570,-1.45605,0.73960,-2.76335
1.08798,0.76055,1.04725,-1.45513,0.73961,-2.76569
1.08763,0.75985,1.04878,-1.45420,0.73964,-2.76804
1.08725,0.75918,1.05037,-1.45353,0.73910,-2.76937
1.08687,0.75850,1.05198,-1.45284,0.73857,-2.77071
1.08647,0.75772,1.05361,-1.45196,0.73852,-2.77302
1.08606,0.75693,1.05523,-1.45109,0.73846,-2.77531
1.08585,0.75656,1.05621,-1.45057,0.73817,-2.77621
1.08562,0.75617,1.05720,-1.45006,0.73786,-2.77708
1.08521,0.75539,1.05888,-1.44918,0.73778,-2.77928
1.08480,0.75462,1.06055,-1.44831,0.73769,-2.78145
1.08454,0.75408,1.06152,-1.44800,0.73731,-2.78236
1.08428,0.75354,1.06251,-1.44768,0.73693,-2.78327
1.08404,0.75311,1.06353,-1.44718,0.73665,-2.78417
1.08380,0.75267,1.06456,-1.44669,0.73636,-2.78507
1.08348,0.75209,1.06594,-1.44598,0.73622,-2.78665
1.08317,0.75151,1.06730,-1.44527,0.73608,-2.78823
1.08279,0.75089,1.06843,-1.44506,0.73562,-2.78938
1.08242,0.75027,1.06955,-1.44483,0.73518,-2.79055
1.08200,0.74950,1.07118,-1.44422,0.73468,-2.79198
1.08157,0.74873,1.07279,-1.44362,0.73418,-2.79343
1.08145,0.74847,1.07343,-1.44315,0.73415,-2.79435
1.08132,0.74820,1.07407,-1.44269,0.73413,-2.79529
1.08099,0.74755,1.07562,-1.44174,0.73416,-2.79720
1.08066,0.74691,1.07715,-1.44079,0.73420,-2.79908
1.08023,0.74618,1.07856,-1.44047,0.73345,-2.80025
1.07980,0.74544,1.07996,-1.44016,0.73271,-2.80140
1.07915,0.74423,1.08287,-1.43849,0.73222,-2.80440
1.07850,0.74304,1.08574,-1.43683,0.73173,-2.80736
1.07823,0.74252,1.08690,-1.43614,0.73168,-2.80900
1.07796,0.74200,1.08806,-1.43546,0.73163,-2.81063
1.07746,0.74108,1.08992,-1.43468,0.73116,-2.81248
1.07697,0.74017,1.09179,-1.43391,0.73068,-2.81433
1.07660,0.73948,1.09355,-1.43284,0.73050,-2.81610
1.07623,0.73880,1.09531,-1.43175,0.73032,-2.81787
1.07589,0.73816,1.09683,-1.43088,0.73007,-2.81945
1.07554,0.73752,1.09835,-1.43001,0.72982,-2.82102
1.07511,0.73671,1.10032,-1.42877,0.72967,-2.82332
1.07469,0.73589,1.10229,-1.42754,0.72953,-2.82560
1.07437,0.73534,1.10380,-1.42660,0.72915,-2.82673
1.07406,0.73478,1.10529,-1.42568,0.72877,-2.82786
1.07377,0.73424,1.10648,-1.42506,0.72859,-2.82915
1.07349,0.73371,1.10765,-1.42445,0.72842,-2.83042
1.07305,0.73287,1.10967,-1.42317,0.72828,-2.83283
1.07261,0.73203,1.11170,-1.42190,0.72813,-2.83525
1.07216,0.73125,1.11340,-1.42119,0.72762,-2.83662
1.07171,0.73047,1.11509,-1.42049,0.72711,-2.83801
1.07122,0.72956,1.11708,-1.41951,0.72678,-2.84022
1.07073,0.72864,1.11907,-1.41853,0.72647,-2.84243
1.07033,0.72792,1.12072,-1.41766,0.72609,-2.84410
1.06994,0.72720,1.12235,-1.41682,0.72572,-2.84575
1.06954,0.72650,1.12400,-1.41596,0.72516,-2.84692
1.06914,0.72580,1.12566,-1.41510,0.72461,-2.84811
1.06871,0.72500,1.12731,-1.41432,0.72426,-2.84980
1.06828,0.72420,1.12897,-1.41353,0.72390,-2.85150
1.06774,0.72319,1.13130,-1.41215,0.72357,-2.85413
1.06720,0.72220,1.13363,-1.41077,0.72325,-2.85675
1.06654,0.72099,1.13708,-1.40811,0.72268,-2.85995
1.06587,0.71979,1.14050,-1.40545,0.72214,-2.86314
1.06543,0.71887,1.14397,-1.40186,0.72260,-2.86730
1.06499,0.71796,1.14743,-1.39827,0.72309,-2.87148
1.06457,0.71717,1.14939,-1.39690,0.72298,-2.87376
1.06415,0.71637,1.15137,-1.39553,0.72288,-2.87606
1.06408,0.71620,1.15223,-1.39448,0.72319,-2.87730
1.06401,0.71603,1.15309,-1.39343,0.72352,-2.87854
1.06373,0.71548,1.15477,-1.39201,0.72358,-2.88032
1.06344,0.71494,1.15645,-1.39059,0.72365,-2.88210
1.06323,0.71454,1.15735,-1.38997,0.72362,-2.88330
1.06301,0.71414,1.15828,-1.38933,0.72357,-2.88451
1.06266,0.71346,1.16008,-1.38796,0.72332,-2.88629
1.06230,0.71278,1.16186,-1.38660,0.72307,-2.88807
1.06222,0.71260,1.16250,-1.38588,0.72337,-2.88922
1.06214,0.71242,1.16315,-1.38515,0.72368,-2.89039
1.06181,0.71181,1.16439,-1.38459,0.72317,-2.89130
1.06147,0.71120,1.16565,-1.38403,0.72266,-2.89223
1.06132,0.71092,1.16649,-1.38332,0.72259,-2.89299
1.06118,0.71065,1.16734,-1.38263,0.72251,-2.89376
1.06110,0.71046,1.16768,-1.38232,0.72290,-2.89496
1.06104,0.71029,1.16801,-1.38201,0.72332,-2.89617
1.06081,0.70984,1.16887,-1.38150,0.72331,-2.89751
1.06059,0.70941,1.16973,-1.38097,0.72331,-2.89886
1.05967,0.70759,1.17542,-1.37580,0.72314,-2.90431
1.05875,0.70579,1.18108,-1.37061,0.72300,-2.90974
1.05873,0.70572,1.18147,-1.37003,0.72328,-2.91049
1.05871,0.70567,1.18185,-1.36946,0.72356,-2.91121
1.05836,0.70497,1.18381,-1.36781,0.72349,-2.91324
1.05801,0.70427,1.18578,-1.36615,0.72342,-2.91525
1.05750,0.70327,1.18830,-1.36413,0.72341,-2.91846
1.05699,0.70226,1.19082,-1.36211,0.72339,-2.92167
1.05685,0.70197,1.19184,-1.36104,0.72353,-2.92290
1.05672,0.70169,1.19287,-1.35996,0.72368,-2.92412
1.05625,0.70078,1.19501,-1.35848,0.72324,-2.92637
1.05577,0.69986,1.19716,-1.35698,0.72281,-2.92865
1.05536,0.69904,1.19937,-1.35514,0.72270,-2.93095
1.05495,0.69823,1.20157,-1.35329,0.72260,-2.93326
1.05514,0.69842,1.20287,-1.35058,0.72392,-2.93523
1.05533,0.69860,1.20416,-1.34790,0.72524,-2.93717
1.05515,0.69823,1.20514,-1.34704,0.72524,-2.93833
1.05497,0.69788,1.20609,-1.34620,0.72525,-2.93945
1.05451,0.69703,1.20781,-1.34529,0.72458,-2.94086
1.05405,0.69618,1.20955,-1.34437,0.72392,-2.94228
1.05376,0.69563,1.21080,-1.34353,0.72363,-2.94344
1.05347,0.69508,1.21206,-1.34269,0.72334,-2.94459
1.05317,0.69451,1.21311,-1.34213,0.72325,-2.94612
1.05287,0.69394,1.21416,-1.34157,0.72316,-2.94766
1.05272,0.69366,1.21464,-1.34136,0.72300,-2.94820
1.05256,0.69338,1.21513,-1.34114,0.72285,-2.94876
1.05257,0.69335,1.21601,-1.33981,0.72309,-2.94925
1.05258,0.69331,1.21688,-1.33849,0.72333,-2.94973
1.05237,0.69288,1.21825,-1.33719,0.72348,-2.95128
1.05217,0.69245,1.21959,-1.33590,0.72364,-2.95281
1.05199,0.69206,1.22079,-1.33467,0.72400,-2.95462
1.05181,0.69168,1.22197,-1.33345,0.72439,-2.95644
1.05162,0.69127,1.22315,-1.33227,0.72480,-2.95842
1.05144,0.69086,1.22432,-1.33108,0.72523,-2.96039
1.05108,0.69017,1.22611,-1.32968,0.72493,-2.96195
1.05072,0.68949,1.22790,-1.32827,0.72464,-2.96353
1.05056,0.68914,1.22911,-1.32696,0.72484,-2.96495
1.05041,0.68881,1.23030,-1.32564,0.72504,-2.96639
1.04994,0.68783,1.23323,-1.32279,0.72546,-2.97014
1.04947,0.68686,1.23615,-1.31994,0.72589,-2.97390
1.04918,0.68629,1.23771,-1.31855,0.72602,-2.97588
1.04889,0.68571,1.23929,-1.31716,0.72615,-2.97788
1.04856,0.68500,1.24141,-1.31509,0.72619,-2.98037
1.04822,0.68428,1.24352,-1.31302,0.72625,-2.98289
1.04767,0.68331,1.24535,-1.31209,0.72561,-2.98510
1.04712,0.68234,1.24716,-1.31116,0.72496,-2.98731
1.04696,0.68197,1.24854,-1.30964,0.72528,-2.98877
1.04679,0.68160,1.24991,-1.30812,0.72560,-2.99020
1.04652,0.68106,1.25131,-1.30694,0.72572,-2.99185
1.04625,0.68051,1.25271,-1.30576,0.72582,-2.99348
1.04599,0.68001,1.25404,-1.30466,0.72572,-2.99483
1.04572,0.67949,1.25537,-1.30356,0.72559,-2.99616
1.04546,0.67893,1.25687,-1.30207,0.72593,-2.99836
1.04520,0.67837,1.25835,-1.30059,0.72626,-3.00054
1.04489,0.67774,1.26018,-1.29887,0.72634,-3.00265
1.04457,0.67711,1.26201,-1.29715,0.72642,-3.00476
1.04427,0.67654,1.26345,-1.29611,0.72574,-3.00517
1.04397,0.67598,1.26487,-1.29507,0.72504,-3.00556
1.04374,0.67542,1.26628,-1.29380,0.72496,-3.00712
1.04351,0.67486,1.26768,-1.29252,0.72488,-3.00868
1.04329,0.67443,1.26902,-1.29091,0.72543,-3.01085
1.04308,0.67400,1.27035,-1.28932,0.72598,-3.01301
1.04273,0.67321,1.27226,-1.28767,0.72593,-3.01516
1.04239,0.67243,1.27416,-1.28603,0.72588,-3.01730
1.04232,0.67229,1.27467,-1.28518,0.72606,-3.01808
1.04225,0.67215,1.27516,-1.28434,0.72623,-3.01884
1.04201,0.67155,1.27687,-1.28238,0.72655,-3.02112
1.04176,0.67096,1.27857,-1.28044,0.72687,-3.02339
1.04131,0.67003,1.28114,-1.27840,0.72697,-3.02576
1.04085,0.66910,1.28371,-1.27635,0.72707,-3.02814
1.04080,0.66887,1.28417,-1.27541,0.72732,-3.02995
1.04075,0.66862,1.28464,-1.27447,0.72756,-3.03176
1.04049,0.66815,1.28609,-1.27293,0.72770,-3.03279
1.04024,0.66768,1.28757,-1.27139,0.72784,-3.03383
1.03995,0.66698,1.28934,-1.26976,0.72777,-3.03578
1.03966,0.66629,1.29110,-1.26816,0.72770,-3.03770
1.03966,0.66629,1.29110,-1.26816,0.72770,-3.03770
1.03966,0.66629,1.29110,-1.26816,0.72770,-3.03770
1.03966,0.66629,1.29110,-1.26816,0.72770,-3.03770
1.03966,0.66629,1.29110,-1.26816,0.72770,-3.03770
1.03966,0.66629,1.29110,-1.26816,0.72770,-3.03770
1.03966,0.66629,1.29110,-1.26816,0.72770,-3.03770
1.03966,0.66629,1.29110,-1.26816,0.72770,-3.03770
1.03966,0.66629,1.29110,-1.26816,0.72770,-3.03770
1.03966,0.66629,1.29110,-1.26816,0.72770,-3.03770
1.03966,0.66629,1.29110,-1.26816,0.72770,-3.03770
1.03966,0.66629,1.29110,-1.26816,0.72770,-3.03770
1.03966,0.66629,1.29110,-1.26816,0.72770,-3.03770
1.03966,0.66629,1.29110,-1.26816,0.72770,-3.03770
1.03966,0.66629,1.29110,-1.26816,0.72770,-3.03770
1.03966,0.66629,1.29110,-1.26816,0.72770,-3.03770
1.03966,0.66629,1.29110,-1.26816,0.72770,-3.03770
1.03966,0.66629,1.29110,-1.26816,0.72770,-3.03770
1.03966,0.66629,1.29110,-1.26816,0.72770,-3.03770
1.03966,0.66629,1.29110,-1.26816,0.72770,-3.03770
1.03966,0.66629,1.29110,-1.26816,0.72770,-3.03770
1.03966,0.66629,1.29110,-1.26816,0.72770,-3.03770
1.03966,0.66629,1.29110,-1.26816,0.72770,-3.03770
1.03966,0.66629,1.29110,-1.26816,0.72770,-3.03770
1.03966,0.66629,1.29110,-1.26816,0.72770,-3.03770
1.03966,0.66629,1.29110,-1.26816,0.72770,-3.03770
1.03966,0.66629,1.29110,-1.26816,0.72770,-3.03770
1.03966,0.66629,1.29110,-1.26816,0.72770,-3.03770
1.03966,0.66629,1.29110,-1.26816,0.72770,-3.03770
1.03966,0.66629,1.29110,-1.26816,0.72770,-3.03770
1.03966,0.66629,1.29110,-1.26816,0.72770,-3.03770
1.03966,0.66629,1.29110,-1.26816,0.72770,-3.03770
1.03966,0.66629,1.29110,-1.26816,0.72770,-3.03770
1.03966,0.66629,1.29110,-1.26816,0.72770,-3.03770
1.03966,0.66629,1.29110,-1.26816,0.72770,-3.03770
1.03966,0.66629,1.29110,-1.26816,0.72770,-3.03770
1.03966,0.66629,1.29110,-1.26816,0.72770,-3.03770
1.03966,0.66629,1.29110,-1.26816,0.72770,-3.03770
1.03966,0.66629,1.29110,-1.26816,0.72770,-3.03770
1.03966,0.66629,1.29110,-1.26816,0.72770,-3.03770
1.03966,0.66629,1.29110,-1.26816,0.72770,-3.03770
1.03966,0.66629,1.29110,-1.26816,0.72770,-3.03770
1.03966,0.66629,1.29110,-1.26816,0.72770,-3.03770
1.03966,0.66629,1.29110,-1.26816,0.72770,-3.03770
1.03966,0.66629,1.29110,-1.26816,0.72770,-3.03770
1.03966,0.66629,1.29110,-1.26816,0.72770,-3.03770
1.03966,0.66629,1.29110,-1.26816,0.72770,-3.03770
1.03966,0.66629,1.29110,-1.26816,0.72770,-3.03770
1.03966,0.66629,1.29110,-1.26816,0.72770,-3.03770
1.03966,0.66629,1.29110,-1.26816,0.72770,-3.03770
1.03966,0.66629,1.29110,-1.26816,0.72770,-3.03770
1.03966,0.66629,1.29110,-1.26816,0.72770,-3.03770
1.03966,0.66629,1.29110,-1.26816,0.72770,-3.03770
1.03966,0.66629,1.29110,-1.26816,0.72770,-3.03770
1.03966,0.66629,1.29110,-1.26816,0.72770,-3.03770
1.03966,0.66629,1.29110,-1.26816,0.72770,-3.03770
1.03966,0.66629,1.29110,-1.26816,0.72770,-3.03770
1.03966,0.66629,1.29110,-1.26816,0.72770,-3.03770
1.03966,0.66629,1.29110,-1.26816,0.72770,-3.03770
1.03966,0.66629,1.29110,-1.26816,0.72770,-3.03770
1.03966,0.66629,1.29110,-1.26816,0.72770,-3.03770
1.03966,0.66629,1.29110,-1.26816,0.72770,-3.03770
1.03966,0.66629,1.29110,-1.26816,0.72770,-3.03770
1.03966,0.66629,1.29110,-1.26816,0.72770,-3.03770
1.03966,0.66629,1.29110,-1.26816,0.72770,-3.03770
1.03966,0.66629,1.29110,-1.26816,0.72770,-3.03770
1.03966,0.66629,1.29110,-1.26816,0.72770,-3.03770
1.03966,0.66629,1.29110,-1.26816,0.72770,-3.03770
1.03966,0.66629,1.29110,-1.26816,0.72770,-3.03770
1.03966,0.66629,1.29110,-1.26816,0.72770,-3.03770
1.03966,0.66629,1.29110,-1.26816,0.72770,-3.03770
1.03966,0.66629,1.29110,-1.26816,0.72770,-3.03770
1.03966,0.66629,1.29110,-1.26816,0.72770,-3.03770
1.03966,0.66629,1.29110,-1.26816,0.72770,-3.03770
1.03966,0.66629,1.29110,-1.26816,0.72770,-3.03770
1.03966,0.66629,1.29110,-1.26816,0.72770,-3.03770
1.03966,0.66629,1.29110,-1.26816,0.72770,-3.03770
1.03966,0.66629,1.29110,-1.26816,0.72770,-3.03770
1.03966,0.66629,1.29110,-1.26816,0.72770,-3.03770
1.03966,0.66629,1.29110,-1.26816,0.72770,-3.03770
1.03966,0.66629,1.29110,-1.26816,0.72770,-3.03770
1.03966,0.66629,1.29110,-1.26816,0.72770,-3.03770
1.03966,0.66629,1.29110,-1.26816,0.72770,-3.03770
1.03966,0.66629,1.29110,-1.26816,0.72770,-3.03770
1.03966,0.66629,1.29110,-1.26816,0.72770,-3.03770
1.03966,0.66629,1.29110,-1.26816,0.72770,-3.03770
1.03966,0.66629,1.29110,-1.26816,0.72770,-3.03770
1.03966,0.66629,1.29110,-1.26816,0.72770,-3.03770
1.03966,0.66629,1.29110,-1.26816,0.72770,-3.03770
1.03966,0.66629,1.29110,-1.26816,0.72770,-3.03770
1.03966,0.66629,1.29110,-1.26816,0.72770,-3.03770
1.03966,0.66629,1.29110,-1.26816,0.72770,-3.03770
1.03966,0.66629,1.29110,-1.26816,0.72770,-3.03770
1.03966,0.66629,1.29110,-1.26816,0.72770,-3.03770
1.03966,0.66629,1.29110,-1.26816,0.72770,-3.03770
1.03966,0.66629,1.29110,-1.26816,0.72770,-3.03770
1.03966,0.66629,1.29110,-1.26816,0.72770,-3.03770
1.03966,0.66629,1.29110,-1.26816,0.72770,-3.03770
1.03966,0.66629,1.29110,-1.26816,0.72770,-3.03770
1.03966,0.66629,1.29110,-1.26816,0.72770,-3.03770
1.03966,0.66629,1.29110,-1.26816,0.72770,-3.03770
1.03966,0.66629,1.29110,-1.26816,0.72770,-3.03770
1.03966,0.66629,1.29110,-1.26816,0.72770,-3.03770
1.03966,0.66629,1.29110,-1.26816,0.72770,-3.03770
1.03966,0.66629,1.29110,-1.26816,0.72770,-3.03770
1.03966,0.66629,1.29110,-1.26816,0.72770,-3.03770
1.03966,0.66629,1.29110,-1.26816,0.72770,-3.03770
1.03966,0.66629,1.29110,-1.26816,0.72770,-3.03770
1.03966,0.66629,1.29110,-1.26816,0.72770,-3.03770
1.03966,0.66629,1.29110,-1.26816,0.72770,-3.03770
1.03966,0.66629,1.29110,-1.26816,0.72770,-3.03770
1.03966,0.66629,1.29110,-1.26816,0.72770,-3.03770
1.03966,0.66629,1.29110,-1.26816,0.72770,-3.03770
1.03966,0.66629,1.29110,-1.26816,0.72770,-3.03770
1.03966,0.66629,1.29110,-1.26816,0.72770,-3.03770
1.03966,0.66629,1.29110,-1.26816,0.72770,-3.03770
1.03966,0.66629,1.29110,-1.26816,0.72770,-3.03770
1.03966,0.66629,1.29110,-1.26816,0.72770,-3.03770
1.03966,0.66629,1.29110,-1.26816,0.72770,-3.03770
1.03966,0.66629,1.29110,-1.26816,0.72770,-3.03770
1.03966,0.66629,1.29110,-1.26816,0.72770,-3.03770
1.03966,0.66629,1.29110,-1.26816,0.72770,-3.03770
1.03966,0.66629,1.29110,-1.26816,0.72770,-3.03770
1.03966,0.66629,1.29110,-1.26816,0.72770,-3.03770
1.03966,0.66629,1.29110,-1.26816,0.72770,-3.03770
1.03966,0.66629,1.29110,-1.26816,0.72770,-3.03770
1.03966,0.66629,1.29110,-1.26816,0.72770,-3.03770
1.03966,0.66629,1.29110,-1.26816,0.72770,-3.03770
1.03966,0.66629,1.29110,-1.26816,0.72770,-3.03770
1.03966,0.66629,1.29110,-1.26816,0.72770,-3.03770
1.03966,0.66629,1.29110,-1.26816,0.72770,-3.03770
1.03966,0.66629,1.29110,-1.26816,0.72770,-3.03770
1.03966,0.66629,1.29110,-1.26816,0.72770,-3.03770
1.03966,0.66629,1.29110,-1.26816,0.72770,-3.03770
1.03966,0.66629,1.29110,-1.26816,0.72770,-3.03770
1.03966,0.66629,1.29110,-1.26816,0.72770,-3.03770
1.03966,0.66629,1.29110,-1.26816,0.72770,-3.03770
1.03966,0.66629,1.29110,-1.26816,0.72770,-3.03770
1.03966,0.66629,1.29110,-1.26816,0.72770,-3.03770
1.03966,0.66629,1.29110,-1.26816,0.72770,-3.03770
1.03966,0.66629,1.29110,-1.26816,0.72770,-3.03770
1.03966,0.66629,1.29110,-1.26816,0.72770,-3.03770
1.03966,0.66629,1.29110,-1.26816,0.72770,-3.03770
1.03966,0.66629,1.29110,-1.26816,0.72770,-3.03770
1.03966,0.66629,1.29110,-1.26816,0.72770,-3.03770
1.03966,0.66629,1.29110,-1.26816,0.72770,-3.03770
1.03966,0.66629,1.29110,-1.26816,0.72770,-3.03770
1.03966,0.66629,1.29110,-1.26816,0.72770,-3.03770
1.03966,0.66629,1.29110,-1.26816,0.72770,-3.03770
1.03966,0.66629,1.29110,-1.26816,0.72770,-3.03770
1.03966,0.66629,1.29110,-1.26816,0.72770,-3.03770
1.03966,0.66629,1.29110,-1.26816,0.72770,-3.03770
1.03966,0.66629,1.29110,-1.26816,0.72770,-3.03770
1.03966,0.66629,1.29110,-1.26816,0.72770,-3.03770
1.03966,0.66629,1.29110,-1.26816,0.72770,-3.03770
1.03966,0.66629,1.29110,-1.26816,0.72770,-3.03770
1.03966,0.66629,1.29110,-1.26816,0.72770,-3.03770
1.03966,0.66629,1.29110,-1.26816,0.72770,-3.03770
1.03966,0.66629,1.29110,-1.26816,0.72770,-3.03770
1.03966,0.66629,1.29110,-1.26816,0.72770,-3.03770
1.03966,0.66629,1.29110,-1.26816,0.72770,-3.03770
1.03966,0.66629,1.29110,-1.26816,0.72770,-3.03770
1.03966,0.66629,1.29110,-1.26816,0.72770,-3.03770
1.03966,0.66629,1.29110,-1.26816,0.72770,-3.03770
1.03966,0.66629,1.29110,-1.26816,0.72770,-3.03770
1.03966,0.66629,1.29110,-1.26816,0.72770,-3.03770
1.03966,0.66629,1.29110,-1.26816,0.72770,-3.03770
1.03966,0.66629,1.29110,-1.26816,0.72770,-3.03770
1.03966,0.66629,1.29110,-1.26816,0.72770,-3.03770
1.03966,0.66629,1.29110,-1.26816,0.72770,-3.03770
1.03966,0.66629,1.29110,-1.26816,0.72770,-3.03770
1.03966,0.66629,1.29110,-1.26816,0.72770,-3.03770
1.03966,0.66629,1.29110,-1.26816,0.72770,-3.03770
1.03966,0.66629,1.29110,-1.26816,0.72770,-3.03770
1.03966,0.66629,1.29110,-1.26816,0.72770,-3.03770
1.03966,0.66629,1.29110,-1.26816,0.72770,-3.03770
1.03966,0.66629,1.29110,-1.26816,0.72770,-3.03770
1.03966,0.66629,1.29110,-1.26816,0.72770,-3.03770
1.03966,0.66629,1.29110,-1.26816,0.72770,-3.03770
1.03966,0.66629,1.29110,-1.26816,0.72770,-3.03770
1.03966,0.66629,1.29110,-1.26816,0.72770,-3.03770
1.03966,0.66629,1.29110,-1.26816,0.72770,-3.03770
1.03966,0.66629,1.29110,-1.26816,0.72770,-3.03770
1.03966,0.66629,1.29110,-1.26816,0.72770,-3.03770
1.03966,0.66629,1.29110,-1.26816,0.72770,-3.03770
1.03966,0.66629,1.29110,-1.26816,0.72770,-3.03770
1.03966,0.66629,1.29110,-1.26816,0.72770,-3.03770
1.03966,0.66629,1.29110,-1.26816,0.72770,-3.03770
1.03966,0.66629,1.29110,-1.26816,0.72770,-3.03770
1.03966,0.66629,1.29110,-1.26816,0.72770,-3.03770
1.03966,0.66629,1.29110,-1.26816,0.72770,-3.03770
1.03966,0.66629,1.29110,-1.26816,0.72770,-3.03770
1.03966,0.66629,1.29110,-1.26816,0.72770,-3.03770
1.03966,0.66629,1.29110,-1.26816,0.72770,-3.03770
1.03966,0.66629,1.29110,-1.26816,0.72770,-3.03770
1.03966,0.66629,1.29110,-1.26816,0.72770,-3.03770
1.03966,0.66629,1.29110,-1.26816,0.72770,-3.03770
1.03966,0.66629,1.29110,-1.26816,0.72770,-3.03770
1.03966,0.66629,1.29110,-1.26816,0.72770,-3.03770
1.03966,0.66629,1.29110,-1.26816,0.72770,-3.03770
1.03966,0.66629,1.29110,-1.26816,0.72770,-3.03770
1.03966,0.66629,1.29110,-1.26816,0.72770,-3.03770
1.03966,0.66629,1.29110,-1.26816,0.72770,-3.03770
1.03966,0.66629,1.29110,-1.26816,0.72770,-3.03770
1.03966,0.66629,1.29110,-1.26816,0.72770,-3.03770
1.03966,0.66629,1.29110,-1.26816,0.72770,-3.03770
1.03966,0.66629,1.29110,-1.26816,0.72770,-3.03770
1.03966,0.66629,1.29110,-1.26816,0.72770,-3.03770
1.03966,0.66629,1.29110,-1.26816,0.72770,-3.03770
1.03966,0.66629,1.29110,-1.26816,0.72770,-3.03770
1.03966,0.66629,1.29110,-1.26816,0.72770,-3.03770
1.03966,0.66629,1.29110,-1.26816,0.72770,-3.03770
1.03966,0.66629,1.29110,-1.26816,0.72770,-3.03770
1.03966,0.66629,1.29110,-1.26816,0.72770,-3.03770
1.03966,0.66629,1.29110,-1.26816,0.72770,-3.03770
1.03966,0.66629,1.29110,-1.26816,0.72770,-3.03770
1.03966,0.66629,1.29110,-1.26816,0.72770,-3.03770
1.03966,0.66629,1.29110,-1.26816,0.72770,-3.03770
1.03966,0.66629,1.29110,-1.26816,0.72770,-3.03770
1.03966,0.66629,1.29110,-1.26816,0.72770,-3.03770
1.03966,0.66629,1.29110,-1.26816,0.72770,-3.03770
1.03966,0.66629,1.29110,-1.26816,0.72770,-3.03770
1.03966,0.66629,1.29110,-1.26816,0.72770,-3.03770
1.03966,0.66629,1.29110,-1.26816,0.72770,-3.03770
1.03966,0.66629,1.29110,-1.26816,0.72770,-3.03770
1.03966,0.66629,1.29110,-1.26816,0.72770,-3.03770
1.03966,0.66629,1.29110,-1.26816,0.72770,-3.03770
1.03966,0.66629,1.29110,-1.26816,0.72770,-3.03770
1.03966,0.66629,1.29110,-1.26816,0.72770,-3.03770
1.03966,0.66629,1.29110,-1.26816,0.72770,-3.03770
1.03966,0.66629,1.29110,-1.26816,0.72770,-3.03770
1.03966,0.66629,1.29110,-1.26816,0.72770,-3.03770
1.03966,0.66629,1.29110,-1.26816,0.72770,-3.03770
1.03966,0.66629,1.29110,-1.26816,0.72770,-3.03770
1.03966,0.66629,1.29110,-1.26816,0.72770,-3.03770
1.03966,0.66629,1.29110,-1.26816,0.72770,-3.03770
1.03966,0.66629,1.29110,-1.26816,0.72770,-3.03770
1.03966,0.66629,1.29110,-1.26816,0.72770,-3.03770
1.03966,0.66629,1.29110,-1.26816,0.72770,-3.03770
1.03966,0.66629,1.29110,-1.26816,0.72770,-3.03770
1.03966,0.66629,1.29110,-1.26816,0.72770,-3.03770
1.03966,0.66629,1.29110,-1.26816,0.72770,-3.03770
1.03966,0.66629,1.29110,-1.26816,0.72770,-3.03770
1.03966,0.66629,1.29110,-1.26816,0.72770,-3.03770
1.03966,0.66629,1.29110,-1.26816,0.72770,-3.03770
1.03966,0.66629,1.29110,-1.26816,0.72770,-3.03770
1.03966,0.66629,1.29110,-1.26816,0.72770,-3.03770
1.03966,0.66629,1.29110,-1.26816,0.72770,-3.03770
1.03966,0.66629,1.29110,-1.26816,0.72770,-3.03770
1.03966,0.66629,1.29110,-1.26816,0.72770,-3.03770
1.03966,0.66629,1.29110,-1.26816,0.72770,-3.03770
1.03966,0.66629,1.29110,-1.26816,0.72770,-3.03770
1.03966,0.66629,1.29110,-1.26816,0.72770,-3.03770
1.03966,0.66629,1.29110,-1.26816,0.72770,-3.03770
1.03966,0.66629,1.29110,-1.26816,0.72770,-3.03770
1.03966,0.66629,1.29110,-1.26816,0.72770,-3.03770
1.03966,0.66629,1.29110,-1.26816,0.72770,-3.03770
1.03966,0.66629,1.29110,-1.26816,0.72770,-3.03770
1.03966,0.66629,1.29110,-1.26816,0.72770,-3.03770
1.03966,0.66629,1.29110,-1.26816,0.72770,-3.03770
1.03966,0.66629,1.29110,-1.26816,0.72770,-3.03770
1.03966,0.66629,1.29110,-1.26816,0.72770,-3.03770
1.03966,0.66629,1.29110,-1.26816,0.72770,-3.03770
1.03966,0.66629,1.29110,-1.26816,0.72770,-3.03770
1.03966,0.66629,1.29110,-1.26816,0.72770,-3.03770
1.03966,0.66629,1.29110,-1.26816,0.72770,-3.03770
1.03966,0.66629,1.29110,-1.26816,0.72770,-3.03770
1.03966,0.66629,1.29110,-1.26816,0.72770,-3.03770
1.03966,0.66629,1.29110,-1.26816,0.72770,-3.03770
1.03966,0.66629,1.29110,-1.26816,0.72770,-3.03770
1.03966,0.66629,1.29110,-1.26816,0.72770,-3.03770
1.03966,0.66629,1.29110,-1.26816,0.72770,-3.03770
1.03966,0.66629,1.29110,-1.26816,0.72770,-3.03770
1.03966,0.66629,1.29110,-1.26816,0.72770,-3.03770
1.03966,0.66629,1.29110,-1.26816,0.72770,-3.03770
1.03966,0.66629,1.29110,-1.26816,0.72770,-3.03770
1.03966,0.66629,1.29110,-1.26816,0.72770,-3.03770
1.03966,0.66629,1.29110,-1.26816,0.72770,-3.03770
1.03966,0.66629,1.29110,-1.26816,0.72770,-3.03770
1.03966,0.66629,1.29110,-1.26816,0.72770,-3.03770
1.03966,0.66629,1.29110,-1.26816,0.72770,-3.03770
1.03966,0.66629,1.29110,-1.26816,0.72770,-3.03770
1.03966,0.66629,1.29110,-1.26816,0.72770,-3.03770
1.03966,0.66629,1.29110,-1.26816,0.72770,-3.03770
1.03966,0.66629,1.29110,-1.26816,0.72770,-3.03770
1.03966,0.66629,1.29110,-1.26816,0.72770,-3.03770
1.03966,0.66629,1.29110,-1.26816,0.72770,-3.03770
1.03966,0.66629,1.29110,-1.26816,0.72770,-3.03770
1.03966,0.66629,1.29110,-1.26816,0.72770,-3.03770
1.03966,0.66629,1.29110,-1.26816,0.72770,-3.03770
1.03966,0.66629,1.29110,-1.26816,0.72770,-3.03770
1.03966,0.66629,1.29110,-1.26816,0.72770,-3.03770
1.03966,0.66629,1.29110,-1.26816,0.72770,-3.03770
1.03966,0.66629,1.29110,-1.26816,0.72770,-3.03770
1.03966,0.66629,1.29110,-1.26816,0.72770,-3.03770
1.03966,0.66629,1.29110,-1.26816,0.72770,-3.03770
1.03966,0.66629,1.29110,-1.26816,0.72770,-3.03770
1.03966,0.66629,1.29110,-1.26816,0.72770,-3.03770
1.03966,0.66629,1.29110,-1.26816,0.72770,-3.03770
1.03966,0.66629,1.29110,-1.26816,0.72770,-3.03770
1.03966,0.66629,1.29110,-1.26816,0.72770,-3.03770
1.03966,0.66629,1.29110,-1.26816,0.72770,-3.03770
1.03966,0.66629,1.29110,-1.26816,0.72770,-3.03770
1.03966,0.66629,1.29110,-1.26816,0.72770,-3.03770
1.03966,0.66629,1.29110,-1.26816,0.72770,-3.03770
1.03966,0.66629,1.29110,-1.26816,0.72770,-3.03770
1.03966,0.66629,1.29110,-1.26816,0.72770,-3.03770
1.03966,0.66629,1.29110,-1.26816,0.72770,-3.03770
1.03966,0.66629,1.29110,-1.26816,0.72770,-3.03770
1.03966,0.66629,1.29110,-1.26816,0.72770,-3.03770
1.03966,0.66629,1.29110,-1.26816,0.72770,-3.03770
1.03966,0.66629,1.29110,-1.26816,0.72770,-3.03770
1.03966,0.66629,1.29110,-1.26816,0.72770,-3.03770
1.03966,0.66629,1.29110,-1.26816,0.72770,-3.03770
1.03966,0.66629,1.29110,-1.26816,0.72770,-3.03770
1.03966,0.66629,1.29110,-1.26816,0.72770,-3.03770
1.03966,0.66629,1.29110,-1.26816,0.72770,-3.03770
1.03966,0.66629,1.29110,-1.26816,0.72770,-3.03770
1.03966,0.66629,1.29110,-1.26816,0.72770,-3.03770
1.03966,0.66629,1.29110,-1.26816,0.72770,-3.03770
1.03966,0.66629,1.29110,-1.26816,0.72770,-3.03770
1.03966,0.66629,1.29110,-1.26816,0.72770,-3.03770
1.03966,0.66629,1.29110,-1.26816,0.72770,-3.03770
1.03966,0.66629,1.29110,-1.26816,0.72770,-3.03770
1.03966,0.66629,1.29110,-1.26816,0.72770,-3.03770
1.03966,0.66629,1.29110,-1.26816,0.72770,-3.03770
1.03966,0.66629,1.29110,-1.26816,0.72770,-3.03770
1.03966,0.66629,1.29110,-1.26816,0.72770,-3.03770
1.03966,0.66629,1.29110,-1.26816,0.72770,-3.03770
1.03966,0.66629,1.29110,-1.26816,0.72770,-3.03770
1.03966,0.66629,1.29110,-1.26816,0.72770,-3.03770
1.03966,0.66629,1.29110,-1.26816,0.72770,-3.03770
1.03966,0.66629,1.29110,-1.26816,0.72770,-3.03770
1.03966,0.66629,1.29110,-1.26816,0.72770,-3.03770
1.03966,0.66629,1.29110,-1.26816,0.72770,-3.03770
1.03966,0.66629,1.29110,-1.26816,0.72770,-3.03770
1.03966,0.66629,1.29110,-1.26816,0.72770,-3.03770
1.03966,0.66629,1.29110,-1.26816,0.72770,-3.03770
1.03966,0.66629,1.29110,-1.26816,0.72770,-3.03770
1.03966,0.66629,1.29110,-1.26816,0.72770,-3.03770
1.03966,0.66629,1.29110,-1.26816,0.72770,-3.03770
1.03966,0.66629,1.29110,-1.26816,0.72770,-3.03770
1.03966,0.66629,1.29110,-1.26816,0.72770,-3.03770
1.03966,0.66629,1.29110,-1.26816,0.72770,-3.03770
1.03966,0.66629,1.29110,-1.26816,0.72770,-3.03770
1.03966,0.66629,1.29110,-1.26816,0.72770,-3.03770
1.03966,0.66629,1.29110,-1.26816,0.72770,-3.03770
1.03966,0.66629,1.29110,-1.26816,0.72770,-3.03770
1.03966,0.66629,1.29110,-1.26816,0.72770,-3.03770
1.03966,0.66629,1.29110,-1.26816,0.72770,-3.03770
1.03966,0.66629,1.29110,-1.26816,0.72770,-3.03770
1.03966,0.66629,1.29110,-1.26816,0.72770,-3.03770
1.03966,0.66629,1.29110,-1.26816,0.72770,-3.03770
1.03966,0.66629,1.29110,-1.26816,0.72770,-3.03770
1.03966,0.66629,1.29110,-1.26816,0.72770,-3.03770
1.03966,0.66629,1.29110,-1.26816,0.72770,-3.03770
1.03966,0.66629,1.29110,-1.26816,0.72770,-3.03770
1.03966,0.66629,1.29110,-1.26816,0.72770,-3.03770
1.03966,0.66629,1.29110,-1.26816,0.72770,-3.03770
1.03966,0.66629,1.29110,-1.26816,0.72770,-3.03770
1.03966,0.66629,1.29110,-1.26816,0.72770,-3.03770
1.03966,0.66629,1.29110,-1.26816,0.72770,-3.03770
1.03966,0.66629,1.29110,-1.26816,0.72770,-3.03770
1.03966,0.66629,1.29110,-1.26816,0.72770,-3.03770
1.03966,0.66629,1.29110,-1.26816,0.72770,-3.03770
1.03966,0.66629,1.29110,-1.26816,0.72770,-3.03770
1.03966,0.66629,1.29110,-1.26816,0.72770,-3.03770
1.03966,0.66629,1.29110,-1.26816,0.72770,-3.03770
1.03966,0.66629,1.29110,-1.26816,0.72770,-3.03770
1.03966,0.66629,1.29110,-1.26816,0.72770,-3.03770
1.03966,0.66629,1.29110,-1.26816,0.72770,-3.03770
1.03966,0.66629,1.29110,-1.26816,0.72770,-3.03770
1.03966,0.66629,1.29110,-1.26816,0.72770,-3.03770
1.03966,0.66629,1.29110,-1.26816,0.72770,-3.03770
1.03966,0.66629,1.29110,-1.26816,0.72770,-3.03770
1.03966,0.66629,1.29110,-1.26816,0.72770,-3.03770
1.03966,0.66629,1.29110,-1.26816,0.72770,-3.03770
1.03966,0.66629,1.29110,-1.26816,0.72770,-3.03770
1.03966,0.66629,1.29110,-1.26816,0.72770,-3.03770
1.03966,0.66629,1.29110,-1.26816,0.72770,-3.03770
1.03966,0.66629,1.29110,-1.26816,0.72770,-3.03770
1.03966,0.66629,1.29110,-1.26816,0.72770,-3.03770
1.03966,0.66629,1.29110,-1.26816,0.72770,-3.03770
1.03966,0.66629,1.29110,-1.26816,0.72770,-3.03770
1.03966,0.66629,1.29110,-1.26816,0.72770,-3.03770
1.03966,0.66629,1.29110,-1.26816,0.72770,-3.03770
1.03966,0.66629,1.29110,-1.26816,0.72770,-3.03770
1.03966,0.66629,1.29110,-1.26816,0.72770,-3.03770
1.03966,0.66629,1.29110,-1.26816,0.72770,-3.03770
1.03966,0.66629,1.29110,-1.26816,0.72770,-3.03770
1.03966,0.66629,1.29110,-1.26816,0.72770,-3.03770
1.03966,0.66629,1.29110,-1.26816,0.72770,-3.03770
1.03966,0.66629,1.29110,-1.26816,0.72770,-3.03770
1.03966,0.66629,1.29110,-1.26816,0.72770,-3.03770
1.03966,0.66629,1.29110,-1.26816,0.72770,-3.03770
1.03966,0.66629,1.29110,-1.26816,0.72770,-3.03770
1.03966,0.66629,1.29110,-1.26816,0.72770,-3.03770
1.03966,0.66629,1.29110,-1.26816,0.72770,-3.03770
1.03966,0.66629,1.29110,-1.26816,0.72770,-3.03770
1.03966,0.66629,1.29110,-1.26816,0.72770,-3.03770
1.03966,0.66629,1.29110,-1.26816,0.72770,-3.03770
1.03966,0.66629,1.29110,-1.26816,0.72770,-3.03770
1.03966,0.66629,1.29110,-1.26816,0.72770,-3.03770
1.03966,0.66629,1.29110,-1.26816,0.72770,-3.03770
1.03966,0.66629,1.29110,-1.26816,0.72770,-3.03770
1.03966,0.66629,1.29110,-1.26816,0.72770,-3.03770
1.03966,0.66629,1.29110,-1.26816,0.72770,-3.03770
1.03966,0.66629,1.29110,-1.26816,0.72770,-3.03770
1.03966,0.66629,1.29110,-1.26816,0.72770,-3.03770
1.03966,0.66629,1.29110,-1.26816,0.72770,-3.03770
1.03966,0.66629,1.29110,-1.26816,0.72770,-3.03770
1.03966,0.66629,1.29110,-1.26816,0.72770,-3.03770
1.03966,0.66629,1.29110,-1.26816,0.72770,-3.03770
1.03966,0.66629,1.29110,-1.26816,0.72770,-3.03770
1.03966,0.66629,1.29110,-1.26816,0.72770,-3.03770
1.03966,0.66629,1.29110,-1.26816,0.72770,-3.03770
1.03966,0.66629,1.29110,-1.26816,0.72770,-3.03770
1.03966,0.66629,1.29110,-1.26816,0.72770,-3.03770
1.03966,0.66629,1.29110,-1.26816,0.72770,-3.03770
1.03966,0.66629,1.29110,-1.26816,0.72770,-3.03770
1.03966,0.66629,1.29110,-1.26816,0.72770,-3.03770
1.03966,0.66629,1.29110,-1.26816,0.72770,-3.03770
1.03966,0.66629,1.29110,-1.26816,0.72770,-3.03770
1.03966,0.66629,1.29110,-1.26816,0.72770,-3.03770
1.03966,0.66629,1.29110,-1.26816,0.72770,-3.03770
1.03966,0.66629,1.29110,-1.26816,0.72770,-3.03770
1.03966,0.66629,1.29110,-1.26816,0.72770,-3.03770
1.03966,0.66629,1.29110,-1.26816,0.72770,-3.03770
1.03966,0.66629,1.29110,-1.26816,0.72770,-3.03770
1.03966,0.66629,1.29110,-1.26816,0.72770,-3.03770
1.03966,0.66629,1.29110,-1.26816,0.72770,-3.03770
1.03966,0.66629,1.29110,-1.26816,0.72770,-3.03770
1.03966,0.66629,1.29110,-1.26816,0.72770,-3.03770
1.03966,0.66629,1.29110,-1.26816,0.72770,-3.03770
1.03966,0.66629,1.29110,-1.26816,0.72770,-3.03770
1.03966,0.66629,1.29110,-1.26816,0.72770,-3.03770
1.03966,0.66629,1.29110,-1.26816,0.72770,-3.03770
1.03966,0.66629,1.29110,-1.26816,0.72770,-3.03770
1.03966,0.66629,1.29110,-1.26816,0.72770,-3.03770
1.03966,0.66629,1.29110,-1.26816,0.72770,-3.03770
1.03966,0.66629,1.29110,-1.26816,0.72770,-3.03770
1.03966,0.66629,1.29110,-1.26816,0.72770,-3.03770
1.03966,0.66629,1.29110,-1.26816,0.72770,-3.03770
1.03966,0.66629,1.29110,-1.26816,0.72770,-3.03770
1.03966,0.66629,1.29110,-1.26816,0.72770,-3.03770
1.03966,0.66629,1.29110,-1.26816,0.72770,-3.03770
1.03966,0.66629,1.29110,-1.26816,0.72770,-3.03770
1.03966,0.66629,1.29110,-1.26816,0.72770,-3.03770
1.03966,0.66629,1.29110,-1.26816,0.72770,-3.03770
1.03966,0.66629,1.29110,-1.26816,0.72770,-3.03770
1.03966,0.66629,1.29110,-1.26816,0.72770,-3.03770
1.03966,0.66629,1.29110,-1.26816,0.72770,-3.03770
1.03966,0.66629,1.29110,-1.26816,0.72770,-3.03770
1.03966,0.66629,1.29110,-1.26816,0.72770,-3.03770
1.03966,0.66629,1.29110,-1.26816,0.72770,-3.03770
1.03966,0.66629,1.29110,-1.26816,0.72770,-3.03770
1.03966,0.66629,1.29110,-1.26816,0.72770,-3.03770
1.03966,0.66629,1.29110,-1.26816,0.72770,-3.03770
1.03966,0.66629,1.29110,-1.26816,0.72770,-3.03770
1.03966,0.66629,1.29110,-1.26816,0.72770,-3.03770
1.03966,0.66629,1.29110,-1.26816,0.72770,-3.03770
1.03966,0.66629,1.29110,-1.26816,0.72770,-3.03770
1.03966,0.66629,1.29110,-1.26816,0.72770,-3.03770
1.03966,0.66629,1.29110,-1.26816,0.72770,-3.03770
1.03966,0.66629,1.29110,-1.26816,0.72770,-3.03770
1.03966,0.66629,1.29110,-1.26816,0.72770,-3.03770
1.03966,0.66629,1.29110,-1.26816,0.72770,-3.03770
1.03966,0.66629,1.29110,-1.26816,0.72770,-3.03770
1.03966,0.66629,1.29110,-1.26816,0.72770,-3.03770
1.03966,0.66629,1.29110,-1.26816,0.72770,-3.03770
1.03966,0.66629,1.29110,-1.26816,0.72770,-3.03770
1.03966,0.66629,1.29110,-1.26816,0.72770,-3.03770
1.03966,0.66629,1.29110,-1.26816,0.72770,-3.03770
1.03966,0.66629,1.29110,-1.26816,0.72770,-3.03770
1.03966,0.66629,1.29110,-1.26816,0.72770,-3.03770
1.03966,0.66629,1.29110,-1.26816,0.72770,-3.03770
1.03966,0.66629,1.29110,-1.26816,0.72770,-3.03770
1.03966,0.66629,1.29110,-1.26816,0.72770,-3.03770
1.03966,0.66629,1.29110,-1.26816,0.72770,-3.03770
1.03966,0.66629,1.29110,-1.26816,0.72770,-3.03770
1.03966,0.66629,1.29110,-1.26816,0.72770,-3.03770
1.03966,0.66629,1.29110,-1.26816,0.72770,-3.03770
1.03966,0.66629,1.29110,-1.26816,0.72770,-3.03770
1.03966,0.66629,1.29110,-1.26816,0.72770,-3.03770
1.03966,0.66629,1.29110,-1.26816,0.72770,-3.03770
1.03966,0.66629,1.29110,-1.26816,0.72770,-3.03770
1.03966,0.66629,1.29110,-1.26816,0.72770,-3.03770
1.03966,0.66629,1.29110,-1.26816,0.72770,-3.03770
1.03966,0.66629,1.29110,-1.26816,0.72770,-3.03770
1.03966,0.66629,1.29110,-1.26816,0.72770,-3.03770
1.03966,0.66629,1.29110,-1.26816,0.72770,-3.03770
1.03966,0.66629,1.29110,-1.26816,0.72770,-3.03770
1.03966,0.66629,1.29110,-1.26816,0.72770,-3.03770
1.03966,0.66629,1.29110,-1.26816,0.72770,-3.03770
1.03966,0.66629,1.29110,-1.26816,0.72770,-3.03770
1.03966,0.66629,1.29110,-1.26816,0.72770,-3.03770
1.03966,0.66629,1.29110,-1.26816,0.72770,-3.03770
1.03966,0.66629,1.29110,-1.26816,0.72770,-3.03770
1.03966,0.66629,1.29110,-1.26816,0.72770,-3.03770
1.03966,0.66629,1.29110,-1.26816,0.72770,-3.03770
1.03966,0.66629,1.29110,-1.26816,0.72770,-3.03770
1.03966,0.66629,1.29110,-1.26816,0.72770,-3.03770
1.03966,0.66629,1.29110,-1.26816,0.72770,-3.03770
1.03966,0.66629,1.29110,-1.26816,0.72770,-3.03770
1.03966,0.66629,1.29110,-1.26816,0.72770,-3.03770
1.03966,0.66629,1.29110,-1.26816,0.72770,-3.03770
1.03966,0.66629,1.29110,-1.26816,0.72770,-3.03770
1.03966,0.66629,1.29110,-1.26816,0.72770,-3.03770
1.03966,0.66629,1.29110,-1.26816,0.72770,-3.03770
1.03966,0.66629,1.29110,-1.26816,0.72770,-3.03770
1.03966,0.66629,1.29110,-1.26816,0.72770,-3.03770
1.03966,0.66629,1.29110,-1.26816,0.72770,-3.03770
1.03966,0.66629,1.29110,-1.26816,0.72770,-3.03770
1.03966,0.66629,1.29110,-1.26816,0.72770,-3.03770
1.03966,0.66629,1.29110,-1.26816,0.72770,-3.03770
1.03966,0.66629,1.29110,-1.26816,0.72770,-3.03770
1.03966,0.66629,1.29110,-1.26816,0.72770,-3.03770
1.03966,0.66629,1.29110,-1.26816,0.72770,-3.03770
1.03966,0.66629,1.29110,-1.26816,0.72770,-3.03770
1.03966,0.66629,1.29110,-1.26816,0.72770,-3.03770
1.03966,0.66629,1.29110,-1.26816,0.72770,-3.03770
1.03966,0.66629,1.29110,-1.26816,0.72770,-3.03770
1.03966,0.66629,1.29110,-1.26816,0.72770,-3.03770
1.03966,0.66629,1.29110,-1.26816,0.72770,-3.03770
1.03966,0.66629,1.29110,-1.26816,0.72770,-3.03770
1.03966,0.66629,1.29110,-1.26816,0.72770,-3.03770
1.03966,0.66629,1.29110,-1.26816,0.72770,-3.03770
1.03966,0.66629,1.29110,-1.26816,0.72770,-3.03770
1.03966,0.66629,1.29110,-1.26816,0.72770,-3.03770
1.03966,0.66629,1.29110,-1.26816,0.72770,-3.03770
1.03966,0.66629,1.29110,-1.26816,0.72770,-3.03770
1.03966,0.66629,1.29110,-1.26816,0.72770,-3.03770
1.03966,0.66629,1.29110,-1.26816,0.72770,-3.03770
1.03966,0.66629,1.29110,-1.26816,0.72770,-3.03770
1.03966,0.66629,1.29110,-1.26816,0.72770,-3.03770
1.03966,0.66629,1.29110,-1.26816,0.72770,-3.03770
1.03966,0.66629,1.29110,-1.26816,0.72770,-3.03770
1.03966,0.66629,1.29110,-1.26816,0.72770,-3.03770
1.03966,0.66629,1.29110,-1.26816,0.72770,-3.03770
1.03966,0.66629,1.29110,-1.26816,0.72770,-3.03770
1.03966,0.66629,1.29110,-1.26816,0.72770,-3.03770
1.03966,0.66629,1.29110,-1.26816,0.72770,-3.03770
1.03966,0.66629,1.29110,-1.26816,0.72770,-3.03770
1.03966,0.66629,1.29110,-1.26816,0.72770,-3.03770
1.03966,0.66629,1.29110,-1.26816,0.72770,-3.03770
1.03966,0.66629,1.29110,-1.26816,0.72770,-3.03770
1.03966,0.66629,1.29110,-1.26816,0.72770,-3.03770
1.03966,0.66629,1.29110,-1.26816,0.72770,-3.03770
1.03966,0.66629,1.29110,-1.26816,0.72770,-3.03770
1.03966,0.66629,1.29110,-1.26816,0.72770,-3.03770
1.03966,0.66629,1.29110,-1.26816,0.72770,-3.03770
1.03966,0.66629,1.29110,-1.26816,0.72770,-3.03770
1.03966,0.66629,1.29110,-1.26816,0.72770,-3.03770
1.03966,0.66629,1.29110,-1.26816,0.72770,-3.03770
1.03966,0.66629,1.29110,-1.26816,0.72770,-3.03770
1.03966,0.66629,1.29110,-1.26816,0.72770,-3.03770
1.03966,0.66629,1.29110,-1.26816,0.72770,-3.03770
1.03966,0.66629,1.29110,-1.26816,0.72770,-3.03770
1.03966,0.66629,1.29110,-1.26816,0.72770,-3.03770
1.03966,0.66629,1.29110,-1.26816,0.72770,-3.03770
1.03966,0.66629,1.29110,-1.26816,0.72770,-3.03770
1.03966,0.66629,1.29110,-1.26816,0.72770,-3.03770
1.03966,0.66629,1.29110,-1.26816,0.72770,-3.03770
1.03966,0.66629,1.29110,-1.26816,0.72770,-3.03770
1.03966,0.66629,1.29110,-1.26816,0.72770,-3.03770
1.03966,0.66629,1.29110,-1.26816,0.72770,-3.03770
1.03966,0.66629,1.29110,-1.26816,0.72770,-3.03770
1.03966,0.66629,1.29110,-1.26816,0.72770,-3.03770
1.03966,0.66629,1.29110,-1.26816,0.72770,-3.03770
1.03966,0.66629,1.29110,-1.26816,0.72770,-3.03770
1.03966,0.66629,1.29110,-1.26816,0.72770,-3.03770
1.03966,0.66629,1.29110,-1.26816,0.72770,-3.03770
1.03966,0.66629,1.29110,-1.26816,0.72770,-3.03770
1.03966,0.66629,1.29110,-1.26816,0.72770,-3.03770
1.03966,0.66629,1.29110,-1.26816,0.72770,-3.03770
1.03966,0.66629,1.29110,-1.26816,0.72770,-3.03770
1.03966,0.66629,1.29110,-1.26816,0.72770,-3.03770
1.03966,0.66629,1.29110,-1.26816,0.72770,-3.03770
1.03966,0.66629,1.29110,-1.26816,0.72770,-3.03770
1.03966,0.66629,1.29110,-1.26816,0.72770,-3.03770
1.03966,0.66629,1.29110,-1.26816,0.72770,-3.03770
1.03966,0.66629,1.29110,-1.26816,0.72770,-3.03770
1.03966,0.66629,1.29110,-1.26816,0.72770,-3.03770
1.03966,0.66629,1.29110,-1.26816,0.72770,-3.03770
1.03966,0.66629,1.29110,-1.26816,0.72770,-3.03770
1.03966,0.66629,1.29110,-1.26816,0.72770,-3.03770
1.03966,0.66629,1.29110,-1.26816,0.72770,-3.03770
1.03966,0.66629,1.29110,-1.26816,0.72770,-3.03770
1.03966,0.66629,1.29110,-1.26816,0.72770,-3.03770
1.03966,0.66629,1.29110,-1.26816,0.72770,-3.03770
1.03966,0.66629,1.29110,-1.26816,0.72770,-3.03770
1.03966,0.66629,1.29110,-1.26816,0.72770,-3.03770
1.03966,0.66629,1.29110,-1.26816,0.72770,-3.03770
1.03966,0.66629,1.29110,-1.26816,0.72770,-3.03770
1.03966,0.66629,1.29110,-1.26816,0.72770,-3.03770
1.03966,0.66629,1.29110,-1.26816,0.72770,-3.03770
1.03966,0.66629,1.29110,-1.26816,0.72770,-3.03770
1.03966,0.66629,1.29110,-1.26816,0.72770,-3.03770
1.03966,0.66629,1.29110,-1.26816,0.72770,-3.03770
1.03966,0.66629,1.29110,-1.26816,0.72770,-3.03770
1.03966,0.66629,1.29110,-1.26816,0.72770,-3.03770
