1.09692,-2.51943,-0.82528,0.39487,-2.39096,-2.05142
1.09698,-2.51851,-0.82781,0.39475,-2.39117,-2.05212
1.09704,-2.51759,-0.83033,0.39462,-2.39139,-2.05282
1.09710,-2.51668,-0.83284,0.39449,-2.39160,-2.05353
1.09716,-2.51577,-0.83536,0.39436,-2.39182,-2.05423
1.09722,-2.51487,-0.83786,0.39422,-2.39202,-2.05494
1.09728,-2.51396,-0.84036,0.39408,-2.39224,-2.05564
1.09746,-2.51363,-0.84200,0.39356,-2.39210,-2.05709
1.09766,-2.51331,-0.84361,0.39305,-2.39197,-2.05853
1.09776,-2.51348,-0.84402,0.39221,-2.39149,-2.05947
1.09787,-2.51364,-0.84444,0.39137,-2.39102,-2.06040
1.09806,-2.51392,-0.84461,0.39043,-2.39037,-2.06138
1.09826,-2.51420,-0.84478,0.38948,-2.38972,-2.06235
1.09854,-2.51434,-0.84551,0.38867,-2.38922,-2.06416
1.09882,-2.51449,-0.84622,0.38786,-2.38871,-2.06596
1.09896,-2.51468,-0.84664,0.38701,-2.38820,-2.06682
1.09911,-2.51487,-0.84706,0.38616,-2.38769,-2.06769
1.09925,-2.51506,-0.84745,0.38524,-2.38712,-2.06869
1.09940,-2.51526,-0.84783,0.38434,-2.38656,-2.06969
1.09951,-2.51538,-0.84850,0.38350,-2.38615,-2.07072
1.09962,-2.51550,-0.84917,0.38267,-2.38574,-2.07173
1.09969,-2.51555,-0.84993,0.38181,-2.38538,-2.07245
1.09975,-2.51560,-0.85069,0.38096,-2.38502,-2.07316
1.09993,-2.51584,-0.85093,0.38009,-2.38443,-2.07409
1.10010,-2.51607,-0.85117,0.37923,-2.38383,-2.07501
1.10028,-2.51627,-0.85159,0.37841,-2.38330,-2.07609
1.10047,-2.51646,-0.85201,0.37759,-2.38277,-2.07717
1.10068,-2.51682,-0.85181,0.37668,-2.38199,-2.07787
1.10089,-2.51718,-0.85163,0.37579,-2.38121,-2.07858
1.10103,-2.51731,-0.85224,0.37498,-2.38077,-2.07972
1.10118,-2.51744,-0.85284,0.37418,-2.38032,-2.08085
1.10136,-2.51768,-0.85306,0.37334,-2.37972,-2.08176
1.10153,-2.51792,-0.85329,0.37250,-2.37913,-2.08266
1.10169,-2.51813,-0.85356,0.37169,-2.37857,-2.08348
1.10185,-2.51834,-0.85383,0.37088,-2.37802,-2.08430
1.10203,-2.51856,-0.85414,0.37005,-2.37744,-2.08526
1.10222,-2.51877,-0.85445,0.36921,-2.37686,-2.08621
1.10241,-2.51912,-0.85421,0.36836,-2.37609,-2.08684
1.10262,-2.51946,-0.85399,0.36751,-2.37533,-2.08748
1.10278,-2.51960,-0.85461,0.36669,-2.37488,-2.08858
1.10294,-2.51975,-0.85524,0.36588,-2.37443,-2.08968
1.10310,-2.52000,-0.85533,0.36505,-2.37381,-2.09037
1.10327,-2.52025,-0.85543,0.36421,-2.37319,-2.09106
1.10349,-2.52057,-0.85543,0.36337,-2.37249,-2.09198
1.10372,-2.52087,-0.85544,0.36254,-2.37179,-2.09290
1.10385,-2.52103,-0.85585,0.36174,-2.37129,-2.09362
1.10399,-2.52118,-0.85623,0.36095,-2.37078,-2.09432
1.10422,-2.52143,-0.85653,0.36013,-2.37018,-2.09547
1.10445,-2.52167,-0.85683,0.35930,-2.36957,-2.09662
1.10463,-2.52193,-0.85692,0.35849,-2.36895,-2.09739
1.10483,-2.52220,-0.85702,0.35767,-2.36831,-2.09816
1.10503,-2.52248,-0.85708,0.35686,-2.36765,-2.09902
1.10523,-2.52275,-0.85715,0.35605,-2.36700,-2.09987
1.10542,-2.52301,-0.85726,0.35526,-2.36637,-2.10069
1.10562,-2.52326,-0.85738,0.35447,-2.36574,-2.10152
1.10581,-2.52349,-0.85758,0.35368,-2.36516,-2.10227
1.10599,-2.52371,-0.85778,0.35289,-2.36458,-2.10304
1.10618,-2.52396,-0.85791,0.35210,-2.36396,-2.10384
1.10637,-2.52421,-0.85805,0.35131,-2.36334,-2.10463
1.10663,-2.52461,-0.85777,0.35045,-2.36250,-2.10548
1.10689,-2.52501,-0.85749,0.34960,-2.36167,-2.10632
1.10707,-2.52518,-0.85791,0.34881,-2.36113,-2.10728
1.10726,-2.52535,-0.85832,0.34802,-2.36058,-2.10824
1.10744,-2.52556,-0.85858,0.34722,-2.36001,-2.10909
1.10761,-2.52577,-0.85884,0.34643,-2.35944,-2.10994
1.10777,-2.52596,-0.85914,0.34566,-2.35890,-2.11078
1.10794,-2.52615,-0.85945,0.34489,-2.35836,-2.11161
1.10811,-2.52635,-0.85969,0.34413,-2.35780,-2.11243
1.10828,-2.52656,-0.85993,0.34337,-2.35724,-2.11325
1.10845,-2.52675,-0.86029,0.34256,-2.35668,-2.11414
1.10862,-2.52693,-0.86065,0.34175,-2.35613,-2.11503
1.10878,-2.52711,-0.86099,0.34099,-2.35561,-2.11586
1.10894,-2.52729,-0.86131,0.34025,-2.35508,-2.11668
1.10911,-2.52748,-0.86162,0.33946,-2.35452,-2.11755
1.10928,-2.52767,-0.86193,0.33869,-2.35396,-2.11840
1.10945,-2.52785,-0.86228,0.33791,-2.35342,-2.11925
1.10961,-2.52803,-0.86266,0.33714,-2.35288,-2.12010
1.10978,-2.52830,-0.86268,0.33632,-2.35222,-2.12099
1.10995,-2.52859,-0.86268,0.33550,-2.35155,-2.12187
1.11009,-2.52860,-0.86374,0.33479,-2.35126,-2.12274
1.11024,-2.52862,-0.86479,0.33408,-2.35098,-2.12360
1.11040,-2.52880,-0.86511,0.33334,-2.35044,-2.12438
1.11056,-2.52898,-0.86541,0.33260,-2.34990,-2.12516
1.11079,-2.52926,-0.86546,0.33181,-2.34920,-2.12601
1.11102,-2.52955,-0.86551,0.33103,-2.34850,-2.12686
1.11120,-2.52974,-0.86581,0.33026,-2.34792,-2.12759
1.11138,-2.52994,-0.86612,0.32948,-2.34734,-2.12834
1.11146,-2.53001,-0.86660,0.32879,-2.34692,-2.12876
1.11155,-2.53008,-0.86708,0.32810,-2.34649,-2.12919
1.11174,-2.53030,-0.86727,0.32735,-2.34588,-2.12999
1.11193,-2.53052,-0.86747,0.32661,-2.34527,-2.13079
1.11209,-2.53068,-0.86779,0.32590,-2.34475,-2.13152
1.11225,-2.53085,-0.86811,0.32521,-2.34422,-2.13225
1.11239,-2.53098,-0.86860,0.32448,-2.34375,-2.13296
1.11254,-2.53111,-0.86908,0.32375,-2.34326,-2.13368
1.11280,-2.53144,-0.86896,0.32295,-2.34249,-2.13430
1.11305,-2.53178,-0.86883,0.32217,-2.34172,-2.13491
1.11320,-2.53192,-0.86925,0.32145,-2.34122,-2.13566
1.11335,-2.53206,-0.86968,0.32074,-2.34073,-2.13641
1.11349,-2.53217,-0.87019,0.32004,-2.34027,-2.13723
1.11362,-2.53227,-0.87072,0.31934,-2.33982,-2.13806
1.11369,-2.53234,-0.87101,0.31897,-2.33952,-2.13866
1.11375,-2.53239,-0.87129,0.31862,-2.33922,-2.13926
1.11383,-2.53247,-0.87155,0.31827,-2.33892,-2.13987
1.11390,-2.53254,-0.87183,0.31792,-2.33861,-2.14048
1.11396,-2.53259,-0.87217,0.31758,-2.33833,-2.14118
1.11402,-2.53264,-0.87251,0.31723,-2.33804,-2.14186
1.11439,-2.53322,-0.87118,0.31688,-2.33705,-2.14274
1.11476,-2.53381,-0.86984,0.31654,-2.33605,-2.14361
1.11487,-2.53374,-0.87109,0.31619,-2.33602,-2.14533
1.11499,-2.53367,-0.87235,0.31584,-2.33599,-2.14704
1.11505,-2.53374,-0.87262,0.31552,-2.33568,-2.14867
1.11512,-2.53382,-0.87288,0.31520,-2.33538,-2.15030
1.11532,-2.53415,-0.87251,0.31482,-2.33479,-2.15194
1.11552,-2.53448,-0.87215,0.31445,-2.33421,-2.15359
1.11555,-2.53444,-0.87282,0.31410,-2.33404,-2.15584
1.11558,-2.53441,-0.87350,0.31374,-2.33387,-2.15807
1.11564,-2.53448,-0.87380,0.31338,-2.33356,-2.16031
1.11570,-2.53454,-0.87412,0.31302,-2.33325,-2.16254
1.11575,-2.53454,-0.87469,0.31266,-2.33304,-2.16480
1.11579,-2.53455,-0.87528,0.31229,-2.33282,-2.16705
1.11588,-2.53459,-0.87583,0.31190,-2.33256,-2.16929
1.11596,-2.53464,-0.87638,0.31151,-2.33230,-2.17152
1.11602,-2.53466,-0.87691,0.31114,-2.33206,-2.17380
1.11609,-2.53468,-0.87746,0.31076,-2.33181,-2.17607
1.11626,-2.53497,-0.87714,0.31033,-2.33121,-2.17787
1.11642,-2.53526,-0.87683,0.30991,-2.33062,-2.17968
1.11653,-2.53535,-0.87720,0.30957,-2.33032,-2.18181
1.11663,-2.53545,-0.87756,0.30923,-2.33002,-2.18395
1.11681,-2.53573,-0.87737,0.30880,-2.32945,-2.18589
1.11699,-2.53601,-0.87718,0.30839,-2.32888,-2.18782
1.11713,-2.53622,-0.87710,0.30798,-2.32839,-2.18978
1.11727,-2.53643,-0.87704,0.30758,-2.32790,-2.19175
1.11738,-2.53653,-0.87741,0.30720,-2.32757,-2.19396
1.11749,-2.53663,-0.87778,0.30682,-2.32723,-2.19618
1.11766,-2.53688,-0.87770,0.30638,-2.32670,-2.19817
1.11782,-2.53713,-0.87763,0.30594,-2.32617,-2.20017
1.11815,-2.53766,-0.87660,0.30550,-2.32523,-2.20163
1.11847,-2.53820,-0.87556,0.30505,-2.32428,-2.20308
1.11849,-2.53819,-0.87609,0.30469,-2.32407,-2.20533
1.11851,-2.53817,-0.87664,0.30434,-2.32386,-2.20758
1.11872,-2.53850,-0.87651,0.30387,-2.32329,-2.20908
1.11892,-2.53884,-0.87635,0.30341,-2.32272,-2.21056
1.11916,-2.53924,-0.87573,0.30299,-2.32200,-2.21185
1.11939,-2.53963,-0.87510,0.30259,-2.32127,-2.21313
1.11974,-2.54026,-0.87361,0.30212,-2.32014,-2.21414
1.12009,-2.54088,-0.87213,0.30165,-2.31901,-2.21515
1.12032,-2.54125,-0.87155,0.30124,-2.31829,-2.21640
1.12055,-2.54162,-0.87096,0.30083,-2.31757,-2.21764
1.12078,-2.54205,-0.87022,0.30038,-2.31680,-2.21859
1.12100,-2.54247,-0.86950,0.29993,-2.31603,-2.21956
1.12133,-2.54306,-0.86857,0.29939,-2.31512,-2.22059
1.12166,-2.54366,-0.86764,0.29885,-2.31420,-2.22164
1.12183,-2.54397,-0.86761,0.29839,-2.31371,-2.22306
1.12199,-2.54427,-0.86760,0.29794,-2.31324,-2.22449
1.12239,-2.54502,-0.86596,0.29739,-2.31202,-2.22485
1.12279,-2.54576,-0.86431,0.29685,-2.31080,-2.22522
1.12295,-2.54588,-0.86422,0.29658,-2.31030,-2.22610
1.12311,-2.54600,-0.86412,0.29632,-2.30980,-2.22695
1.12337,-2.54646,-0.86351,0.29582,-2.30904,-2.22737
1.12363,-2.54693,-0.86288,0.29533,-2.30828,-2.22778
1.12387,-2.54733,-0.86215,0.29491,-2.30750,-2.22814
1.12411,-2.54772,-0.86141,0.29449,-2.30672,-2.22850
1.12426,-2.54794,-0.86113,0.29412,-2.30615,-2.22995
1.12441,-2.54815,-0.86086,0.29376,-2.30557,-2.23140
1.12464,-2.54853,-0.86032,0.29333,-2.30485,-2.23212
1.12488,-2.54891,-0.85979,0.29288,-2.30413,-2.23287
1.12510,-2.54925,-0.85963,0.29243,-2.30354,-2.23382
1.12531,-2.54959,-0.85948,0.29197,-2.30296,-2.23477
1.12558,-2.55000,-0.85873,0.29155,-2.30215,-2.23558
1.12586,-2.55042,-0.85796,0.29113,-2.30133,-2.23638
1.12605,-2.55077,-0.85736,0.29070,-2.30061,-2.23709
1.12625,-2.55112,-0.85675,0.29027,-2.29989,-2.23780
1.12652,-2.55152,-0.85629,0.28982,-2.29915,-2.23853
1.12680,-2.55191,-0.85583,0.28937,-2.29842,-2.23927
1.12683,-2.55189,-0.85635,0.28906,-2.29821,-2.24002
1.12685,-2.55186,-0.85689,0.28875,-2.29800,-2.24078
1.12723,-2.55251,-0.85568,0.28819,-2.29694,-2.24110
1.12760,-2.55317,-0.85446,0.28764,-2.29588,-2.24142
1.12745,-2.55285,-0.85573,0.28742,-2.29605,-2.24247
1.12730,-2.55253,-0.85700,0.28722,-2.29623,-2.24351
1.12741,-2.55248,-0.85773,0.28697,-2.29603,-2.24428
1.12752,-2.55243,-0.85845,0.28672,-2.29582,-2.24506
1.12821,-2.55391,-0.85488,0.28586,-2.29373,-2.24485
1.12891,-2.55540,-0.85129,0.28501,-2.29164,-2.24464
1.12908,-2.55565,-0.85113,0.28458,-2.29105,-2.24518
1.12926,-2.55590,-0.85097,0.28416,-2.29047,-2.24572
1.12944,-2.55611,-0.85076,0.28379,-2.28990,-2.24640
1.12961,-2.55632,-0.85056,0.28341,-2.28933,-2.24708
1.12980,-2.55655,-0.85045,0.28304,-2.28878,-2.24753
1.13000,-2.55678,-0.85032,0.28266,-2.28824,-2.24796
1.13015,-2.55698,-0.85030,0.28226,-2.28772,-2.24846
1.13031,-2.55717,-0.85028,0.28187,-2.28722,-2.24895
1.13046,-2.55735,-0.85028,0.28148,-2.28673,-2.24944
1.13061,-2.55754,-0.85027,0.28109,-2.28623,-2.24993
1.13076,-2.55773,-0.85026,0.28071,-2.28574,-2.25041
1.13091,-2.55791,-0.85027,0.28032,-2.28524,-2.25089
1.13107,-2.55810,-0.85024,0.27992,-2.28473,-2.25141
1.13122,-2.55830,-0.85021,0.27952,-2.28421,-2.25192
1.13138,-2.55848,-0.85020,0.27914,-2.28372,-2.25241
1.13153,-2.55867,-0.85017,0.27876,-2.28321,-2.25289
1.13187,-2.55920,-0.84956,0.27834,-2.28191,-2.25247
1.13221,-2.55973,-0.84895,0.27793,-2.28059,-2.25205
1.13254,-2.56021,-0.84845,0.27753,-2.27933,-2.25141
1.13287,-2.56070,-0.84793,0.27713,-2.27806,-2.25077
1.13314,-2.56112,-0.84759,0.27674,-2.27688,-2.25072
1.13341,-2.56154,-0.84725,0.27636,-2.27571,-2.25066
1.13381,-2.56221,-0.84632,0.27587,-2.27424,-2.25018
1.13420,-2.56288,-0.84541,0.27538,-2.27279,-2.24971
1.13461,-2.56353,-0.84446,0.27490,-2.27129,-2.24900
1.13502,-2.56419,-0.84352,0.27442,-2.26980,-2.24831
1.13517,-2.56435,-0.84389,0.27409,-2.26894,-2.24797
1.13532,-2.56451,-0.84426,0.27376,-2.26807,-2.24765
1.13557,-2.56488,-0.84461,0.27329,-2.26712,-2.24706
1.13583,-2.56526,-0.84496,0.27282,-2.26616,-2.24647
1.13615,-2.56570,-0.84462,0.27238,-2.26491,-2.24529
1.13647,-2.56614,-0.84430,0.27193,-2.26366,-2.24411
1.13677,-2.56656,-0.84398,0.27157,-2.26247,-2.24358
1.13707,-2.56698,-0.84367,0.27122,-2.26129,-2.24305
1.13748,-2.56740,-0.84327,0.27097,-2.26002,-2.24308
1.13788,-2.56781,-0.84286,0.27072,-2.25876,-2.24314
1.13818,-2.56824,-0.84256,0.27032,-2.25757,-2.24255
1.13848,-2.56867,-0.84227,0.26993,-2.25638,-2.24198
1.13877,-2.56910,-0.84199,0.26953,-2.25519,-2.24142
1.13907,-2.56952,-0.84171,0.26913,-2.25400,-2.24088
1.13936,-2.56990,-0.84151,0.26874,-2.25283,-2.24009
1.13964,-2.57028,-0.84130,0.26836,-2.25166,-2.23928
1.13988,-2.57066,-0.84116,0.26796,-2.25057,-2.23881
1.14011,-2.57103,-0.84103,0.26756,-2.24948,-2.23833
1.14050,-2.57153,-0.84055,0.26719,-2.24817,-2.23795
1.14088,-2.57202,-0.84006,0.26682,-2.24686,-2.23757
1.14109,-2.57230,-0.84020,0.26647,-2.24587,-2.23722
1.14131,-2.57257,-0.84034,0.26612,-2.24488,-2.23688
1.14170,-2.57312,-0.83969,0.26573,-2.24350,-2.23614
1.14210,-2.57366,-0.83905,0.26533,-2.24212,-2.23538
1.14234,-2.57410,-0.83876,0.26487,-2.24095,-2.23494
1.14258,-2.57453,-0.83849,0.26441,-2.23979,-2.23450
1.14290,-2.57498,-0.83815,0.26400,-2.23855,-2.23398
1.14322,-2.57544,-0.83778,0.26360,-2.23731,-2.23344
1.14352,-2.57573,-0.83772,0.26329,-2.23617,-2.23258
1.14382,-2.57602,-0.83768,0.26299,-2.23504,-2.23173
1.14417,-2.57645,-0.83725,0.26261,-2.23374,-2.23108
1.14451,-2.57687,-0.83684,0.26225,-2.23245,-2.23044
1.14480,-2.57724,-0.83666,0.26187,-2.23127,-2.23006
1.14508,-2.57761,-0.83651,0.26147,-2.23009,-2.22968
1.14539,-2.57810,-0.83614,0.26106,-2.22886,-2.22912
1.14571,-2.57858,-0.83577,0.26064,-2.22763,-2.22857
1.14604,-2.57905,-0.83547,0.26022,-2.22638,-2.22781
1.14638,-2.57951,-0.83516,0.25980,-2.22512,-2.22706
1.14673,-2.57997,-0.83478,0.25940,-2.22382,-2.22679
1.14707,-2.58043,-0.83440,0.25900,-2.22253,-2.22652
1.14745,-2.58092,-0.83404,0.25862,-2.22124,-2.22624
1.14783,-2.58141,-0.83369,0.25823,-2.21995,-2.22597
1.14808,-2.58170,-0.83375,0.25785,-2.21885,-2.22507
1.14833,-2.58198,-0.83380,0.25747,-2.21774,-2.22417
1.14872,-2.58258,-0.83325,0.25701,-2.21637,-2.22394
1.14911,-2.58317,-0.83271,0.25654,-2.21499,-2.22373
1.14930,-2.58334,-0.83306,0.25621,-2.21402,-2.22302
1.14950,-2.58350,-0.83342,0.25588,-2.21305,-2.22230
1.14975,-2.58377,-0.83370,0.25550,-2.21201,-2.22173
1.15001,-2.58404,-0.83399,0.25512,-2.21096,-2.22115
1.15027,-2.58427,-0.83422,0.25484,-2.20994,-2.22100
1.15053,-2.58449,-0.83446,0.25455,-2.20891,-2.22083
1.15084,-2.58489,-0.83422,0.25421,-2.20770,-2.22081
1.15116,-2.58529,-0.83399,0.25386,-2.20648,-2.22079
1.15132,-2.58547,-0.83456,0.25351,-2.20562,-2.22067
1.15149,-2.58564,-0.83515,0.25316,-2.20476,-2.22055
1.15161,-2.58564,-0.83596,0.25293,-2.20401,-2.22031
1.15172,-2.58563,-0.83678,0.25269,-2.20327,-2.22006
1.15184,-2.58575,-0.83743,0.25239,-2.20250,-2.22017
1.15195,-2.58587,-0.83808,0.25209,-2.20172,-2.22028
1.15216,-2.58591,-0.83878,0.25187,-2.20085,-2.22005
1.15237,-2.58593,-0.83950,0.25167,-2.20000,-2.21982
1.15257,-2.58610,-0.83992,0.25140,-2.19909,-2.21963
1.15277,-2.58626,-0.84037,0.25114,-2.19818,-2.21944
1.15294,-2.58636,-0.84105,0.25084,-2.19733,-2.21921
1.15309,-2.58645,-0.84174,0.25055,-2.19650,-2.21898
1.15328,-2.58654,-0.84240,0.25025,-2.19561,-2.21895
1.15347,-2.58663,-0.84306,0.24994,-2.19473,-2.21892
1.15363,-2.58680,-0.84362,0.24963,-2.19388,-2.21891
1.15379,-2.58698,-0.84416,0.24933,-2.19303,-2.21889
1.15395,-2.58713,-0.84485,0.24898,-2.19217,-2.21914
1.15411,-2.58729,-0.84553,0.24863,-2.19132,-2.21939
1.15424,-2.58721,-0.84645,0.24849,-2.19060,-2.21930
1.15437,-2.58714,-0.84738,0.24836,-2.18988,-2.21922
1.15445,-2.58718,-0.84841,0.24800,-2.18919,-2.21964
1.15452,-2.58721,-0.84943,0.24765,-2.18849,-2.22006
1.15477,-2.58737,-0.84995,0.24738,-2.18753,-2.22007
1.15501,-2.58754,-0.85046,0.24713,-2.18658,-2.22008
1.15515,-2.58759,-0.85117,0.24688,-2.18583,-2.22021
1.15528,-2.58765,-0.85187,0.24664,-2.18507,-2.22033
1.15538,-2.58774,-0.85273,0.24633,-2.18437,-2.22095
1.15548,-2.58783,-0.85359,0.24602,-2.18367,-2.22158
1.15571,-2.58806,-0.85375,0.24572,-2.18261,-2.22118
1.15594,-2.58831,-0.85388,0.24542,-2.18155,-2.22079
1.15617,-2.58842,-0.85448,0.24521,-2.18067,-2.22136
1.15640,-2.58853,-0.85508,0.24501,-2.17979,-2.22193
1.15656,-2.58863,-0.85574,0.24472,-2.17895,-2.22206
1.15672,-2.58873,-0.85641,0.24444,-2.17811,-2.22218
1.15676,-2.58871,-0.85733,0.24416,-2.17745,-2.22257
1.15680,-2.58870,-0.85825,0.24389,-2.17679,-2.22297
1.15673,-2.58832,-0.86018,0.24374,-2.17677,-2.22331
1.15665,-2.58795,-0.86208,0.24359,-2.17675,-2.22364
1.15644,-2.58763,-0.86389,0.24336,-2.17684,-2.22506
1.15624,-2.58731,-0.86570,0.24312,-2.17692,-2.22649
1.15623,-2.58713,-0.86696,0.24295,-2.17669,-2.22766
1.15621,-2.58696,-0.86821,0.24278,-2.17645,-2.22883
1.15628,-2.58680,-0.86937,0.24265,-2.17611,-2.22972
1.15635,-2.58664,-0.87053,0.24253,-2.17577,-2.23061
1.15621,-2.58628,-0.87248,0.24227,-2.17578,-2.23107
1.15608,-2.58593,-0.87444,0.24201,-2.17580,-2.23154
1.15588,-2.58535,-0.87671,0.24190,-2.17598,-2.23168
1.15569,-2.58478,-0.87896,0.24178,-2.17615,-2.23184
1.15547,-2.58445,-0.88099,0.24148,-2.17633,-2.23261
1.15524,-2.58412,-0.88302,0.24118,-2.17650,-2.23341
1.15523,-2.58386,-0.88449,0.24104,-2.17633,-2.23433
1.15521,-2.58360,-0.88597,0.24090,-2.17616,-2.23524
1.15503,-2.58334,-0.88783,0.24053,-2.17617,-2.23600
1.15486,-2.58308,-0.88969,0.24017,-2.17619,-2.23674
1.15472,-2.58271,-0.89153,0.23999,-2.17622,-2.23744
1.15457,-2.58235,-0.89336,0.23982,-2.17625,-2.23814
1.15452,-2.58198,-0.89509,0.23968,-2.17616,-2.23864
1.15447,-2.58161,-0.89683,0.23953,-2.17606,-2.23914
1.15432,-2.58147,-0.89829,0.23917,-2.17597,-2.24018
1.15418,-2.58133,-0.89976,0.23881,-2.17587,-2.24121
1.15407,-2.58098,-0.90152,0.23864,-2.17585,-2.24192
1.15396,-2.58063,-0.90326,0.23847,-2.17582,-2.24262
1.15382,-2.58031,-0.90501,0.23823,-2.17580,-2.24339
1.15368,-2.58000,-0.90677,0.23799,-2.17579,-2.24416
1.15357,-2.57958,-0.90872,0.23783,-2.17581,-2.24477
1.15347,-2.57916,-0.91069,0.23767,-2.17583,-2.24540
1.15333,-2.57883,-0.91252,0.23742,-2.17582,-2.24621
1.15320,-2.57850,-0.91436,0.23716,-2.17582,-2.24702
1.15308,-2.57833,-0.91574,0.23686,-2.17568,-2.24831
1.15297,-2.57817,-0.91713,0.23656,-2.17554,-2.24960
1.15285,-2.57777,-0.91908,0.23636,-2.17556,-2.24992
1.15273,-2.57737,-0.92104,0.23617,-2.17559,-2.25023
1.15263,-2.57711,-0.92261,0.23594,-2.17550,-2.25110
1.15253,-2.57685,-0.92419,0.23571,-2.17541,-2.25197
1.15234,-2.57665,-0.92580,0.23533,-2.17540,-2.25272
1.15215,-2.57646,-0.92742,0.23495,-2.17538,-2.25347
1.15217,-2.57634,-0.92852,0.23474,-2.17505,-2.25452
1.15219,-2.57621,-0.92961,0.23454,-2.17472,-2.25555
1.15220,-2.57610,-0.93066,0.23437,-2.17442,-2.25679
1.15221,-2.57598,-0.93172,0.23420,-2.17412,-2.25803
1.15223,-2.57583,-0.93287,0.23402,-2.17381,-2.25901
1.15224,-2.57569,-0.93402,0.23383,-2.17350,-2.25998
1.15226,-2.57557,-0.93502,0.23369,-2.17319,-2.26149
1.15227,-2.57546,-0.93602,0.23355,-2.17289,-2.26298
1.15230,-2.57534,-0.93706,0.23338,-2.17256,-2.26395
1.15232,-2.57523,-0.93808,0.23321,-2.17222,-2.26491
1.15244,-2.57506,-0.93903,0.23321,-2.17181,-2.26502
1.15257,-2.57489,-0.93998,0.23320,-2.17140,-2.26514
1.15258,-2.57481,-0.94095,0.23300,-2.17106,-2.26573
1.15258,-2.57473,-0.94192,0.23281,-2.17072,-2.26632
1.15267,-2.57469,-0.94267,0.23268,-2.17026,-2.26747
1.15277,-2.57466,-0.94340,0.23255,-2.16979,-2.26862
1.15279,-2.57466,-0.94423,0.23224,-2.16933,-2.26822
1.15282,-2.57467,-0.94508,0.23193,-2.16887,-2.26784
1.15284,-2.57448,-0.94629,0.23182,-2.16861,-2.26934
1.15286,-2.57430,-0.94749,0.23170,-2.16835,-2.27085
1.15295,-2.57431,-0.94816,0.23153,-2.16785,-2.27152
1.15303,-2.57430,-0.94884,0.23136,-2.16737,-2.27217
1.15309,-2.57436,-0.94947,0.23110,-2.16684,-2.27202
1.15314,-2.57441,-0.95009,0.23083,-2.16632,-2.27187
1.15304,-2.57416,-0.95167,0.23057,-2.16622,-2.27262
1.15295,-2.57392,-0.95325,0.23031,-2.16611,-2.27336
1.15286,-2.57372,-0.95472,0.23000,-2.16595,-2.27408
1.15276,-2.57352,-0.95620,0.22969,-2.16579,-2.27478
1.15267,-2.57329,-0.95775,0.22943,-2.16567,-2.27553
1.15258,-2.57305,-0.95933,0.22917,-2.16556,-2.27628
1.15246,-2.57269,-0.96124,0.22893,-2.16558,-2.27721
1.15234,-2.57233,-0.96316,0.22870,-2.16559,-2.27813
1.15234,-2.57220,-0.96429,0.22852,-2.16531,-2.27883
1.15235,-2.57207,-0.96543,0.22833,-2.16502,-2.27953
1.15242,-2.57204,-0.96624,0.22814,-2.16455,-2.28028
1.15250,-2.57202,-0.96704,0.22794,-2.16408,-2.28103
1.15243,-2.57185,-0.96842,0.22765,-2.16389,-2.28190
1.15235,-2.57167,-0.96980,0.22736,-2.16369,-2.28279
1.15229,-2.57136,-0.97154,0.22715,-2.16361,-2.28377
1.15222,-2.57105,-0.97329,0.22693,-2.16352,-2.28476
1.15214,-2.57082,-0.97486,0.22666,-2.16340,-2.28542
1.15206,-2.57058,-0.97642,0.22639,-2.16328,-2.28608
1.15199,-2.57040,-0.97782,0.22611,-2.16309,-2.28690
1.15193,-2.57023,-0.97922,0.22584,-2.16290,-2.28772
1.15186,-2.56999,-0.98074,0.22559,-2.16276,-2.28860
1.15178,-2.56975,-0.98226,0.22533,-2.16261,-2.28948
1.15175,-2.56959,-0.98357,0.22508,-2.16238,-2.29059
1.15171,-2.56942,-0.98490,0.22482,-2.16215,-2.29170
1.15166,-2.56925,-0.98626,0.22457,-2.16195,-2.29294
1.15162,-2.56908,-0.98763,0.22432,-2.16174,-2.29418
1.15151,-2.56875,-0.98936,0.22409,-2.16172,-2.29483
1.15140,-2.56841,-0.99109,0.22386,-2.16169,-2.29549
1.15136,-2.56820,-0.99250,0.22363,-2.16149,-2.29639
1.15132,-2.56799,-0.99391,0.22339,-2.16129,-2.29729
1.15124,-2.56768,-0.99558,0.22320,-2.16125,-2.29864
1.15117,-2.56737,-0.99725,0.22301,-2.16119,-2.30001
1.15112,-2.56717,-0.99867,0.22275,-2.16099,-2.30092
1.15107,-2.56698,-1.00008,0.22249,-2.16079,-2.30183
1.15102,-2.56678,-1.00151,0.22222,-2.16059,-2.30274
1.15097,-2.56659,-1.00294,0.22195,-2.16038,-2.30366
1.15116,-2.56681,-1.00235,0.22180,-2.15999,-2.30225
1.15135,-2.56702,-1.00178,0.22163,-2.15960,-2.30083
1.15162,-2.56730,-1.00101,0.22148,-2.15907,-2.30039
1.15189,-2.56758,-1.00025,0.22133,-2.15854,-2.29993
1.15214,-2.56791,-0.99942,0.22112,-2.15800,-2.29937
1.15239,-2.56825,-0.99859,0.22091,-2.15747,-2.29881
1.15267,-2.56850,-0.99791,0.22075,-2.15695,-2.29829
1.15294,-2.56874,-0.99725,0.22059,-2.15644,-2.29776
1.15317,-2.56908,-0.99644,0.22036,-2.15592,-2.29707
1.15340,-2.56941,-0.99563,0.22014,-2.15541,-2.29637
1.15368,-2.56968,-0.99487,0.22001,-2.15488,-2.29576
1.15396,-2.56995,-0.99410,0.21989,-2.15435,-2.29514
1.15421,-2.57020,-0.99348,0.21970,-2.15385,-2.29442
1.15447,-2.57044,-0.99286,0.21951,-2.15335,-2.29371
1.15471,-2.57074,-0.99212,0.21930,-2.15284,-2.29284
1.15495,-2.57103,-0.99140,0.21909,-2.15232,-2.29197
1.15521,-2.57133,-0.99063,0.21889,-2.15178,-2.29127
1.15548,-2.57163,-0.98988,0.21869,-2.15124,-2.29056
1.15576,-2.57192,-0.98911,0.21852,-2.15068,-2.28972
1.15603,-2.57220,-0.98834,0.21836,-2.15014,-2.28889
1.15632,-2.57252,-0.98754,0.21816,-2.14956,-2.28837
1.15660,-2.57283,-0.98674,0.21797,-2.14899,-2.28784
1.15675,-2.57316,-0.98602,0.21766,-2.14856,-2.28686
1.15690,-2.57349,-0.98531,0.21736,-2.14814,-2.28589
1.15727,-2.57378,-0.98443,0.21726,-2.14746,-2.28518
1.15764,-2.57406,-0.98355,0.21716,-2.14678,-2.28448
1.15789,-2.57438,-0.98275,0.21693,-2.14624,-2.28370
1.15814,-2.57470,-0.98194,0.21671,-2.14569,-2.28290
1.15841,-2.57496,-0.98127,0.21652,-2.14517,-2.28225
1.15868,-2.57523,-0.98060,0.21634,-2.14464,-2.28158
1.15893,-2.57556,-0.97974,0.21613,-2.14408,-2.28073
1.15918,-2.57588,-0.97890,0.21591,-2.14353,-2.27988
1.15942,-2.57620,-0.97821,0.21565,-2.14300,-2.27931
1.15966,-2.57651,-0.97752,0.21539,-2.14248,-2.27874
1.15997,-2.57681,-0.97664,0.21525,-2.14188,-2.27794
1.16028,-2.57711,-0.97575,0.21510,-2.14127,-2.27714
1.16053,-2.57745,-0.97499,0.21484,-2.14072,-2.27662
1.16077,-2.57779,-0.97423,0.21458,-2.14017,-2.27610
1.16105,-2.57812,-0.97340,0.21436,-2.13958,-2.27529
1.16133,-2.57846,-0.97255,0.21414,-2.13899,-2.27449
1.16160,-2.57877,-0.97176,0.21393,-2.13842,-2.27385
1.16188,-2.57909,-0.97097,0.21372,-2.13784,-2.27323
1.16220,-2.57940,-0.97008,0.21357,-2.13721,-2.27242
1.16252,-2.57971,-0.96919,0.21342,-2.13659,-2.27160
1.16272,-2.57999,-0.96866,0.21312,-2.13616,-2.27179
1.16292,-2.58028,-0.96812,0.21284,-2.13573,-2.27197
1.16321,-2.58060,-0.96730,0.21262,-2.13513,-2.27133
1.16349,-2.58092,-0.96650,0.21240,-2.13453,-2.27070
1.16375,-2.58117,-0.96578,0.21220,-2.13398,-2.26991
1.16400,-2.58143,-0.96506,0.21199,-2.13343,-2.26913
1.16433,-2.58176,-0.96419,0.21184,-2.13281,-2.26869
1.16465,-2.58209,-0.96333,0.21168,-2.13218,-2.26824
1.16457,-2.58191,-0.96421,0.21129,-2.13238,-2.26756
1.16448,-2.58173,-0.96510,0.21090,-2.13259,-2.26690
1.16437,-2.58149,-0.96614,0.21057,-2.13290,-2.26652
1.16426,-2.58125,-0.96720,0.21024,-2.13322,-2.26615
1.16411,-2.58094,-0.96833,0.20993,-2.13361,-2.26586
1.16395,-2.58063,-0.96944,0.20963,-2.13401,-2.26557
1.16381,-2.58043,-0.97035,0.20928,-2.13434,-2.26571
1.16367,-2.58024,-0.97124,0.20893,-2.13466,-2.26584
1.16356,-2.57998,-0.97227,0.20861,-2.13495,-2.26542
1.16346,-2.57972,-0.97331,0.20828,-2.13524,-2.26500
1.16334,-2.57944,-0.97434,0.20800,-2.13558,-2.26470
1.16323,-2.57917,-0.97539,0.20772,-2.13592,-2.26439
1.16313,-2.57898,-0.97626,0.20737,-2.13616,-2.26444
1.16304,-2.57880,-0.97712,0.20701,-2.13640,-2.26450
1.16289,-2.57853,-0.97815,0.20668,-2.13673,-2.26437
1.16274,-2.57827,-0.97915,0.20636,-2.13707,-2.26425
1.16268,-2.57809,-0.98003,0.20604,-2.13728,-2.26428
1.16262,-2.57791,-0.98091,0.20571,-2.13749,-2.26432
1.16274,-2.57797,-0.98092,0.20549,-2.13730,-2.26432
1.16286,-2.57802,-0.98093,0.20528,-2.13712,-2.26430
1.16298,-2.57808,-0.98093,0.20506,-2.13693,-2.26429
1.16310,-2.57814,-0.98094,0.20485,-2.13675,-2.26428
1.16321,-2.57819,-0.98095,0.20463,-2.13657,-2.26427
1.16332,-2.57825,-0.98097,0.20442,-2.13639,-2.26426
1.16325,-2.57808,-0.98174,0.20412,-2.13658,-2.26458
1.16318,-2.57792,-0.98250,0.20382,-2.13677,-2.26490
1.16310,-2.57759,-0.98387,0.20354,-2.13714,-2.26520
1.16301,-2.57726,-0.98524,0.20326,-2.13752,-2.26548
1.16297,-2.57717,-0.98562,0.20298,-2.13756,-2.26575
1.16292,-2.57707,-0.98599,0.20271,-2.13760,-2.26600
1.16279,-2.57689,-0.98685,0.20233,-2.13783,-2.26640
1.16267,-2.57671,-0.98771,0.20197,-2.13807,-2.26680
1.16263,-2.57651,-0.98856,0.20169,-2.13824,-2.26711
1.16259,-2.57631,-0.98943,0.20141,-2.13842,-2.26742
1.16272,-2.57634,-0.98957,0.20113,-2.13822,-2.26736
1.16284,-2.57638,-0.98971,0.20086,-2.13802,-2.26731
1.16295,-2.57641,-0.98985,0.20060,-2.13783,-2.26726
1.16307,-2.57645,-0.98998,0.20033,-2.13764,-2.26721
1.16318,-2.57648,-0.99014,0.20007,-2.13746,-2.26714
1.16330,-2.57650,-0.99031,0.19980,-2.13728,-2.26707
1.16341,-2.57653,-0.99047,0.19953,-2.13711,-2.26705
1.16352,-2.57655,-0.99063,0.19927,-2.13694,-2.26702
1.16367,-2.57657,-0.99077,0.19905,-2.13673,-2.26685
1.16383,-2.57659,-0.99092,0.19883,-2.13652,-2.26669
1.16393,-2.57664,-0.99105,0.19853,-2.13632,-2.26669
1.16403,-2.57668,-0.99118,0.19823,-2.13613,-2.26669
1.16415,-2.57673,-0.99127,0.19798,-2.13592,-2.26667
1.16428,-2.57677,-0.99137,0.19773,-2.13572,-2.26664
1.16411,-2.57662,-0.99212,0.19798,-2.13564,-2.26629
1.16395,-2.57646,-0.99284,0.19823,-2.13556,-2.26594
1.16336,-2.57574,-0.99542,0.19831,-2.13635,-2.26626
1.16277,-2.57502,-0.99801,0.19839,-2.13714,-2.26658
1.16263,-2.57491,-0.99863,0.19863,-2.13699,-2.26604
1.16250,-2.57480,-0.99923,0.19887,-2.13685,-2.26549
1.16196,-2.57406,-1.00204,0.19896,-2.13772,-2.26642
1.16141,-2.57331,-1.00485,0.19904,-2.13861,-2.26735
1.16088,-2.57258,-1.00741,0.19916,-2.13936,-2.26782
1.16035,-2.57186,-1.00995,0.19928,-2.14011,-2.26829
1.15976,-2.57110,-1.01256,0.19940,-2.14099,-2.26940
1.15918,-2.57035,-1.01516,0.19952,-2.14186,-2.27050
1.15860,-2.56969,-1.01750,0.19955,-2.14257,-2.27102
1.15803,-2.56904,-1.01982,0.19958,-2.14327,-2.27154
1.15760,-2.56834,-1.02233,0.19975,-2.14396,-2.27191
1.15718,-2.56766,-1.02481,0.19991,-2.14463,-2.27227
1.15672,-2.56699,-1.02724,0.20005,-2.14532,-2.27265
1.15625,-2.56631,-1.02967,0.20019,-2.14602,-2.27302
1.15572,-2.56565,-1.03188,0.20026,-2.14663,-2.27349
1.15520,-2.56498,-1.03411,0.20032,-2.14725,-2.27397
1.15470,-2.56435,-1.03653,0.20038,-2.14799,-2.27501
1.15421,-2.56373,-1.03896,0.20043,-2.14873,-2.27606
1.15365,-2.56306,-1.04147,0.20047,-2.14952,-2.27652
1.15309,-2.56238,-1.04398,0.20050,-2.15032,-2.27698
1.15280,-2.56199,-1.04551,0.20069,-2.15059,-2.27744
1.15250,-2.56159,-1.04703,0.20088,-2.15086,-2.27790
1.15226,-2.56140,-1.04788,0.20104,-2.15083,-2.27799
1.15203,-2.56121,-1.04874,0.20120,-2.15080,-2.27808
1.15163,-2.56061,-1.05101,0.20134,-2.15141,-2.27880
1.15124,-2.56001,-1.05327,0.20148,-2.15202,-2.27952
1.15092,-2.55962,-1.05482,0.20161,-2.15230,-2.28022
1.15061,-2.55924,-1.05637,0.20174,-2.15258,-2.28094
1.15033,-2.55892,-1.05746,0.20192,-2.15266,-2.28130
1.15005,-2.55860,-1.05854,0.20211,-2.15275,-2.28167
1.14964,-2.55809,-1.06073,0.20216,-2.15334,-2.28293
1.14922,-2.55757,-1.06294,0.20220,-2.15394,-2.28419
1.14887,-2.55714,-1.06436,0.20237,-2.15423,-2.28446
1.14851,-2.55672,-1.06577,0.20253,-2.15452,-2.28473
1.14824,-2.55641,-1.06720,0.20268,-2.15474,-2.28547
1.14798,-2.55611,-1.06863,0.20282,-2.15496,-2.28621
1.14757,-2.55562,-1.07055,0.20289,-2.15546,-2.28756
1.14715,-2.55514,-1.07246,0.20296,-2.15595,-2.28891
1.14687,-2.55477,-1.07389,0.20309,-2.15617,-2.28931
1.14659,-2.55439,-1.07532,0.20321,-2.15638,-2.28970
1.14633,-2.55402,-1.07697,0.20337,-2.15668,-2.29041
1.14607,-2.55365,-1.07862,0.20352,-2.15699,-2.29113
1.14568,-2.55320,-1.08023,0.20359,-2.15733,-2.29212
1.14528,-2.55276,-1.08182,0.20366,-2.15768,-2.29312
1.14495,-2.55235,-1.08348,0.20376,-2.15803,-2.29401
1.14462,-2.55194,-1.08513,0.20386,-2.15837,-2.29489
1.14423,-2.55151,-1.08687,0.20390,-2.15879,-2.29582
1.14385,-2.55109,-1.08860,0.20393,-2.15920,-2.29674
1.14353,-2.55066,-1.09029,0.20404,-2.15956,-2.29765
1.14322,-2.55023,-1.09198,0.20415,-2.15992,-2.29856
1.14289,-2.54981,-1.09370,0.20421,-2.16029,-2.29949
1.14257,-2.54938,-1.09543,0.20429,-2.16067,-2.30041
1.14225,-2.54895,-1.09716,0.20434,-2.16104,-2.30139
1.14192,-2.54852,-1.09889,0.20440,-2.16142,-2.30236
1.14162,-2.54810,-1.10063,0.20450,-2.16180,-2.30320
1.14132,-2.54767,-1.10235,0.20460,-2.16219,-2.30404
1.14099,-2.54724,-1.10411,0.20465,-2.16257,-2.30499
1.14066,-2.54681,-1.10586,0.20470,-2.16295,-2.30592
1.14033,-2.54638,-1.10761,0.20475,-2.16335,-2.30689
1.13999,-2.54594,-1.10936,0.20479,-2.16374,-2.30785
1.13968,-2.54549,-1.11123,0.20483,-2.16414,-2.30868
1.13937,-2.54504,-1.11309,0.20487,-2.16455,-2.30951
1.13905,-2.54461,-1.11485,0.20492,-2.16492,-2.31030
1.13872,-2.54417,-1.11663,0.20496,-2.16530,-2.31109
1.13842,-2.54376,-1.11832,0.20500,-2.16563,-2.31186
1.13811,-2.54336,-1.12001,0.20505,-2.16596,-2.31263
1.13784,-2.54296,-1.12174,0.20510,-2.16627,-2.31335
1.13757,-2.54256,-1.12348,0.20515,-2.16659,-2.31407
1.13729,-2.54220,-1.12500,0.20524,-2.16686,-2.31477
1.13700,-2.54185,-1.12651,0.20532,-2.16712,-2.31548
1.13657,-2.54135,-1.12834,0.20528,-2.16761,-2.31726
1.13614,-2.54085,-1.13019,0.20524,-2.16809,-2.31905
1.13589,-2.54051,-1.13174,0.20533,-2.16835,-2.31897
1.13563,-2.54016,-1.13329,0.20544,-2.16860,-2.31889
1.13531,-2.53974,-1.13502,0.20547,-2.16898,-2.31989
1.13499,-2.53932,-1.13673,0.20550,-2.16936,-2.32089
1.13469,-2.53893,-1.13835,0.20554,-2.16968,-2.32167
1.13440,-2.53855,-1.13996,0.20559,-2.17000,-2.32245
1.13409,-2.53815,-1.14163,0.20563,-2.17035,-2.32333
1.13378,-2.53774,-1.14331,0.20566,-2.17071,-2.32421
1.13358,-2.53736,-1.14493,0.20577,-2.17098,-2.32564
1.13339,-2.53697,-1.14656,0.20587,-2.17125,-2.32706
1.13307,-2.53651,-1.14834,0.20592,-2.17165,-2.32801
1.13275,-2.53606,-1.15013,0.20596,-2.17205,-2.32896
1.13244,-2.53569,-1.15172,0.20597,-2.17239,-2.32994
1.13213,-2.53532,-1.15332,0.20599,-2.17273,-2.33091
1.13174,-2.53491,-1.15506,0.20595,-2.17317,-2.33145
1.13135,-2.53450,-1.15681,0.20590,-2.17361,-2.33198
1.13105,-2.53408,-1.15853,0.20590,-2.17400,-2.33303
1.13075,-2.53367,-1.16023,0.20589,-2.17437,-2.33410
1.13043,-2.53327,-1.16197,0.20584,-2.17476,-2.33525
1.13010,-2.53287,-1.16371,0.20580,-2.17516,-2.33641
1.12977,-2.53243,-1.16550,0.20575,-2.17559,-2.33777
1.12944,-2.53198,-1.16730,0.20571,-2.17603,-2.33915
1.12918,-2.53160,-1.16887,0.20577,-2.17632,-2.34040
1.12893,-2.53121,-1.17042,0.20584,-2.17660,-2.34164
1.12859,-2.53066,-1.17269,0.20557,-2.17711,-2.34370
1.12825,-2.53011,-1.17495,0.20530,-2.17762,-2.34575
1.12793,-2.52959,-1.17704,0.20503,-2.17809,-2.34812
1.12761,-2.52908,-1.17912,0.20476,-2.17857,-2.35049
1.12726,-2.52863,-1.18115,0.20450,-2.17902,-2.35193
1.12692,-2.52818,-1.18318,0.20424,-2.17946,-2.35337
1.12662,-2.52757,-1.18563,0.20394,-2.18000,-2.35676
1.12633,-2.52697,-1.18808,0.20364,-2.18055,-2.36015
1.12598,-2.52645,-1.19036,0.20330,-2.18102,-2.36104
1.12564,-2.52593,-1.19264,0.20296,-2.18149,-2.36191
1.12535,-2.52546,-1.19465,0.20270,-2.18189,-2.36421
1.12505,-2.52500,-1.19665,0.20243,-2.18228,-2.36651
1.12478,-2.52452,-1.19877,0.20206,-2.18270,-2.36938
1.12450,-2.52403,-1.20091,0.20169,-2.18310,-2.37226
1.12430,-2.52370,-1.20250,0.20159,-2.18328,-2.37330
1.12410,-2.52338,-1.20408,0.20149,-2.18346,-2.37435
1.12395,-2.52307,-1.20580,0.20142,-2.18365,-2.37506
1.12379,-2.52276,-1.20753,0.20133,-2.18383,-2.37577
1.12355,-2.52233,-1.20948,0.20110,-2.18415,-2.37731
1.12331,-2.52191,-1.21141,0.20088,-2.18447,-2.37883
1.12300,-2.52134,-1.21356,0.20065,-2.18487,-2.38024
1.12270,-2.52076,-1.21571,0.20042,-2.18526,-2.38166
1.12254,-2.52043,-1.21745,0.20013,-2.18543,-2.38406
1.12237,-2.52009,-1.21919,0.19984,-2.18560,-2.38647
1.12213,-2.51967,-1.22117,0.19958,-2.18592,-2.38805
1.12189,-2.51925,-1.22314,0.19932,-2.18625,-2.38963
1.12160,-2.51868,-1.22555,0.19898,-2.18674,-2.39136
1.12131,-2.51810,-1.22795,0.19863,-2.18724,-2.39308
1.12105,-2.51766,-1.22994,0.19833,-2.18757,-2.39498
1.12081,-2.51723,-1.23193,0.19803,-2.18789,-2.39689
1.12062,-2.51691,-1.23345,0.19784,-2.18804,-2.39872
1.12042,-2.51660,-1.23497,0.19766,-2.18819,-2.40055
1.12020,-2.51624,-1.23682,0.19733,-2.18847,-2.40249
1.11997,-2.51587,-1.23867,0.19700,-2.18875,-2.40444
1.11964,-2.51526,-1.24109,0.19670,-2.18931,-2.40562
1.11932,-2.51466,-1.24351,0.19640,-2.18986,-2.40681
1.11894,-2.51405,-1.24589,0.19597,-2.19043,-2.40857
1.11855,-2.51345,-1.24827,0.19554,-2.19099,-2.41035
1.11829,-2.51302,-1.25022,0.19524,-2.19130,-2.41224
1.11803,-2.51260,-1.25216,0.19493,-2.19159,-2.41414
1.11776,-2.51210,-1.25433,0.19454,-2.19200,-2.41610
1.11748,-2.51160,-1.25649,0.19415,-2.19241,-2.41806
1.11721,-2.51109,-1.25867,0.19375,-2.19282,-2.42007
1.11693,-2.51059,-1.26085,0.19335,-2.19324,-2.42207
1.11671,-2.51010,-1.26302,0.19296,-2.19366,-2.42428
1.11649,-2.50962,-1.26520,0.19256,-2.19407,-2.42650
1.11617,-2.50910,-1.26735,0.19215,-2.19448,-2.42835
1.11585,-2.50858,-1.26951,0.19173,-2.19489,-2.43019
1.11566,-2.50815,-1.27155,0.19137,-2.19522,-2.43242
1.11548,-2.50772,-1.27360,0.19100,-2.19554,-2.43466
1.11522,-2.50722,-1.27575,0.19059,-2.19593,-2.43668
1.11496,-2.50673,-1.27790,0.19017,-2.19631,-2.43870
1.11470,-2.50624,-1.28006,0.18975,-2.19670,-2.44070
1.11444,-2.50574,-1.28222,0.18933,-2.19709,-2.44270
1.11419,-2.50525,-1.28438,0.18890,-2.19747,-2.44475
1.11394,-2.50476,-1.28655,0.18846,-2.19784,-2.44681
1.11358,-2.50411,-1.28914,0.18782,-2.19842,-2.44934
1.11323,-2.50346,-1.29174,0.18717,-2.19901,-2.45187
1.11302,-2.50303,-1.29376,0.18675,-2.19932,-2.45427
1.11280,-2.50260,-1.29579,0.18633,-2.19966,-2.45666
1.11265,-2.50222,-1.29762,0.18608,-2.19985,-2.45787
1.11249,-2.50184,-1.29944,0.18583,-2.20004,-2.45908
1.11224,-2.50133,-1.30160,0.18541,-2.20041,-2.46111
1.11200,-2.50083,-1.30376,0.18498,-2.20078,-2.46314
1.11163,-2.50023,-1.30620,0.18430,-2.20127,-2.46605
1.11127,-2.49963,-1.30863,0.18362,-2.20175,-2.46896
1.11114,-2.49928,-1.31033,0.18340,-2.20190,-2.47057
1.11102,-2.49893,-1.31202,0.18319,-2.20206,-2.47217
1.11077,-2.49847,-1.31409,0.18256,-2.20239,-2.47584
1.11052,-2.49802,-1.31616,0.18193,-2.20272,-2.47952
1.11029,-2.49756,-1.31832,0.18144,-2.20311,-2.48186
1.11005,-2.49709,-1.32048,0.18094,-2.20351,-2.48421
1.10972,-2.49637,-1.32305,0.18036,-2.20403,-2.48677
1.10938,-2.49564,-1.32561,0.17978,-2.20456,-2.48933
1.10913,-2.49514,-1.32774,0.17924,-2.20490,-2.49216
1.10889,-2.49465,-1.32987,0.17870,-2.20525,-2.49498
1.10860,-2.49412,-1.33230,0.17800,-2.20573,-2.49787
1.10830,-2.49359,-1.33473,0.17730,-2.20622,-2.50075
1.10808,-2.49310,-1.33681,0.17674,-2.20655,-2.50355
1.10785,-2.49261,-1.33886,0.17619,-2.20687,-2.50635
1.10774,-2.49219,-1.34065,0.17577,-2.20698,-2.50904
1.10762,-2.49178,-1.34244,0.17534,-2.20708,-2.51172
1.10709,-2.49070,-1.34596,0.17417,-2.20811,-2.51607
1.10655,-2.48962,-1.34948,0.17298,-2.20912,-2.52043
1.10643,-2.48929,-1.35124,0.17255,-2.20922,-2.52250
1.10631,-2.48896,-1.35300,0.17213,-2.20931,-2.52455
1.10617,-2.48852,-1.35506,0.17154,-2.20959,-2.52704
1.10604,-2.48808,-1.35712,0.17095,-2.20987,-2.52954
1.10581,-2.48749,-1.35952,0.17022,-2.21029,-2.53255
1.10559,-2.48689,-1.36192,0.16947,-2.21071,-2.53559
1.10546,-2.48651,-1.36371,0.16885,-2.21083,-2.53876
1.10534,-2.48613,-1.36552,0.16822,-2.21094,-2.54195
1.10519,-2.48583,-1.36710,0.16779,-2.21100,-2.54423
1.10504,-2.48554,-1.36867,0.16737,-2.21105,-2.54651
1.10482,-2.48502,-1.37076,0.16677,-2.21141,-2.54896
1.10459,-2.48452,-1.37285,0.16618,-2.21176,-2.55141
1.10469,-2.48438,-1.37406,0.16563,-2.21146,-2.55529
1.10480,-2.48424,-1.37528,0.16509,-2.21117,-2.55917
1.10469,-2.48401,-1.37654,0.16477,-2.21115,-2.56133
1.10458,-2.48378,-1.37782,0.16444,-2.21112,-2.56349
1.10463,-2.48371,-1.37831,0.16419,-2.21096,-2.56699
1.10467,-2.48363,-1.37880,0.16396,-2.21080,-2.57049
1.10463,-2.48345,-1.37960,0.16361,-2.21074,-2.57302
1.10458,-2.48328,-1.38038,0.16326,-2.21066,-2.57554
1.10440,-2.48298,-1.38170,0.16302,-2.21097,-2.57672
1.10423,-2.48267,-1.38304,0.16278,-2.21128,-2.57790
1.10415,-2.48245,-1.38407,0.16248,-2.21136,-2.58002
1.10408,-2.48223,-1.38510,0.16218,-2.21144,-2.58216
1.10412,-2.48237,-1.38484,0.16236,-2.21113,-2.58435
1.10416,-2.48251,-1.38458,0.16255,-2.21082,-2.58655
1.10406,-2.48218,-1.38608,0.16212,-2.21087,-2.58842
1.10395,-2.48185,-1.38758,0.16169,-2.21091,-2.59030
1.10406,-2.48185,-1.38812,0.16163,-2.21070,-2.59197
1.10416,-2.48186,-1.38866,0.16156,-2.21049,-2.59365
1.10398,-2.48162,-1.38956,0.16135,-2.21067,-2.59620
1.10380,-2.48138,-1.39046,0.16113,-2.21084,-2.59875
1.10366,-2.48110,-1.39173,0.16084,-2.21099,-2.59974
1.10353,-2.48082,-1.39300,0.16055,-2.21114,-2.60072
1.10355,-2.48072,-1.39385,0.16028,-2.21114,-2.60318
1.10359,-2.48063,-1.39469,0.16001,-2.21114,-2.60565
1.10346,-2.48037,-1.39580,0.15971,-2.21123,-2.60699
1.10333,-2.48012,-1.39688,0.15942,-2.21132,-2.60833
1.10342,-2.48016,-1.39719,0.15942,-2.21104,-2.61054
1.10351,-2.48021,-1.39749,0.15942,-2.21077,-2.61275
1.10347,-2.47994,-1.39883,0.15903,-2.21078,-2.61462
1.10344,-2.47967,-1.40018,0.15863,-2.21079,-2.61649
1.10324,-2.47933,-1.40161,0.15815,-2.21115,-2.61787
1.10306,-2.47899,-1.40303,0.15766,-2.21150,-2.61927
1.10304,-2.47888,-1.40379,0.15747,-2.21135,-2.62040
1.10302,-2.47877,-1.40455,0.15728,-2.21120,-2.62154
1.10306,-2.47876,-1.40495,0.15724,-2.21099,-2.62348
1.10311,-2.47876,-1.40534,0.15720,-2.21077,-2.62542
1.10297,-2.47846,-1.40661,0.15687,-2.21101,-2.62709
1.10283,-2.47816,-1.40788,0.15653,-2.21123,-2.62876
1.10277,-2.47792,-1.40924,0.15611,-2.21124,-2.63069
1.10271,-2.47768,-1.41059,0.15570,-2.21125,-2.63262
1.10275,-2.47761,-1.41110,0.15563,-2.21118,-2.63456
1.10278,-2.47753,-1.41161,0.15555,-2.21112,-2.63650
1.10273,-2.47741,-1.41248,0.15531,-2.21103,-2.63839
1.10268,-2.47729,-1.41336,0.15507,-2.21094,-2.64028
1.10263,-2.47708,-1.41451,0.15480,-2.21101,-2.64247
1.10259,-2.47688,-1.41565,0.15454,-2.21108,-2.64466
1.10250,-2.47674,-1.41638,0.15438,-2.21106,-2.64571
1.10241,-2.47661,-1.41712,0.15422,-2.21104,-2.64676
1.10234,-2.47646,-1.41784,0.15412,-2.21108,-2.64877
1.10227,-2.47633,-1.41854,0.15402,-2.21112,-2.65077
1.10223,-2.47610,-1.41985,0.15357,-2.21118,-2.65249
1.10218,-2.47587,-1.42116,0.15312,-2.21125,-2.65420
1.10213,-2.47571,-1.42196,0.15295,-2.21122,-2.65627
1.10208,-2.47554,-1.42275,0.15279,-2.21119,-2.65834
1.10202,-2.47540,-1.42359,0.15253,-2.21129,-2.65941
1.10196,-2.47525,-1.42444,0.15226,-2.21139,-2.66048
1.10190,-2.47505,-1.42533,0.15202,-2.21141,-2.66252
1.10184,-2.47486,-1.42620,0.15179,-2.21141,-2.66455
1.10190,-2.47474,-1.42696,0.15157,-2.21125,-2.66571
1.10196,-2.47463,-1.42771,0.15134,-2.21108,-2.66689
1.10191,-2.47445,-1.42857,0.15108,-2.21115,-2.66797
1.10185,-2.47427,-1.42943,0.15081,-2.21122,-2.66906
1.10178,-2.47408,-1.43028,0.15055,-2.21131,-2.67062
1.10171,-2.47390,-1.43111,0.15028,-2.21140,-2.67217
1.10184,-2.47393,-1.43167,0.14991,-2.21103,-2.67367
1.10197,-2.47396,-1.43222,0.14955,-2.21067,-2.67516
1.10198,-2.47375,-1.43340,0.14909,-2.21057,-2.67696
1.10199,-2.47354,-1.43459,0.14864,-2.21046,-2.67876
1.10195,-2.47346,-1.43501,0.14859,-2.21054,-2.67958
1.10191,-2.47338,-1.43543,0.14855,-2.21061,-2.68040
1.10176,-2.47308,-1.43640,0.14835,-2.21083,-2.68209
1.10161,-2.47278,-1.43736,0.14814,-2.21105,-2.68378
1.10176,-2.47277,-1.43835,0.14762,-2.21067,-2.68555
1.10191,-2.47275,-1.43933,0.14709,-2.21028,-2.68730
1.10171,-2.47223,-1.44161,0.14647,-2.21057,-2.69046
1.10150,-2.47171,-1.44389,0.14584,-2.21086,-2.69362
1.10147,-2.47161,-1.44449,0.14569,-2.21086,-2.69511
1.10144,-2.47151,-1.44509,0.14553,-2.21087,-2.69660
1.10146,-2.47127,-1.44638,0.14507,-2.21070,-2.69875
1.10148,-2.47104,-1.44769,0.14460,-2.21054,-2.70090
1.10131,-2.47066,-1.44908,0.14421,-2.21084,-2.70271
1.10113,-2.47027,-1.45049,0.14383,-2.21115,-2.70452
1.10103,-2.47000,-1.45167,0.14348,-2.21128,-2.70620
1.10094,-2.46973,-1.45283,0.14314,-2.21140,-2.70787
1.10079,-2.46938,-1.45425,0.14277,-2.21161,-2.71011
1.10065,-2.46903,-1.45567,0.14241,-2.21183,-2.71234
1.10047,-2.46864,-1.45720,0.14195,-2.21213,-2.71378
1.10031,-2.46825,-1.45872,0.14150,-2.21242,-2.71521
1.10028,-2.46808,-1.45953,0.14123,-2.21242,-2.71655
1.10024,-2.46790,-1.46033,0.14098,-2.21243,-2.71790
1.10011,-2.46756,-1.46175,0.14059,-2.21262,-2.72024
1.09998,-2.46723,-1.46316,0.14021,-2.21281,-2.72259
1.09997,-2.46697,-1.46450,0.13965,-2.21273,-2.72440
1.09996,-2.46671,-1.46582,0.13909,-2.21266,-2.72620
1.09996,-2.46647,-1.46709,0.13862,-2.21258,-2.72854
1.09995,-2.46624,-1.46836,0.13814,-2.21251,-2.73089
1.09993,-2.46602,-1.46958,0.13769,-2.21250,-2.73277
1.09991,-2.46581,-1.47079,0.13725,-2.21247,-2.73466
1.09982,-2.46545,-1.47240,0.13667,-2.21256,-2.73631
1.09974,-2.46510,-1.47399,0.13609,-2.21264,-2.73797
1.09976,-2.46488,-1.47514,0.13567,-2.21251,-2.73988
1.09977,-2.46466,-1.47630,0.13523,-2.21239,-2.74180
1.09969,-2.46433,-1.47796,0.13468,-2.21245,-2.74454
1.09962,-2.46400,-1.47962,0.13412,-2.21252,-2.74728
1.09915,-2.46310,-1.48315,0.13317,-2.21334,-2.75083
1.09868,-2.46220,-1.48666,0.13221,-2.21416,-2.75438
1.09782,-2.46099,-1.49022,0.13165,-2.21589,-2.75795
1.09696,-2.45979,-1.49376,0.13108,-2.21760,-2.76153
1.09681,-2.45941,-1.49527,0.13063,-2.21783,-2.76381
1.09667,-2.45904,-1.49679,0.13018,-2.21805,-2.76610
1.09639,-2.45870,-1.49764,0.13010,-2.21863,-2.76701
1.09612,-2.45837,-1.49848,0.13003,-2.21921,-2.76794
1.09582,-2.45785,-1.50007,0.12965,-2.21976,-2.76965
1.09552,-2.45732,-1.50166,0.12926,-2.22032,-2.77137
1.09549,-2.45720,-1.50228,0.12907,-2.22034,-2.77255
1.09546,-2.45709,-1.50291,0.12887,-2.22035,-2.77373
1.09527,-2.45664,-1.50466,0.12837,-2.22067,-2.77569
1.09508,-2.45620,-1.50640,0.12787,-2.22098,-2.77765
1.09493,-2.45603,-1.50683,0.12787,-2.22127,-2.77848
1.09479,-2.45587,-1.50725,0.12786,-2.22157,-2.77932
1.09483,-2.45567,-1.50838,0.12738,-2.22142,-2.78068
1.09487,-2.45548,-1.50949,0.12689,-2.22126,-2.78205
1.09473,-2.45521,-1.51041,0.12664,-2.22153,-2.78289
1.09460,-2.45495,-1.51130,0.12638,-2.22179,-2.78374
1.09462,-2.45502,-1.51103,0.12654,-2.22173,-2.78448
1.09464,-2.45509,-1.51075,0.12672,-2.22167,-2.78522
1.09468,-2.45507,-1.51114,0.12659,-2.22152,-2.78647
1.09472,-2.45505,-1.51152,0.12646,-2.22138,-2.78772
1.09365,-2.45307,-1.51786,0.12489,-2.22342,-2.79348
1.09258,-2.45109,-1.52420,0.12329,-2.22545,-2.79926
1.09242,-2.45093,-1.52454,0.12330,-2.22575,-2.79975
1.09227,-2.45077,-1.52489,0.12330,-2.22606,-2.80025
1.09200,-2.45019,-1.52688,0.12276,-2.22656,-2.80238
1.09173,-2.44960,-1.52887,0.12221,-2.22707,-2.80451
1.09155,-2.44913,-1.53090,0.12163,-2.22735,-2.80769
1.09137,-2.44866,-1.53294,0.12104,-2.22762,-2.81086
1.09115,-2.44830,-1.53403,0.12080,-2.22807,-2.81202
1.09093,-2.44794,-1.53512,0.12056,-2.22853,-2.81317
1.09089,-2.44759,-1.53702,0.11988,-2.22856,-2.81577
1.09085,-2.44725,-1.53891,0.11919,-2.22858,-2.81838
1.09059,-2.44664,-1.54110,0.11854,-2.22905,-2.82087
1.09034,-2.44603,-1.54329,0.11788,-2.22951,-2.82336
1.08935,-2.44488,-1.54553,0.11783,-2.23166,-2.82451
1.08836,-2.44372,-1.54775,0.11778,-2.23381,-2.82567
1.08825,-2.44348,-1.54868,0.11752,-2.23400,-2.82684
1.08815,-2.44323,-1.54959,0.11726,-2.23418,-2.82800
1.08823,-2.44299,-1.55114,0.11655,-2.23392,-2.83001
1.08831,-2.44275,-1.55270,0.11584,-2.23367,-2.83202
1.08829,-2.44250,-1.55388,0.11537,-2.23367,-2.83346
1.08826,-2.44224,-1.55506,0.11491,-2.23367,-2.83490
1.08837,-2.44225,-1.55553,0.11468,-2.23337,-2.83644
1.08849,-2.44226,-1.55600,0.11445,-2.23305,-2.83799
1.08856,-2.44225,-1.55630,0.11428,-2.23287,-2.83865
1.08862,-2.44224,-1.55659,0.11412,-2.23269,-2.83931
1.08813,-2.44153,-1.55825,0.11378,-2.23372,-2.83987
1.08764,-2.44081,-1.55992,0.11344,-2.23475,-2.84042
1.08741,-2.44035,-1.56130,0.11305,-2.23522,-2.84197
1.08718,-2.43990,-1.56268,0.11266,-2.23568,-2.84351
1.08698,-2.43957,-1.56366,0.11246,-2.23605,-2.84508
1.08679,-2.43925,-1.56462,0.11226,-2.23643,-2.84666
1.08663,-2.43899,-1.56545,0.11210,-2.23672,-2.84834
1.08648,-2.43873,-1.56626,0.11195,-2.23701,-2.85001
1.08633,-2.43824,-1.56816,0.11124,-2.23726,-2.85199
1.08618,-2.43775,-1.57005,0.11054,-2.23751,-2.85397
1.08593,-2.43730,-1.57141,0.11019,-2.23802,-2.85539
1.08567,-2.43686,-1.57276,0.10985,-2.23855,-2.85681
1.08526,-2.43603,-1.57553,0.10905,-2.23935,-2.86050
1.08485,-2.43520,-1.57830,0.10826,-2.24015,-2.86420
1.08470,-2.43484,-1.57967,0.10780,-2.24041,-2.86622
1.08456,-2.43448,-1.58105,0.10733,-2.24067,-2.86826
1.08431,-2.43390,-1.58326,0.10664,-2.24118,-2.87093
1.08407,-2.43332,-1.58546,0.10595,-2.24169,-2.87361
1.08437,-2.43345,-1.58653,0.10526,-2.24097,-2.87625
1.08468,-2.43357,-1.58758,0.10457,-2.24025,-2.87889
1.08432,-2.43292,-1.58925,0.10411,-2.24095,-2.88040
1.08397,-2.43228,-1.59092,0.10365,-2.24166,-2.88188
1.08384,-2.43190,-1.59217,0.10322,-2.24186,-2.88361
1.08371,-2.43152,-1.59343,0.10277,-2.24206,-2.88534
1.08362,-2.43119,-1.59476,0.10225,-2.24222,-2.88694
1.08354,-2.43085,-1.59610,0.10172,-2.24237,-2.88853
1.08338,-2.43048,-1.59739,0.10138,-2.24264,-2.89063
1.08322,-2.43011,-1.59868,0.10103,-2.24290,-2.89272
1.08302,-2.42961,-1.60051,0.10037,-2.24328,-2.89502
1.08283,-2.42911,-1.60235,0.09971,-2.24365,-2.89732
1.08272,-2.42857,-1.60434,0.09882,-2.24385,-2.89853
1.08261,-2.42803,-1.60633,0.09793,-2.24403,-2.89974
1.08254,-2.42766,-1.60781,0.09744,-2.24422,-2.90152
1.08247,-2.42729,-1.60928,0.09695,-2.24440,-2.90330
1.08220,-2.42687,-1.61055,0.09667,-2.24483,-2.90527
1.08194,-2.42645,-1.61183,0.09639,-2.24525,-2.90724
1.08186,-2.42596,-1.61370,0.09572,-2.24543,-2.90966
1.08179,-2.42549,-1.61556,0.09506,-2.24560,-2.91208
1.08160,-2.42523,-1.61637,0.09494,-2.24588,-2.91284
1.08142,-2.42498,-1.61717,0.09482,-2.24615,-2.91358
1.08115,-2.42439,-1.61910,0.09431,-2.24665,-2.91591
1.08090,-2.42381,-1.62101,0.09381,-2.24714,-2.91825
1.08065,-2.42296,-1.62353,0.09272,-2.24764,-2.92111
1.08041,-2.42210,-1.62605,0.09162,-2.24815,-2.92396
1.08048,-2.42228,-1.62636,0.09181,-2.24802,-2.92542
1.08056,-2.42244,-1.62668,0.09199,-2.24789,-2.92689
1.08016,-2.42163,-1.62872,0.09129,-2.24851,-2.92832
1.07977,-2.42081,-1.63076,0.09059,-2.24913,-2.92975
1.07970,-2.42034,-1.63262,0.08989,-2.24935,-2.93202
1.07963,-2.41987,-1.63447,0.08920,-2.24955,-2.93429
1.07947,-2.41973,-1.63516,0.08923,-2.24981,-2.93614
1.07930,-2.41959,-1.63585,0.08926,-2.25006,-2.93799
1.07908,-2.41898,-1.63776,0.08878,-2.25043,-2.93977
1.07886,-2.41836,-1.63965,0.08831,-2.25080,-2.94153
1.07872,-2.41795,-1.64128,0.08792,-2.25106,-2.94444
1.07858,-2.41755,-1.64292,0.08753,-2.25130,-2.94735
1.07854,-2.41723,-1.64414,0.08718,-2.25145,-2.94870
1.07850,-2.41691,-1.64535,0.08684,-2.25159,-2.95003
1.07832,-2.41657,-1.64682,0.08641,-2.25184,-2.95227
1.07815,-2.41622,-1.64830,0.08597,-2.25208,-2.95451
1.07802,-2.41594,-1.64927,0.08588,-2.25228,-2.95528
1.07790,-2.41566,-1.65024,0.08579,-2.25247,-2.95604
1.07772,-2.41509,-1.65226,0.08512,-2.25278,-2.95854
1.07754,-2.41453,-1.65429,0.08444,-2.25309,-2.96103
1.07743,-2.41409,-1.65590,0.08392,-2.25325,-2.96283
1.07733,-2.41366,-1.65752,0.08339,-2.25339,-2.96464
1.07711,-2.41275,-1.66053,0.08204,-2.25376,-2.96782
1.07690,-2.41185,-1.66353,0.08067,-2.25412,-2.97101
1.07669,-2.41155,-1.66438,0.08073,-2.25450,-2.97260
1.07647,-2.41124,-1.66524,0.08078,-2.25489,-2.97418
1.07619,-2.41034,-1.66788,0.07994,-2.25546,-2.97741
1.07592,-2.40945,-1.67050,0.07910,-2.25601,-2.98065
1.07569,-2.40895,-1.67237,0.07859,-2.25632,-2.98267
1.07546,-2.40845,-1.67423,0.07807,-2.25662,-2.98470
1.07550,-2.40818,-1.67548,0.07773,-2.25661,-2.98612
1.07554,-2.40791,-1.67673,0.07739,-2.25661,-2.98754
1.07531,-2.40752,-1.67798,0.07722,-2.25711,-2.98929
1.07508,-2.40712,-1.67922,0.07705,-2.25762,-2.99103
1.07498,-2.40686,-1.68040,0.07675,-2.25767,-2.99191
1.07488,-2.40661,-1.68157,0.07645,-2.25773,-2.99281
1.07474,-2.40630,-1.68262,0.07634,-2.25803,-2.99438
1.07460,-2.40599,-1.68367,0.07624,-2.25832,-2.99596
1.07451,-2.40577,-1.68463,0.07613,-2.25847,-2.99704
1.07443,-2.40557,-1.68557,0.07602,-2.25860,-2.99812
1.07428,-2.40493,-1.68743,0.07546,-2.25888,-2.99972
1.07414,-2.40429,-1.68927,0.07491,-2.25916,-3.00132
1.07399,-2.40397,-1.69062,0.07462,-2.25952,-3.00375
1.07384,-2.40365,-1.69198,0.07434,-2.25986,-3.00619
1.07367,-2.40334,-1.69313,0.07425,-2.26013,-3.00771
1.07349,-2.40303,-1.69427,0.07417,-2.26040,-3.00923
1.07351,-2.40305,-1.69468,0.07439,-2.26033,-3.00927
1.07353,-2.40308,-1.69508,0.07462,-2.26026,-3.00931
1.07326,-2.40208,-1.69813,0.07318,-2.26067,-3.01324
1.07300,-2.40109,-1.70119,0.07174,-2.26107,-3.01719
1.07292,-2.40094,-1.70172,0.07204,-2.26130,-3.01792
1.07284,-2.40079,-1.70225,0.07233,-2.26152,-3.01865
1.07267,-2.40051,-1.70332,0.07218,-2.26181,-3.01969
1.07249,-2.40022,-1.70439,0.07204,-2.26210,-3.02074
1.07238,-2.39984,-1.70592,0.07163,-2.26230,-3.02296
1.07228,-2.39945,-1.70746,0.07121,-2.26248,-3.02519
1.07214,-2.39911,-1.70839,0.07120,-2.26281,-3.02595
1.07200,-2.39877,-1.70933,0.07119,-2.26313,-3.02671
1.07182,-2.39823,-1.71118,0.07053,-2.26339,-3.02832
1.07163,-2.39768,-1.71302,0.06986,-2.26364,-3.02992
1.07143,-2.39716,-1.71463,0.06942,-2.26395,-3.03153
1.07123,-2.39664,-1.71624,0.06899,-2.26427,-3.03314
1.07107,-2.39599,-1.71812,0.06834,-2.26460,-3.03532
1.07090,-2.39534,-1.71999,0.06769,-2.26493,-3.03750
1.07074,-2.39504,-1.72122,0.06742,-2.26512,-3.03846
1.07058,-2.39474,-1.72244,0.06714,-2.26530,-3.03943
1.07046,-2.39403,-1.72486,0.06602,-2.26558,-3.04246
1.07033,-2.39331,-1.72726,0.06489,-2.26586,-3.04548
1.07024,-2.39281,-1.72893,0.06436,-2.26604,-3.04649
1.07015,-2.39231,-1.73060,0.06383,-2.26622,-3.04751
1.07005,-2.39175,-1.73261,0.06302,-2.26639,-3.04922
1.06996,-2.39119,-1.73462,0.06220,-2.26656,-3.05093
1.06981,-2.39066,-1.73659,0.06141,-2.26673,-3.05232
1.06968,-2.39013,-1.73854,0.06061,-2.26688,-3.05372
1.06958,-2.38958,-1.74051,0.05985,-2.26703,-3.05506
1.06948,-2.38903,-1.74249,0.05908,-2.26719,-3.05643
1.06949,-2.38849,-1.74440,0.05832,-2.26732,-3.05811
1.06950,-2.38795,-1.74631,0.05757,-2.26745,-3.05978
1.06942,-2.38743,-1.74826,0.05676,-2.26759,-3.06164
1.06934,-2.38690,-1.75023,0.05595,-2.26774,-3.06349
1.06917,-2.38634,-1.75220,0.05511,-2.26794,-3.06544
1.06900,-2.38577,-1.75419,0.05425,-2.26814,-3.06739
1.06879,-2.38520,-1.75596,0.05363,-2.26846,-3.06973
1.06857,-2.38463,-1.75774,0.05300,-2.26877,-3.07207
1.06852,-2.38386,-1.76032,0.05169,-2.26899,-3.07483
1.06848,-2.38308,-1.76289,0.05037,-2.26920,-3.07759
1.06844,-2.38266,-1.76458,0.04970,-2.26923,-3.07909
1.06839,-2.38225,-1.76626,0.04903,-2.26927,-3.08058
1.06830,-2.38157,-1.76837,0.04814,-2.26949,-3.08271
1.06821,-2.38091,-1.77047,0.04725,-2.26971,-3.08484
1.06807,-2.38031,-1.77264,0.04623,-2.26990,-3.08718
1.06793,-2.37972,-1.77481,0.04522,-2.27008,-3.08952
1.06788,-2.37911,-1.77676,0.04440,-2.27025,-3.09192
1.06782,-2.37850,-1.77871,0.04357,-2.27041,-3.09432
1.06768,-2.37800,-1.78063,0.04272,-2.27059,-3.09664
1.06753,-2.37749,-1.78256,0.04186,-2.27075,-3.09896
1.06746,-2.37693,-1.78442,0.04109,-2.27087,-3.10066
1.06740,-2.37637,-1.78628,0.04033,-2.27097,-3.10235
1.06738,-2.37578,-1.78835,0.03937,-2.27108,-3.10458
1.06737,-2.37520,-1.79041,0.03841,-2.27118,-3.10680
1.06734,-2.37467,-1.79231,0.03758,-2.27130,-3.10870
1.06730,-2.37414,-1.79422,0.03674,-2.27141,-3.11060
1.06724,-2.37349,-1.79636,0.03572,-2.27156,-3.11315
1.06718,-2.37284,-1.79848,0.03470,-2.27170,-3.11570
1.06714,-2.37229,-1.80043,0.03381,-2.27182,-3.11823
1.06710,-2.37173,-1.80237,0.03293,-2.27194,-3.12076
1.06724,-2.37172,-1.80278,0.03261,-2.27162,-3.12155
1.06738,-2.37170,-1.80319,0.03229,-2.27131,-3.12234
1.06752,-2.37168,-1.80360,0.03198,-2.27099,-3.12312
1.06765,-2.37166,-1.80401,0.03166,-2.27068,-3.12391
1.06779,-2.37165,-1.80441,0.03136,-2.27036,-3.12472
1.06793,-2.37165,-1.80482,0.03105,-2.27003,-3.12552
1.06807,-2.37162,-1.80522,0.03074,-2.26973,-3.12634
1.06821,-2.37160,-1.80562,0.03042,-2.26942,-3.12714
1.06835,-2.37158,-1.80603,0.03011,-2.26912,-3.12794
1.06849,-2.37156,-1.80644,0.02980,-2.26881,-3.12873
1.06862,-2.37154,-1.80684,0.02949,-2.26849,-3.12953
1.06876,-2.37152,-1.80725,0.02917,-2.26818,-3.13032
1.06886,-2.37150,-1.80769,0.02884,-2.26788,-3.13123
1.06896,-2.37146,-1.80813,0.02851,-2.26758,-3.13214
1.06910,-2.37145,-1.80854,0.02820,-2.26726,-3.13291
1.06924,-2.37143,-1.80894,0.02789,-2.26694,-3.13368
1.06939,-2.37143,-1.80937,0.02754,-2.26661,-3.13447
1.06955,-2.37143,-1.80981,0.02720,-2.26629,-3.13526
1.06972,-2.37142,-1.81012,0.02697,-2.26596,-3.13595
1.06988,-2.37141,-1.81042,0.02675,-2.26563,-3.13665
1.07002,-2.37136,-1.81094,0.02636,-2.26533,-3.13745
1.07016,-2.37130,-1.81144,0.02598,-2.26503,-3.13824
1.07030,-2.37129,-1.81184,0.02568,-2.26472,-3.13902
1.07044,-2.37128,-1.81223,0.02539,-2.26440,-3.13979
1.07058,-2.37136,-1.81235,0.02529,-2.26406,-3.14040
1.07073,-2.37145,-1.81248,0.02519,-2.26371,-3.14101
1.07087,-2.37146,-1.81283,0.02493,-2.26339,-3.14174
1.07101,-2.37146,-1.81318,0.02467,-2.26307,-3.14247
1.07115,-2.37145,-1.81355,0.02439,-2.26276,-3.14320
1.07129,-2.37145,-1.81391,0.02412,-2.26243,-3.14394
1.07142,-2.37195,-1.81269,0.02510,-2.26214,-3.14229
1.07154,-2.37245,-1.81147,0.02608,-2.26186,-3.14066
1.07172,-2.37211,-1.81294,0.02492,-2.26148,-3.14327
1.07191,-2.37177,-1.81442,0.02376,-2.26110,-3.14588
1.07218,-2.37200,-1.81428,0.02377,-2.26063,-3.14661
1.07245,-2.37223,-1.81415,0.02378,-2.26018,-3.14735
1.07245,-2.37246,-1.81368,0.02426,-2.25994,-3.14604
1.07244,-2.37269,-1.81319,0.02474,-2.25970,-3.14470
1.07267,-2.37261,-1.81383,0.02417,-2.25932,-3.14690
1.07289,-2.37253,-1.81447,0.02361,-2.25894,-3.14909
1.07298,-2.37226,-1.81556,0.02287,-2.25877,-3.14908
1.07307,-2.37198,-1.81666,0.02213,-2.25860,-3.14908
1.07324,-2.37211,-1.81679,0.02193,-2.25814,-3.15099
1.07342,-2.37223,-1.81693,0.02174,-2.25768,-3.15289
1.07364,-2.37215,-1.81757,0.02124,-2.25730,-3.15359
1.07386,-2.37207,-1.81820,0.02074,-2.25692,-3.15428
1.07402,-2.37208,-1.81854,0.02048,-2.25658,-3.15502
1.07417,-2.37209,-1.81889,0.02021,-2.25624,-3.15576
1.07438,-2.37220,-1.81900,0.02010,-2.25585,-3.15652
1.07458,-2.37231,-1.81911,0.01998,-2.25547,-3.15728
1.07463,-2.37229,-1.81943,0.01977,-2.25518,-3.15820
1.07469,-2.37226,-1.81975,0.01955,-2.25489,-3.15913
1.07491,-2.37259,-1.81924,0.01993,-2.25447,-3.15931
1.07514,-2.37292,-1.81873,0.02031,-2.25404,-3.15949
1.07525,-2.37301,-1.81876,0.02027,-2.25370,-3.15976
1.07537,-2.37310,-1.81879,0.02024,-2.25336,-3.16002
1.07553,-2.37285,-1.81994,0.01935,-2.25305,-3.16165
1.07569,-2.37260,-1.82108,0.01847,-2.25273,-3.16328
1.07586,-2.37273,-1.82108,0.01848,-2.25238,-3.16359
1.07604,-2.37286,-1.82108,0.01850,-2.25202,-3.16390
1.07621,-2.37289,-1.82139,0.01825,-2.25165,-3.16492
1.07639,-2.37293,-1.82171,0.01799,-2.25127,-3.16594
1.07662,-2.37302,-1.82190,0.01784,-2.25089,-3.16635
1.07684,-2.37311,-1.82210,0.01769,-2.25050,-3.16677
1.07700,-2.37314,-1.82237,0.01746,-2.25014,-3.16751
1.07715,-2.37317,-1.82263,0.01724,-2.24979,-3.16826
1.07722,-2.37323,-1.82281,0.01714,-2.24947,-3.16922
1.07729,-2.37327,-1.82298,0.01704,-2.24915,-3.17018
1.07748,-2.37338,-1.82312,0.01691,-2.24876,-3.17086
1.07768,-2.37348,-1.82326,0.01680,-2.24837,-3.17152
1.07782,-2.37350,-1.82350,0.01662,-2.24805,-3.17228
1.07796,-2.37353,-1.82373,0.01644,-2.24772,-3.17303
1.07812,-2.37359,-1.82393,0.01629,-2.24736,-3.17370
1.07828,-2.37364,-1.82414,0.01613,-2.24702,-3.17436
1.07842,-2.37369,-1.82446,0.01591,-2.24667,-3.17502
1.07856,-2.37373,-1.82477,0.01568,-2.24633,-3.17569
1.07877,-2.37386,-1.82480,0.01565,-2.24591,-3.17628
1.07899,-2.37399,-1.82483,0.01562,-2.24549,-3.17687
1.07916,-2.37399,-1.82510,0.01543,-2.24513,-3.17759
1.07933,-2.37399,-1.82537,0.01523,-2.24478,-3.17830
1.07949,-2.37405,-1.82558,0.01509,-2.24443,-3.17896
1.07965,-2.37411,-1.82577,0.01494,-2.24408,-3.17961
1.07980,-2.37416,-1.82597,0.01481,-2.24374,-3.18018
1.07996,-2.37422,-1.82617,0.01467,-2.24341,-3.18076
1.08011,-2.37419,-1.82656,0.01440,-2.24309,-3.18142
1.08027,-2.37416,-1.82694,0.01414,-2.24277,-3.18207
1.08044,-2.37421,-1.82716,0.01399,-2.24242,-3.18272
1.08060,-2.37427,-1.82738,0.01383,-2.24206,-3.18337
1.08076,-2.37432,-1.82759,0.01368,-2.24171,-3.18402
1.08092,-2.37437,-1.82780,0.01353,-2.24136,-3.18466
1.08110,-2.37453,-1.82787,0.01347,-2.24092,-3.18531
1.08127,-2.37469,-1.82793,0.01340,-2.24049,-3.18596
1.08143,-2.37476,-1.82812,0.01327,-2.24013,-3.18658
1.08160,-2.37482,-1.82831,0.01313,-2.23977,-3.18721
1.08176,-2.37488,-1.82852,0.01298,-2.23941,-3.18788
1.08193,-2.37493,-1.82874,0.01282,-2.23905,-3.18855
1.08209,-2.37499,-1.82895,0.01267,-2.23870,-3.18919
1.08225,-2.37505,-1.82916,0.01253,-2.23835,-3.18984
1.08241,-2.37510,-1.82933,0.01240,-2.23802,-3.19044
1.08257,-2.37515,-1.82952,0.01227,-2.23769,-3.19104
1.08272,-2.37489,-1.83052,0.01115,-2.23739,-3.19356
1.08287,-2.37463,-1.83152,0.01003,-2.23708,-3.19608
1.08297,-2.37434,-1.83247,0.00902,-2.23690,-3.19823
1.08307,-2.37405,-1.83344,0.00799,-2.23672,-3.20038
1.08324,-2.37380,-1.83431,0.00700,-2.23642,-3.20269
1.08341,-2.37355,-1.83518,0.00600,-2.23612,-3.20500
1.08359,-2.37333,-1.83600,0.00504,-2.23580,-3.20742
1.08378,-2.37311,-1.83681,0.00408,-2.23548,-3.20984
1.08396,-2.37277,-1.83785,0.00295,-2.23519,-3.21226
1.08415,-2.37244,-1.83889,0.00182,-2.23488,-3.21468
1.08429,-2.37222,-1.83973,0.00087,-2.23462,-3.21682
1.08443,-2.37200,-1.84055,-0.00006,-2.23435,-3.21896
1.08461,-2.37181,-1.84140,-0.00108,-2.23396,-3.22142
1.08480,-2.37161,-1.84227,-0.00211,-2.23357,-3.22389
1.08501,-2.37138,-1.84305,-0.00305,-2.23320,-3.22629
1.08523,-2.37114,-1.84383,-0.00399,-2.23284,-3.22868
1.08545,-2.37089,-1.84464,-0.00491,-2.23253,-3.23081
1.08568,-2.37065,-1.84544,-0.00582,-2.23223,-3.23292
1.08587,-2.37046,-1.84619,-0.00670,-2.23190,-3.23505
1.08606,-2.37027,-1.84694,-0.00759,-2.23157,-3.23719
1.08620,-2.37028,-1.84725,-0.00815,-2.23126,-3.23898
1.08634,-2.37029,-1.84755,-0.00870,-2.23094,-3.24077
1.08644,-2.37023,-1.84779,-0.00914,-2.23080,-3.24178
1.08653,-2.37018,-1.84803,-0.00957,-2.23066,-3.24278
1.08684,-2.36994,-1.84911,-0.01080,-2.23011,-3.24537
1.08716,-2.36971,-1.85019,-0.01202,-2.22956,-3.24796
1.08743,-2.36938,-1.85126,-0.01317,-2.22914,-3.25102
1.08771,-2.36905,-1.85233,-0.01432,-2.22872,-3.25407
1.08786,-2.36914,-1.85224,-0.01456,-2.22837,-3.25527
1.08801,-2.36924,-1.85215,-0.01479,-2.22804,-3.25647
1.08810,-2.36932,-1.85208,-0.01492,-2.22783,-3.25655
1.08819,-2.36942,-1.85201,-0.01505,-2.22762,-3.25662
1.08843,-2.36945,-1.85239,-0.01532,-2.22709,-3.25733
1.08868,-2.36949,-1.85276,-0.01560,-2.22657,-3.25803
1.08878,-2.36970,-1.85244,-0.01533,-2.22625,-3.25704
1.08887,-2.36991,-1.85211,-0.01505,-2.22593,-3.25605
1.08896,-2.36975,-1.85267,-0.01562,-2.22581,-3.25669
1.08905,-2.36959,-1.85322,-0.01618,-2.22571,-3.25733
1.08911,-2.36961,-1.85343,-0.01620,-2.22548,-3.25723
1.08917,-2.36963,-1.85365,-0.01622,-2.22525,-3.25713
1.08939,-2.36974,-1.85356,-0.01639,-2.22487,-3.25766
1.08960,-2.36984,-1.85349,-0.01657,-2.22449,-3.25819
1.08966,-2.37021,-1.85277,-0.01609,-2.22424,-3.25675
1.08971,-2.37057,-1.85204,-0.01561,-2.22399,-3.25531
1.08988,-2.37042,-1.85273,-0.01605,-2.22364,-3.25682
1.09004,-2.37027,-1.85341,-0.01648,-2.22330,-3.25833
1.09034,-2.37042,-1.85357,-0.01675,-2.22273,-3.25841
1.09064,-2.37056,-1.85373,-0.01702,-2.22215,-3.25848
1.09050,-2.37037,-1.85389,-0.01714,-2.22243,-3.25787
1.09037,-2.37017,-1.85406,-0.01726,-2.22271,-3.25725
1.09040,-2.37045,-1.85325,-0.01682,-2.22264,-3.25724
1.09044,-2.37073,-1.85245,-0.01638,-2.22257,-3.25725
1.09065,-2.37049,-1.85372,-0.01720,-2.22210,-3.25736
1.09087,-2.37025,-1.85497,-0.01801,-2.22162,-3.25747
1.09084,-2.37076,-1.85353,-0.01713,-2.22158,-3.25694
1.09082,-2.37126,-1.85208,-0.01625,-2.22153,-3.25642
1.09091,-2.37106,-1.85268,-0.01684,-2.22136,-3.25627
1.09100,-2.37086,-1.85327,-0.01743,-2.22120,-3.25613
1.09143,-2.37110,-1.85363,-0.01756,-2.22023,-3.25649
1.09187,-2.37134,-1.85400,-0.01770,-2.21926,-3.25686
1.09135,-2.37138,-1.85243,-0.01697,-2.22033,-3.25436
1.09083,-2.37143,-1.85086,-0.01623,-2.22140,-3.25188
1.09131,-2.37136,-1.85211,-0.01717,-2.22040,-3.25275
1.09180,-2.37129,-1.85336,-0.01812,-2.21941,-3.25361
1.09187,-2.37149,-1.85295,-0.01793,-2.21919,-3.25311
1.09194,-2.37169,-1.85254,-0.01774,-2.21897,-3.25261
1.09167,-2.37192,-1.85111,-0.01690,-2.21952,-3.25091
1.09140,-2.37216,-1.84967,-0.01606,-2.22006,-3.24922
1.09176,-2.37207,-1.85075,-0.01683,-2.21931,-3.25116
1.09212,-2.37198,-1.85184,-0.01761,-2.21855,-3.25311
1.09220,-2.37209,-1.85169,-0.01745,-2.21839,-3.25372
1.09229,-2.37218,-1.85156,-0.01730,-2.21823,-3.25434
1.09258,-2.37225,-1.85202,-0.01770,-2.21753,-3.25365
1.09287,-2.37230,-1.85249,-0.01812,-2.21683,-3.25298
1.09323,-2.37309,-1.85068,-0.01720,-2.21598,-3.25235
1.09360,-2.37387,-1.84887,-0.01629,-2.21514,-3.25174
1.09299,-2.37358,-1.84840,-0.01607,-2.21647,-3.24992
1.09239,-2.37328,-1.84794,-0.01586,-2.21779,-3.24811
1.09267,-2.37326,-1.84850,-0.01639,-2.21717,-3.24858
1.09296,-2.37324,-1.84906,-0.01693,-2.21655,-3.24905
1.09372,-2.37465,-1.84605,-0.01555,-2.21486,-3.24806
1.09449,-2.37605,-1.84305,-0.01420,-2.21317,-3.24709
1.09374,-2.37480,-1.84562,-0.01525,-2.21483,-3.24674
1.09299,-2.37354,-1.84820,-0.01632,-2.21649,-3.24639
1.09339,-2.37367,-1.84859,-0.01686,-2.21562,-3.24790
1.09380,-2.37381,-1.84899,-0.01740,-2.21474,-3.24941
1.09360,-2.37394,-1.84826,-0.01678,-2.21512,-3.24860
1.09340,-2.37407,-1.84753,-0.01616,-2.21551,-3.24779
1.09405,-2.37465,-1.84708,-0.01614,-2.21408,-3.24741
1.09471,-2.37523,-1.84663,-0.01613,-2.21265,-3.24705
1.09464,-2.37523,-1.84648,-0.01602,-2.21284,-3.24757
1.09456,-2.37522,-1.84634,-0.01591,-2.21303,-3.24808
1.09406,-2.37467,-1.84676,-0.01620,-2.21410,-3.24721
1.09356,-2.37412,-1.84719,-0.01651,-2.21518,-3.24635
1.09417,-2.37451,-1.84742,-0.01674,-2.21385,-3.24780
1.09477,-2.37491,-1.84764,-0.01697,-2.21252,-3.24925
1.09479,-2.37485,-1.84779,-0.01707,-2.21250,-3.24898
1.09481,-2.37480,-1.84794,-0.01718,-2.21248,-3.24872
1.09462,-2.37504,-1.84667,-0.01658,-2.21285,-3.24768
1.09443,-2.37527,-1.84541,-0.01599,-2.21323,-3.24664
1.09474,-2.37589,-1.84431,-0.01503,-2.21252,-3.24686
1.09504,-2.37651,-1.84323,-0.01409,-2.21183,-3.24709
1.09435,-2.37480,-1.84737,-0.01606,-2.21346,-3.25004
1.09367,-2.37308,-1.85152,-0.01805,-2.21509,-3.25301
1.09354,-2.37250,-1.85333,-0.01871,-2.21542,-3.25557
1.09342,-2.37192,-1.85512,-0.01936,-2.21574,-3.25814
1.09313,-2.37124,-1.85672,-0.02004,-2.21637,-3.25828
1.09285,-2.37055,-1.85832,-0.02072,-2.21699,-3.25843
1.09234,-2.37011,-1.85871,-0.02079,-2.21816,-3.25954
1.09184,-2.36967,-1.85909,-0.02084,-2.21934,-3.26065
1.09158,-2.36977,-1.85845,-0.02006,-2.21995,-3.25965
1.09133,-2.36987,-1.85782,-0.01929,-2.22055,-3.25865
1.09130,-2.36917,-1.86037,-0.02018,-2.22063,-3.26288
1.09128,-2.36847,-1.86293,-0.02108,-2.22069,-3.26712
1.09134,-2.36729,-1.86681,-0.02335,-2.22065,-3.26922
1.09139,-2.36611,-1.87069,-0.02564,-2.22061,-3.27131
1.09118,-2.36565,-1.87201,-0.02605,-2.22111,-3.27142
1.09097,-2.36518,-1.87334,-0.02646,-2.22162,-3.27152
1.09046,-2.36466,-1.87380,-0.02658,-2.22275,-3.27293
1.08996,-2.36414,-1.87425,-0.02671,-2.22387,-3.27434
1.08992,-2.36375,-1.87576,-0.02705,-2.22405,-3.27508
1.08988,-2.36336,-1.87726,-0.02738,-2.22422,-3.27583
1.08976,-2.36275,-1.87920,-0.02829,-2.22438,-3.27618
1.08965,-2.36214,-1.88112,-0.02919,-2.22453,-3.27652
1.08920,-2.36182,-1.88136,-0.02884,-2.22554,-3.27752
1.08874,-2.36150,-1.88159,-0.02849,-2.22656,-3.27852
1.08890,-2.36128,-1.88291,-0.02893,-2.22625,-3.27913
1.08905,-2.36106,-1.88421,-0.02937,-2.22595,-3.27972
1.08893,-2.36042,-1.88590,-0.03044,-2.22626,-3.27868
1.08881,-2.35979,-1.88758,-0.03152,-2.22658,-3.27762
1.08832,-2.35919,-1.88892,-0.03136,-2.22765,-3.28189
1.08784,-2.35859,-1.89026,-0.03122,-2.22872,-3.28617
1.08773,-2.35795,-1.89207,-0.03223,-2.22900,-3.28579
1.08763,-2.35731,-1.89388,-0.03324,-2.22927,-3.28541
1.08740,-2.35720,-1.89398,-0.03271,-2.22980,-3.28760
1.08716,-2.35708,-1.89408,-0.03218,-2.23033,-3.28979
1.08690,-2.35627,-1.89616,-0.03317,-2.23096,-3.29120
1.08663,-2.35545,-1.89825,-0.03417,-2.23158,-3.29263
1.08659,-2.35477,-1.90054,-0.03540,-2.23176,-3.29275
1.08656,-2.35408,-1.90281,-0.03662,-2.23194,-3.29285
1.08612,-2.35308,-1.90495,-0.03775,-2.23297,-3.29208
1.08568,-2.35206,-1.90708,-0.03889,-2.23400,-3.29130
1.08557,-2.35170,-1.90818,-0.03897,-2.23430,-3.29389
1.08547,-2.35133,-1.90928,-0.03905,-2.23459,-3.29647
1.08530,-2.35094,-1.91044,-0.03920,-2.23493,-3.29799
1.08514,-2.35055,-1.91159,-0.03937,-2.23526,-3.29951
1.08506,-2.35009,-1.91304,-0.03990,-2.23550,-3.30033
1.08499,-2.34964,-1.91449,-0.04043,-2.23573,-3.30114
1.08484,-2.34900,-1.91641,-0.04104,-2.23612,-3.30411
1.08469,-2.34836,-1.91832,-0.04166,-2.23650,-3.30707
1.08458,-2.34810,-1.91898,-0.04194,-2.23681,-3.30611
1.08446,-2.34784,-1.91964,-0.04221,-2.23712,-3.30514
1.08418,-2.34709,-1.92135,-0.04308,-2.23773,-3.30623
1.08390,-2.34633,-1.92308,-0.04395,-2.23835,-3.30733
1.08363,-2.34591,-1.92411,-0.04413,-2.23898,-3.30934
1.08336,-2.34549,-1.92515,-0.04430,-2.23961,-3.31135
1.08315,-2.34449,-1.92764,-0.04546,-2.24017,-3.31274
1.08293,-2.34348,-1.93014,-0.04663,-2.24073,-3.31413
1.08277,-2.34264,-1.93254,-0.04780,-2.24108,-3.31771
1.08262,-2.34181,-1.93492,-0.04898,-2.24143,-3.32130
1.08249,-2.34137,-1.93607,-0.04943,-2.24176,-3.32252
1.08236,-2.34092,-1.93720,-0.04989,-2.24210,-3.32372
1.08218,-2.34024,-1.93896,-0.05064,-2.24266,-3.32421
1.08200,-2.33956,-1.94072,-0.05140,-2.24322,-3.32470
1.08162,-2.33875,-1.94232,-0.05218,-2.24413,-3.32643
1.08124,-2.33794,-1.94392,-0.05296,-2.24503,-3.32816
1.08100,-2.33743,-1.94486,-0.05337,-2.24556,-3.33030
1.08076,-2.33693,-1.94580,-0.05379,-2.24609,-3.33243
1.08054,-2.33645,-1.94685,-0.05406,-2.24668,-3.33333
1.08032,-2.33597,-1.94791,-0.05435,-2.24728,-3.33424
1.08012,-2.33527,-1.94948,-0.05524,-2.24783,-3.33610
1.07992,-2.33458,-1.95104,-0.05614,-2.24839,-3.33797
1.07986,-2.33382,-1.95353,-0.05696,-2.24858,-3.33947
1.07979,-2.33306,-1.95601,-0.05778,-2.24878,-3.34096
1.07972,-2.33186,-1.95917,-0.05967,-2.24909,-3.34347
1.07966,-2.33067,-1.96234,-0.06156,-2.24940,-3.34596
1.07926,-2.32970,-1.96424,-0.06261,-2.25036,-3.34761
1.07886,-2.32873,-1.96614,-0.06366,-2.25130,-3.34925
1.07867,-2.32867,-1.96584,-0.06342,-2.25165,-3.35047
1.07847,-2.32860,-1.96553,-0.06319,-2.25201,-3.35169
1.07772,-2.32718,-1.96809,-0.06459,-2.25377,-3.35221
1.07698,-2.32574,-1.97066,-0.06602,-2.25553,-3.35275
1.07765,-2.32606,-1.97131,-0.06629,-2.25413,-3.35290
1.07832,-2.32638,-1.97197,-0.06655,-2.25273,-3.35306
1.07801,-2.32521,-1.97464,-0.06798,-2.25358,-3.35639
1.07770,-2.32403,-1.97732,-0.06941,-2.25443,-3.35974
1.07712,-2.32292,-1.97930,-0.07047,-2.25575,-3.36054
1.07655,-2.32181,-1.98128,-0.07153,-2.25706,-3.36135
1.07665,-2.32118,-1.98379,-0.07225,-2.25702,-3.36414
1.07675,-2.32056,-1.98629,-0.07298,-2.25696,-3.36694
1.07697,-2.31928,-1.99015,-0.07544,-2.25656,-3.37095
1.07720,-2.31799,-1.99400,-0.07792,-2.25615,-3.37496
1.07712,-2.31787,-1.99421,-0.07798,-2.25633,-3.37491
1.07704,-2.31776,-1.99442,-0.07804,-2.25651,-3.37485
1.07702,-2.31669,-1.99714,-0.07964,-2.25674,-3.37863
1.07699,-2.31562,-1.99985,-0.08123,-2.25697,-3.38240
1.07691,-2.31603,-1.99875,-0.08032,-2.25715,-3.38098
1.07683,-2.31643,-1.99765,-0.07941,-2.25734,-3.37957
1.07704,-2.31518,-2.00101,-0.08195,-2.25704,-3.38424
1.07726,-2.31392,-2.00437,-0.08450,-2.25671,-3.38893
1.07690,-2.31353,-2.00479,-0.08474,-2.25743,-3.38807
1.07654,-2.31313,-2.00522,-0.08498,-2.25816,-3.38723
1.07688,-2.31289,-2.00638,-0.08577,-2.25758,-3.38894
1.07722,-2.31265,-2.00756,-0.08656,-2.25702,-3.39064
1.07803,-2.31121,-2.01315,-0.08987,-2.25544,-3.39749
1.07887,-2.30979,-2.01873,-0.09317,-2.25383,-3.40435
1.07860,-2.30985,-2.01797,-0.09286,-2.25445,-3.40219
1.07833,-2.30991,-2.01722,-0.09254,-2.25507,-3.40003
1.07893,-2.30997,-2.01826,-0.09324,-2.25377,-3.40172
1.07953,-2.31002,-2.01931,-0.09393,-2.25247,-3.40342
1.07956,-2.30948,-2.02069,-0.09493,-2.25246,-3.40424
1.07959,-2.30895,-2.02207,-0.09593,-2.25244,-3.40506
1.07931,-2.30860,-2.02233,-0.09621,-2.25306,-3.40501
1.07904,-2.30824,-2.02260,-0.09650,-2.25368,-3.40499
1.07909,-2.30792,-2.02351,-0.09697,-2.25361,-3.40537
1.07913,-2.30761,-2.02441,-0.09744,-2.25354,-3.40574
1.07975,-2.30719,-2.02690,-0.09865,-2.25233,-3.40806
1.08036,-2.30676,-2.02939,-0.09986,-2.25111,-3.41037
1.08094,-2.30574,-2.03269,-0.10240,-2.25001,-3.41511
1.08152,-2.30472,-2.03599,-0.10494,-2.24889,-3.41986
1.08200,-2.30270,-2.04094,-0.10943,-2.24795,-3.42432
1.08249,-2.30066,-2.04589,-0.11395,-2.24698,-3.42877
1.08362,-2.30078,-2.04791,-0.11499,-2.24465,-3.43342
1.08476,-2.30090,-2.04993,-0.11600,-2.24230,-3.43805
1.08443,-2.30007,-2.05103,-0.11698,-2.24314,-3.43739
1.08410,-2.29924,-2.05211,-0.11795,-2.24398,-3.43672
1.08460,-2.29992,-2.05143,-0.11748,-2.24281,-3.43716
1.08509,-2.30060,-2.05073,-0.11700,-2.24164,-3.43760
1.08563,-2.30092,-2.05099,-0.11713,-2.24047,-3.43814
1.08617,-2.30122,-2.05125,-0.11727,-2.23930,-3.43870
1.08686,-2.30072,-2.05378,-0.11878,-2.23795,-3.44129
1.08755,-2.30023,-2.05631,-0.12029,-2.23659,-3.44389
1.08757,-2.30029,-2.05632,-0.12025,-2.23651,-3.44382
1.08758,-2.30035,-2.05633,-0.12020,-2.23642,-3.44375
1.08813,-2.29838,-2.06121,-0.12432,-2.23548,-3.44866
1.08868,-2.29639,-2.06608,-0.12845,-2.23451,-3.45357
1.08889,-2.29639,-2.06665,-0.12862,-2.23406,-3.45569
1.08910,-2.29637,-2.06724,-0.12880,-2.23361,-3.45783
1.08896,-2.29604,-2.06762,-0.12924,-2.23391,-3.45709
1.08881,-2.29571,-2.06801,-0.12969,-2.23421,-3.45636
1.08926,-2.29563,-2.06917,-0.13015,-2.23344,-3.45830
1.08970,-2.29555,-2.07033,-0.13062,-2.23267,-3.46024
1.09016,-2.29437,-2.07356,-0.13315,-2.23189,-3.46250
1.09062,-2.29319,-2.07679,-0.13570,-2.23111,-3.46476
1.09033,-2.29107,-2.08105,-0.13881,-2.23187,-3.46682
1.09005,-2.28894,-2.08530,-0.14195,-2.23262,-3.46889
1.09112,-2.28974,-2.08546,-0.14176,-2.23049,-3.47055
1.09220,-2.29055,-2.08560,-0.14156,-2.22836,-3.47220
1.09201,-2.28743,-2.09108,-0.14666,-2.22853,-3.47569
1.09183,-2.28429,-2.09655,-0.15181,-2.22869,-3.47919
1.09226,-2.28401,-2.09769,-0.15287,-2.22779,-3.48035
1.09269,-2.28372,-2.09883,-0.15394,-2.22688,-3.48153
1.09313,-2.28286,-2.10083,-0.15606,-2.22608,-3.48368
1.09357,-2.28201,-2.10281,-0.15819,-2.22527,-3.48583
1.09396,-2.28208,-2.10341,-0.15849,-2.22444,-3.48674
1.09436,-2.28215,-2.10401,-0.15880,-2.22360,-3.48767
1.09441,-2.28119,-2.10605,-0.16042,-2.22356,-3.48799
1.09445,-2.28022,-2.10810,-0.16205,-2.22353,-3.48832
1.09479,-2.28015,-2.10901,-0.16240,-2.22293,-3.48901
1.09514,-2.28008,-2.10994,-0.16276,-2.22232,-3.48971
1.09497,-2.27962,-2.11171,-0.16284,-2.22260,-3.48941
1.09480,-2.27916,-2.11348,-0.16291,-2.22288,-3.48910
1.09513,-2.27792,-2.11630,-0.16495,-2.22219,-3.49143
1.09547,-2.27669,-2.11912,-0.16700,-2.22150,-3.49376
1.09631,-2.27606,-2.12111,-0.16927,-2.21975,-3.49672
1.09717,-2.27544,-2.12309,-0.17152,-2.21798,-3.49967
1.09734,-2.27538,-2.12371,-0.17170,-2.21772,-3.49965
1.09750,-2.27532,-2.12432,-0.17186,-2.21746,-3.49961
1.09678,-2.27544,-2.12433,-0.17005,-2.21873,-3.49755
1.09606,-2.27556,-2.12435,-0.16824,-2.22000,-3.49549
1.09698,-2.27487,-2.12646,-0.17077,-2.21824,-3.49860
1.09791,-2.27418,-2.12856,-0.17328,-2.21647,-3.50169
1.09819,-2.27295,-2.13111,-0.17547,-2.21604,-3.50311
1.09847,-2.27173,-2.13365,-0.17764,-2.21560,-3.50452
1.09884,-2.27106,-2.13548,-0.17919,-2.21466,-3.50616
1.09920,-2.27040,-2.13731,-0.18074,-2.21371,-3.50779
1.09970,-2.27017,-2.13883,-0.18143,-2.21269,-3.50967
1.10019,-2.26992,-2.14034,-0.18213,-2.21169,-3.51156
1.09965,-2.26941,-2.14079,-0.18193,-2.21280,-3.51002
1.09910,-2.26890,-2.14123,-0.18174,-2.21392,-3.50847
1.09934,-2.26962,-2.14033,-0.18065,-2.21336,-3.50882
1.09958,-2.27035,-2.13941,-0.17955,-2.21280,-3.50917
1.10053,-2.26847,-2.14430,-0.18359,-2.21100,-3.51274
1.10149,-2.26660,-2.14915,-0.18763,-2.20917,-3.51629
1.10187,-2.26614,-2.15040,-0.18897,-2.20839,-3.51750
1.10226,-2.26568,-2.15164,-0.19030,-2.20759,-3.51871
1.10285,-2.26523,-2.15349,-0.19159,-2.20642,-3.52051
1.10345,-2.26477,-2.15534,-0.19288,-2.20525,-3.52231
1.10363,-2.26414,-2.15705,-0.19372,-2.20472,-3.52323
1.10381,-2.26352,-2.15875,-0.19456,-2.20419,-3.52415
1.10412,-2.26294,-2.16011,-0.19578,-2.20369,-3.52501
1.10443,-2.26236,-2.16148,-0.19701,-2.20318,-3.52586
1.10473,-2.26203,-2.16285,-0.19744,-2.20267,-3.52646
1.10503,-2.26170,-2.16423,-0.19788,-2.20217,-3.52706
1.10525,-2.26060,-2.16648,-0.19963,-2.20166,-3.52849
1.10547,-2.25949,-2.16873,-0.20141,-2.20115,-3.52992
1.10639,-2.25938,-2.17008,-0.20247,-2.19929,-3.53233
1.10732,-2.25928,-2.17143,-0.20352,-2.19742,-3.53474
1.10750,-2.25776,-2.17488,-0.20557,-2.19721,-3.53635
1.10769,-2.25623,-2.17833,-0.20762,-2.19700,-3.53797
1.10740,-2.25652,-2.17743,-0.20689,-2.19765,-3.53903
1.10711,-2.25681,-2.17655,-0.20617,-2.19831,-3.54009
1.10744,-2.25751,-2.17551,-0.20498,-2.19803,-3.54127
1.10777,-2.25821,-2.17448,-0.20381,-2.19774,-3.54245
1.10772,-2.25820,-2.17508,-0.20312,-2.19800,-3.54388
1.10767,-2.25820,-2.17568,-0.20243,-2.19827,-3.54530
1.10794,-2.25899,-2.17435,-0.20120,-2.19844,-3.54558
1.10822,-2.25978,-2.17301,-0.19999,-2.19861,-3.54586
1.10787,-2.25967,-2.17340,-0.19949,-2.19921,-3.54741
1.10752,-2.25955,-2.17377,-0.19898,-2.19981,-3.54896
1.10748,-2.25936,-2.17448,-0.19847,-2.20012,-3.55070
1.10744,-2.25916,-2.17518,-0.19795,-2.20043,-3.55244
1.10727,-2.25947,-2.17433,-0.19695,-2.20099,-3.55322
1.10711,-2.25980,-2.17347,-0.19594,-2.20155,-3.55400
1.10690,-2.25963,-2.17424,-0.19552,-2.20198,-3.55568
1.10670,-2.25946,-2.17502,-0.19510,-2.20242,-3.55738
1.10740,-2.26088,-2.17273,-0.19334,-2.20221,-3.55677
1.10811,-2.26229,-2.17043,-0.19159,-2.20199,-3.55617
1.10791,-2.26272,-2.16952,-0.19056,-2.20254,-3.55684
1.10770,-2.26315,-2.16861,-0.18954,-2.20309,-3.55753
1.10741,-2.26353,-2.16766,-0.18858,-2.20370,-3.55836
1.10712,-2.26390,-2.16672,-0.18762,-2.20432,-3.55919
1.10715,-2.26440,-2.16560,-0.18648,-2.20475,-3.55970
1.10718,-2.26490,-2.16448,-0.18535,-2.20517,-3.56022
1.10684,-2.26531,-2.16335,-0.18434,-2.20590,-3.56083
1.10650,-2.26571,-2.16220,-0.18333,-2.20662,-3.56144
1.10644,-2.26585,-2.16238,-0.18267,-2.20700,-3.56269
1.10638,-2.26598,-2.16254,-0.18201,-2.20737,-3.56394
1.10661,-2.26617,-2.16269,-0.18116,-2.20752,-3.56516
1.10684,-2.26635,-2.16284,-0.18033,-2.20767,-3.56639
1.10708,-2.26679,-2.16226,-0.17929,-2.20792,-3.56697
1.10731,-2.26723,-2.16169,-0.17826,-2.20818,-3.56757
1.10747,-2.26779,-2.16121,-0.17734,-2.20833,-3.56834
1.10762,-2.26835,-2.16073,-0.17643,-2.20848,-3.56911
1.10789,-2.26891,-2.16053,-0.17561,-2.20847,-3.57004
1.10818,-2.26948,-2.16033,-0.17479,-2.20845,-3.57099
1.10846,-2.27005,-2.16013,-0.17396,-2.20843,-3.57192
1.10873,-2.27062,-2.15994,-0.17313,-2.20842,-3.57286
1.10902,-2.27118,-2.15974,-0.17231,-2.20840,-3.57380
1.10930,-2.27175,-2.15954,-0.17149,-2.20838,-3.57474
1.10957,-2.27231,-2.15934,-0.17067,-2.20837,-3.57567
1.10985,-2.27288,-2.15914,-0.16984,-2.20835,-3.57661
1.11013,-2.27345,-2.15893,-0.16902,-2.20834,-3.57755
1.11041,-2.27401,-2.15873,-0.16819,-2.20832,-3.57849
1.11069,-2.27458,-2.15853,-0.16737,-2.20830,-3.57942
1.11096,-2.27514,-2.15833,-0.16656,-2.20830,-3.58035
1.11124,-2.27570,-2.15813,-0.16574,-2.20828,-3.58129
1.11152,-2.27627,-2.15793,-0.16492,-2.20827,-3.58223
1.11180,-2.27683,-2.15772,-0.16410,-2.20826,-3.58317
1.11208,-2.27739,-2.15752,-0.16328,-2.20824,-3.58411
1.11235,-2.27796,-2.15731,-0.16246,-2.20824,-3.58504
1.11263,-2.27852,-2.15711,-0.16165,-2.20823,-3.58598
1.11290,-2.27908,-2.15690,-0.16083,-2.20823,-3.58690
1.11318,-2.27964,-2.15670,-0.16002,-2.20821,-3.58784
1.11346,-2.28020,-2.15649,-0.15920,-2.20821,-3.58877
1.11373,-2.28076,-2.15629,-0.15839,-2.20820,-3.58971
1.11401,-2.28132,-2.15607,-0.15757,-2.20819,-3.59064
1.11428,-2.28188,-2.15586,-0.15676,-2.20819,-3.59157
1.11456,-2.28244,-2.15566,-0.15595,-2.20818,-3.59252
1.11483,-2.28300,-2.15545,-0.15513,-2.20818,-3.59345
1.11511,-2.28357,-2.15524,-0.15432,-2.20817,-3.59437
1.11538,-2.28413,-2.15503,-0.15350,-2.20816,-3.59531
1.11566,-2.28469,-2.15481,-0.15269,-2.20816,-3.59624
1.11593,-2.28524,-2.15460,-0.15188,-2.20816,-3.59718
1.11620,-2.28580,-2.15439,-0.15107,-2.20816,-3.59811
1.11648,-2.28636,-2.15418,-0.15026,-2.20816,-3.59904
1.11675,-2.28692,-2.15397,-0.14945,-2.20816,-3.59998
1.11702,-2.28747,-2.15375,-0.14864,-2.20816,-3.60090
1.11730,-2.28803,-2.15354,-0.14783,-2.20816,-3.60184
1.11757,-2.28859,-2.15333,-0.14703,-2.20816,-3.60277
1.11784,-2.28914,-2.15311,-0.14622,-2.20817,-3.60369
1.11811,-2.28970,-2.15290,-0.14541,-2.20817,-3.60463
1.11839,-2.29026,-2.15268,-0.14460,-2.20817,-3.60556
1.11866,-2.29081,-2.15247,-0.14380,-2.20817,-3.60649
1.11893,-2.29136,-2.15225,-0.14299,-2.20818,-3.60742
1.11920,-2.29192,-2.15204,-0.14219,-2.20818,-3.60836
1.11947,-2.29247,-2.15182,-0.14139,-2.20819,-3.60929
1.11974,-2.29302,-2.15160,-0.14058,-2.20820,-3.61021
1.12001,-2.29358,-2.15138,-0.13978,-2.20820,-3.61114
1.12028,-2.29413,-2.15116,-0.13897,-2.20821,-3.61207
1.12055,-2.29468,-2.15094,-0.13817,-2.20822,-3.61299
1.12083,-2.29524,-2.15072,-0.13737,-2.20823,-3.61392
1.12109,-2.29579,-2.15050,-0.13657,-2.20824,-3.61485
1.12137,-2.29634,-2.15028,-0.13577,-2.20824,-3.61578
1.12163,-2.29689,-2.15006,-0.13497,-2.20826,-3.61671
1.12190,-2.29744,-2.14984,-0.13417,-2.20827,-3.61764
1.12217,-2.29799,-2.14962,-0.13337,-2.20828,-3.61857
1.12244,-2.29855,-2.14939,-0.13257,-2.20829,-3.61949
1.12271,-2.29910,-2.14917,-0.13177,-2.20830,-3.62042
1.12298,-2.29964,-2.14894,-0.13097,-2.20832,-3.62134
1.12325,-2.30019,-2.14872,-0.13018,-2.20833,-3.62228
1.12351,-2.30074,-2.14850,-0.12938,-2.20835,-3.62319
1.12378,-2.30129,-2.14828,-0.12859,-2.20836,-3.62413
1.12405,-2.30184,-2.14805,-0.12779,-2.20837,-3.62505
1.12432,-2.30238,-2.14783,-0.12700,-2.20839,-3.62598
1.12459,-2.30293,-2.14760,-0.12620,-2.20840,-3.62690
1.12485,-2.30348,-2.14737,-0.12541,-2.20842,-3.62783
1.12512,-2.30403,-2.14714,-0.12461,-2.20844,-3.62875
1.12538,-2.30457,-2.14692,-0.12382,-2.20846,-3.62967
1.12565,-2.30512,-2.14669,-0.12303,-2.20848,-3.63060
