-2.76865,-1.37424,-1.68351,-1.19155,-0.81444,-1.28054
-2.76904,-1.37423,-1.68341,-1.19249,-0.81473,-1.27943
-2.76944,-1.37423,-1.68331,-1.19344,-0.81503,-1.27832
-2.76984,-1.37422,-1.68321,-1.19439,-0.81533,-1.27720
-2.77023,-1.37421,-1.68312,-1.19534,-0.81562,-1.27608
-2.77063,-1.37421,-1.68302,-1.19629,-0.81592,-1.27496
-2.77102,-1.37420,-1.68292,-1.19723,-0.81622,-1.27385
-2.77133,-1.37391,-1.68313,-1.19834,-0.81642,-1.27302
-2.77164,-1.37363,-1.68333,-1.19944,-0.81661,-1.27219
-2.77172,-1.37331,-1.68365,-1.20028,-0.81672,-1.27152
-2.77181,-1.37299,-1.68396,-1.20111,-0.81682,-1.27085
-2.77186,-1.37257,-1.68431,-1.20210,-0.81686,-1.27018
-2.77191,-1.37215,-1.68466,-1.20309,-0.81689,-1.26951
-2.77209,-1.37167,-1.68505,-1.20428,-0.81696,-1.26895
-2.77226,-1.37118,-1.68544,-1.20548,-0.81704,-1.26839
-2.77236,-1.37082,-1.68578,-1.20639,-0.81713,-1.26763
-2.77246,-1.37047,-1.68611,-1.20730,-0.81722,-1.26687
-2.77255,-1.37009,-1.68645,-1.20825,-0.81731,-1.26615
-2.77263,-1.36973,-1.68678,-1.20920,-0.81740,-1.26543
-2.77278,-1.36939,-1.68714,-1.21011,-0.81756,-1.26463
-2.77293,-1.36907,-1.68748,-1.21100,-0.81772,-1.26383
-2.77308,-1.36878,-1.68780,-1.21185,-0.81793,-1.26288
-2.77323,-1.36850,-1.68811,-1.21270,-0.81813,-1.26194
-2.77329,-1.36812,-1.68844,-1.21364,-0.81819,-1.26128
-2.77335,-1.36774,-1.68876,-1.21457,-0.81824,-1.26063
-2.77346,-1.36735,-1.68910,-1.21554,-0.81832,-1.25996
-2.77357,-1.36697,-1.68944,-1.21650,-0.81840,-1.25930
-2.77354,-1.36655,-1.68975,-1.21744,-0.81835,-1.25872
-2.77352,-1.36613,-1.69005,-1.21838,-0.81830,-1.25816
-2.77366,-1.36578,-1.69039,-1.21931,-0.81844,-1.25745
-2.77380,-1.36543,-1.69072,-1.22024,-0.81857,-1.25676
-2.77386,-1.36505,-1.69104,-1.22117,-0.81862,-1.25611
-2.77393,-1.36467,-1.69136,-1.22210,-0.81867,-1.25547
-2.77400,-1.36432,-1.69166,-1.22299,-0.81874,-1.25480
-2.77406,-1.36396,-1.69197,-1.22387,-0.81880,-1.25414
-2.77415,-1.36358,-1.69229,-1.22483,-0.81887,-1.25347
-2.77423,-1.36320,-1.69261,-1.22579,-0.81893,-1.25280
-2.77419,-1.36281,-1.69289,-1.22667,-0.81888,-1.25228
-2.77415,-1.36242,-1.69316,-1.22757,-0.81883,-1.25176
-2.77431,-1.36204,-1.69351,-1.22854,-0.81898,-1.25100
-2.77446,-1.36168,-1.69387,-1.22950,-0.81912,-1.25024
-2.77449,-1.36132,-1.69416,-1.23037,-0.81916,-1.24960
-2.77452,-1.36096,-1.69445,-1.23125,-0.81920,-1.24895
-2.77454,-1.36054,-1.69476,-1.23222,-0.81919,-1.24841
-2.77457,-1.36012,-1.69508,-1.23319,-0.81919,-1.24786
-2.77466,-1.35979,-1.69537,-1.23407,-0.81929,-1.24710
-2.77475,-1.35947,-1.69566,-1.23494,-0.81940,-1.24635
-2.77484,-1.35905,-1.69600,-1.23596,-0.81945,-1.24576
-2.77493,-1.35862,-1.69634,-1.23699,-0.81951,-1.24515
-2.77496,-1.35824,-1.69663,-1.23790,-0.81954,-1.24454
-2.77500,-1.35786,-1.69694,-1.23881,-0.81957,-1.24392
-2.77504,-1.35747,-1.69723,-1.23974,-0.81959,-1.24335
-2.77507,-1.35708,-1.69753,-1.24067,-0.81961,-1.24278
-2.77511,-1.35670,-1.69782,-1.24159,-0.81964,-1.24220
-2.77516,-1.35632,-1.69812,-1.24252,-0.81967,-1.24160
-2.77522,-1.35595,-1.69841,-1.24343,-0.81972,-1.24095
-2.77527,-1.35559,-1.69870,-1.24433,-0.81978,-1.24030
-2.77532,-1.35521,-1.69900,-1.24525,-0.81981,-1.23969
-2.77537,-1.35484,-1.69929,-1.24616,-0.81985,-1.23908
-2.77534,-1.35438,-1.69959,-1.24717,-0.81979,-1.23861
-2.77531,-1.35393,-1.69989,-1.24818,-0.81972,-1.23814
-2.77541,-1.35357,-1.70020,-1.24914,-0.81982,-1.23745
-2.77552,-1.35319,-1.70050,-1.25011,-0.81992,-1.23677
-2.77559,-1.35283,-1.70080,-1.25102,-0.81999,-1.23612
-2.77566,-1.35247,-1.70109,-1.25194,-0.82007,-1.23547
-2.77574,-1.35213,-1.70138,-1.25283,-0.82017,-1.23483
-2.77582,-1.35179,-1.70167,-1.25371,-0.82026,-1.23419
-2.77589,-1.35144,-1.70195,-1.25459,-0.82033,-1.23358
-2.77596,-1.35109,-1.70223,-1.25548,-0.82040,-1.23296
-2.77605,-1.35073,-1.70254,-1.25642,-0.82051,-1.23227
-2.77614,-1.35038,-1.70284,-1.25735,-0.82062,-1.23158
-2.77623,-1.35004,-1.70313,-1.25823,-0.82072,-1.23093
-2.77631,-1.34970,-1.70340,-1.25911,-0.82082,-1.23028
-2.77639,-1.34935,-1.70370,-1.26003,-0.82091,-1.22963
-2.77647,-1.34900,-1.70399,-1.26094,-0.82101,-1.22897
-2.77657,-1.34866,-1.70428,-1.26185,-0.82112,-1.22830
-2.77666,-1.34831,-1.70457,-1.26276,-0.82123,-1.22761
-2.77668,-1.34796,-1.70485,-1.26364,-0.82127,-1.22711
-2.77670,-1.34760,-1.70514,-1.26452,-0.82132,-1.22661
-2.77696,-1.34727,-1.70549,-1.26549,-0.82158,-1.22557
-2.77721,-1.34694,-1.70584,-1.26645,-0.82184,-1.22452
-2.77729,-1.34661,-1.70612,-1.26733,-0.82194,-1.22387
-2.77737,-1.34627,-1.70639,-1.26821,-0.82203,-1.22322
-2.77741,-1.34586,-1.70668,-1.26920,-0.82205,-1.22264
-2.77745,-1.34546,-1.70697,-1.27019,-0.82207,-1.22207
-2.77753,-1.34510,-1.70726,-1.27112,-0.82217,-1.22136
-2.77761,-1.34475,-1.70755,-1.27205,-0.82226,-1.22064
-2.77771,-1.34450,-1.70777,-1.27280,-0.82241,-1.21985
-2.77780,-1.34426,-1.70800,-1.27356,-0.82256,-1.21907
-2.77786,-1.34390,-1.70827,-1.27448,-0.82262,-1.21846
-2.77793,-1.34354,-1.70855,-1.27540,-0.82269,-1.21784
-2.77802,-1.34322,-1.70881,-1.27626,-0.82279,-1.21720
-2.77810,-1.34290,-1.70907,-1.27711,-0.82288,-1.21656
-2.77822,-1.34259,-1.70935,-1.27799,-0.82303,-1.21579
-2.77834,-1.34227,-1.70963,-1.27887,-0.82318,-1.21503
-2.77834,-1.34184,-1.70991,-1.27988,-0.82316,-1.21441
-2.77834,-1.34141,-1.71019,-1.28089,-0.82313,-1.21381
-2.77845,-1.34109,-1.71046,-1.28176,-0.82326,-1.21311
-2.77856,-1.34078,-1.71073,-1.28262,-0.82340,-1.21241
-2.77868,-1.34048,-1.71100,-1.28348,-0.82355,-1.21171
-2.77881,-1.34019,-1.71127,-1.28433,-0.82372,-1.21100
-2.77889,-1.34003,-1.71141,-1.28481,-0.82379,-1.21069
-2.77896,-1.33988,-1.71156,-1.28529,-0.82386,-1.21038
-2.77903,-1.33972,-1.71170,-1.28577,-0.82392,-1.21008
-2.77911,-1.33956,-1.71185,-1.28626,-0.82399,-1.20977
-2.77920,-1.33941,-1.71199,-1.28675,-0.82407,-1.20946
-2.77929,-1.33926,-1.71214,-1.28724,-0.82415,-1.20916
-2.77908,-1.33883,-1.71226,-1.28799,-0.82375,-1.20963
-2.77886,-1.33840,-1.71238,-1.28874,-0.82335,-1.21010
-2.77921,-1.33818,-1.71268,-1.28946,-0.82365,-1.20963
-2.77955,-1.33796,-1.71299,-1.29019,-0.82394,-1.20915
-2.77964,-1.33782,-1.71314,-1.29065,-0.82403,-1.20935
-2.77974,-1.33768,-1.71329,-1.29111,-0.82412,-1.20955
-2.77973,-1.33739,-1.71347,-1.29173,-0.82403,-1.20993
-2.77973,-1.33710,-1.71366,-1.29234,-0.82395,-1.21031
-2.77991,-1.33700,-1.71383,-1.29281,-0.82416,-1.21058
-2.78010,-1.33689,-1.71400,-1.29329,-0.82438,-1.21085
-2.78021,-1.33676,-1.71416,-1.29376,-0.82450,-1.21130
-2.78032,-1.33663,-1.71431,-1.29423,-0.82462,-1.21175
-2.78049,-1.33651,-1.71448,-1.29472,-0.82481,-1.21206
-2.78067,-1.33639,-1.71466,-1.29522,-0.82500,-1.21235
-2.78084,-1.33622,-1.71487,-1.29579,-0.82518,-1.21259
-2.78102,-1.33605,-1.71507,-1.29636,-0.82535,-1.21283
-2.78118,-1.33591,-1.71525,-1.29688,-0.82554,-1.21315
-2.78135,-1.33577,-1.71544,-1.29740,-0.82572,-1.21345
-2.78134,-1.33551,-1.71561,-1.29800,-0.82567,-1.21388
-2.78133,-1.33526,-1.71577,-1.29860,-0.82562,-1.21432
-2.78148,-1.33508,-1.71596,-1.29915,-0.82574,-1.21463
-2.78162,-1.33491,-1.71615,-1.29969,-0.82587,-1.21495
-2.78165,-1.33464,-1.71635,-1.30034,-0.82585,-1.21534
-2.78168,-1.33436,-1.71654,-1.30099,-0.82583,-1.21574
-2.78172,-1.33415,-1.71671,-1.30156,-0.82585,-1.21616
-2.78177,-1.33393,-1.71688,-1.30213,-0.82587,-1.21658
-2.78191,-1.33374,-1.71708,-1.30272,-0.82600,-1.21688
-2.78206,-1.33354,-1.71729,-1.30331,-0.82613,-1.21718
-2.78211,-1.33329,-1.71748,-1.30396,-0.82615,-1.21755
-2.78216,-1.33303,-1.71768,-1.30461,-0.82617,-1.21791
-2.78202,-1.33262,-1.71786,-1.30541,-0.82590,-1.21841
-2.78188,-1.33220,-1.71803,-1.30620,-0.82563,-1.21891
-2.78204,-1.33212,-1.71817,-1.30663,-0.82583,-1.21928
-2.78219,-1.33204,-1.71832,-1.30706,-0.82603,-1.21965
-2.78225,-1.33171,-1.71858,-1.30779,-0.82603,-1.21969
-2.78231,-1.33138,-1.71884,-1.30852,-0.82603,-1.21974
-2.78224,-1.33106,-1.71901,-1.30919,-0.82588,-1.22004
-2.78217,-1.33074,-1.71918,-1.30986,-0.82573,-1.22034
-2.78191,-1.33030,-1.71929,-1.31066,-0.82533,-1.22088
-2.78165,-1.32988,-1.71940,-1.31146,-0.82494,-1.22142
-2.78159,-1.32956,-1.71955,-1.31215,-0.82479,-1.22169
-2.78152,-1.32925,-1.71971,-1.31283,-0.82465,-1.22196
-2.78142,-1.32892,-1.71987,-1.31350,-0.82448,-1.22214
-2.78132,-1.32860,-1.72003,-1.31416,-0.82431,-1.22233
-2.78121,-1.32813,-1.72029,-1.31503,-0.82410,-1.22243
-2.78111,-1.32766,-1.72055,-1.31590,-0.82388,-1.22254
-2.78119,-1.32737,-1.72083,-1.31656,-0.82393,-1.22251
-2.78127,-1.32707,-1.72110,-1.31722,-0.82399,-1.22249
-2.78099,-1.32655,-1.72127,-1.31812,-0.82355,-1.22265
-2.78071,-1.32603,-1.72145,-1.31904,-0.82311,-1.22282
-2.78071,-1.32584,-1.72151,-1.31962,-0.82304,-1.22287
-2.78071,-1.32565,-1.72156,-1.32019,-0.82297,-1.22292
-2.78065,-1.32525,-1.72180,-1.32098,-0.82282,-1.22265
-2.78058,-1.32485,-1.72203,-1.32176,-0.82267,-1.22239
-2.78046,-1.32453,-1.72216,-1.32245,-0.82246,-1.22232
-2.78034,-1.32420,-1.72228,-1.32314,-0.82226,-1.22226
-2.78032,-1.32399,-1.72239,-1.32371,-0.82221,-1.22259
-2.78030,-1.32378,-1.72250,-1.32428,-0.82216,-1.22292
-2.78024,-1.32344,-1.72267,-1.32501,-0.82202,-1.22286
-2.78018,-1.32310,-1.72285,-1.32575,-0.82189,-1.22281
-2.78022,-1.32276,-1.72310,-1.32651,-0.82187,-1.22259
-2.78027,-1.32242,-1.72335,-1.32727,-0.82185,-1.22238
-2.78016,-1.32207,-1.72349,-1.32802,-0.82164,-1.22249
-2.78005,-1.32171,-1.72362,-1.32878,-0.82143,-1.22261
-2.77996,-1.32143,-1.72375,-1.32942,-0.82129,-1.22265
-2.77987,-1.32114,-1.72389,-1.33006,-0.82115,-1.22270
-2.77984,-1.32075,-1.72409,-1.33090,-0.82102,-1.22254
-2.77981,-1.32037,-1.72430,-1.33173,-0.82089,-1.22237
-2.77993,-1.32027,-1.72443,-1.33218,-0.82105,-1.22205
-2.78006,-1.32016,-1.72456,-1.33263,-0.82120,-1.22173
-2.77988,-1.31966,-1.72477,-1.33357,-0.82088,-1.22162
-2.77969,-1.31916,-1.72499,-1.33450,-0.82056,-1.22151
-2.77995,-1.31925,-1.72509,-1.33469,-0.82094,-1.22117
-2.78022,-1.31934,-1.72518,-1.33487,-0.82131,-1.22084
-2.78041,-1.31917,-1.72533,-1.33549,-0.82146,-1.22036
-2.78060,-1.31901,-1.72548,-1.33612,-0.82161,-1.21989
-2.77995,-1.31811,-1.72574,-1.33742,-0.82070,-1.22029
-2.77931,-1.31722,-1.72600,-1.33873,-0.81979,-1.22070
-2.77931,-1.31694,-1.72616,-1.33943,-0.81975,-1.22041
-2.77931,-1.31666,-1.72633,-1.34012,-0.81971,-1.22012
-2.77930,-1.31642,-1.72645,-1.34076,-0.81965,-1.22001
-2.77928,-1.31617,-1.72656,-1.34141,-0.81959,-1.21989
-2.77930,-1.31589,-1.72672,-1.34211,-0.81955,-1.21956
-2.77931,-1.31561,-1.72688,-1.34280,-0.81950,-1.21923
-2.77934,-1.31536,-1.72704,-1.34346,-0.81950,-1.21888
-2.77936,-1.31511,-1.72720,-1.34412,-0.81949,-1.21855
-2.77940,-1.31487,-1.72735,-1.34476,-0.81949,-1.21821
-2.77942,-1.31462,-1.72750,-1.34541,-0.81949,-1.21787
-2.77945,-1.31438,-1.72766,-1.34605,-0.81949,-1.21753
-2.77949,-1.31413,-1.72781,-1.34671,-0.81949,-1.21718
-2.77951,-1.31389,-1.72797,-1.34736,-0.81949,-1.21685
-2.77954,-1.31364,-1.72812,-1.34802,-0.81948,-1.21652
-2.77957,-1.31340,-1.72827,-1.34867,-0.81948,-1.21619
-2.77959,-1.31315,-1.72843,-1.34932,-0.81948,-1.21586
-2.77954,-1.31265,-1.72864,-1.35059,-0.81913,-1.21494
-2.77948,-1.31215,-1.72885,-1.35188,-0.81877,-1.21403
-2.77943,-1.31167,-1.72906,-1.35315,-0.81844,-1.21298
-2.77939,-1.31119,-1.72926,-1.35442,-0.81810,-1.21193
-2.77938,-1.31076,-1.72947,-1.35560,-0.81785,-1.21113
-2.77938,-1.31034,-1.72967,-1.35678,-0.81759,-1.21032
-2.77927,-1.30977,-1.72992,-1.35815,-0.81718,-1.20942
-2.77916,-1.30920,-1.73016,-1.35952,-0.81676,-1.20852
-2.77903,-1.30861,-1.73039,-1.36093,-0.81631,-1.20753
-2.77890,-1.30803,-1.73061,-1.36234,-0.81587,-1.20655
-2.77901,-1.30775,-1.73079,-1.36337,-0.81579,-1.20540
-2.77912,-1.30746,-1.73097,-1.36441,-0.81572,-1.20426
-2.77929,-1.30698,-1.73133,-1.36572,-0.81566,-1.20264
-2.77946,-1.30651,-1.73170,-1.36703,-0.81561,-1.20103
-2.77942,-1.30601,-1.73191,-1.36836,-0.81530,-1.19960
-2.77939,-1.30552,-1.73211,-1.36969,-0.81500,-1.19817
-2.77938,-1.30507,-1.73231,-1.37094,-0.81472,-1.19711
-2.77938,-1.30462,-1.73251,-1.37218,-0.81444,-1.19605
-2.77937,-1.30413,-1.73265,-1.37358,-0.81408,-1.19532
-2.77937,-1.30364,-1.73280,-1.37497,-0.81372,-1.19459
-2.77936,-1.30319,-1.73301,-1.37623,-0.81346,-1.19347
-2.77936,-1.30273,-1.73322,-1.37749,-0.81320,-1.19235
-2.77935,-1.30228,-1.73343,-1.37876,-0.81294,-1.19123
-2.77935,-1.30182,-1.73364,-1.38003,-0.81268,-1.19012
-2.77935,-1.30139,-1.73383,-1.38129,-0.81242,-1.18888
-2.77934,-1.30095,-1.73401,-1.38255,-0.81217,-1.18764
-2.77937,-1.30055,-1.73423,-1.38372,-0.81198,-1.18653
-2.77939,-1.30015,-1.73445,-1.38489,-0.81179,-1.18541
-2.77936,-1.29963,-1.73465,-1.38629,-0.81145,-1.18442
-2.77934,-1.29910,-1.73485,-1.38769,-0.81111,-1.18343
-2.77941,-1.29874,-1.73505,-1.38885,-0.81099,-1.18229
-2.77949,-1.29838,-1.73525,-1.39001,-0.81086,-1.18115
-2.77941,-1.29784,-1.73544,-1.39142,-0.81047,-1.18006
-2.77934,-1.29730,-1.73563,-1.39284,-0.81008,-1.17896
-2.77933,-1.29688,-1.73586,-1.39403,-0.80988,-1.17789
-2.77933,-1.29646,-1.73609,-1.39522,-0.80968,-1.17681
-2.77931,-1.29598,-1.73630,-1.39654,-0.80941,-1.17571
-2.77929,-1.29551,-1.73650,-1.39786,-0.80913,-1.17461
-2.77930,-1.29509,-1.73663,-1.39917,-0.80887,-1.17333
-2.77932,-1.29467,-1.73677,-1.40048,-0.80861,-1.17205
-2.77927,-1.29420,-1.73692,-1.40183,-0.80828,-1.17097
-2.77922,-1.29373,-1.73707,-1.40319,-0.80795,-1.16990
-2.77923,-1.29330,-1.73725,-1.40448,-0.80773,-1.16883
-2.77924,-1.29287,-1.73743,-1.40578,-0.80751,-1.16774
-2.77922,-1.29239,-1.73766,-1.40709,-0.80725,-1.16661
-2.77921,-1.29191,-1.73789,-1.40840,-0.80700,-1.16549
-2.77920,-1.29140,-1.73811,-1.40979,-0.80673,-1.16420
-2.77919,-1.29090,-1.73833,-1.41119,-0.80645,-1.16291
-2.77918,-1.29041,-1.73853,-1.41258,-0.80618,-1.16192
-2.77916,-1.28993,-1.73872,-1.41397,-0.80590,-1.16094
-2.77916,-1.28940,-1.73894,-1.41542,-0.80562,-1.15987
-2.77917,-1.28887,-1.73916,-1.41688,-0.80534,-1.15881
-2.77919,-1.28848,-1.73932,-1.41815,-0.80516,-1.15743
-2.77922,-1.28808,-1.73949,-1.41942,-0.80497,-1.15604
-2.77920,-1.28752,-1.73975,-1.42090,-0.80468,-1.15501
-2.77918,-1.28695,-1.74002,-1.42240,-0.80440,-1.15397
-2.77926,-1.28662,-1.74017,-1.42359,-0.80430,-1.15261
-2.77935,-1.28630,-1.74031,-1.42478,-0.80420,-1.15123
-2.77945,-1.28589,-1.74053,-1.42611,-0.80410,-1.14981
-2.77955,-1.28548,-1.74074,-1.42745,-0.80400,-1.14839
-2.77965,-1.28511,-1.74090,-1.42874,-0.80387,-1.14728
-2.77975,-1.28474,-1.74106,-1.43003,-0.80375,-1.14617
-2.77977,-1.28430,-1.74124,-1.43136,-0.80353,-1.14528
-2.77979,-1.28385,-1.74143,-1.43271,-0.80331,-1.14437
-2.77997,-1.28353,-1.74166,-1.43389,-0.80335,-1.14310
-2.78015,-1.28322,-1.74188,-1.43508,-0.80338,-1.14181
-2.78034,-1.28299,-1.74202,-1.43615,-0.80343,-1.14054
-2.78053,-1.28277,-1.74216,-1.43722,-0.80348,-1.13927
-2.78073,-1.28252,-1.74237,-1.43828,-0.80356,-1.13814
-2.78092,-1.28226,-1.74259,-1.43934,-0.80364,-1.13702
-2.78110,-1.28197,-1.74270,-1.44059,-0.80361,-1.13575
-2.78128,-1.28169,-1.74282,-1.44183,-0.80359,-1.13448
-2.78141,-1.28137,-1.74298,-1.44302,-0.80355,-1.13332
-2.78156,-1.28105,-1.74315,-1.44421,-0.80351,-1.13214
-2.78174,-1.28076,-1.74333,-1.44540,-0.80354,-1.13082
-2.78192,-1.28048,-1.74351,-1.44657,-0.80358,-1.12950
-2.78210,-1.28018,-1.74368,-1.44781,-0.80361,-1.12828
-2.78228,-1.27988,-1.74384,-1.44906,-0.80364,-1.12705
-2.78247,-1.27958,-1.74406,-1.45020,-0.80368,-1.12586
-2.78265,-1.27928,-1.74428,-1.45135,-0.80372,-1.12467
-2.78287,-1.27898,-1.74452,-1.45256,-0.80383,-1.12347
-2.78309,-1.27867,-1.74476,-1.45377,-0.80393,-1.12228
-2.78331,-1.27848,-1.74485,-1.45486,-0.80398,-1.12110
-2.78353,-1.27829,-1.74494,-1.45595,-0.80404,-1.11991
-2.78382,-1.27806,-1.74518,-1.45704,-0.80427,-1.11869
-2.78410,-1.27784,-1.74543,-1.45813,-0.80451,-1.11747
-2.78428,-1.27749,-1.74560,-1.45946,-0.80449,-1.11627
-2.78445,-1.27715,-1.74578,-1.46078,-0.80447,-1.11509
-2.78465,-1.27692,-1.74594,-1.46184,-0.80456,-1.11401
-2.78485,-1.27668,-1.74609,-1.46291,-0.80464,-1.11294
-2.78512,-1.27645,-1.74634,-1.46398,-0.80484,-1.11191
-2.78540,-1.27622,-1.74658,-1.46504,-0.80505,-1.11088
-2.78546,-1.27588,-1.74672,-1.46628,-0.80493,-1.10974
-2.78553,-1.27553,-1.74686,-1.46753,-0.80481,-1.10860
-2.78574,-1.27523,-1.74702,-1.46879,-0.80485,-1.10768
-2.78595,-1.27493,-1.74717,-1.47005,-0.80490,-1.10678
-2.78615,-1.27466,-1.74735,-1.47122,-0.80498,-1.10564
-2.78635,-1.27439,-1.74753,-1.47239,-0.80505,-1.10450
-2.78659,-1.27424,-1.74770,-1.47333,-0.80526,-1.10348
-2.78684,-1.27409,-1.74787,-1.47428,-0.80546,-1.10246
-2.78728,-1.27411,-1.74803,-1.47492,-0.80594,-1.10117
-2.78772,-1.27412,-1.74818,-1.47555,-0.80642,-1.09989
-2.78819,-1.27424,-1.74841,-1.47588,-0.80706,-1.09921
-2.78866,-1.27435,-1.74864,-1.47623,-0.80769,-1.09851
-2.78902,-1.27432,-1.74880,-1.47686,-0.80807,-1.09789
-2.78937,-1.27429,-1.74896,-1.47750,-0.80845,-1.09728
-2.78968,-1.27420,-1.74907,-1.47830,-0.80873,-1.09656
-2.79000,-1.27411,-1.74919,-1.47910,-0.80901,-1.09584
-2.79046,-1.27415,-1.74939,-1.47964,-0.80958,-1.09456
-2.79092,-1.27420,-1.74959,-1.48019,-0.81015,-1.09328
-2.79139,-1.27436,-1.74968,-1.48059,-0.81073,-1.09195
-2.79186,-1.27452,-1.74976,-1.48100,-0.81130,-1.09062
-2.79237,-1.27463,-1.75003,-1.48133,-0.81199,-1.08947
-2.79288,-1.27473,-1.75030,-1.48166,-0.81268,-1.08832
-2.79326,-1.27472,-1.75043,-1.48230,-0.81308,-1.08753
-2.79364,-1.27472,-1.75056,-1.48294,-0.81349,-1.08673
-2.79412,-1.27476,-1.75084,-1.48340,-0.81413,-1.08555
-2.79459,-1.27481,-1.75112,-1.48386,-0.81478,-1.08437
-2.79503,-1.27490,-1.75127,-1.48430,-0.81532,-1.08337
-2.79548,-1.27500,-1.75142,-1.48474,-0.81586,-1.08237
-2.79588,-1.27503,-1.75152,-1.48536,-0.81630,-1.08131
-2.79629,-1.27507,-1.75161,-1.48598,-0.81674,-1.08024
-2.79670,-1.27509,-1.75189,-1.48641,-0.81731,-1.07938
-2.79711,-1.27511,-1.75217,-1.48684,-0.81788,-1.07852
-2.79754,-1.27519,-1.75230,-1.48733,-0.81838,-1.07756
-2.79796,-1.27527,-1.75243,-1.48781,-0.81888,-1.07660
-2.79840,-1.27534,-1.75261,-1.48826,-0.81944,-1.07562
-2.79884,-1.27542,-1.75279,-1.48871,-0.82000,-1.07462
-2.79930,-1.27551,-1.75291,-1.48923,-0.82053,-1.07352
-2.79977,-1.27560,-1.75303,-1.48976,-0.82108,-1.07241
-2.80023,-1.27568,-1.75321,-1.49022,-0.82166,-1.07138
-2.80070,-1.27575,-1.75340,-1.49069,-0.82225,-1.07035
-2.80110,-1.27580,-1.75362,-1.49112,-0.82278,-1.06972
-2.80149,-1.27584,-1.75383,-1.49155,-0.82331,-1.06909
-2.80195,-1.27592,-1.75397,-1.49206,-0.82385,-1.06783
-2.80241,-1.27601,-1.75411,-1.49256,-0.82439,-1.06657
-2.80282,-1.27606,-1.75427,-1.49304,-0.82490,-1.06570
-2.80324,-1.27612,-1.75444,-1.49352,-0.82541,-1.06484
-2.80367,-1.27619,-1.75471,-1.49384,-0.82602,-1.06383
-2.80410,-1.27626,-1.75497,-1.49417,-0.82664,-1.06283
-2.80443,-1.27622,-1.75511,-1.49482,-0.82699,-1.06221
-2.80475,-1.27618,-1.75525,-1.49548,-0.82734,-1.06160
-2.80508,-1.27616,-1.75538,-1.49606,-0.82770,-1.06114
-2.80541,-1.27614,-1.75552,-1.49665,-0.82806,-1.06067
-2.80574,-1.27611,-1.75564,-1.49728,-0.82841,-1.06004
-2.80608,-1.27608,-1.75577,-1.49792,-0.82877,-1.05938
-2.80641,-1.27607,-1.75590,-1.49849,-0.82913,-1.05909
-2.80674,-1.27607,-1.75602,-1.49905,-0.82948,-1.05880
-2.80706,-1.27603,-1.75614,-1.49967,-0.82981,-1.05822
-2.80737,-1.27600,-1.75626,-1.50030,-0.83013,-1.05764
-2.80761,-1.27591,-1.75627,-1.50110,-0.83026,-1.05679
-2.80786,-1.27581,-1.75628,-1.50191,-0.83039,-1.05593
-2.80814,-1.27576,-1.75641,-1.50252,-0.83069,-1.05521
-2.80842,-1.27572,-1.75655,-1.50311,-0.83099,-1.05448
-2.80869,-1.27564,-1.75665,-1.50382,-0.83123,-1.05410
-2.80895,-1.27555,-1.75675,-1.50453,-0.83146,-1.05374
-2.80916,-1.27542,-1.75692,-1.50526,-0.83168,-1.05251
-2.80937,-1.27528,-1.75709,-1.50599,-0.83191,-1.05128
-2.80975,-1.27529,-1.75720,-1.50658,-0.83231,-1.05090
-2.81013,-1.27531,-1.75730,-1.50716,-0.83271,-1.05052
-2.81036,-1.27520,-1.75742,-1.50788,-0.83291,-1.04993
-2.81059,-1.27509,-1.75753,-1.50859,-0.83312,-1.04934
-2.81077,-1.27495,-1.75768,-1.50932,-0.83329,-1.04836
-2.81095,-1.27481,-1.75783,-1.51004,-0.83346,-1.04738
-2.81137,-1.27486,-1.75801,-1.51051,-0.83399,-1.04644
-2.81179,-1.27492,-1.75817,-1.51098,-0.83452,-1.04550
-2.81219,-1.27495,-1.75836,-1.51146,-0.83504,-1.04455
-2.81259,-1.27499,-1.75855,-1.51194,-0.83556,-1.04361
-2.81301,-1.27505,-1.75872,-1.51241,-0.83609,-1.04267
-2.81343,-1.27510,-1.75889,-1.51288,-0.83663,-1.04173
-2.81394,-1.27522,-1.75905,-1.51331,-0.83725,-1.04074
-2.81445,-1.27533,-1.75921,-1.51374,-0.83788,-1.03975
-2.81478,-1.27531,-1.75934,-1.51433,-0.83824,-1.03900
-2.81511,-1.27529,-1.75947,-1.51491,-0.83861,-1.03824
-2.81538,-1.27520,-1.75959,-1.51562,-0.83887,-1.03761
-2.81565,-1.27511,-1.75972,-1.51634,-0.83914,-1.03698
-2.81604,-1.27515,-1.75989,-1.51682,-0.83964,-1.03617
-2.81643,-1.27518,-1.76007,-1.51730,-0.84015,-1.03536
-2.81691,-1.27526,-1.76021,-1.51780,-0.84072,-1.03446
-2.81739,-1.27534,-1.76035,-1.51832,-0.84129,-1.03355
-2.81781,-1.27539,-1.76052,-1.51879,-0.84182,-1.03256
-2.81823,-1.27545,-1.76068,-1.51926,-0.84235,-1.03159
-2.81863,-1.27548,-1.76085,-1.51975,-0.84286,-1.03074
-2.81903,-1.27552,-1.76103,-1.52023,-0.84336,-1.02989
-2.81946,-1.27558,-1.76118,-1.52070,-0.84389,-1.02905
-2.81988,-1.27564,-1.76133,-1.52117,-0.84442,-1.02820
-2.82028,-1.27568,-1.76149,-1.52167,-0.84491,-1.02753
-2.82068,-1.27571,-1.76164,-1.52217,-0.84541,-1.02686
-2.82110,-1.27576,-1.76181,-1.52265,-0.84593,-1.02622
-2.82152,-1.27581,-1.76198,-1.52313,-0.84645,-1.02558
-2.82196,-1.27592,-1.76210,-1.52353,-0.84701,-1.02461
-2.82241,-1.27603,-1.76221,-1.52392,-0.84757,-1.02364
-2.82282,-1.27608,-1.76235,-1.52442,-0.84807,-1.02286
-2.82322,-1.27613,-1.76249,-1.52492,-0.84856,-1.02207
-2.82370,-1.27625,-1.76261,-1.52530,-0.84915,-1.02145
-2.82419,-1.27638,-1.76272,-1.52569,-0.84974,-1.02082
-2.82460,-1.27643,-1.76287,-1.52618,-0.85025,-1.02002
-2.82501,-1.27647,-1.76303,-1.52667,-0.85076,-1.01922
-2.82543,-1.27652,-1.76318,-1.52717,-0.85128,-1.01841
-2.82584,-1.27657,-1.76334,-1.52766,-0.85180,-1.01760
-2.82564,-1.27629,-1.76335,-1.52815,-0.85153,-1.01701
-2.82544,-1.27601,-1.76336,-1.52863,-0.85127,-1.01641
-2.82525,-1.27570,-1.76338,-1.52924,-0.85102,-1.01627
-2.82507,-1.27539,-1.76340,-1.52984,-0.85076,-1.01612
-2.82487,-1.27507,-1.76345,-1.53040,-0.85052,-1.01593
-2.82467,-1.27475,-1.76351,-1.53097,-0.85028,-1.01573
-2.82450,-1.27444,-1.76352,-1.53159,-0.85004,-1.01551
-2.82433,-1.27413,-1.76352,-1.53221,-0.84980,-1.01529
-2.82413,-1.27381,-1.76359,-1.53276,-0.84956,-1.01503
-2.82393,-1.27350,-1.76365,-1.53329,-0.84932,-1.01476
-2.82374,-1.27318,-1.76365,-1.53391,-0.84904,-1.01457
-2.82354,-1.27287,-1.76364,-1.53453,-0.84875,-1.01437
-2.82337,-1.27256,-1.76366,-1.53514,-0.84853,-1.01402
-2.82320,-1.27225,-1.76369,-1.53576,-0.84830,-1.01367
-2.82300,-1.27193,-1.76372,-1.53634,-0.84805,-1.01330
-2.82281,-1.27162,-1.76376,-1.53693,-0.84780,-1.01293
-2.82261,-1.27129,-1.76380,-1.53755,-0.84755,-1.01264
-2.82242,-1.27096,-1.76383,-1.53816,-0.84729,-1.01235
-2.82221,-1.27063,-1.76384,-1.53882,-0.84700,-1.01201
-2.82200,-1.27030,-1.76385,-1.53947,-0.84671,-1.01168
-2.82181,-1.26996,-1.76388,-1.54012,-0.84646,-1.01147
-2.82162,-1.26962,-1.76391,-1.54076,-0.84619,-1.01127
-2.82142,-1.26934,-1.76401,-1.54117,-0.84601,-1.01085
-2.82122,-1.26906,-1.76412,-1.54157,-0.84583,-1.01042
-2.82099,-1.26868,-1.76407,-1.54240,-0.84546,-1.01018
-2.82076,-1.26830,-1.76402,-1.54323,-0.84509,-1.00996
-2.82055,-1.26797,-1.76406,-1.54382,-0.84483,-1.00965
-2.82034,-1.26765,-1.76410,-1.54441,-0.84456,-1.00934
-2.82016,-1.26733,-1.76411,-1.54506,-0.84432,-1.00903
-2.81999,-1.26701,-1.76413,-1.54569,-0.84408,-1.00872
-2.81976,-1.26668,-1.76417,-1.54628,-0.84380,-1.00841
-2.81953,-1.26636,-1.76420,-1.54687,-0.84351,-1.00811
-2.81936,-1.26604,-1.76427,-1.54747,-0.84332,-1.00780
-2.81920,-1.26571,-1.76434,-1.54806,-0.84313,-1.00749
-2.81896,-1.26537,-1.76432,-1.54875,-0.84279,-1.00724
-2.81872,-1.26502,-1.76430,-1.54945,-0.84245,-1.00699
-2.81854,-1.26470,-1.76437,-1.55004,-0.84224,-1.00674
-2.81836,-1.26437,-1.76443,-1.55064,-0.84203,-1.00648
-2.81815,-1.26402,-1.76447,-1.55130,-0.84175,-1.00614
-2.81793,-1.26367,-1.76450,-1.55196,-0.84146,-1.00581
-2.81773,-1.26334,-1.76453,-1.55260,-0.84120,-1.00555
-2.81753,-1.26300,-1.76456,-1.55326,-0.84094,-1.00529
-2.81729,-1.26264,-1.76454,-1.55397,-0.84059,-1.00502
-2.81705,-1.26229,-1.76452,-1.55469,-0.84025,-1.00476
-2.81697,-1.26203,-1.76462,-1.55517,-0.84019,-1.00471
-2.81688,-1.26178,-1.76472,-1.55564,-0.84014,-1.00467
-2.81667,-1.26143,-1.76475,-1.55632,-0.83987,-1.00439
-2.81647,-1.26109,-1.76477,-1.55700,-0.83960,-1.00412
-2.81626,-1.26078,-1.76477,-1.55762,-0.83933,-1.00381
-2.81605,-1.26047,-1.76476,-1.55824,-0.83906,-1.00349
-2.81585,-1.26012,-1.76477,-1.55897,-0.83877,-1.00334
-2.81565,-1.25976,-1.76477,-1.55969,-0.83847,-1.00318
-2.81578,-1.25976,-1.76488,-1.55976,-0.83880,-1.00226
-2.81592,-1.25976,-1.76500,-1.55983,-0.83914,-1.00133
-2.81611,-1.25981,-1.76510,-1.55982,-0.83953,-1.00052
-2.81630,-1.25987,-1.76521,-1.55979,-0.83992,-0.99970
-2.81650,-1.25998,-1.76528,-1.55966,-0.84034,-0.99897
-2.81669,-1.26010,-1.76536,-1.55952,-0.84075,-0.99826
-2.81688,-1.26019,-1.76549,-1.55936,-0.84117,-0.99777
-2.81706,-1.26027,-1.76562,-1.55921,-0.84160,-0.99729
-2.81724,-1.26033,-1.76570,-1.55921,-0.84197,-0.99648
-2.81742,-1.26038,-1.76578,-1.55922,-0.84234,-0.99566
-2.81760,-1.26046,-1.76586,-1.55915,-0.84271,-0.99495
-2.81778,-1.26054,-1.76593,-1.55909,-0.84308,-0.99423
-2.81796,-1.26059,-1.76604,-1.55906,-0.84347,-0.99367
-2.81814,-1.26064,-1.76616,-1.55905,-0.84386,-0.99311
-2.81832,-1.26074,-1.76625,-1.55892,-0.84427,-0.99248
-2.81850,-1.26084,-1.76634,-1.55879,-0.84468,-0.99187
-2.81869,-1.26086,-1.76645,-1.55884,-0.84505,-0.99127
-2.81888,-1.26089,-1.76656,-1.55889,-0.84542,-0.99067
-2.81888,-1.26075,-1.76661,-1.55923,-0.84547,-0.99042
-2.81888,-1.26061,-1.76665,-1.55957,-0.84552,-0.99016
-2.81888,-1.26047,-1.76670,-1.55990,-0.84557,-0.98992
-2.81888,-1.26034,-1.76675,-1.56023,-0.84561,-0.98967
-2.81888,-1.26020,-1.76680,-1.56056,-0.84566,-0.98942
-2.81888,-1.26007,-1.76684,-1.56089,-0.84572,-0.98917
-2.81906,-1.26012,-1.76694,-1.56088,-0.84608,-0.98879
-2.81923,-1.26017,-1.76704,-1.56086,-0.84644,-0.98842
-2.81955,-1.26026,-1.76714,-1.56089,-0.84695,-0.98772
-2.81986,-1.26035,-1.76725,-1.56090,-0.84746,-0.98702
-2.81993,-1.26037,-1.76730,-1.56092,-0.84768,-0.98685
-2.81999,-1.26040,-1.76736,-1.56092,-0.84790,-0.98668
-2.82018,-1.26048,-1.76749,-1.56083,-0.84834,-0.98629
-2.82037,-1.26056,-1.76762,-1.56072,-0.84877,-0.98590
-2.82056,-1.26060,-1.76769,-1.56080,-0.84913,-0.98546
-2.82076,-1.26064,-1.76777,-1.56087,-0.84949,-0.98502
-2.82079,-1.26049,-1.76784,-1.56126,-0.84959,-0.98462
-2.82081,-1.26034,-1.76790,-1.56166,-0.84969,-0.98424
-2.82084,-1.26020,-1.76796,-1.56204,-0.84978,-0.98386
-2.82087,-1.26005,-1.76803,-1.56242,-0.84988,-0.98349
-2.82090,-1.25991,-1.76809,-1.56279,-0.84998,-0.98310
-2.82093,-1.25977,-1.76815,-1.56317,-0.85008,-0.98270
-2.82096,-1.25964,-1.76821,-1.56353,-0.85019,-0.98233
-2.82099,-1.25950,-1.76827,-1.56389,-0.85030,-0.98197
-2.82102,-1.25934,-1.76831,-1.56435,-0.85035,-0.98154
-2.82105,-1.25917,-1.76835,-1.56482,-0.85041,-0.98110
-2.82107,-1.25903,-1.76842,-1.56517,-0.85053,-0.98074
-2.82109,-1.25890,-1.76850,-1.56552,-0.85065,-0.98039
-2.82111,-1.25875,-1.76856,-1.56591,-0.85073,-0.98004
-2.82114,-1.25860,-1.76862,-1.56630,-0.85081,-0.97970
-2.82133,-1.25876,-1.76861,-1.56635,-0.85089,-0.97915
-2.82152,-1.25892,-1.76860,-1.56639,-0.85097,-0.97861
-2.82211,-1.25951,-1.76868,-1.56568,-0.85175,-0.97770
-2.82271,-1.26011,-1.76875,-1.56495,-0.85254,-0.97680
-2.82286,-1.26022,-1.76875,-1.56508,-0.85257,-0.97619
-2.82302,-1.26034,-1.76874,-1.56520,-0.85259,-0.97558
-2.82373,-1.26094,-1.76885,-1.56451,-0.85350,-0.97478
-2.82444,-1.26155,-1.76895,-1.56380,-0.85440,-0.97397
-2.82505,-1.26213,-1.76899,-1.56317,-0.85516,-0.97314
-2.82565,-1.26270,-1.76903,-1.56254,-0.85591,-0.97231
-2.82630,-1.26337,-1.76909,-1.56169,-0.85676,-0.97181
-2.82694,-1.26403,-1.76914,-1.56085,-0.85760,-0.97131
-2.82749,-1.26462,-1.76920,-1.56011,-0.85835,-0.97061
-2.82803,-1.26521,-1.76927,-1.55938,-0.85910,-0.96991
-2.82865,-1.26571,-1.76929,-1.55894,-0.85979,-0.96898
-2.82925,-1.26622,-1.76931,-1.55851,-0.86047,-0.96805
-2.82984,-1.26674,-1.76934,-1.55799,-0.86117,-0.96718
-2.83043,-1.26727,-1.76937,-1.55747,-0.86186,-0.96631
-2.83093,-1.26784,-1.76937,-1.55683,-0.86253,-0.96567
-2.83144,-1.26841,-1.76938,-1.55619,-0.86320,-0.96502
-2.83208,-1.26897,-1.76947,-1.55553,-0.86400,-0.96442
-2.83272,-1.26954,-1.76956,-1.55487,-0.86481,-0.96381
-2.83332,-1.27013,-1.76963,-1.55414,-0.86560,-0.96297
-2.83393,-1.27072,-1.76970,-1.55341,-0.86639,-0.96212
-2.83434,-1.27108,-1.76971,-1.55318,-0.86680,-0.96162
-2.83474,-1.27143,-1.76971,-1.55293,-0.86721,-0.96113
-2.83497,-1.27167,-1.76971,-1.55283,-0.86740,-0.96076
-2.83520,-1.27191,-1.76971,-1.55273,-0.86760,-0.96037
-2.83579,-1.27240,-1.76974,-1.55229,-0.86827,-0.95967
-2.83638,-1.27289,-1.76976,-1.55185,-0.86894,-0.95898
-2.83680,-1.27327,-1.76979,-1.55155,-0.86940,-0.95857
-2.83723,-1.27364,-1.76981,-1.55126,-0.86987,-0.95817
-2.83750,-1.27397,-1.76976,-1.55104,-0.87014,-0.95790
-2.83777,-1.27430,-1.76972,-1.55083,-0.87040,-0.95764
-2.83839,-1.27480,-1.76981,-1.55029,-0.87115,-0.95715
-2.83901,-1.27530,-1.76991,-1.54976,-0.87191,-0.95666
-2.83935,-1.27571,-1.76986,-1.54938,-0.87228,-0.95625
-2.83968,-1.27612,-1.76982,-1.54901,-0.87265,-0.95584
-2.84011,-1.27644,-1.76987,-1.54879,-0.87308,-0.95543
-2.84053,-1.27677,-1.76991,-1.54857,-0.87352,-0.95503
-2.84107,-1.27728,-1.76996,-1.54801,-0.87418,-0.95480
-2.84161,-1.27780,-1.77000,-1.54744,-0.87484,-0.95456
-2.84198,-1.27813,-1.76999,-1.54724,-0.87524,-0.95407
-2.84235,-1.27847,-1.76999,-1.54703,-0.87563,-0.95358
-2.84282,-1.27882,-1.77001,-1.54682,-0.87611,-0.95306
-2.84330,-1.27917,-1.77004,-1.54660,-0.87659,-0.95255
-2.84372,-1.27964,-1.77004,-1.54611,-0.87712,-0.95233
-2.84415,-1.28011,-1.77005,-1.54562,-0.87765,-0.95212
-2.84461,-1.28053,-1.77006,-1.54525,-0.87818,-0.95175
-2.84506,-1.28094,-1.77008,-1.54488,-0.87869,-0.95140
-2.84554,-1.28140,-1.77012,-1.54440,-0.87928,-0.95102
-2.84601,-1.28185,-1.77017,-1.54391,-0.87986,-0.95064
-2.84648,-1.28227,-1.77018,-1.54357,-0.88039,-0.95027
-2.84695,-1.28268,-1.77018,-1.54322,-0.88091,-0.94990
-2.84742,-1.28310,-1.77020,-1.54286,-0.88146,-0.94950
-2.84790,-1.28352,-1.77022,-1.54248,-0.88202,-0.94911
-2.84838,-1.28394,-1.77024,-1.54212,-0.88258,-0.94873
-2.84886,-1.28436,-1.77026,-1.54174,-0.88314,-0.94834
-2.84935,-1.28477,-1.77028,-1.54140,-0.88368,-0.94790
-2.84983,-1.28517,-1.77029,-1.54107,-0.88421,-0.94745
-2.85032,-1.28559,-1.77031,-1.54069,-0.88478,-0.94704
-2.85080,-1.28602,-1.77033,-1.54031,-0.88534,-0.94664
-2.85128,-1.28646,-1.77035,-1.53991,-0.88591,-0.94625
-2.85177,-1.28689,-1.77036,-1.53951,-0.88649,-0.94586
-2.85228,-1.28730,-1.77038,-1.53918,-0.88707,-0.94531
-2.85279,-1.28772,-1.77041,-1.53885,-0.88766,-0.94477
-2.85327,-1.28813,-1.77042,-1.53850,-0.88822,-0.94428
-2.85376,-1.28856,-1.77043,-1.53814,-0.88878,-0.94378
-2.85422,-1.28895,-1.77045,-1.53784,-0.88931,-0.94329
-2.85469,-1.28935,-1.77046,-1.53752,-0.88984,-0.94280
-2.85517,-1.28972,-1.77048,-1.53729,-0.89037,-0.94223
-2.85566,-1.29009,-1.77050,-1.53705,-0.89091,-0.94166
-2.85609,-1.29046,-1.77050,-1.53677,-0.89137,-0.94123
-2.85651,-1.29083,-1.77051,-1.53649,-0.89184,-0.94081
-2.85703,-1.29140,-1.77052,-1.53580,-0.89254,-0.94086
-2.85754,-1.29198,-1.77052,-1.53510,-0.89324,-0.94091
-2.85795,-1.29228,-1.77053,-1.53498,-0.89364,-0.94005
-2.85836,-1.29258,-1.77054,-1.53485,-0.89404,-0.93919
-2.85884,-1.29301,-1.77055,-1.53445,-0.89461,-0.93882
-2.85932,-1.29344,-1.77056,-1.53405,-0.89517,-0.93846
-2.85977,-1.29384,-1.77056,-1.53373,-0.89568,-0.93802
-2.86022,-1.29423,-1.77056,-1.53340,-0.89619,-0.93759
-2.86069,-1.29465,-1.77057,-1.53304,-0.89673,-0.93719
-2.86116,-1.29507,-1.77057,-1.53267,-0.89727,-0.93678
-2.86166,-1.29545,-1.77055,-1.53244,-0.89779,-0.93660
-2.86216,-1.29582,-1.77052,-1.53223,-0.89831,-0.93641
-2.86265,-1.29627,-1.77050,-1.53183,-0.89888,-0.93602
-2.86313,-1.29672,-1.77048,-1.53143,-0.89944,-0.93563
-2.86359,-1.29714,-1.77050,-1.53104,-0.89998,-0.93529
-2.86405,-1.29755,-1.77052,-1.53064,-0.90052,-0.93496
-2.86451,-1.29800,-1.77055,-1.53015,-0.90109,-0.93438
-2.86497,-1.29845,-1.77058,-1.52966,-0.90167,-0.93379
-2.86545,-1.29888,-1.77058,-1.52927,-0.90225,-0.93343
-2.86594,-1.29930,-1.77059,-1.52889,-0.90282,-0.93308
-2.86643,-1.29975,-1.77062,-1.52843,-0.90343,-0.93275
-2.86693,-1.30020,-1.77064,-1.52798,-0.90405,-0.93242
-2.86744,-1.30068,-1.77064,-1.52748,-0.90468,-0.93220
-2.86795,-1.30116,-1.77065,-1.52698,-0.90532,-0.93197
-2.86841,-1.30157,-1.77061,-1.52665,-0.90583,-0.93179
-2.86887,-1.30198,-1.77058,-1.52632,-0.90634,-0.93162
-2.86952,-1.30253,-1.77061,-1.52578,-0.90723,-0.93138
-2.87016,-1.30307,-1.77065,-1.52523,-0.90812,-0.93115
-2.87077,-1.30361,-1.77068,-1.52464,-0.90899,-0.93118
-2.87138,-1.30416,-1.77071,-1.52405,-0.90986,-0.93121
-2.87196,-1.30463,-1.77078,-1.52356,-0.91065,-0.93077
-2.87253,-1.30511,-1.77084,-1.52306,-0.91144,-0.93034
-2.87329,-1.30575,-1.77086,-1.52240,-0.91248,-0.93063
-2.87405,-1.30638,-1.77087,-1.52174,-0.91352,-0.93091
-2.87465,-1.30683,-1.77094,-1.52136,-0.91435,-0.93004
-2.87526,-1.30728,-1.77101,-1.52099,-0.91518,-0.92916
-2.87586,-1.30780,-1.77104,-1.52046,-0.91602,-0.92914
-2.87646,-1.30832,-1.77107,-1.51993,-0.91685,-0.92914
-2.87712,-1.30886,-1.77112,-1.51936,-0.91779,-0.92928
-2.87778,-1.30940,-1.77117,-1.51879,-0.91874,-0.92942
-2.87826,-1.30974,-1.77119,-1.51862,-0.91930,-0.92897
-2.87873,-1.31008,-1.77121,-1.51844,-0.91985,-0.92853
-2.87925,-1.31036,-1.77126,-1.51841,-0.92042,-0.92777
-2.87978,-1.31064,-1.77130,-1.51839,-0.92098,-0.92699
-2.88035,-1.31107,-1.77133,-1.51806,-0.92172,-0.92659
-2.88092,-1.31149,-1.77136,-1.51774,-0.92245,-0.92619
-2.88149,-1.31200,-1.77132,-1.51734,-0.92321,-0.92574
-2.88206,-1.31250,-1.77128,-1.51695,-0.92397,-0.92529
-2.88263,-1.31290,-1.77133,-1.51665,-0.92474,-0.92532
-2.88321,-1.31331,-1.77138,-1.51636,-0.92551,-0.92535
-2.88379,-1.31374,-1.77142,-1.51602,-0.92627,-0.92493
-2.88438,-1.31417,-1.77146,-1.51568,-0.92703,-0.92451
-2.88505,-1.31469,-1.77147,-1.51523,-0.92794,-0.92398
-2.88573,-1.31521,-1.77148,-1.51477,-0.92884,-0.92346
-2.88632,-1.31568,-1.77151,-1.51436,-0.92964,-0.92321
-2.88691,-1.31615,-1.77154,-1.51396,-0.93044,-0.92295
-2.88740,-1.31654,-1.77155,-1.51365,-0.93106,-0.92291
-2.88789,-1.31693,-1.77157,-1.51335,-0.93169,-0.92286
-2.88846,-1.31736,-1.77163,-1.51295,-0.93247,-0.92266
-2.88904,-1.31780,-1.77168,-1.51255,-0.93326,-0.92245
-2.88968,-1.31832,-1.77167,-1.51208,-0.93410,-0.92171
-2.89033,-1.31885,-1.77166,-1.51162,-0.93495,-0.92098
-2.89096,-1.31945,-1.77166,-1.51094,-0.93588,-0.92058
-2.89160,-1.32005,-1.77166,-1.51027,-0.93681,-0.92017
-2.89218,-1.32054,-1.77168,-1.50983,-0.93760,-0.91995
-2.89277,-1.32102,-1.77169,-1.50939,-0.93838,-0.91971
-2.89339,-1.32153,-1.77171,-1.50889,-0.93925,-0.91941
-2.89402,-1.32205,-1.77172,-1.50839,-0.94012,-0.91911
-2.89465,-1.32257,-1.77174,-1.50788,-0.94100,-0.91882
-2.89528,-1.32310,-1.77175,-1.50735,-0.94188,-0.91853
-2.89593,-1.32360,-1.77177,-1.50687,-0.94276,-0.91831
-2.89659,-1.32410,-1.77178,-1.50639,-0.94365,-0.91809
-2.89719,-1.32465,-1.77178,-1.50583,-0.94451,-0.91778
-2.89779,-1.32520,-1.77178,-1.50526,-0.94538,-0.91746
-2.89843,-1.32567,-1.77180,-1.50484,-0.94622,-0.91728
-2.89907,-1.32614,-1.77182,-1.50443,-0.94707,-0.91709
-2.89970,-1.32666,-1.77183,-1.50392,-0.94794,-0.91681
-2.90033,-1.32717,-1.77184,-1.50343,-0.94881,-0.91653
-2.90096,-1.32769,-1.77184,-1.50292,-0.94968,-0.91623
-2.90159,-1.32822,-1.77185,-1.50241,-0.95055,-0.91594
-2.90222,-1.32874,-1.77185,-1.50190,-0.95143,-0.91565
-2.90285,-1.32926,-1.77186,-1.50140,-0.95231,-0.91537
-2.90357,-1.32992,-1.77186,-1.50061,-0.95341,-0.91514
-2.90430,-1.33059,-1.77186,-1.49982,-0.95450,-0.91492
-2.90493,-1.33110,-1.77187,-1.49931,-0.95537,-0.91483
-2.90556,-1.33161,-1.77189,-1.49879,-0.95624,-0.91474
-2.90610,-1.33199,-1.77188,-1.49860,-0.95690,-0.91420
-2.90664,-1.33236,-1.77186,-1.49842,-0.95755,-0.91365
-2.90727,-1.33289,-1.77184,-1.49791,-0.95842,-0.91337
-2.90790,-1.33342,-1.77183,-1.49741,-0.95928,-0.91309
-2.90860,-1.33412,-1.77182,-1.49653,-0.96037,-0.91312
-2.90929,-1.33482,-1.77182,-1.49566,-0.96147,-0.91316
-2.90982,-1.33520,-1.77179,-1.49545,-0.96210,-0.91288
-2.91035,-1.33558,-1.77176,-1.49523,-0.96274,-0.91260
-2.91102,-1.33623,-1.77177,-1.49440,-0.96377,-0.91312
-2.91170,-1.33687,-1.77178,-1.49357,-0.96481,-0.91364
-2.91235,-1.33742,-1.77179,-1.49297,-0.96572,-0.91347
-2.91301,-1.33797,-1.77180,-1.49236,-0.96664,-0.91330
-2.91370,-1.33868,-1.77169,-1.49160,-0.96766,-0.91319
-2.91438,-1.33939,-1.77158,-1.49082,-0.96868,-0.91309
-2.91503,-1.33999,-1.77155,-1.49014,-0.96963,-0.91320
-2.91568,-1.34059,-1.77153,-1.48946,-0.97057,-0.91331
-2.91641,-1.34124,-1.77155,-1.48864,-0.97166,-0.91324
-2.91714,-1.34190,-1.77158,-1.48782,-0.97275,-0.91316
-2.91777,-1.34249,-1.77154,-1.48715,-0.97368,-0.91329
-2.91839,-1.34307,-1.77151,-1.48649,-0.97460,-0.91343
-2.91896,-1.34355,-1.77144,-1.48609,-0.97538,-0.91362
-2.91952,-1.34404,-1.77138,-1.48569,-0.97617,-0.91381
-2.92043,-1.34513,-1.77124,-1.48411,-0.97773,-0.91416
-2.92133,-1.34623,-1.77110,-1.48253,-0.97929,-0.91451
-2.92190,-1.34664,-1.77110,-1.48223,-0.98005,-0.91432
-2.92247,-1.34706,-1.77111,-1.48192,-0.98081,-0.91413
-2.92311,-1.34755,-1.77111,-1.48142,-0.98171,-0.91401
-2.92375,-1.34804,-1.77111,-1.48092,-0.98262,-0.91389
-2.92445,-1.34869,-1.77106,-1.48018,-0.98368,-0.91392
-2.92516,-1.34933,-1.77101,-1.47944,-0.98474,-0.91395
-2.92575,-1.34985,-1.77099,-1.47887,-0.98564,-0.91430
-2.92634,-1.35037,-1.77098,-1.47830,-0.98654,-0.91465
-2.92686,-1.35082,-1.77097,-1.47787,-0.98727,-0.91471
-2.92738,-1.35127,-1.77096,-1.47746,-0.98800,-0.91477
-2.92799,-1.35185,-1.77091,-1.47679,-0.98890,-0.91474
-2.92860,-1.35243,-1.77085,-1.47612,-0.98979,-0.91469
-2.92913,-1.35278,-1.77087,-1.47587,-0.99058,-0.91551
-2.92966,-1.35314,-1.77089,-1.47560,-0.99136,-0.91633
-2.93010,-1.35353,-1.77087,-1.47525,-0.99197,-0.91652
-2.93054,-1.35392,-1.77084,-1.47490,-0.99258,-0.91671
-2.93083,-1.35426,-1.77078,-1.47445,-0.99303,-0.91803
-2.93111,-1.35460,-1.77072,-1.47399,-0.99347,-0.91936
-2.93141,-1.35493,-1.77068,-1.47359,-0.99397,-0.92005
-2.93170,-1.35526,-1.77064,-1.47320,-0.99447,-0.92075
-2.93209,-1.35564,-1.77059,-1.47274,-0.99497,-0.92059
-2.93248,-1.35602,-1.77055,-1.47230,-0.99548,-0.92041
-2.93284,-1.35637,-1.77051,-1.47189,-0.99599,-0.92080
-2.93320,-1.35672,-1.77046,-1.47148,-0.99650,-0.92118
-2.93327,-1.35690,-1.77040,-1.47125,-0.99655,-0.92237
-2.93334,-1.35707,-1.77034,-1.47103,-0.99660,-0.92357
-2.93380,-1.35746,-1.77029,-1.47073,-0.99726,-0.92350
-2.93426,-1.35785,-1.77025,-1.47042,-0.99792,-0.92343
-2.93455,-1.35798,-1.77025,-1.47044,-0.99822,-0.92371
-2.93484,-1.35811,-1.77026,-1.47045,-0.99851,-0.92399
-2.93514,-1.35860,-1.77015,-1.46973,-0.99899,-0.92482
-2.93545,-1.35908,-1.77005,-1.46901,-0.99947,-0.92565
-2.93582,-1.35940,-1.77002,-1.46874,-0.99996,-0.92536
-2.93619,-1.35971,-1.76999,-1.46847,-1.00046,-0.92505
-2.93657,-1.36000,-1.76999,-1.46813,-1.00095,-0.92558
-2.93694,-1.36028,-1.76999,-1.46779,-1.00144,-0.92612
-2.93727,-1.36061,-1.76995,-1.46746,-1.00192,-0.92611
-2.93759,-1.36093,-1.76991,-1.46713,-1.00239,-0.92609
-2.93783,-1.36112,-1.76987,-1.46702,-1.00265,-0.92684
-2.93806,-1.36130,-1.76984,-1.46691,-1.00290,-0.92758
-2.93850,-1.36163,-1.76980,-1.46668,-1.00351,-0.92756
-2.93895,-1.36196,-1.76977,-1.46644,-1.00411,-0.92753
-2.93935,-1.36236,-1.76976,-1.46588,-1.00473,-0.92737
-2.93975,-1.36275,-1.76975,-1.46533,-1.00535,-0.92720
-2.94003,-1.36294,-1.76974,-1.46528,-1.00570,-0.92717
-2.94030,-1.36313,-1.76973,-1.46522,-1.00606,-0.92714
-2.94053,-1.36334,-1.76969,-1.46507,-1.00633,-0.92773
-2.94076,-1.36354,-1.76964,-1.46493,-1.00660,-0.92834
-2.94114,-1.36393,-1.76959,-1.46444,-1.00714,-0.92841
-2.94153,-1.36433,-1.76953,-1.46397,-1.00769,-0.92848
-2.94199,-1.36468,-1.76952,-1.46367,-1.00832,-0.92845
-2.94245,-1.36503,-1.76951,-1.46337,-1.00896,-0.92843
-2.94269,-1.36526,-1.76945,-1.46314,-1.00925,-0.92901
-2.94294,-1.36549,-1.76939,-1.46290,-1.00954,-0.92959
-2.94327,-1.36579,-1.76936,-1.46262,-1.00999,-0.92988
-2.94361,-1.36610,-1.76934,-1.46234,-1.01046,-0.93016
-2.94403,-1.36646,-1.76929,-1.46194,-1.01099,-0.93046
-2.94444,-1.36683,-1.76924,-1.46155,-1.01153,-0.93076
-2.94469,-1.36708,-1.76920,-1.46132,-1.01186,-0.93081
-2.94493,-1.36733,-1.76917,-1.46111,-1.01218,-0.93085
-2.94522,-1.36767,-1.76909,-1.46068,-1.01255,-0.93141
-2.94549,-1.36801,-1.76900,-1.46027,-1.01290,-0.93198
-2.94593,-1.36832,-1.76901,-1.45997,-1.01351,-0.93187
-2.94637,-1.36864,-1.76902,-1.45967,-1.01413,-0.93176
-2.94667,-1.36897,-1.76893,-1.45931,-1.01453,-0.93228
-2.94697,-1.36931,-1.76885,-1.45896,-1.01493,-0.93279
-2.94725,-1.36953,-1.76885,-1.45870,-1.01531,-0.93274
-2.94753,-1.36976,-1.76885,-1.45844,-1.01570,-0.93267
-2.94784,-1.37011,-1.76877,-1.45805,-1.01615,-0.93312
-2.94816,-1.37045,-1.76870,-1.45766,-1.01659,-0.93356
-2.94843,-1.37060,-1.76868,-1.45769,-1.01694,-0.93351
-2.94871,-1.37074,-1.76866,-1.45773,-1.01730,-0.93347
-2.94898,-1.37097,-1.76864,-1.45750,-1.01768,-0.93343
-2.94925,-1.37120,-1.76861,-1.45727,-1.01806,-0.93339
-2.94954,-1.37149,-1.76857,-1.45691,-1.01847,-0.93362
-2.94981,-1.37179,-1.76852,-1.45654,-1.01888,-0.93386
-2.95009,-1.37185,-1.76860,-1.45665,-1.01929,-0.93389
-2.95036,-1.37191,-1.76869,-1.45676,-1.01971,-0.93394
-2.95077,-1.37218,-1.76868,-1.45659,-1.02030,-0.93390
-2.95118,-1.37245,-1.76868,-1.45643,-1.02089,-0.93386
-2.95133,-1.37263,-1.76864,-1.45621,-1.02106,-0.93403
-2.95149,-1.37279,-1.76860,-1.45600,-1.02124,-0.93419
-2.95176,-1.37321,-1.76846,-1.45546,-1.02164,-0.93457
-2.95204,-1.37362,-1.76832,-1.45492,-1.02204,-0.93496
-2.95247,-1.37372,-1.76844,-1.45504,-1.02265,-0.93475
-2.95289,-1.37383,-1.76856,-1.45518,-1.02326,-0.93455
-2.95360,-1.37455,-1.76842,-1.45435,-1.02424,-0.93471
-2.95431,-1.37527,-1.76828,-1.45353,-1.02523,-0.93487
-2.95455,-1.37552,-1.76824,-1.45324,-1.02555,-0.93519
-2.95479,-1.37576,-1.76820,-1.45295,-1.02586,-0.93551
-2.95524,-1.37608,-1.76816,-1.45276,-1.02650,-0.93557
-2.95569,-1.37641,-1.76812,-1.45257,-1.02715,-0.93563
-2.95609,-1.37689,-1.76801,-1.45195,-1.02773,-0.93576
-2.95649,-1.37737,-1.76788,-1.45133,-1.02830,-0.93589
-2.95686,-1.37774,-1.76781,-1.45091,-1.02882,-0.93598
-2.95722,-1.37811,-1.76774,-1.45050,-1.02934,-0.93607
-2.95767,-1.37862,-1.76762,-1.44988,-1.02995,-0.93636
-2.95811,-1.37913,-1.76749,-1.44926,-1.03057,-0.93664
-2.95853,-1.37957,-1.76740,-1.44873,-1.03118,-0.93645
-2.95896,-1.38001,-1.76732,-1.44821,-1.03178,-0.93627
-2.95922,-1.38026,-1.76727,-1.44797,-1.03216,-0.93638
-2.95949,-1.38051,-1.76721,-1.44772,-1.03254,-0.93650
-2.95994,-1.38102,-1.76709,-1.44710,-1.03317,-0.93681
-2.96039,-1.38153,-1.76697,-1.44648,-1.03380,-0.93712
-2.96083,-1.38184,-1.76695,-1.44625,-1.03445,-0.93701
-2.96125,-1.38215,-1.76693,-1.44602,-1.03510,-0.93690
-2.96170,-1.38253,-1.76688,-1.44567,-1.03575,-0.93711
-2.96215,-1.38290,-1.76683,-1.44533,-1.03639,-0.93732
-2.96257,-1.38324,-1.76680,-1.44500,-1.03699,-0.93735
-2.96299,-1.38357,-1.76677,-1.44469,-1.03758,-0.93737
-2.96347,-1.38396,-1.76672,-1.44433,-1.03828,-0.93710
-2.96395,-1.38436,-1.76666,-1.44397,-1.03897,-0.93683
-2.96435,-1.38467,-1.76661,-1.44376,-1.03955,-0.93691
-2.96474,-1.38498,-1.76656,-1.44354,-1.04012,-0.93698
-2.96531,-1.38550,-1.76647,-1.44296,-1.04091,-0.93718
-2.96587,-1.38603,-1.76639,-1.44238,-1.04170,-0.93739
-2.96686,-1.38718,-1.76612,-1.44090,-1.04306,-0.93717
-2.96785,-1.38833,-1.76585,-1.43941,-1.04442,-0.93696
-2.96870,-1.38988,-1.76529,-1.43699,-1.04554,-0.93745
-2.96954,-1.39143,-1.76473,-1.43458,-1.04664,-0.93794
-2.97001,-1.39197,-1.76459,-1.43391,-1.04729,-0.93816
-2.97048,-1.39251,-1.76444,-1.43324,-1.04794,-0.93839
-2.97066,-1.39296,-1.76426,-1.43247,-1.04817,-0.93865
-2.97083,-1.39341,-1.76408,-1.43171,-1.04839,-0.93893
-2.97122,-1.39403,-1.76385,-1.43083,-1.04895,-0.93907
-2.97162,-1.39466,-1.76363,-1.42994,-1.04951,-0.93922
-2.97183,-1.39488,-1.76358,-1.42968,-1.04980,-0.93938
-2.97205,-1.39511,-1.76353,-1.42942,-1.05010,-0.93954
-2.97256,-1.39568,-1.76337,-1.42874,-1.05079,-0.93949
-2.97306,-1.39625,-1.76322,-1.42806,-1.05147,-0.93944
-2.97317,-1.39653,-1.76310,-1.42759,-1.05160,-0.93978
-2.97327,-1.39681,-1.76298,-1.42711,-1.05173,-0.94011
-2.97365,-1.39703,-1.76297,-1.42702,-1.05227,-0.93988
-2.97402,-1.39725,-1.76296,-1.42694,-1.05281,-0.93965
-2.97426,-1.39757,-1.76286,-1.42652,-1.05314,-0.93960
-2.97449,-1.39787,-1.76277,-1.42610,-1.05346,-0.93955
-2.97446,-1.39793,-1.76272,-1.42598,-1.05339,-0.94013
-2.97442,-1.39798,-1.76266,-1.42586,-1.05332,-0.94071
-2.97460,-1.39813,-1.76264,-1.42575,-1.05356,-0.94098
-2.97478,-1.39828,-1.76261,-1.42563,-1.05379,-0.94125
-2.97636,-1.40058,-1.76179,-1.42253,-1.05596,-0.94109
-2.97794,-1.40287,-1.76097,-1.41943,-1.05812,-0.94093
-2.97800,-1.40311,-1.76086,-1.41901,-1.05819,-0.94116
-2.97806,-1.40334,-1.76075,-1.41860,-1.05827,-0.94139
-2.97859,-1.40404,-1.76050,-1.41770,-1.05899,-0.94141
-2.97912,-1.40475,-1.76026,-1.41680,-1.05971,-0.94143
-2.97976,-1.40550,-1.76003,-1.41588,-1.06056,-0.94176
-2.98040,-1.40625,-1.75981,-1.41496,-1.06141,-0.94209
-2.98067,-1.40670,-1.75963,-1.41429,-1.06177,-0.94220
-2.98093,-1.40716,-1.75946,-1.41362,-1.06212,-0.94231
-2.98157,-1.40770,-1.75936,-1.41309,-1.06297,-0.94222
-2.98220,-1.40823,-1.75926,-1.41256,-1.06382,-0.94214
-2.98280,-1.40899,-1.75900,-1.41162,-1.06464,-0.94215
-2.98340,-1.40975,-1.75874,-1.41068,-1.06547,-0.94217
-2.98368,-1.41104,-1.75806,-1.40837,-1.06578,-0.94268
-2.98396,-1.41233,-1.75738,-1.40607,-1.06608,-0.94319
-2.98423,-1.41267,-1.75726,-1.40565,-1.06643,-0.94325
-2.98448,-1.41300,-1.75715,-1.40523,-1.06678,-0.94331
-2.98502,-1.41332,-1.75713,-1.40510,-1.06754,-0.94301
-2.98556,-1.41364,-1.75710,-1.40495,-1.06830,-0.94270
-2.98592,-1.41396,-1.75703,-1.40467,-1.06882,-0.94258
-2.98629,-1.41428,-1.75696,-1.40437,-1.06934,-0.94245
-2.98653,-1.41442,-1.75695,-1.40434,-1.06966,-0.94270
-2.98677,-1.41455,-1.75694,-1.40431,-1.06998,-0.94295
-2.98690,-1.41460,-1.75694,-1.40434,-1.07017,-0.94295
-2.98703,-1.41466,-1.75695,-1.40436,-1.07036,-0.94296
-2.98731,-1.41534,-1.75662,-1.40328,-1.07074,-0.94277
-2.98758,-1.41602,-1.75629,-1.40221,-1.07112,-0.94257
-2.98792,-1.41657,-1.75607,-1.40145,-1.07159,-0.94269
-2.98826,-1.41712,-1.75584,-1.40069,-1.07206,-0.94281
-2.98851,-1.41760,-1.75563,-1.39999,-1.07239,-0.94320
-2.98876,-1.41808,-1.75542,-1.39929,-1.07271,-0.94359
-2.98900,-1.41852,-1.75522,-1.39864,-1.07301,-0.94407
-2.98923,-1.41896,-1.75502,-1.39799,-1.07330,-0.94456
-2.98977,-1.41953,-1.75485,-1.39736,-1.07406,-0.94435
-2.99030,-1.42010,-1.75468,-1.39672,-1.07481,-0.94414
-2.99063,-1.42066,-1.75444,-1.39593,-1.07524,-0.94424
-2.99095,-1.42121,-1.75421,-1.39514,-1.07567,-0.94434
-2.99170,-1.42234,-1.75376,-1.39358,-1.07667,-0.94476
-2.99244,-1.42347,-1.75331,-1.39204,-1.07766,-0.94519
-2.99284,-1.42400,-1.75312,-1.39136,-1.07821,-0.94539
-2.99324,-1.42453,-1.75293,-1.39067,-1.07875,-0.94560
-2.99387,-1.42533,-1.75265,-1.38963,-1.07957,-0.94565
-2.99449,-1.42612,-1.75237,-1.38860,-1.08039,-0.94571
-2.99505,-1.42628,-1.75250,-1.38867,-1.08115,-0.94567
-2.99560,-1.42644,-1.75264,-1.38875,-1.08191,-0.94563
-2.99595,-1.42713,-1.75230,-1.38777,-1.08240,-0.94572
-2.99629,-1.42782,-1.75196,-1.38679,-1.08289,-0.94580
-2.99663,-1.42829,-1.75176,-1.38622,-1.08337,-0.94596
-2.99697,-1.42877,-1.75155,-1.38565,-1.08386,-0.94611
-2.99735,-1.42919,-1.75142,-1.38517,-1.08439,-0.94605
-2.99774,-1.42961,-1.75128,-1.38468,-1.08493,-0.94598
-2.99811,-1.43018,-1.75103,-1.38396,-1.08541,-0.94633
-2.99848,-1.43073,-1.75078,-1.38325,-1.08589,-0.94669
-2.99899,-1.43140,-1.75054,-1.38239,-1.08659,-0.94676
-2.99950,-1.43207,-1.75029,-1.38152,-1.08729,-0.94682
-3.00002,-1.43253,-1.75016,-1.38111,-1.08806,-0.94610
-3.00054,-1.43299,-1.75003,-1.38071,-1.08882,-0.94537
-3.00097,-1.43346,-1.74984,-1.38020,-1.08938,-0.94531
-3.00140,-1.43393,-1.74966,-1.37969,-1.08993,-0.94526
-3.00173,-1.43457,-1.74935,-1.37880,-1.09035,-0.94570
-3.00205,-1.43521,-1.74904,-1.37791,-1.09076,-0.94614
-3.00260,-1.43582,-1.74879,-1.37727,-1.09149,-0.94615
-3.00315,-1.43642,-1.74854,-1.37662,-1.09221,-0.94616
-3.00334,-1.43678,-1.74837,-1.37616,-1.09243,-0.94620
-3.00353,-1.43714,-1.74819,-1.37571,-1.09265,-0.94624
-3.00404,-1.43792,-1.74783,-1.37474,-1.09329,-0.94641
-3.00455,-1.43868,-1.74746,-1.37378,-1.09391,-0.94659
-3.00516,-1.43955,-1.74707,-1.37271,-1.09486,-0.94659
-3.00577,-1.44041,-1.74668,-1.37164,-1.09580,-0.94660
-3.00602,-1.44061,-1.74664,-1.37144,-1.09594,-0.94698
-3.00628,-1.44081,-1.74659,-1.37123,-1.09609,-0.94736
-3.00668,-1.44157,-1.74618,-1.37030,-1.09671,-0.94718
-3.00707,-1.44234,-1.74577,-1.36938,-1.09733,-0.94700
-3.00761,-1.44293,-1.74553,-1.36873,-1.09804,-0.94692
-3.00816,-1.44351,-1.74530,-1.36809,-1.09874,-0.94684
-3.00840,-1.44400,-1.74506,-1.36738,-1.09896,-0.94748
-3.00864,-1.44449,-1.74483,-1.36668,-1.09918,-0.94812
-3.00911,-1.44517,-1.74445,-1.36597,-1.09976,-0.94803
-3.00958,-1.44585,-1.74408,-1.36526,-1.10033,-0.94794
-3.01008,-1.44658,-1.74373,-1.36438,-1.10092,-0.94847
-3.01058,-1.44731,-1.74337,-1.36349,-1.10151,-0.94899
-3.01093,-1.44769,-1.74318,-1.36313,-1.10192,-0.94890
-3.01128,-1.44807,-1.74299,-1.36277,-1.10233,-0.94881
-3.01173,-1.44870,-1.74273,-1.36198,-1.10287,-0.94906
-3.01217,-1.44934,-1.74247,-1.36119,-1.10343,-0.94930
-3.01242,-1.44970,-1.74225,-1.36085,-1.10367,-0.94921
-3.01268,-1.45005,-1.74204,-1.36052,-1.10392,-0.94912
-3.01323,-1.45080,-1.74169,-1.35967,-1.10463,-0.94918
-3.01379,-1.45155,-1.74134,-1.35882,-1.10535,-0.94923
-3.01424,-1.45209,-1.74108,-1.35828,-1.10593,-0.94914
-3.01469,-1.45263,-1.74082,-1.35774,-1.10650,-0.94904
-3.01547,-1.45359,-1.74040,-1.35667,-1.10765,-0.94876
-3.01625,-1.45455,-1.73998,-1.35560,-1.10880,-0.94847
-3.01647,-1.45509,-1.73964,-1.35489,-1.10897,-0.94902
-3.01668,-1.45563,-1.73929,-1.35418,-1.10914,-0.94958
-3.01733,-1.45666,-1.73871,-1.35299,-1.10999,-0.94982
-3.01798,-1.45769,-1.73812,-1.35180,-1.11083,-0.95007
-3.01849,-1.45841,-1.73778,-1.35101,-1.11145,-0.95002
-3.01899,-1.45913,-1.73743,-1.35021,-1.11206,-0.94999
-3.01939,-1.45947,-1.73725,-1.34998,-1.11250,-0.94982
-3.01978,-1.45982,-1.73706,-1.34975,-1.11293,-0.94967
-3.02010,-1.46044,-1.73671,-1.34891,-1.11324,-0.95001
-3.02042,-1.46106,-1.73635,-1.34808,-1.11355,-0.95036
-3.02076,-1.46143,-1.73619,-1.34778,-1.11394,-0.95005
-3.02110,-1.46180,-1.73603,-1.34749,-1.11434,-0.94975
-3.02139,-1.46231,-1.73572,-1.34689,-1.11461,-0.95006
-3.02168,-1.46281,-1.73541,-1.34629,-1.11488,-0.95036
-3.02197,-1.46318,-1.73520,-1.34593,-1.11515,-0.95037
-3.02225,-1.46355,-1.73500,-1.34558,-1.11541,-0.95037
-3.02269,-1.46416,-1.73461,-1.34503,-1.11597,-0.95017
-3.02313,-1.46477,-1.73422,-1.34449,-1.11652,-0.94998
-3.02355,-1.46542,-1.73389,-1.34362,-1.11695,-0.95045
-3.02396,-1.46608,-1.73355,-1.34275,-1.11738,-0.95092
-3.02428,-1.46662,-1.73323,-1.34215,-1.11768,-0.95114
-3.02460,-1.46716,-1.73290,-1.34155,-1.11797,-0.95136
-3.02477,-1.46726,-1.73283,-1.34164,-1.11802,-0.95111
-3.02494,-1.46735,-1.73276,-1.34174,-1.11807,-0.95086
-3.02571,-1.46848,-1.73219,-1.34040,-1.11923,-0.95100
-3.02648,-1.46962,-1.73162,-1.33905,-1.12038,-0.95113
-3.02663,-1.46992,-1.73136,-1.33878,-1.12039,-0.95138
-3.02678,-1.47022,-1.73110,-1.33852,-1.12039,-0.95162
-3.02707,-1.47067,-1.73085,-1.33800,-1.12066,-0.95161
-3.02735,-1.47113,-1.73059,-1.33748,-1.12094,-0.95160
-3.02780,-1.47176,-1.73025,-1.33680,-1.12145,-0.95180
-3.02825,-1.47238,-1.72992,-1.33612,-1.12196,-0.95200
-3.02846,-1.47277,-1.72962,-1.33574,-1.12211,-0.95203
-3.02867,-1.47316,-1.72931,-1.33537,-1.12226,-0.95206
-3.02914,-1.47378,-1.72899,-1.33473,-1.12288,-0.95177
-3.02962,-1.47441,-1.72866,-1.33409,-1.12349,-0.95147
-3.03001,-1.47504,-1.72828,-1.33343,-1.12395,-0.95145
-3.03040,-1.47566,-1.72790,-1.33278,-1.12442,-0.95142
-3.03085,-1.47637,-1.72745,-1.33202,-1.12500,-0.95150
-3.03130,-1.47708,-1.72700,-1.33127,-1.12558,-0.95158
-3.03164,-1.47753,-1.72677,-1.33082,-1.12595,-0.95137
-3.03197,-1.47798,-1.72654,-1.33038,-1.12631,-0.95115
-3.03262,-1.47882,-1.72612,-1.32942,-1.12720,-0.95111
-3.03326,-1.47967,-1.72569,-1.32845,-1.12809,-0.95107
-3.03368,-1.48013,-1.72540,-1.32812,-1.12859,-0.95057
-3.03411,-1.48060,-1.72511,-1.32778,-1.12909,-0.95007
-3.03464,-1.48120,-1.72480,-1.32722,-1.12978,-0.94962
-3.03518,-1.48181,-1.72449,-1.32667,-1.13047,-0.94918
-3.03570,-1.48239,-1.72421,-1.32614,-1.13114,-0.94860
-3.03622,-1.48297,-1.72393,-1.32562,-1.13182,-0.94802
-3.03674,-1.48352,-1.72364,-1.32517,-1.13247,-0.94742
-3.03725,-1.48408,-1.72335,-1.32471,-1.13313,-0.94683
-3.03778,-1.48459,-1.72304,-1.32430,-1.13376,-0.94638
-3.03830,-1.48511,-1.72274,-1.32389,-1.13439,-0.94595
-3.03884,-1.48572,-1.72242,-1.32331,-1.13507,-0.94558
-3.03937,-1.48633,-1.72211,-1.32273,-1.13576,-0.94521
-3.03989,-1.48702,-1.72176,-1.32200,-1.13645,-0.94494
-3.04041,-1.48771,-1.72141,-1.32127,-1.13715,-0.94466
-3.04085,-1.48847,-1.72095,-1.32038,-1.13771,-0.94487
-3.04130,-1.48925,-1.72049,-1.31949,-1.13827,-0.94507
-3.04198,-1.49003,-1.72008,-1.31867,-1.13921,-0.94470
-3.04267,-1.49081,-1.71966,-1.31785,-1.14016,-0.94433
-3.04315,-1.49132,-1.71940,-1.31743,-1.14075,-0.94392
-3.04362,-1.49182,-1.71914,-1.31701,-1.14133,-0.94352
-3.04416,-1.49251,-1.71871,-1.31634,-1.14203,-0.94328
-3.04469,-1.49320,-1.71829,-1.31566,-1.14272,-0.94304
-3.04528,-1.49396,-1.71792,-1.31484,-1.14350,-0.94277
-3.04587,-1.49471,-1.71754,-1.31402,-1.14429,-0.94250
-3.04638,-1.49540,-1.71711,-1.31332,-1.14494,-0.94248
-3.04689,-1.49608,-1.71668,-1.31264,-1.14560,-0.94245
-3.04743,-1.49681,-1.71631,-1.31181,-1.14628,-0.94235
-3.04796,-1.49754,-1.71594,-1.31099,-1.14697,-0.94225
-3.04844,-1.49813,-1.71558,-1.31048,-1.14759,-0.94191
-3.04893,-1.49871,-1.71522,-1.30997,-1.14820,-0.94156
-3.04950,-1.49936,-1.71485,-1.30935,-1.14893,-0.94127
-3.05006,-1.50000,-1.71448,-1.30874,-1.14965,-0.94096
-3.05058,-1.50060,-1.71414,-1.30817,-1.15030,-0.94063
-3.05110,-1.50120,-1.71380,-1.30760,-1.15095,-0.94030
-3.05167,-1.50194,-1.71336,-1.30684,-1.15170,-0.94017
-3.05223,-1.50268,-1.71292,-1.30608,-1.15244,-0.94005
-3.05277,-1.50338,-1.71250,-1.30534,-1.15312,-0.94002
-3.05330,-1.50408,-1.71209,-1.30460,-1.15380,-0.93999
-3.05348,-1.50415,-1.71209,-1.30463,-1.15407,-0.93991
-3.05366,-1.50421,-1.71209,-1.30465,-1.15434,-0.93984
-3.05383,-1.50428,-1.71209,-1.30469,-1.15461,-0.93976
-3.05401,-1.50435,-1.71208,-1.30471,-1.15488,-0.93969
-3.05419,-1.50441,-1.71208,-1.30474,-1.15515,-0.93963
-3.05437,-1.50448,-1.71209,-1.30476,-1.15542,-0.93956
-3.05454,-1.50455,-1.71208,-1.30478,-1.15568,-0.93951
-3.05471,-1.50462,-1.71208,-1.30481,-1.15595,-0.93945
-3.05488,-1.50469,-1.71207,-1.30483,-1.15621,-0.93939
-3.05506,-1.50476,-1.71207,-1.30485,-1.15648,-0.93932
-3.05523,-1.50483,-1.71207,-1.30488,-1.15675,-0.93925
-3.05541,-1.50490,-1.71206,-1.30490,-1.15702,-0.93918
-3.05559,-1.50502,-1.71204,-1.30484,-1.15731,-0.93917
-3.05577,-1.50514,-1.71201,-1.30478,-1.15759,-0.93916
-3.05594,-1.50520,-1.71201,-1.30482,-1.15786,-0.93908
-3.05612,-1.50527,-1.71201,-1.30485,-1.15813,-0.93900
-3.05631,-1.50532,-1.71203,-1.30488,-1.15842,-0.93887
-3.05651,-1.50538,-1.71206,-1.30491,-1.15871,-0.93874
-3.05665,-1.50541,-1.71205,-1.30501,-1.15893,-0.93871
-3.05680,-1.50543,-1.71204,-1.30512,-1.15914,-0.93868
-3.05700,-1.50552,-1.71203,-1.30512,-1.15945,-0.93854
-3.05719,-1.50560,-1.71203,-1.30514,-1.15975,-0.93840
-3.05737,-1.50567,-1.71202,-1.30516,-1.16002,-0.93833
-3.05754,-1.50573,-1.71202,-1.30519,-1.16028,-0.93827
-3.05765,-1.50574,-1.71205,-1.30528,-1.16043,-0.93831
-3.05777,-1.50575,-1.71207,-1.30538,-1.16060,-0.93835
-3.05793,-1.50580,-1.71208,-1.30542,-1.16084,-0.93830
-3.05809,-1.50585,-1.71208,-1.30546,-1.16108,-0.93824
-3.05825,-1.50591,-1.71208,-1.30550,-1.16134,-0.93817
-3.05842,-1.50597,-1.71208,-1.30555,-1.16159,-0.93810
-3.05816,-1.50549,-1.71232,-1.30629,-1.16110,-0.93808
-3.05789,-1.50501,-1.71255,-1.30702,-1.16061,-0.93806
-3.05837,-1.50545,-1.71239,-1.30656,-1.16139,-0.93805
-3.05885,-1.50589,-1.71222,-1.30609,-1.16218,-0.93804
-3.05895,-1.50578,-1.71232,-1.30632,-1.16229,-0.93820
-3.05904,-1.50568,-1.71241,-1.30653,-1.16240,-0.93837
-3.05893,-1.50544,-1.71255,-1.30701,-1.16220,-0.93805
-3.05882,-1.50520,-1.71268,-1.30750,-1.16200,-0.93772
-3.05910,-1.50544,-1.71258,-1.30723,-1.16244,-0.93812
-3.05937,-1.50568,-1.71248,-1.30696,-1.16288,-0.93852
-3.05968,-1.50577,-1.71250,-1.30705,-1.16335,-0.93757
-3.05999,-1.50585,-1.71252,-1.30715,-1.16382,-0.93663
-3.06014,-1.50602,-1.71246,-1.30694,-1.16407,-0.93727
-3.06030,-1.50619,-1.71240,-1.30674,-1.16433,-0.93791
-3.06055,-1.50622,-1.71243,-1.30687,-1.16471,-0.93755
-3.06079,-1.50625,-1.71246,-1.30701,-1.16508,-0.93719
-3.06096,-1.50630,-1.71247,-1.30706,-1.16534,-0.93713
-3.06112,-1.50635,-1.71248,-1.30711,-1.16559,-0.93707
-3.06125,-1.50633,-1.71252,-1.30723,-1.16576,-0.93715
-3.06138,-1.50631,-1.71256,-1.30734,-1.16594,-0.93723
-3.06151,-1.50646,-1.71249,-1.30724,-1.16616,-0.93738
-3.06164,-1.50661,-1.71243,-1.30714,-1.16640,-0.93753
-3.06162,-1.50642,-1.71254,-1.30749,-1.16630,-0.93779
-3.06159,-1.50622,-1.71265,-1.30785,-1.16620,-0.93804
-3.06166,-1.50619,-1.71269,-1.30801,-1.16632,-0.93802
-3.06173,-1.50615,-1.71273,-1.30817,-1.16643,-0.93799
-3.06211,-1.50643,-1.71265,-1.30792,-1.16704,-0.93775
-3.06248,-1.50671,-1.71256,-1.30766,-1.16764,-0.93752
-3.06256,-1.50664,-1.71262,-1.30788,-1.16774,-0.93749
-3.06265,-1.50657,-1.71268,-1.30809,-1.16783,-0.93747
-3.06282,-1.50664,-1.71267,-1.30810,-1.16809,-0.93755
-3.06299,-1.50671,-1.71267,-1.30810,-1.16835,-0.93764
-3.06314,-1.50664,-1.71274,-1.30833,-1.16854,-0.93746
-3.06329,-1.50657,-1.71282,-1.30856,-1.16873,-0.93729
-3.06344,-1.50661,-1.71283,-1.30861,-1.16897,-0.93729
-3.06358,-1.50665,-1.71284,-1.30866,-1.16920,-0.93729
-3.06370,-1.50678,-1.71279,-1.30857,-1.16938,-0.93754
-3.06381,-1.50690,-1.71274,-1.30849,-1.16956,-0.93780
-3.06394,-1.50689,-1.71278,-1.30861,-1.16975,-0.93782
-3.06407,-1.50688,-1.71283,-1.30874,-1.16993,-0.93784
-3.06420,-1.50693,-1.71281,-1.30877,-1.17013,-0.93790
-3.06433,-1.50698,-1.71280,-1.30881,-1.17034,-0.93796
-3.06446,-1.50699,-1.71282,-1.30890,-1.17053,-0.93797
-3.06460,-1.50701,-1.71284,-1.30898,-1.17073,-0.93797
-3.06476,-1.50706,-1.71286,-1.30903,-1.17097,-0.93789
-3.06493,-1.50711,-1.71288,-1.30907,-1.17122,-0.93781
-3.06503,-1.50706,-1.71293,-1.30926,-1.17135,-0.93788
-3.06514,-1.50700,-1.71298,-1.30946,-1.17149,-0.93794
-3.06528,-1.50703,-1.71297,-1.30956,-1.17170,-0.93795
-3.06541,-1.50706,-1.71295,-1.30965,-1.17192,-0.93796
-3.06555,-1.50708,-1.71297,-1.30974,-1.17211,-0.93796
-3.06568,-1.50710,-1.71299,-1.30982,-1.17230,-0.93797
-3.06581,-1.50711,-1.71301,-1.30992,-1.17249,-0.93795
-3.06593,-1.50712,-1.71302,-1.31001,-1.17267,-0.93794
-3.06610,-1.50717,-1.71301,-1.31007,-1.17292,-0.93783
-3.06626,-1.50721,-1.71301,-1.31015,-1.17317,-0.93772
-3.06640,-1.50723,-1.71302,-1.31024,-1.17337,-0.93772
-3.06654,-1.50725,-1.71304,-1.31033,-1.17357,-0.93771
-3.06667,-1.50727,-1.71305,-1.31042,-1.17376,-0.93771
-3.06681,-1.50729,-1.71307,-1.31051,-1.17396,-0.93770
-3.06693,-1.50728,-1.71313,-1.31063,-1.17414,-0.93775
-3.06706,-1.50727,-1.71319,-1.31074,-1.17432,-0.93780
-3.06719,-1.50728,-1.71321,-1.31084,-1.17451,-0.93780
-3.06732,-1.50729,-1.71323,-1.31093,-1.17470,-0.93780
-3.06746,-1.50731,-1.71325,-1.31102,-1.17490,-0.93780
-3.06760,-1.50733,-1.71326,-1.31110,-1.17511,-0.93780
-3.06774,-1.50735,-1.71328,-1.31119,-1.17530,-0.93780
-3.06787,-1.50737,-1.71329,-1.31127,-1.17550,-0.93779
-3.06799,-1.50738,-1.71331,-1.31136,-1.17567,-0.93781
-3.06811,-1.50739,-1.71332,-1.31146,-1.17585,-0.93781
-3.06845,-1.50777,-1.71322,-1.31086,-1.17652,-0.93808
-3.06879,-1.50815,-1.71311,-1.31026,-1.17719,-0.93834
-3.06908,-1.50851,-1.71299,-1.30970,-1.17778,-0.93853
-3.06938,-1.50887,-1.71287,-1.30913,-1.17836,-0.93872
-3.06967,-1.50920,-1.71276,-1.30863,-1.17895,-0.93900
-3.06996,-1.50952,-1.71265,-1.30814,-1.17954,-0.93928
-3.07025,-1.50984,-1.71255,-1.30763,-1.18012,-0.93964
-3.07054,-1.51016,-1.71244,-1.30713,-1.18070,-0.94000
-3.07087,-1.51052,-1.71230,-1.30661,-1.18136,-0.94021
-3.07120,-1.51087,-1.71217,-1.30609,-1.18201,-0.94043
-3.07148,-1.51119,-1.71207,-1.30559,-1.18257,-0.94066
-3.07176,-1.51151,-1.71198,-1.30509,-1.18312,-0.94090
-3.07208,-1.51185,-1.71189,-1.30457,-1.18375,-0.94121
-3.07240,-1.51219,-1.71181,-1.30404,-1.18439,-0.94151
-3.07267,-1.51249,-1.71169,-1.30359,-1.18496,-0.94188
-3.07294,-1.51279,-1.71157,-1.30314,-1.18552,-0.94226
-3.07322,-1.51305,-1.71146,-1.30276,-1.18605,-0.94249
-3.07350,-1.51331,-1.71136,-1.30238,-1.18659,-0.94272
-3.07377,-1.51358,-1.71128,-1.30196,-1.18712,-0.94298
-3.07404,-1.51386,-1.71119,-1.30153,-1.18766,-0.94324
-3.07422,-1.51406,-1.71117,-1.30115,-1.18803,-0.94365
-3.07440,-1.51425,-1.71116,-1.30079,-1.18839,-0.94405
-3.07450,-1.51436,-1.71115,-1.30056,-1.18862,-0.94422
-3.07460,-1.51446,-1.71115,-1.30035,-1.18886,-0.94439
-3.07501,-1.51476,-1.71109,-1.29992,-1.18962,-0.94449
-3.07542,-1.51507,-1.71103,-1.29950,-1.19038,-0.94458
-3.07579,-1.51548,-1.71083,-1.29891,-1.19109,-0.94504
-3.07615,-1.51590,-1.71063,-1.29833,-1.19179,-0.94550
-3.07621,-1.51595,-1.71066,-1.29820,-1.19197,-0.94595
-3.07626,-1.51600,-1.71068,-1.29806,-1.19215,-0.94641
-3.07629,-1.51592,-1.71078,-1.29815,-1.19224,-0.94634
-3.07631,-1.51584,-1.71089,-1.29824,-1.19232,-0.94627
-3.07652,-1.51584,-1.71092,-1.29841,-1.19264,-0.94610
-3.07672,-1.51585,-1.71096,-1.29858,-1.19295,-0.94593
-3.07668,-1.51558,-1.71114,-1.29909,-1.19288,-0.94556
-3.07664,-1.51532,-1.71132,-1.29959,-1.19281,-0.94518
-3.07681,-1.51542,-1.71132,-1.29945,-1.19312,-0.94497
-3.07698,-1.51553,-1.71131,-1.29930,-1.19342,-0.94475
-3.07707,-1.51552,-1.71133,-1.29946,-1.19353,-0.94449
-3.07717,-1.51551,-1.71134,-1.29962,-1.19364,-0.94422
-3.07722,-1.51541,-1.71145,-1.29977,-1.19379,-0.94430
-3.07728,-1.51532,-1.71154,-1.29991,-1.19394,-0.94439
-3.07714,-1.51494,-1.71182,-1.30047,-1.19372,-0.94406
-3.07700,-1.51456,-1.71209,-1.30103,-1.19350,-0.94374
-3.07724,-1.51481,-1.71195,-1.30084,-1.19388,-0.94388
-3.07749,-1.51505,-1.71180,-1.30065,-1.19426,-0.94402
-3.07766,-1.51487,-1.71200,-1.30104,-1.19453,-0.94358
-3.07782,-1.51468,-1.71219,-1.30143,-1.19480,-0.94313
-3.07777,-1.51470,-1.71216,-1.30139,-1.19476,-0.94287
-3.07772,-1.51471,-1.71212,-1.30134,-1.19471,-0.94260
-3.07754,-1.51456,-1.71221,-1.30145,-1.19446,-0.94313
-3.07736,-1.51440,-1.71229,-1.30155,-1.19421,-0.94367
-3.07777,-1.51447,-1.71234,-1.30176,-1.19482,-0.94255
-3.07818,-1.51454,-1.71239,-1.30197,-1.19542,-0.94144
-3.07783,-1.51425,-1.71256,-1.30219,-1.19491,-0.94221
-3.07748,-1.51395,-1.71273,-1.30242,-1.19441,-0.94298
-3.07763,-1.51393,-1.71279,-1.30252,-1.19472,-0.94234
-3.07779,-1.51392,-1.71285,-1.30263,-1.19502,-0.94172
-3.07809,-1.51376,-1.71303,-1.30322,-1.19542,-0.94119
-3.07840,-1.51360,-1.71320,-1.30381,-1.19582,-0.94066
-3.07771,-1.51326,-1.71332,-1.30378,-1.19493,-0.94105
-3.07701,-1.51293,-1.71343,-1.30376,-1.19404,-0.94144
-3.07755,-1.51293,-1.71358,-1.30414,-1.19485,-0.94041
-3.07808,-1.51292,-1.71373,-1.30453,-1.19565,-0.93938
-3.07801,-1.51272,-1.71387,-1.30481,-1.19558,-0.93931
-3.07793,-1.51253,-1.71402,-1.30510,-1.19550,-0.93925
-3.07742,-1.51220,-1.71415,-1.30527,-1.19478,-0.93972
-3.07691,-1.51187,-1.71427,-1.30544,-1.19407,-0.94019
-3.07737,-1.51211,-1.71422,-1.30535,-1.19476,-0.93998
-3.07783,-1.51234,-1.71417,-1.30527,-1.19546,-0.93977
-3.07784,-1.51237,-1.71413,-1.30525,-1.19545,-0.94014
-3.07785,-1.51241,-1.71409,-1.30524,-1.19545,-0.94050
-3.07808,-1.51216,-1.71434,-1.30586,-1.19583,-0.93946
-3.07831,-1.51192,-1.71459,-1.30648,-1.19622,-0.93842
-3.07800,-1.51128,-1.71501,-1.30738,-1.19584,-0.93902
-3.07769,-1.51063,-1.71541,-1.30827,-1.19546,-0.93962
-3.07727,-1.51065,-1.71533,-1.30782,-1.19487,-0.93965
-3.07685,-1.51067,-1.71524,-1.30737,-1.19429,-0.93966
-3.07710,-1.51063,-1.71536,-1.30763,-1.19473,-0.93916
-3.07736,-1.51058,-1.71547,-1.30788,-1.19517,-0.93866
-3.07691,-1.50939,-1.71627,-1.30957,-1.19466,-0.93947
-3.07646,-1.50820,-1.71707,-1.31126,-1.19415,-0.94028
-3.07678,-1.50910,-1.71644,-1.31001,-1.19446,-0.93910
-3.07711,-1.51001,-1.71581,-1.30876,-1.19477,-0.93792
-3.07741,-1.51001,-1.71592,-1.30890,-1.19529,-0.93790
-3.07770,-1.51001,-1.71603,-1.30903,-1.19582,-0.93788
-3.07744,-1.50992,-1.71602,-1.30904,-1.19537,-0.93824
-3.07717,-1.50983,-1.71601,-1.30904,-1.19493,-0.93860
-3.07733,-1.50924,-1.71650,-1.31020,-1.19524,-0.93798
-3.07749,-1.50864,-1.71700,-1.31135,-1.19555,-0.93738
-3.07744,-1.50876,-1.71690,-1.31109,-1.19545,-0.93783
-3.07738,-1.50887,-1.71680,-1.31083,-1.19536,-0.93829
-3.07722,-1.50912,-1.71658,-1.31025,-1.19517,-0.93808
-3.07706,-1.50937,-1.71636,-1.30967,-1.19499,-0.93787
-3.07743,-1.50923,-1.71657,-1.31018,-1.19553,-0.93776
-3.07780,-1.50910,-1.71677,-1.31071,-1.19608,-0.93765
-3.07783,-1.50906,-1.71680,-1.31080,-1.19613,-0.93740
-3.07786,-1.50903,-1.71682,-1.31089,-1.19618,-0.93715
-3.07743,-1.50876,-1.71695,-1.31096,-1.19563,-0.93769
-3.07701,-1.50850,-1.71707,-1.31103,-1.19508,-0.93824
-3.07690,-1.50820,-1.71722,-1.31162,-1.19482,-0.93891
-3.07679,-1.50790,-1.71735,-1.31220,-1.19456,-0.93957
-3.07760,-1.50954,-1.71628,-1.30997,-1.19553,-0.93889
-3.07839,-1.51119,-1.71520,-1.30774,-1.19650,-0.93821
-3.07886,-1.51203,-1.71463,-1.30673,-1.19702,-0.93843
-3.07932,-1.51286,-1.71407,-1.30573,-1.19753,-0.93866
-3.07960,-1.51336,-1.71371,-1.30516,-1.19785,-0.93795
-3.07987,-1.51386,-1.71336,-1.30460,-1.19816,-0.93723
-3.07978,-1.51445,-1.71290,-1.30344,-1.19795,-0.93807
-3.07969,-1.51504,-1.71243,-1.30229,-1.19773,-0.93891
-3.07943,-1.51499,-1.71236,-1.30225,-1.19720,-0.93920
-3.07918,-1.51494,-1.71229,-1.30222,-1.19667,-0.93949
-3.07991,-1.51613,-1.71149,-1.30091,-1.19751,-0.93997
-3.08065,-1.51731,-1.71068,-1.29959,-1.19835,-0.94044
-3.08167,-1.51826,-1.71020,-1.29877,-1.19977,-0.93864
-3.08268,-1.51920,-1.70971,-1.29794,-1.20119,-0.93683
-3.08296,-1.51962,-1.70942,-1.29751,-1.20142,-0.93618
-3.08324,-1.52003,-1.70914,-1.29708,-1.20165,-0.93554
-3.08314,-1.52068,-1.70860,-1.29588,-1.20147,-0.93651
-3.08305,-1.52132,-1.70807,-1.29469,-1.20129,-0.93748
-3.08345,-1.52179,-1.70772,-1.29437,-1.20163,-0.93692
-3.08386,-1.52225,-1.70738,-1.29405,-1.20198,-0.93637
-3.08432,-1.52273,-1.70710,-1.29368,-1.20256,-0.93528
-3.08478,-1.52321,-1.70683,-1.29332,-1.20313,-0.93420
-3.08468,-1.52376,-1.70632,-1.29240,-1.20281,-0.93512
-3.08458,-1.52431,-1.70581,-1.29148,-1.20249,-0.93604
-3.08501,-1.52456,-1.70566,-1.29149,-1.20297,-0.93530
-3.08544,-1.52482,-1.70552,-1.29150,-1.20344,-0.93456
-3.08579,-1.52500,-1.70547,-1.29145,-1.20392,-0.93288
-3.08613,-1.52517,-1.70542,-1.29139,-1.20440,-0.93121
-3.08637,-1.52652,-1.70431,-1.28950,-1.20440,-0.93315
-3.08660,-1.52786,-1.70320,-1.28762,-1.20440,-0.93509
-3.08701,-1.52818,-1.70303,-1.28741,-1.20491,-0.93369
-3.08741,-1.52850,-1.70287,-1.28721,-1.20542,-0.93229
-3.08739,-1.52909,-1.70231,-1.28634,-1.20519,-0.93374
-3.08736,-1.52968,-1.70175,-1.28548,-1.20496,-0.93519
-3.08779,-1.53046,-1.70121,-1.28454,-1.20546,-0.93472
-3.08823,-1.53125,-1.70066,-1.28360,-1.20595,-0.93425
-3.08881,-1.53169,-1.70044,-1.28330,-1.20665,-0.93266
-3.08939,-1.53213,-1.70022,-1.28301,-1.20735,-0.93108
-3.08972,-1.53266,-1.69985,-1.28241,-1.20771,-0.92960
-3.09004,-1.53320,-1.69947,-1.28180,-1.20807,-0.92812
-3.09031,-1.53394,-1.69884,-1.28093,-1.20824,-0.92894
-3.09058,-1.53468,-1.69821,-1.28007,-1.20842,-0.92975
-3.09084,-1.53530,-1.69770,-1.27941,-1.20860,-0.92999
-3.09110,-1.53591,-1.69720,-1.27876,-1.20878,-0.93023
-3.09146,-1.53638,-1.69686,-1.27833,-1.20913,-0.92973
-3.09182,-1.53685,-1.69652,-1.27792,-1.20948,-0.92923
-3.09229,-1.53782,-1.69577,-1.27680,-1.20992,-0.92965
-3.09275,-1.53879,-1.69501,-1.27568,-1.21036,-0.93007
-3.09287,-1.53883,-1.69499,-1.27572,-1.21045,-0.92921
-3.09298,-1.53887,-1.69497,-1.27577,-1.21053,-0.92836
-3.09330,-1.53955,-1.69447,-1.27495,-1.21089,-0.92800
-3.09362,-1.54022,-1.69397,-1.27413,-1.21126,-0.92764
-3.09381,-1.54095,-1.69338,-1.27314,-1.21134,-0.92827
-3.09401,-1.54168,-1.69279,-1.27215,-1.21142,-0.92890
-3.09453,-1.54252,-1.69213,-1.27133,-1.21199,-0.92816
-3.09504,-1.54336,-1.69147,-1.27051,-1.21257,-0.92742
-3.09562,-1.54450,-1.69064,-1.26912,-1.21325,-0.92773
-3.09621,-1.54564,-1.68982,-1.26775,-1.21392,-0.92804
-3.09645,-1.54616,-1.68941,-1.26716,-1.21415,-0.92804
-3.09669,-1.54666,-1.68901,-1.26658,-1.21438,-0.92803
-3.09705,-1.54720,-1.68859,-1.26606,-1.21471,-0.92726
-3.09742,-1.54773,-1.68817,-1.26554,-1.21504,-0.92648
-3.09766,-1.54856,-1.68750,-1.26440,-1.21526,-0.92665
-3.09791,-1.54938,-1.68684,-1.26326,-1.21547,-0.92681
-3.09804,-1.55007,-1.68626,-1.26229,-1.21559,-0.92754
-3.09817,-1.55076,-1.68569,-1.26133,-1.21572,-0.92827
-3.09835,-1.55126,-1.68524,-1.26073,-1.21579,-0.92829
-3.09853,-1.55177,-1.68478,-1.26013,-1.21587,-0.92831
-3.09883,-1.55249,-1.68423,-1.25918,-1.21621,-0.92836
-3.09914,-1.55321,-1.68368,-1.25824,-1.21655,-0.92841
-3.09976,-1.55402,-1.68302,-1.25766,-1.21714,-0.92761
-3.10038,-1.55483,-1.68236,-1.25709,-1.21772,-0.92682
-3.10113,-1.55587,-1.68160,-1.25604,-1.21865,-0.92593
-3.10187,-1.55690,-1.68084,-1.25500,-1.21957,-0.92504
-3.10216,-1.55778,-1.68013,-1.25385,-1.21986,-0.92495
-3.10246,-1.55865,-1.67941,-1.25270,-1.22016,-0.92485
-3.10229,-1.55892,-1.67914,-1.25216,-1.21994,-0.92594
-3.10212,-1.55919,-1.67886,-1.25162,-1.21972,-0.92703
-3.10244,-1.56022,-1.67802,-1.25024,-1.21995,-0.92618
-3.10275,-1.56125,-1.67717,-1.24885,-1.22018,-0.92534
-3.10322,-1.56100,-1.67745,-1.24969,-1.22080,-0.92432
-3.10369,-1.56075,-1.67774,-1.25053,-1.22142,-0.92331
-3.10421,-1.56201,-1.67671,-1.24898,-1.22197,-0.92348
-3.10474,-1.56327,-1.67568,-1.24743,-1.22251,-0.92365
-3.10498,-1.56413,-1.67495,-1.24629,-1.22268,-0.92322
-3.10522,-1.56500,-1.67422,-1.24515,-1.22285,-0.92279
-3.10593,-1.56595,-1.67342,-1.24443,-1.22347,-0.92251
-3.10664,-1.56690,-1.67262,-1.24370,-1.22409,-0.92224
-3.10767,-1.56816,-1.67170,-1.24260,-1.22545,-0.92135
-3.10869,-1.56942,-1.67078,-1.24149,-1.22681,-0.92045
-3.10871,-1.56950,-1.67071,-1.24140,-1.22681,-0.92035
-3.10874,-1.56959,-1.67063,-1.24130,-1.22680,-0.92026
-3.10937,-1.57076,-1.66967,-1.24001,-1.22754,-0.92036
-3.10999,-1.57192,-1.66871,-1.23873,-1.22828,-0.92047
-3.10970,-1.57154,-1.66896,-1.23914,-1.22782,-0.92064
-3.10941,-1.57117,-1.66921,-1.23953,-1.22737,-0.92082
-3.11027,-1.57242,-1.66829,-1.23818,-1.22861,-0.92058
-3.11114,-1.57367,-1.66736,-1.23683,-1.22984,-0.92035
-3.11109,-1.57383,-1.66722,-1.23657,-1.22974,-0.91992
-3.11105,-1.57399,-1.66708,-1.23631,-1.22964,-0.91949
-3.11146,-1.57429,-1.66687,-1.23616,-1.23019,-0.91924
-3.11187,-1.57459,-1.66666,-1.23601,-1.23074,-0.91899
-3.11358,-1.57637,-1.66535,-1.23473,-1.23292,-0.91783
-3.11529,-1.57815,-1.66404,-1.23346,-1.23510,-0.91668
-3.11500,-1.57778,-1.66434,-1.23373,-1.23470,-0.91628
-3.11470,-1.57740,-1.66465,-1.23399,-1.23431,-0.91588
-3.11521,-1.57755,-1.66462,-1.23419,-1.23507,-0.91546
-3.11572,-1.57769,-1.66460,-1.23440,-1.23582,-0.91503
-3.11606,-1.57807,-1.66433,-1.23406,-1.23628,-0.91441
-3.11640,-1.57845,-1.66406,-1.23373,-1.23673,-0.91378
-3.11633,-1.57864,-1.66388,-1.23336,-1.23663,-0.91381
-3.11626,-1.57884,-1.66369,-1.23298,-1.23652,-0.91384
-3.11649,-1.57906,-1.66350,-1.23289,-1.23679,-0.91339
-3.11672,-1.57928,-1.66330,-1.23280,-1.23706,-0.91294
-3.11759,-1.57985,-1.66289,-1.23278,-1.23813,-0.91191
-3.11846,-1.58042,-1.66247,-1.23276,-1.23919,-0.91087
-3.11944,-1.58152,-1.66169,-1.23179,-1.24063,-0.91040
-3.12042,-1.58261,-1.66090,-1.23082,-1.24206,-0.90994
-3.12169,-1.58397,-1.65999,-1.22954,-1.24412,-0.90807
-3.12296,-1.58534,-1.65907,-1.22825,-1.24618,-0.90620
-3.12393,-1.58595,-1.65869,-1.22815,-1.24750,-0.90622
-3.12490,-1.58655,-1.65830,-1.22804,-1.24880,-0.90625
-3.12498,-1.58681,-1.65804,-1.22770,-1.24889,-0.90541
-3.12505,-1.58707,-1.65779,-1.22736,-1.24897,-0.90457
-3.12511,-1.58674,-1.65814,-1.22790,-1.24917,-0.90484
-3.12518,-1.58640,-1.65849,-1.22844,-1.24936,-0.90512
-3.12547,-1.58626,-1.65869,-1.22892,-1.24983,-0.90475
-3.12576,-1.58612,-1.65888,-1.22938,-1.25030,-0.90439
-3.12665,-1.58671,-1.65846,-1.22923,-1.25147,-0.90338
-3.12753,-1.58732,-1.65805,-1.22908,-1.25264,-0.90236
-3.12756,-1.58731,-1.65807,-1.22912,-1.25266,-0.90229
-3.12758,-1.58730,-1.65810,-1.22916,-1.25269,-0.90223
-3.12884,-1.58877,-1.65700,-1.22779,-1.25460,-0.90073
-3.13010,-1.59025,-1.65590,-1.22641,-1.25651,-0.89923
-3.13033,-1.59064,-1.65557,-1.22602,-1.25678,-0.89978
-3.13056,-1.59105,-1.65523,-1.22562,-1.25705,-0.90033
-3.13057,-1.59106,-1.65522,-1.22561,-1.25710,-0.89977
-3.13059,-1.59107,-1.65522,-1.22560,-1.25715,-0.89921
-3.13105,-1.59144,-1.65493,-1.22545,-1.25767,-0.89907
-3.13152,-1.59180,-1.65463,-1.22530,-1.25820,-0.89894
-3.13241,-1.59259,-1.65407,-1.22477,-1.25947,-0.89738
-3.13330,-1.59338,-1.65350,-1.22424,-1.26074,-0.89582
-3.13413,-1.59477,-1.65230,-1.22286,-1.26173,-0.89408
-3.13495,-1.59616,-1.65111,-1.22148,-1.26273,-0.89235
-3.13545,-1.59594,-1.65141,-1.22218,-1.26345,-0.89225
-3.13595,-1.59571,-1.65171,-1.22288,-1.26416,-0.89215
-3.13694,-1.59749,-1.65023,-1.22105,-1.26589,-0.89015
-3.13794,-1.59927,-1.64875,-1.21922,-1.26762,-0.88816
-3.13835,-1.59947,-1.64866,-1.21919,-1.26831,-0.88756
-3.13877,-1.59968,-1.64857,-1.21915,-1.26901,-0.88696
-3.13933,-1.60020,-1.64823,-1.21866,-1.26997,-0.88619
-3.13989,-1.60071,-1.64789,-1.21817,-1.27094,-0.88542
-3.14020,-1.60081,-1.64785,-1.21826,-1.27138,-0.88516
-3.14051,-1.60091,-1.64782,-1.21836,-1.27182,-0.88489
-3.14098,-1.60138,-1.64745,-1.21807,-1.27245,-0.88356
-3.14144,-1.60184,-1.64707,-1.21777,-1.27308,-0.88223
-3.14181,-1.60201,-1.64695,-1.21785,-1.27349,-0.88171
-3.14218,-1.60219,-1.64682,-1.21793,-1.27390,-0.88119
-3.14261,-1.60272,-1.64628,-1.21784,-1.27410,-0.88010
-3.14304,-1.60326,-1.64574,-1.21775,-1.27429,-0.87901
-3.14373,-1.60412,-1.64496,-1.21720,-1.27528,-0.87809
-3.14441,-1.60497,-1.64417,-1.21665,-1.27628,-0.87718
-3.14512,-1.60545,-1.64393,-1.21629,-1.27758,-0.87649
-3.14584,-1.60591,-1.64370,-1.21594,-1.27889,-0.87581
-3.14607,-1.60598,-1.64365,-1.21607,-1.27912,-0.87526
-3.14630,-1.60605,-1.64360,-1.21619,-1.27933,-0.87471
-3.14614,-1.60622,-1.64322,-1.21643,-1.27857,-0.87457
-3.14598,-1.60639,-1.64284,-1.21665,-1.27781,-0.87443
-3.14673,-1.60686,-1.64262,-1.21625,-1.27918,-0.87363
-3.14749,-1.60732,-1.64241,-1.21585,-1.28055,-0.87283
-3.14810,-1.60797,-1.64184,-1.21540,-1.28144,-0.87157
-3.14871,-1.60862,-1.64128,-1.21495,-1.28233,-0.87031
-3.14925,-1.60914,-1.64091,-1.21462,-1.28321,-0.86955
-3.14978,-1.60966,-1.64054,-1.21428,-1.28409,-0.86879
-3.15033,-1.61014,-1.64014,-1.21411,-1.28477,-0.86840
-3.15087,-1.61062,-1.63974,-1.21392,-1.28545,-0.86801
-3.15075,-1.61075,-1.63947,-1.21395,-1.28508,-0.86750
-3.15064,-1.61088,-1.63919,-1.21398,-1.28472,-0.86700
-3.15054,-1.61066,-1.63937,-1.21430,-1.28457,-0.86773
-3.15045,-1.61043,-1.63955,-1.21462,-1.28443,-0.86847
-3.15184,-1.61168,-1.63859,-1.21384,-1.28646,-0.86609
-3.15323,-1.61292,-1.63763,-1.21307,-1.28850,-0.86372
-3.15364,-1.61321,-1.63747,-1.21284,-1.28919,-0.86309
-3.15404,-1.61349,-1.63731,-1.21262,-1.28989,-0.86245
-3.15468,-1.61397,-1.63696,-1.21242,-1.29078,-0.86164
-3.15532,-1.61444,-1.63662,-1.21223,-1.29167,-0.86083
-3.15576,-1.61496,-1.63611,-1.21206,-1.29223,-0.86013
-3.15619,-1.61548,-1.63561,-1.21189,-1.29279,-0.85943
-3.15658,-1.61578,-1.63537,-1.21173,-1.29336,-0.85867
-3.15697,-1.61608,-1.63513,-1.21156,-1.29394,-0.85791
-3.15739,-1.61641,-1.63479,-1.21160,-1.29437,-0.85719
-3.15782,-1.61674,-1.63444,-1.21164,-1.29480,-0.85647
-3.15833,-1.61742,-1.63381,-1.21121,-1.29557,-0.85555
-3.15885,-1.61810,-1.63317,-1.21078,-1.29634,-0.85464
-3.15947,-1.61842,-1.63299,-1.21072,-1.29734,-0.85426
-3.16009,-1.61874,-1.63281,-1.21067,-1.29835,-0.85390
-3.16088,-1.61979,-1.63175,-1.21006,-1.29920,-0.85237
-3.16167,-1.62086,-1.63069,-1.20945,-1.30005,-0.85085
-3.16134,-1.62097,-1.63053,-1.20899,-1.29951,-0.85222
-3.16101,-1.62109,-1.63037,-1.20852,-1.29898,-0.85358
-3.16085,-1.62089,-1.63043,-1.20868,-1.29865,-0.85482
-3.16069,-1.62070,-1.63049,-1.20884,-1.29833,-0.85605
-3.16081,-1.62120,-1.62986,-1.20851,-1.29813,-0.85666
-3.16092,-1.62170,-1.62923,-1.20819,-1.29793,-0.85727
-3.16070,-1.62127,-1.62954,-1.20849,-1.29741,-0.85818
-3.16048,-1.62083,-1.62983,-1.20879,-1.29690,-0.85910
-3.16044,-1.62145,-1.62916,-1.20811,-1.29660,-0.86003
-3.16041,-1.62206,-1.62850,-1.20744,-1.29629,-0.86096
-3.16050,-1.62261,-1.62776,-1.20706,-1.29609,-0.86171
-3.16059,-1.62317,-1.62703,-1.20667,-1.29589,-0.86246
-3.16029,-1.62320,-1.62686,-1.20648,-1.29533,-0.86371
-3.16000,-1.62322,-1.62670,-1.20630,-1.29478,-0.86496
-3.16011,-1.62389,-1.62596,-1.20570,-1.29459,-0.86563
-3.16022,-1.62456,-1.62521,-1.20510,-1.29441,-0.86630
-3.15994,-1.62348,-1.62611,-1.20607,-1.29381,-0.86706
-3.15967,-1.62241,-1.62702,-1.20704,-1.29322,-0.86783
-3.15939,-1.62243,-1.62692,-1.20680,-1.29268,-0.86901
-3.15912,-1.62246,-1.62682,-1.20656,-1.29214,-0.87020
-3.15880,-1.62255,-1.62667,-1.20619,-1.29159,-0.87153
-3.15849,-1.62264,-1.62651,-1.20582,-1.29104,-0.87286
-3.15820,-1.62244,-1.62655,-1.20588,-1.29046,-0.87401
-3.15792,-1.62224,-1.62658,-1.20595,-1.28989,-0.87515
-3.15754,-1.62226,-1.62650,-1.20560,-1.28927,-0.87652
-3.15716,-1.62228,-1.62641,-1.20525,-1.28865,-0.87790
-3.15720,-1.62263,-1.62599,-1.20490,-1.28837,-0.87860
-3.15723,-1.62297,-1.62556,-1.20456,-1.28810,-0.87930
-3.15730,-1.62314,-1.62519,-1.20457,-1.28783,-0.87993
-3.15738,-1.62332,-1.62481,-1.20457,-1.28756,-0.88056
-3.15730,-1.62317,-1.62477,-1.20476,-1.28713,-0.88128
-3.15722,-1.62303,-1.62472,-1.20493,-1.28670,-0.88200
-3.15721,-1.62300,-1.62470,-1.20490,-1.28639,-0.88264
-3.15720,-1.62298,-1.62467,-1.20485,-1.28608,-0.88328
-3.15732,-1.62300,-1.62462,-1.20484,-1.28588,-0.88371
-3.15744,-1.62302,-1.62457,-1.20483,-1.28569,-0.88414
-3.15755,-1.62303,-1.62452,-1.20482,-1.28549,-0.88458
-3.15767,-1.62305,-1.62447,-1.20481,-1.28529,-0.88501
-3.15779,-1.62307,-1.62442,-1.20480,-1.28510,-0.88545
-3.15791,-1.62309,-1.62437,-1.20479,-1.28490,-0.88588
-3.15802,-1.62311,-1.62431,-1.20478,-1.28470,-0.88632
-3.15814,-1.62313,-1.62426,-1.20477,-1.28450,-0.88675
-3.15826,-1.62315,-1.62421,-1.20476,-1.28431,-0.88719
-3.15837,-1.62317,-1.62416,-1.20475,-1.28411,-0.88762
-3.15849,-1.62318,-1.62411,-1.20474,-1.28391,-0.88805
-3.15861,-1.62320,-1.62406,-1.20473,-1.28372,-0.88849
-3.15873,-1.62322,-1.62401,-1.20472,-1.28352,-0.88892
-3.15884,-1.62324,-1.62395,-1.20471,-1.28333,-0.88936
-3.15896,-1.62326,-1.62390,-1.20470,-1.28313,-0.88979
-3.15908,-1.62328,-1.62385,-1.20468,-1.28293,-0.89022
-3.15920,-1.62330,-1.62380,-1.20468,-1.28273,-0.89066
-3.15931,-1.62332,-1.62374,-1.20466,-1.28254,-0.89110
-3.15943,-1.62334,-1.62369,-1.20465,-1.28234,-0.89153
-3.15955,-1.62336,-1.62364,-1.20464,-1.28215,-0.89196
-3.15967,-1.62338,-1.62359,-1.20463,-1.28195,-0.89240
-3.15978,-1.62340,-1.62353,-1.20462,-1.28175,-0.89283
-3.15990,-1.62342,-1.62348,-1.20461,-1.28156,-0.89327
-3.16002,-1.62344,-1.62342,-1.20460,-1.28136,-0.89371
-3.16014,-1.62346,-1.62337,-1.20458,-1.28116,-0.89414
-3.16025,-1.62349,-1.62331,-1.20457,-1.28097,-0.89458
-3.16037,-1.62350,-1.62326,-1.20456,-1.28077,-0.89501
-3.16049,-1.62352,-1.62321,-1.20455,-1.28057,-0.89545
-3.16061,-1.62354,-1.62316,-1.20454,-1.28038,-0.89589
-3.16072,-1.62357,-1.62310,-1.20453,-1.28018,-0.89633
-3.16084,-1.62359,-1.62305,-1.20452,-1.27998,-0.89676
-3.16096,-1.62361,-1.62299,-1.20451,-1.27979,-0.89720
-3.16108,-1.62363,-1.62294,-1.20449,-1.27959,-0.89763
-3.16119,-1.62365,-1.62289,-1.20448,-1.27939,-0.89807
-3.16131,-1.62367,-1.62283,-1.20447,-1.27920,-0.89851
-3.16143,-1.62369,-1.62278,-1.20446,-1.27900,-0.89894
-3.16155,-1.62371,-1.62272,-1.20445,-1.27880,-0.89938
-3.16166,-1.62373,-1.62266,-1.20444,-1.27861,-0.89982
-3.16178,-1.62375,-1.62261,-1.20443,-1.27841,-0.90026
-3.16190,-1.62378,-1.62256,-1.20441,-1.27821,-0.90069
-3.16202,-1.62380,-1.62250,-1.20440,-1.27801,-0.90113
-3.16214,-1.62382,-1.62245,-1.20439,-1.27782,-0.90157
-3.16225,-1.62384,-1.62239,-1.20438,-1.27762,-0.90201
-3.16237,-1.62386,-1.62233,-1.20437,-1.27743,-0.90244
-3.16249,-1.62388,-1.62228,-1.20435,-1.27723,-0.90288
-3.16261,-1.62391,-1.62222,-1.20434,-1.27703,-0.90332
-3.16272,-1.62393,-1.62217,-1.20433,-1.27683,-0.90376
-3.16284,-1.62395,-1.62211,-1.20432,-1.27664,-0.90420
-3.16296,-1.62397,-1.62205,-1.20430,-1.27644,-0.90463
-3.16308,-1.62399,-1.62200,-1.20430,-1.27625,-0.90507
-3.16319,-1.62402,-1.62194,-1.20428,-1.27605,-0.90551
-3.16331,-1.62404,-1.62189,-1.20427,-1.27585,-0.90595
-3.16343,-1.62406,-1.62183,-1.20425,-1.27566,-0.90638
-3.16355,-1.62409,-1.62177,-1.20424,-1.27546,-0.90683
-3.16367,-1.62411,-1.62172,-1.20423,-1.27526,-0.90726
-3.16378,-1.62413,-1.62166,-1.20422,-1.27506,-0.90770
-3.16390,-1.62416,-1.62160,-1.20421,-1.27487,-0.90815
-3.16402,-1.62418,-1.62155,-1.20419,-1.27467,-0.90858
-3.16414,-1.62420,-1.62149,-1.20418,-1.27448,-0.90902
-3.16426,-1.62422,-1.62143,-1.20417,-1.27428,-0.90946
-3.16438,-1.62425,-1.62137,-1.20415,-1.27408,-0.90990
-3.16449,-1.62427,-1.62132,-1.20415,-1.27389,-0.91034
-3.16461,-1.62429,-1.62126,-1.20413,-1.27369,-0.91078
-3.16473,-1.62431,-1.62121,-1.20412,-1.27349,-0.91122
-3.16485,-1.62434,-1.62115,-1.20411,-1.27329,-0.91166
-3.16496,-1.62436,-1.62109,-1.20410,-1.27310,-0.91210
