-1.05196,-1.96391,-0.69627,-1.28161,1.13599,1.06094
-1.05181,-1.96342,-0.69768,-1.28015,1.13563,1.06108
-1.05166,-1.96293,-0.69908,-1.27869,1.13526,1.06123
-1.05150,-1.96244,-0.70049,-1.27723,1.13489,1.06138
-1.05135,-1.96195,-0.70188,-1.27577,1.13453,1.06152
-1.05120,-1.96147,-0.70327,-1.27432,1.13416,1.06167
-1.05105,-1.96099,-0.70466,-1.27287,1.13380,1.06181
-1.05084,-1.96062,-0.70578,-1.27169,1.13317,1.06171
-1.05062,-1.96026,-0.70690,-1.27053,1.13254,1.06160
-1.05036,-1.96001,-0.70757,-1.26991,1.13184,1.06173
-1.05009,-1.95976,-0.70823,-1.26930,1.13116,1.06186
-1.04979,-1.95958,-0.70880,-1.26881,1.13033,1.06202
-1.04949,-1.95941,-0.70937,-1.26831,1.12950,1.06218
-1.04920,-1.95917,-0.71018,-1.26751,1.12865,1.06197
-1.04890,-1.95893,-0.71099,-1.26672,1.12779,1.06175
-1.04864,-1.95872,-0.71161,-1.26613,1.12706,1.06193
-1.04838,-1.95851,-0.71223,-1.26552,1.12633,1.06210
-1.04808,-1.95827,-0.71292,-1.26490,1.12555,1.06225
-1.04779,-1.95803,-0.71360,-1.26428,1.12476,1.06240
-1.04754,-1.95775,-0.71438,-1.26350,1.12407,1.06251
-1.04729,-1.95746,-0.71515,-1.26273,1.12337,1.06262
-1.04705,-1.95713,-0.71601,-1.26187,1.12272,1.06288
-1.04681,-1.95679,-0.71686,-1.26102,1.12206,1.06313
-1.04653,-1.95661,-0.71742,-1.26052,1.12129,1.06327
-1.04624,-1.95644,-0.71797,-1.26002,1.12052,1.06342
-1.04598,-1.95624,-0.71861,-1.25941,1.11976,1.06348
-1.04571,-1.95604,-0.71923,-1.25881,1.11901,1.06355
-1.04539,-1.95597,-0.71955,-1.25860,1.11816,1.06379
-1.04508,-1.95591,-0.71985,-1.25840,1.11733,1.06402
-1.04483,-1.95565,-0.72060,-1.25766,1.11661,1.06406
-1.04457,-1.95539,-0.72134,-1.25693,1.11590,1.06409
-1.04429,-1.95523,-0.72187,-1.25645,1.11513,1.06423
-1.04401,-1.95506,-0.72241,-1.25596,1.11437,1.06437
-1.04375,-1.95489,-0.72295,-1.25547,1.11364,1.06453
-1.04349,-1.95472,-0.72348,-1.25497,1.11292,1.06468
-1.04321,-1.95454,-0.72406,-1.25444,1.11215,1.06480
-1.04293,-1.95436,-0.72464,-1.25390,1.11138,1.06492
-1.04263,-1.95431,-0.72492,-1.25373,1.11058,1.06515
-1.04232,-1.95426,-0.72520,-1.25356,1.10977,1.06539
-1.04207,-1.95400,-0.72596,-1.25280,1.10904,1.06544
-1.04182,-1.95374,-0.72671,-1.25204,1.10831,1.06550
-1.04155,-1.95360,-0.72717,-1.25165,1.10757,1.06571
-1.04127,-1.95345,-0.72764,-1.25124,1.10682,1.06592
-1.04098,-1.95336,-0.72805,-1.25091,1.10601,1.06603
-1.04068,-1.95326,-0.72846,-1.25057,1.10520,1.06615
-1.04043,-1.95305,-0.72907,-1.24999,1.10450,1.06635
-1.04018,-1.95285,-0.72967,-1.24942,1.10380,1.06656
-1.03990,-1.95268,-0.73025,-1.24888,1.10300,1.06657
-1.03962,-1.95252,-0.73083,-1.24833,1.10220,1.06659
-1.03934,-1.95239,-0.73128,-1.24793,1.10144,1.06676
-1.03907,-1.95226,-0.73174,-1.24753,1.10068,1.06693
-1.03879,-1.95215,-0.73218,-1.24717,1.09990,1.06706
-1.03851,-1.95203,-0.73262,-1.24680,1.09913,1.06719
-1.03823,-1.95191,-0.73307,-1.24640,1.09837,1.06732
-1.03796,-1.95178,-0.73353,-1.24600,1.09761,1.06745
-1.03770,-1.95164,-0.73402,-1.24555,1.09688,1.06762
-1.03744,-1.95149,-0.73453,-1.24509,1.09615,1.06777
-1.03717,-1.95136,-0.73499,-1.24468,1.09539,1.06792
-1.03690,-1.95123,-0.73545,-1.24427,1.09464,1.06806
-1.03658,-1.95120,-0.73573,-1.24410,1.09376,1.06821
-1.03626,-1.95118,-0.73599,-1.24395,1.09289,1.06836
-1.03600,-1.95098,-0.73663,-1.24334,1.09215,1.06844
-1.03573,-1.95078,-0.73725,-1.24274,1.09139,1.06853
-1.03546,-1.95061,-0.73781,-1.24223,1.09066,1.06866
-1.03519,-1.95043,-0.73837,-1.24172,1.08992,1.06879
-1.03494,-1.95025,-0.73895,-1.24118,1.08920,1.06890
-1.03468,-1.95007,-0.73952,-1.24064,1.08850,1.06902
-1.03443,-1.94991,-0.74004,-1.24016,1.08779,1.06913
-1.03417,-1.94975,-0.74057,-1.23968,1.08707,1.06925
-1.03390,-1.94954,-0.74120,-1.23908,1.08632,1.06937
-1.03363,-1.94933,-0.74183,-1.23849,1.08558,1.06949
-1.03338,-1.94915,-0.74241,-1.23794,1.08487,1.06960
-1.03313,-1.94897,-0.74298,-1.23740,1.08418,1.06972
-1.03286,-1.94878,-0.74356,-1.23686,1.08344,1.06983
-1.03260,-1.94860,-0.74413,-1.23632,1.08271,1.06994
-1.03234,-1.94841,-0.74473,-1.23575,1.08199,1.07006
-1.03208,-1.94821,-0.74534,-1.23517,1.08127,1.07018
-1.03178,-1.94807,-0.74583,-1.23478,1.08050,1.07027
-1.03149,-1.94792,-0.74631,-1.23439,1.07973,1.07037
-1.03130,-1.94762,-0.74716,-1.23341,1.07909,1.07049
-1.03111,-1.94732,-0.74801,-1.23243,1.07845,1.07061
-1.03086,-1.94715,-0.74856,-1.23191,1.07775,1.07073
-1.03060,-1.94699,-0.74910,-1.23140,1.07705,1.07086
-1.03032,-1.94689,-0.74952,-1.23103,1.07624,1.07098
-1.03003,-1.94679,-0.74994,-1.23068,1.07543,1.07110
-1.02977,-1.94663,-0.75049,-1.23016,1.07470,1.07127
-1.02951,-1.94646,-0.75104,-1.22963,1.07396,1.07143
-1.02928,-1.94625,-0.75163,-1.22905,1.07336,1.07170
-1.02906,-1.94604,-0.75223,-1.22846,1.07275,1.07196
-1.02879,-1.94591,-0.75271,-1.22802,1.07201,1.07208
-1.02853,-1.94577,-0.75320,-1.22757,1.07127,1.07220
-1.02829,-1.94561,-0.75372,-1.22706,1.07059,1.07233
-1.02805,-1.94546,-0.75423,-1.22657,1.06991,1.07245
-1.02781,-1.94525,-0.75486,-1.22594,1.06923,1.07261
-1.02757,-1.94505,-0.75548,-1.22531,1.06855,1.07277
-1.02728,-1.94501,-0.75578,-1.22508,1.06772,1.07299
-1.02699,-1.94498,-0.75607,-1.22486,1.06689,1.07320
-1.02676,-1.94479,-0.75666,-1.22428,1.06622,1.07333
-1.02652,-1.94460,-0.75725,-1.22369,1.06554,1.07345
-1.02628,-1.94438,-0.75790,-1.22303,1.06488,1.07355
-1.02604,-1.94416,-0.75856,-1.22237,1.06422,1.07364
-1.02589,-1.94406,-0.75888,-1.22205,1.06383,1.07363
-1.02574,-1.94396,-0.75920,-1.22173,1.06344,1.07362
-1.02558,-1.94388,-0.75950,-1.22143,1.06305,1.07360
-1.02543,-1.94379,-0.75980,-1.22112,1.06266,1.07358
-1.02528,-1.94368,-0.76015,-1.22076,1.06227,1.07353
-1.02512,-1.94357,-0.76049,-1.22041,1.06188,1.07348
-1.02485,-1.94394,-0.75994,-1.22118,1.06117,1.07331
-1.02458,-1.94431,-0.75938,-1.22195,1.06046,1.07314
-1.02446,-1.94400,-0.76024,-1.22091,1.06006,1.07266
-1.02434,-1.94369,-0.76110,-1.21986,1.05965,1.07218
-1.02414,-1.94352,-0.76160,-1.21943,1.05925,1.07167
-1.02394,-1.94335,-0.76210,-1.21900,1.05884,1.07115
-1.02370,-1.94336,-0.76225,-1.21898,1.05828,1.07064
-1.02346,-1.94337,-0.76241,-1.21894,1.05772,1.07013
-1.02324,-1.94303,-0.76328,-1.21813,1.05734,1.06935
-1.02303,-1.94269,-0.76415,-1.21732,1.05695,1.06858
-1.02279,-1.94243,-0.76485,-1.21674,1.05651,1.06779
-1.02255,-1.94217,-0.76555,-1.21617,1.05608,1.06701
-1.02233,-1.94186,-0.76637,-1.21542,1.05567,1.06623
-1.02211,-1.94154,-0.76720,-1.21465,1.05526,1.06545
-1.02189,-1.94125,-0.76799,-1.21391,1.05481,1.06469
-1.02166,-1.94096,-0.76878,-1.21317,1.05435,1.06393
-1.02144,-1.94065,-0.76959,-1.21243,1.05393,1.06314
-1.02121,-1.94034,-0.77040,-1.21169,1.05350,1.06236
-1.02094,-1.94028,-0.77071,-1.21154,1.05292,1.06179
-1.02067,-1.94021,-0.77103,-1.21139,1.05234,1.06122
-1.02045,-1.93998,-0.77169,-1.21080,1.05190,1.06048
-1.02024,-1.93976,-0.77233,-1.21021,1.05146,1.05973
-1.01997,-1.93967,-0.77271,-1.20997,1.05087,1.05911
-1.01971,-1.93958,-0.77309,-1.20973,1.05029,1.05849
-1.01945,-1.93944,-0.77356,-1.20940,1.04976,1.05784
-1.01919,-1.93930,-0.77403,-1.20906,1.04923,1.05719
-1.01896,-1.93905,-0.77473,-1.20843,1.04876,1.05642
-1.01873,-1.93881,-0.77543,-1.20779,1.04828,1.05566
-1.01846,-1.93867,-0.77591,-1.20745,1.04771,1.05502
-1.01820,-1.93854,-0.77638,-1.20709,1.04713,1.05437
-1.01789,-1.93871,-0.77625,-1.20745,1.04636,1.05397
-1.01757,-1.93889,-0.77611,-1.20782,1.04560,1.05358
-1.01735,-1.93854,-0.77698,-1.20705,1.04522,1.05278
-1.01713,-1.93819,-0.77786,-1.20626,1.04485,1.05197
-1.01689,-1.93814,-0.77816,-1.20600,1.04425,1.05157
-1.01666,-1.93809,-0.77846,-1.20575,1.04364,1.05118
-1.01640,-1.93815,-0.77851,-1.20586,1.04301,1.05084
-1.01613,-1.93822,-0.77855,-1.20598,1.04238,1.05051
-1.01579,-1.93851,-0.77818,-1.20666,1.04154,1.05033
-1.01544,-1.93879,-0.77780,-1.20735,1.04070,1.05015
-1.01518,-1.93885,-0.77788,-1.20743,1.04007,1.04984
-1.01491,-1.93891,-0.77795,-1.20753,1.03943,1.04953
-1.01465,-1.93900,-0.77793,-1.20772,1.03878,1.04937
-1.01438,-1.93909,-0.77791,-1.20790,1.03813,1.04919
-1.01410,-1.93925,-0.77778,-1.20817,1.03735,1.04903
-1.01382,-1.93941,-0.77765,-1.20843,1.03656,1.04887
-1.01361,-1.93931,-0.77803,-1.20807,1.03601,1.04849
-1.01340,-1.93920,-0.77841,-1.20771,1.03548,1.04810
-1.01308,-1.93959,-0.77782,-1.20854,1.03458,1.04827
-1.01275,-1.93997,-0.77723,-1.20938,1.03367,1.04843
-1.01255,-1.93997,-0.77742,-1.20929,1.03319,1.04825
-1.01234,-1.93998,-0.77759,-1.20922,1.03271,1.04807
-1.01212,-1.94012,-0.77747,-1.20938,1.03203,1.04819
-1.01190,-1.94027,-0.77734,-1.20956,1.03136,1.04831
-1.01166,-1.94043,-0.77718,-1.20987,1.03072,1.04843
-1.01143,-1.94060,-0.77701,-1.21017,1.03008,1.04854
-1.01117,-1.94053,-0.77733,-1.21002,1.02954,1.04811
-1.01091,-1.94047,-0.77764,-1.20988,1.02900,1.04768
-1.01067,-1.94056,-0.77763,-1.20998,1.02836,1.04764
-1.01043,-1.94064,-0.77765,-1.21007,1.02771,1.04758
-1.01023,-1.94064,-0.77784,-1.20989,1.02711,1.04743
-1.01002,-1.94064,-0.77803,-1.20970,1.02651,1.04729
-1.00975,-1.94078,-0.77795,-1.20994,1.02583,1.04720
-1.00949,-1.94092,-0.77786,-1.21020,1.02514,1.04711
-1.00924,-1.94099,-0.77788,-1.21033,1.02453,1.04705
-1.00899,-1.94106,-0.77789,-1.21047,1.02391,1.04700
-1.00876,-1.94117,-0.77789,-1.21053,1.02323,1.04697
-1.00852,-1.94126,-0.77790,-1.21058,1.02255,1.04693
-1.00838,-1.94108,-0.77842,-1.21003,1.02222,1.04681
-1.00824,-1.94089,-0.77894,-1.20948,1.02190,1.04668
-1.00796,-1.94118,-0.77855,-1.21003,1.02104,1.04688
-1.00767,-1.94147,-0.77815,-1.21057,1.02019,1.04709
-1.00759,-1.94104,-0.77911,-1.20952,1.02011,1.04677
-1.00750,-1.94061,-0.78007,-1.20848,1.02003,1.04645
-1.00738,-1.94047,-0.78055,-1.20788,1.01966,1.04632
-1.00726,-1.94033,-0.78104,-1.20728,1.01930,1.04619
-1.00678,-1.94118,-0.77954,-1.20926,1.01788,1.04675
-1.00630,-1.94203,-0.77802,-1.21126,1.01645,1.04732
-1.00610,-1.94204,-0.77818,-1.21114,1.01588,1.04737
-1.00589,-1.94205,-0.77833,-1.21103,1.01531,1.04741
-1.00568,-1.94206,-0.77850,-1.21095,1.01477,1.04735
-1.00547,-1.94207,-0.77867,-1.21087,1.01423,1.04730
-1.00528,-1.94210,-0.77878,-1.21077,1.01368,1.04737
-1.00510,-1.94214,-0.77888,-1.21068,1.01315,1.04744
-1.00491,-1.94212,-0.77908,-1.21049,1.01262,1.04749
-1.00473,-1.94210,-0.77929,-1.21031,1.01211,1.04753
-1.00454,-1.94208,-0.77950,-1.21011,1.01160,1.04758
-1.00436,-1.94206,-0.77971,-1.20992,1.01109,1.04762
-1.00418,-1.94204,-0.77991,-1.20973,1.01058,1.04768
-1.00399,-1.94202,-0.78012,-1.20953,1.01006,1.04773
-1.00380,-1.94199,-0.78034,-1.20934,1.00954,1.04776
-1.00361,-1.94197,-0.78055,-1.20915,1.00901,1.04780
-1.00343,-1.94196,-0.78075,-1.20896,1.00851,1.04785
-1.00324,-1.94194,-0.78095,-1.20878,1.00799,1.04789
-1.00289,-1.94245,-0.78022,-1.20945,1.00693,1.04862
-1.00255,-1.94296,-0.77948,-1.21012,1.00587,1.04934
-1.00222,-1.94347,-0.77872,-1.21078,1.00483,1.05017
-1.00189,-1.94399,-0.77796,-1.21145,1.00380,1.05100
-1.00155,-1.94438,-0.77746,-1.21189,1.00282,1.05153
-1.00121,-1.94477,-0.77695,-1.21233,1.00184,1.05207
-1.00083,-1.94536,-0.77606,-1.21319,1.00067,1.05285
-1.00046,-1.94595,-0.77517,-1.21404,0.99952,1.05364
-1.00010,-1.94658,-0.77419,-1.21498,0.99835,1.05455
-0.99973,-1.94722,-0.77321,-1.21592,0.99718,1.05545
-0.99946,-1.94746,-0.77297,-1.21599,0.99638,1.05609
-0.99919,-1.94770,-0.77274,-1.21604,0.99558,1.05673
-0.99894,-1.94801,-0.77237,-1.21610,0.99465,1.05756
-0.99869,-1.94832,-0.77199,-1.21615,0.99372,1.05839
-0.99840,-1.94887,-0.77116,-1.21682,0.99268,1.05952
-0.99810,-1.94941,-0.77034,-1.21749,0.99165,1.06065
-0.99780,-1.94990,-0.76964,-1.21807,0.99067,1.06142
-0.99749,-1.95039,-0.76893,-1.21865,0.98970,1.06219
-0.99716,-1.95094,-0.76820,-1.21930,0.98866,1.06266
-0.99683,-1.95148,-0.76748,-1.21995,0.98763,1.06313
-0.99653,-1.95196,-0.76678,-1.22052,0.98664,1.06394
-0.99622,-1.95244,-0.76610,-1.22107,0.98565,1.06475
-0.99591,-1.95291,-0.76542,-1.22163,0.98467,1.06555
-0.99561,-1.95339,-0.76474,-1.22218,0.98368,1.06635
-0.99531,-1.95387,-0.76404,-1.22274,0.98271,1.06727
-0.99502,-1.95436,-0.76332,-1.22332,0.98174,1.06819
-0.99473,-1.95476,-0.76276,-1.22375,0.98081,1.06894
-0.99444,-1.95516,-0.76220,-1.22417,0.97989,1.06969
-0.99411,-1.95573,-0.76137,-1.22490,0.97883,1.07041
-0.99379,-1.95630,-0.76055,-1.22562,0.97777,1.07114
-0.99351,-1.95664,-0.76013,-1.22588,0.97689,1.07181
-0.99323,-1.95698,-0.75970,-1.22614,0.97602,1.07248
-0.99292,-1.95763,-0.75870,-1.22705,0.97493,1.07340
-0.99260,-1.95828,-0.75769,-1.22796,0.97385,1.07433
-0.99228,-1.95869,-0.75711,-1.22845,0.97288,1.07509
-0.99197,-1.95910,-0.75652,-1.22894,0.97192,1.07585
-0.99166,-1.95962,-0.75577,-1.22958,0.97090,1.07665
-0.99135,-1.96014,-0.75500,-1.23023,0.96989,1.07746
-0.99108,-1.96067,-0.75422,-1.23084,0.96895,1.07841
-0.99081,-1.96120,-0.75346,-1.23144,0.96801,1.07935
-0.99050,-1.96178,-0.75260,-1.23222,0.96698,1.08022
-0.99019,-1.96236,-0.75174,-1.23299,0.96596,1.08109
-0.98988,-1.96282,-0.75111,-1.23352,0.96498,1.08182
-0.98957,-1.96327,-0.75049,-1.23402,0.96399,1.08256
-0.98927,-1.96380,-0.74969,-1.23469,0.96299,1.08338
-0.98897,-1.96433,-0.74889,-1.23537,0.96199,1.08420
-0.98868,-1.96489,-0.74804,-1.23606,0.96097,1.08514
-0.98839,-1.96546,-0.74718,-1.23677,0.95994,1.08609
-0.98806,-1.96599,-0.74643,-1.23744,0.95888,1.08679
-0.98774,-1.96652,-0.74567,-1.23811,0.95784,1.08749
-0.98742,-1.96707,-0.74488,-1.23878,0.95678,1.08819
-0.98711,-1.96763,-0.74407,-1.23946,0.95572,1.08889
-0.98684,-1.96811,-0.74339,-1.23997,0.95479,1.08989
-0.98658,-1.96858,-0.74269,-1.24050,0.95387,1.09088
-0.98625,-1.96916,-0.74184,-1.24125,0.95275,1.09159
-0.98591,-1.96973,-0.74100,-1.24200,0.95163,1.09230
-0.98566,-1.97011,-0.74051,-1.24230,0.95078,1.09317
-0.98540,-1.97048,-0.74002,-1.24260,0.94992,1.09405
-0.98513,-1.97089,-0.73949,-1.24290,0.94899,1.09489
-0.98487,-1.97129,-0.73896,-1.24321,0.94805,1.09573
-0.98459,-1.97168,-0.73850,-1.24351,0.94715,1.09632
-0.98431,-1.97207,-0.73803,-1.24382,0.94624,1.09693
-0.98399,-1.97255,-0.73738,-1.24439,0.94525,1.09748
-0.98367,-1.97304,-0.73672,-1.24496,0.94425,1.09804
-0.98341,-1.97326,-0.73654,-1.24492,0.94341,1.09861
-0.98315,-1.97349,-0.73635,-1.24489,0.94257,1.09918
-0.98291,-1.97369,-0.73621,-1.24480,0.94182,1.09977
-0.98268,-1.97390,-0.73607,-1.24471,0.94109,1.10035
-0.98241,-1.97406,-0.73602,-1.24456,0.94031,1.10077
-0.98215,-1.97421,-0.73596,-1.24442,0.93954,1.10119
-0.98190,-1.97452,-0.73568,-1.24448,0.93871,1.10179
-0.98166,-1.97482,-0.73540,-1.24453,0.93789,1.10240
-0.98140,-1.97515,-0.73503,-1.24471,0.93706,1.10298
-0.98115,-1.97547,-0.73467,-1.24487,0.93623,1.10357
-0.98090,-1.97572,-0.73445,-1.24486,0.93541,1.10418
-0.98065,-1.97596,-0.73424,-1.24484,0.93459,1.10480
-0.98037,-1.97620,-0.73410,-1.24479,0.93373,1.10533
-0.98010,-1.97643,-0.73395,-1.24475,0.93287,1.10586
-0.97984,-1.97666,-0.73375,-1.24473,0.93205,1.10635
-0.97958,-1.97690,-0.73353,-1.24473,0.93123,1.10685
-0.97929,-1.97706,-0.73352,-1.24454,0.93036,1.10724
-0.97901,-1.97722,-0.73350,-1.24435,0.92949,1.10763
-0.97878,-1.97744,-0.73337,-1.24425,0.92877,1.10811
-0.97855,-1.97766,-0.73324,-1.24414,0.92805,1.10859
-0.97827,-1.97765,-0.73354,-1.24361,0.92725,1.10887
-0.97799,-1.97764,-0.73384,-1.24309,0.92645,1.10915
-0.97772,-1.97797,-0.73352,-1.24319,0.92555,1.10966
-0.97745,-1.97829,-0.73320,-1.24331,0.92466,1.11016
-0.97720,-1.97846,-0.73315,-1.24317,0.92391,1.11055
-0.97695,-1.97863,-0.73309,-1.24303,0.92316,1.11094
-0.97667,-1.97865,-0.73334,-1.24258,0.92237,1.11108
-0.97639,-1.97867,-0.73359,-1.24213,0.92159,1.11123
-0.97612,-1.97910,-0.73300,-1.24257,0.92070,1.11195
-0.97584,-1.97954,-0.73240,-1.24303,0.91981,1.11267
-0.97556,-1.97976,-0.73233,-1.24293,0.91895,1.11286
-0.97528,-1.97998,-0.73226,-1.24284,0.91810,1.11304
-0.97501,-1.98018,-0.73217,-1.24273,0.91727,1.11346
-0.97474,-1.98037,-0.73208,-1.24263,0.91644,1.11389
-0.97446,-1.98039,-0.73232,-1.24221,0.91572,1.11413
-0.97419,-1.98040,-0.73256,-1.24179,0.91500,1.11437
-0.97407,-1.98008,-0.73344,-1.24056,0.91462,1.11445
-0.97394,-1.97976,-0.73431,-1.23934,0.91425,1.11454
-0.97375,-1.97914,-0.73574,-1.23769,0.91393,1.11403
-0.97355,-1.97852,-0.73717,-1.23604,0.91361,1.11353
-0.97334,-1.97823,-0.73802,-1.23502,0.91314,1.11320
-0.97313,-1.97794,-0.73886,-1.23401,0.91267,1.11287
-0.97294,-1.97780,-0.73945,-1.23323,0.91215,1.11271
-0.97275,-1.97766,-0.74003,-1.23246,0.91164,1.11255
-0.97260,-1.97722,-0.74110,-1.23105,0.91126,1.11258
-0.97246,-1.97678,-0.74219,-1.22962,0.91088,1.11260
-0.97236,-1.97634,-0.74326,-1.22817,0.91065,1.11272
-0.97227,-1.97591,-0.74433,-1.22673,0.91042,1.11285
-0.97213,-1.97531,-0.74566,-1.22505,0.91014,1.11267
-0.97199,-1.97471,-0.74700,-1.22336,0.90985,1.11248
-0.97181,-1.97443,-0.74783,-1.22229,0.90942,1.11226
-0.97164,-1.97415,-0.74866,-1.22122,0.90899,1.11205
-0.97146,-1.97362,-0.74990,-1.21966,0.90860,1.11193
-0.97129,-1.97308,-0.75113,-1.21810,0.90822,1.11182
-0.97114,-1.97267,-0.75217,-1.21675,0.90790,1.11168
-0.97100,-1.97225,-0.75322,-1.21540,0.90758,1.11154
-0.97085,-1.97197,-0.75404,-1.21427,0.90719,1.11153
-0.97070,-1.97168,-0.75487,-1.21313,0.90680,1.11153
-0.97050,-1.97121,-0.75599,-1.21177,0.90638,1.11126
-0.97030,-1.97073,-0.75711,-1.21041,0.90596,1.11100
-0.97014,-1.97036,-0.75809,-1.20913,0.90562,1.11087
-0.96999,-1.96999,-0.75905,-1.20787,0.90527,1.11073
-0.96982,-1.96956,-0.76012,-1.20651,0.90492,1.11057
-0.96966,-1.96913,-0.76119,-1.20513,0.90456,1.11042
-0.96952,-1.96875,-0.76220,-1.20377,0.90422,1.11033
-0.96938,-1.96836,-0.76322,-1.20239,0.90389,1.11023
-0.96922,-1.96791,-0.76434,-1.20095,0.90352,1.11006
-0.96905,-1.96746,-0.76547,-1.19950,0.90315,1.10988
-0.96883,-1.96701,-0.76658,-1.19818,0.90274,1.10947
-0.96861,-1.96656,-0.76769,-1.19686,0.90232,1.10906
-0.96849,-1.96621,-0.76861,-1.19555,0.90199,1.10913
-0.96837,-1.96585,-0.76954,-1.19424,0.90166,1.10919
-0.96819,-1.96548,-0.77051,-1.19299,0.90127,1.10898
-0.96801,-1.96510,-0.77148,-1.19173,0.90089,1.10877
-0.96784,-1.96461,-0.77261,-1.19031,0.90054,1.10863
-0.96766,-1.96411,-0.77373,-1.18888,0.90019,1.10849
-0.96744,-1.96390,-0.77444,-1.18798,0.89968,1.10823
-0.96723,-1.96369,-0.77513,-1.18710,0.89918,1.10797
-0.96701,-1.96346,-0.77587,-1.18619,0.89871,1.10758
-0.96679,-1.96322,-0.77662,-1.18526,0.89824,1.10719
-0.96659,-1.96302,-0.77731,-1.18437,0.89776,1.10695
-0.96638,-1.96281,-0.77801,-1.18346,0.89727,1.10671
-0.96615,-1.96256,-0.77880,-1.18252,0.89681,1.10617
-0.96592,-1.96231,-0.77959,-1.18158,0.89636,1.10563
-0.96572,-1.96213,-0.78022,-1.18076,0.89588,1.10539
-0.96551,-1.96196,-0.78083,-1.17996,0.89540,1.10515
-0.96538,-1.96209,-0.78087,-1.17967,0.89493,1.10534
-0.96524,-1.96221,-0.78092,-1.17937,0.89445,1.10553
-0.96505,-1.96208,-0.78140,-1.17869,0.89398,1.10549
-0.96487,-1.96195,-0.78189,-1.17800,0.89351,1.10545
-0.96464,-1.96186,-0.78237,-1.17738,0.89297,1.10511
-0.96441,-1.96178,-0.78284,-1.17678,0.89244,1.10479
-0.96425,-1.96181,-0.78293,-1.17644,0.89189,1.10532
-0.96409,-1.96185,-0.78303,-1.17609,0.89134,1.10584
-0.96387,-1.96157,-0.78390,-1.17501,0.89090,1.10528
-0.96366,-1.96130,-0.78477,-1.17394,0.89045,1.10472
-0.96345,-1.96128,-0.78507,-1.17349,0.88990,1.10466
-0.96324,-1.96126,-0.78537,-1.17304,0.88936,1.10460
-0.96306,-1.96133,-0.78542,-1.17280,0.88880,1.10500
-0.96288,-1.96139,-0.78546,-1.17256,0.88825,1.10539
-0.96271,-1.96103,-0.78641,-1.17129,0.88786,1.10523
-0.96254,-1.96067,-0.78735,-1.17003,0.88747,1.10507
-0.96235,-1.96032,-0.78827,-1.16881,0.88705,1.10495
-0.96216,-1.95996,-0.78919,-1.16760,0.88662,1.10483
-0.96199,-1.95961,-0.79012,-1.16635,0.88623,1.10467
-0.96181,-1.95925,-0.79105,-1.16509,0.88584,1.10451
-0.96165,-1.95880,-0.79220,-1.16355,0.88551,1.10423
-0.96150,-1.95836,-0.79335,-1.16201,0.88517,1.10394
-0.96132,-1.95819,-0.79394,-1.16117,0.88472,1.10382
-0.96114,-1.95802,-0.79453,-1.16033,0.88427,1.10370
-0.96092,-1.95795,-0.79494,-1.15973,0.88372,1.10358
-0.96071,-1.95788,-0.79535,-1.15913,0.88317,1.10348
-0.96051,-1.95754,-0.79626,-1.15794,0.88274,1.10326
-0.96031,-1.95720,-0.79718,-1.15675,0.88231,1.10304
-0.96014,-1.95682,-0.79821,-1.15535,0.88192,1.10274
-0.95996,-1.95645,-0.79926,-1.15394,0.88154,1.10243
-0.95980,-1.95611,-0.80015,-1.15270,0.88114,1.10231
-0.95963,-1.95578,-0.80104,-1.15147,0.88075,1.10219
-0.95944,-1.95546,-0.80191,-1.15029,0.88033,1.10200
-0.95925,-1.95514,-0.80278,-1.14912,0.87991,1.10180
-0.95907,-1.95479,-0.80372,-1.14786,0.87951,1.10156
-0.95888,-1.95445,-0.80466,-1.14660,0.87911,1.10132
-0.95867,-1.95413,-0.80557,-1.14542,0.87866,1.10097
-0.95846,-1.95381,-0.80649,-1.14422,0.87822,1.10062
-0.95825,-1.95345,-0.80747,-1.14296,0.87779,1.10019
-0.95804,-1.95310,-0.80845,-1.14169,0.87736,1.09976
-0.95789,-1.95273,-0.80942,-1.14035,0.87704,1.09961
-0.95775,-1.95237,-0.81038,-1.13901,0.87672,1.09945
-0.95756,-1.95207,-0.81124,-1.13784,0.87631,1.09920
-0.95737,-1.95177,-0.81210,-1.13667,0.87588,1.09895
-0.95719,-1.95135,-0.81325,-1.13518,0.87556,1.09841
-0.95700,-1.95092,-0.81440,-1.13369,0.87523,1.09786
-0.95681,-1.95061,-0.81528,-1.13249,0.87480,1.09761
-0.95662,-1.95030,-0.81617,-1.13129,0.87437,1.09735
-0.95642,-1.94998,-0.81706,-1.13007,0.87395,1.09710
-0.95623,-1.94967,-0.81795,-1.12885,0.87352,1.09684
-0.95624,-1.95004,-0.81720,-1.12967,0.87325,1.09772
-0.95626,-1.95040,-0.81645,-1.13048,0.87298,1.09861
-0.95620,-1.95071,-0.81592,-1.13116,0.87260,1.09902
-0.95614,-1.95103,-0.81539,-1.13183,0.87222,1.09942
-0.95607,-1.95132,-0.81486,-1.13252,0.87184,1.09989
-0.95601,-1.95161,-0.81432,-1.13321,0.87146,1.10037
-0.95595,-1.95192,-0.81380,-1.13385,0.87108,1.10081
-0.95590,-1.95223,-0.81329,-1.13449,0.87071,1.10126
-0.95585,-1.95253,-0.81273,-1.13519,0.87034,1.10180
-0.95579,-1.95282,-0.81217,-1.13590,0.86997,1.10235
-0.95575,-1.95318,-0.81154,-1.13666,0.86961,1.10284
-0.95570,-1.95354,-0.81091,-1.13743,0.86925,1.10333
-0.95566,-1.95385,-0.81037,-1.13808,0.86888,1.10389
-0.95561,-1.95416,-0.80983,-1.13872,0.86850,1.10445
-0.95557,-1.95449,-0.80921,-1.13947,0.86814,1.10509
-0.95553,-1.95482,-0.80858,-1.14022,0.86777,1.10573
-0.95548,-1.95516,-0.80798,-1.14095,0.86738,1.10629
-0.95543,-1.95549,-0.80737,-1.14169,0.86700,1.10685
-0.95539,-1.95587,-0.80668,-1.14252,0.86661,1.10749
-0.95535,-1.95626,-0.80598,-1.14334,0.86623,1.10811
-0.95528,-1.95659,-0.80541,-1.14406,0.86582,1.10859
-0.95521,-1.95692,-0.80483,-1.14479,0.86542,1.10906
-0.95518,-1.95716,-0.80430,-1.14544,0.86511,1.10975
-0.95514,-1.95739,-0.80378,-1.14608,0.86481,1.11044
-0.95509,-1.95788,-0.80295,-1.14707,0.86435,1.11103
-0.95503,-1.95837,-0.80212,-1.14806,0.86390,1.11162
-0.95498,-1.95871,-0.80149,-1.14884,0.86352,1.11223
-0.95493,-1.95905,-0.80085,-1.14963,0.86315,1.11285
-0.95489,-1.95938,-0.80027,-1.15032,0.86277,1.11339
-0.95484,-1.95971,-0.79969,-1.15103,0.86240,1.11393
-0.95479,-1.96008,-0.79899,-1.15188,0.86202,1.11458
-0.95474,-1.96044,-0.79829,-1.15273,0.86165,1.11523
-0.95468,-1.96071,-0.79781,-1.15333,0.86126,1.11573
-0.95462,-1.96097,-0.79734,-1.15394,0.86087,1.11624
-0.95457,-1.96141,-0.79654,-1.15489,0.86048,1.11687
-0.95453,-1.96186,-0.79573,-1.15586,0.86009,1.11750
-0.95446,-1.96213,-0.79524,-1.15650,0.85969,1.11798
-0.95439,-1.96241,-0.79474,-1.15715,0.85929,1.11846
-0.95434,-1.96279,-0.79403,-1.15800,0.85889,1.11911
-0.95429,-1.96317,-0.79331,-1.15886,0.85848,1.11975
-0.95423,-1.96352,-0.79269,-1.15964,0.85809,1.12030
-0.95417,-1.96387,-0.79206,-1.16042,0.85769,1.12085
-0.95412,-1.96432,-0.79124,-1.16140,0.85729,1.12149
-0.95408,-1.96478,-0.79041,-1.16239,0.85688,1.12214
-0.95398,-1.96484,-0.79038,-1.16256,0.85652,1.12222
-0.95388,-1.96491,-0.79033,-1.16275,0.85616,1.12230
-0.95381,-1.96527,-0.78968,-1.16356,0.85575,1.12286
-0.95375,-1.96564,-0.78903,-1.16436,0.85533,1.12342
-0.95370,-1.96599,-0.78839,-1.16515,0.85496,1.12405
-0.95365,-1.96635,-0.78775,-1.16594,0.85459,1.12468
-0.95358,-1.96675,-0.78706,-1.16679,0.85417,1.12513
-0.95352,-1.96714,-0.78637,-1.16764,0.85376,1.12558
-0.95354,-1.96684,-0.78696,-1.16689,0.85369,1.12601
-0.95356,-1.96652,-0.78756,-1.16612,0.85362,1.12643
-0.95358,-1.96614,-0.78833,-1.16516,0.85362,1.12664
-0.95361,-1.96575,-0.78910,-1.16419,0.85362,1.12685
-0.95364,-1.96530,-0.78997,-1.16312,0.85369,1.12699
-0.95368,-1.96486,-0.79084,-1.16207,0.85376,1.12713
-0.95367,-1.96437,-0.79181,-1.16097,0.85377,1.12705
-0.95365,-1.96389,-0.79277,-1.15988,0.85379,1.12698
-0.95368,-1.96353,-0.79349,-1.15897,0.85378,1.12723
-0.95370,-1.96317,-0.79421,-1.15806,0.85377,1.12748
-0.95374,-1.96279,-0.79497,-1.15711,0.85381,1.12764
-0.95377,-1.96241,-0.79573,-1.15617,0.85385,1.12780
-0.95375,-1.96199,-0.79659,-1.15517,0.85380,1.12780
-0.95373,-1.96157,-0.79745,-1.15418,0.85375,1.12780
-0.95374,-1.96113,-0.79833,-1.15313,0.85378,1.12787
-0.95374,-1.96069,-0.79920,-1.15211,0.85381,1.12794
-0.95373,-1.96032,-0.79999,-1.15116,0.85374,1.12796
-0.95372,-1.95995,-0.80078,-1.15022,0.85367,1.12798
-0.95367,-1.95992,-0.80092,-1.15011,0.85345,1.12809
-0.95362,-1.95990,-0.80105,-1.15000,0.85323,1.12822
-0.95358,-1.95988,-0.80118,-1.14989,0.85301,1.12833
-0.95353,-1.95985,-0.80131,-1.14979,0.85279,1.12845
-0.95348,-1.95983,-0.80145,-1.14967,0.85257,1.12856
-0.95343,-1.95980,-0.80159,-1.14956,0.85235,1.12868
-0.95340,-1.95941,-0.80243,-1.14861,0.85229,1.12854
-0.95336,-1.95902,-0.80326,-1.14767,0.85223,1.12840
-0.95337,-1.95852,-0.80434,-1.14631,0.85222,1.12823
-0.95338,-1.95803,-0.80541,-1.14497,0.85221,1.12807
-0.95331,-1.95775,-0.80603,-1.14436,0.85210,1.12799
-0.95325,-1.95748,-0.80663,-1.14376,0.85201,1.12792
-0.95319,-1.95699,-0.80765,-1.14263,0.85195,1.12773
-0.95314,-1.95651,-0.80865,-1.14151,0.85190,1.12755
-0.95311,-1.95614,-0.80947,-1.14055,0.85182,1.12742
-0.95308,-1.95578,-0.81030,-1.13959,0.85174,1.12729
-0.95302,-1.95572,-0.81051,-1.13937,0.85147,1.12746
-0.95296,-1.95567,-0.81072,-1.13916,0.85120,1.12763
-0.95291,-1.95562,-0.81092,-1.13895,0.85095,1.12778
-0.95285,-1.95556,-0.81113,-1.13874,0.85069,1.12794
-0.95280,-1.95551,-0.81134,-1.13853,0.85044,1.12811
-0.95274,-1.95545,-0.81156,-1.13829,0.85018,1.12828
-0.95269,-1.95538,-0.81180,-1.13805,0.84994,1.12841
-0.95264,-1.95531,-0.81203,-1.13781,0.84969,1.12856
-0.95260,-1.95533,-0.81211,-1.13771,0.84943,1.12878
-0.95256,-1.95534,-0.81221,-1.13759,0.84916,1.12900
-0.95249,-1.95525,-0.81247,-1.13734,0.84889,1.12914
-0.95242,-1.95517,-0.81274,-1.13708,0.84863,1.12928
-0.95236,-1.95513,-0.81292,-1.13690,0.84836,1.12943
-0.95230,-1.95509,-0.81310,-1.13673,0.84810,1.12957
-0.95227,-1.95526,-0.81278,-1.13677,0.84804,1.12981
-0.95223,-1.95542,-0.81246,-1.13682,0.84798,1.13005
-0.95223,-1.95477,-0.81374,-1.13493,0.84829,1.12973
-0.95223,-1.95412,-0.81501,-1.13304,0.84861,1.12942
-0.95219,-1.95436,-0.81455,-1.13325,0.84851,1.12978
-0.95216,-1.95459,-0.81408,-1.13346,0.84842,1.13014
-0.95216,-1.95382,-0.81567,-1.13119,0.84873,1.12947
-0.95216,-1.95304,-0.81726,-1.12891,0.84906,1.12879
-0.95216,-1.95243,-0.81850,-1.12706,0.84935,1.12840
-0.95216,-1.95183,-0.81973,-1.12522,0.84965,1.12801
-0.95214,-1.95105,-0.82131,-1.12304,0.85003,1.12722
-0.95212,-1.95028,-0.82288,-1.12087,0.85041,1.12644
-0.95209,-1.94963,-0.82416,-1.11906,0.85069,1.12604
-0.95206,-1.94899,-0.82542,-1.11725,0.85098,1.12565
-0.95209,-1.94851,-0.82644,-1.11558,0.85123,1.12533
-0.95212,-1.94804,-0.82744,-1.11393,0.85148,1.12502
-0.95213,-1.94753,-0.82848,-1.11226,0.85175,1.12469
-0.95215,-1.94703,-0.82952,-1.11060,0.85203,1.12437
-0.95211,-1.94648,-0.83064,-1.10898,0.85227,1.12403
-0.95207,-1.94593,-0.83177,-1.10734,0.85252,1.12368
-0.95205,-1.94525,-0.83316,-1.10534,0.85281,1.12298
-0.95203,-1.94456,-0.83457,-1.10333,0.85309,1.12229
-0.95204,-1.94392,-0.83583,-1.10144,0.85343,1.12191
-0.95205,-1.94327,-0.83709,-1.09955,0.85376,1.12152
-0.95201,-1.94306,-0.83759,-1.09862,0.85384,1.12124
-0.95197,-1.94284,-0.83809,-1.09770,0.85393,1.12096
-0.95188,-1.94283,-0.83814,-1.09740,0.85387,1.12096
-0.95179,-1.94282,-0.83820,-1.09709,0.85381,1.12095
-0.95179,-1.94234,-0.83923,-1.09546,0.85404,1.12047
-0.95179,-1.94186,-0.84025,-1.09383,0.85427,1.11998
-0.95173,-1.94156,-0.84093,-1.09275,0.85434,1.11957
-0.95166,-1.94126,-0.84161,-1.09166,0.85441,1.11915
-0.95157,-1.94115,-0.84190,-1.09110,0.85443,1.11897
-0.95148,-1.94104,-0.84219,-1.09054,0.85445,1.11878
-0.95144,-1.94043,-0.84348,-1.08867,0.85465,1.11801
-0.95139,-1.93982,-0.84477,-1.08680,0.85486,1.11723
-0.95134,-1.93960,-0.84525,-1.08597,0.85499,1.11705
-0.95129,-1.93937,-0.84572,-1.08514,0.85512,1.11687
-0.95123,-1.93913,-0.84629,-1.08416,0.85516,1.11645
-0.95117,-1.93888,-0.84685,-1.08319,0.85521,1.11604
-0.95109,-1.93833,-0.84804,-1.08152,0.85540,1.11523
-0.95101,-1.93777,-0.84924,-1.07985,0.85559,1.11442
-0.95095,-1.93756,-0.84973,-1.07898,0.85563,1.11420
-0.95090,-1.93735,-0.85022,-1.07811,0.85568,1.11399
-0.95086,-1.93709,-0.85083,-1.07701,0.85576,1.11357
-0.95083,-1.93683,-0.85145,-1.07590,0.85584,1.11315
-0.95073,-1.93640,-0.85239,-1.07459,0.85597,1.11258
-0.95063,-1.93596,-0.85332,-1.07329,0.85610,1.11200
-0.95056,-1.93560,-0.85413,-1.07204,0.85622,1.11148
-0.95050,-1.93523,-0.85493,-1.07080,0.85634,1.11096
-0.95043,-1.93478,-0.85589,-1.06940,0.85649,1.11041
-0.95037,-1.93432,-0.85686,-1.06800,0.85665,1.10987
-0.95031,-1.93396,-0.85767,-1.06673,0.85678,1.10933
-0.95026,-1.93360,-0.85848,-1.06547,0.85690,1.10880
-0.95020,-1.93320,-0.85936,-1.06414,0.85703,1.10826
-0.95014,-1.93281,-0.86023,-1.06281,0.85716,1.10772
-0.95008,-1.93239,-0.86115,-1.06144,0.85728,1.10716
-0.95002,-1.93198,-0.86206,-1.06008,0.85741,1.10660
-0.94998,-1.93163,-0.86285,-1.05881,0.85755,1.10610
-0.94995,-1.93128,-0.86364,-1.05753,0.85769,1.10560
-0.94989,-1.93087,-0.86454,-1.05617,0.85782,1.10505
-0.94983,-1.93046,-0.86543,-1.05481,0.85796,1.10450
-0.94978,-1.93004,-0.86636,-1.05342,0.85811,1.10394
-0.94972,-1.92962,-0.86728,-1.05203,0.85825,1.10338
-0.94968,-1.92923,-0.86816,-1.05065,0.85838,1.10290
-0.94964,-1.92883,-0.86904,-1.04925,0.85852,1.10242
-0.94960,-1.92845,-0.86987,-1.04795,0.85865,1.10196
-0.94955,-1.92807,-0.87071,-1.04662,0.85878,1.10151
-0.94949,-1.92772,-0.87149,-1.04538,0.85888,1.10108
-0.94944,-1.92738,-0.87226,-1.04414,0.85898,1.10065
-0.94940,-1.92706,-0.87299,-1.04292,0.85906,1.10024
-0.94935,-1.92674,-0.87372,-1.04168,0.85915,1.09984
-0.94930,-1.92646,-0.87436,-1.04062,0.85924,1.09945
-0.94924,-1.92618,-0.87499,-1.03956,0.85932,1.09905
-0.94912,-1.92553,-0.87641,-1.03773,0.85955,1.09803
-0.94900,-1.92487,-0.87783,-1.03591,0.85978,1.09701
-0.94901,-1.92474,-0.87811,-1.03513,0.85984,1.09705
-0.94901,-1.92461,-0.87839,-1.03435,0.85991,1.09710
-0.94895,-1.92420,-0.87929,-1.03299,0.86006,1.09653
-0.94890,-1.92379,-0.88019,-1.03163,0.86021,1.09595
-0.94885,-1.92346,-0.88093,-1.03044,0.86033,1.09551
-0.94880,-1.92313,-0.88166,-1.02926,0.86045,1.09507
-0.94875,-1.92277,-0.88247,-1.02799,0.86059,1.09457
-0.94869,-1.92239,-0.88329,-1.02671,0.86073,1.09407
-0.94862,-1.92206,-0.88415,-1.02539,0.86081,1.09328
-0.94855,-1.92172,-0.88502,-1.02406,0.86089,1.09250
-0.94851,-1.92133,-0.88589,-1.02271,0.86107,1.09195
-0.94846,-1.92093,-0.88677,-1.02135,0.86124,1.09140
-0.94840,-1.92055,-0.88761,-1.02007,0.86138,1.09085
-0.94835,-1.92016,-0.88844,-1.01880,0.86153,1.09030
-0.94832,-1.91975,-0.88926,-1.01750,0.86173,1.08998
-0.94829,-1.91934,-0.89007,-1.01621,0.86193,1.08966
-0.94824,-1.91892,-0.89100,-1.01481,0.86208,1.08907
-0.94819,-1.91851,-0.89192,-1.01343,0.86224,1.08847
-0.94812,-1.91804,-0.89293,-1.01195,0.86240,1.08782
-0.94806,-1.91757,-0.89394,-1.01047,0.86257,1.08718
-0.94799,-1.91706,-0.89506,-1.00888,0.86277,1.08640
-0.94793,-1.91655,-0.89618,-1.00729,0.86298,1.08563
-0.94786,-1.91619,-0.89702,-1.00602,0.86310,1.08494
-0.94778,-1.91585,-0.89785,-1.00477,0.86323,1.08425
-0.94767,-1.91508,-0.89958,-1.00248,0.86340,1.08314
-0.94756,-1.91431,-0.90131,-1.00019,0.86358,1.08203
-0.94743,-1.91351,-0.90312,-0.99790,0.86376,1.08074
-0.94729,-1.91272,-0.90491,-0.99561,0.86395,1.07945
-0.94721,-1.91207,-0.90630,-0.99369,0.86411,1.07868
-0.94712,-1.91143,-0.90769,-0.99178,0.86426,1.07792
-0.94696,-1.91046,-0.90995,-0.98893,0.86449,1.07607
-0.94679,-1.90950,-0.91221,-0.98609,0.86472,1.07423
-0.94674,-1.90890,-0.91351,-0.98416,0.86485,1.07379
-0.94670,-1.90830,-0.91480,-0.98224,0.86499,1.07336
-0.94656,-1.90757,-0.91646,-0.98008,0.86514,1.07213
-0.94642,-1.90685,-0.91812,-0.97793,0.86530,1.07091
-0.94626,-1.90599,-0.92011,-0.97542,0.86546,1.06938
-0.94609,-1.90512,-0.92211,-0.97291,0.86561,1.06785
-0.94601,-1.90479,-0.92292,-0.97162,0.86563,1.06733
-0.94592,-1.90445,-0.92374,-0.97034,0.86566,1.06682
-0.94588,-1.90420,-0.92438,-0.96912,0.86565,1.06648
-0.94584,-1.90395,-0.92502,-0.96790,0.86564,1.06616
-0.94575,-1.90341,-0.92627,-0.96611,0.86573,1.06537
-0.94566,-1.90288,-0.92751,-0.96433,0.86584,1.06459
-0.94558,-1.90232,-0.92882,-0.96245,0.86599,1.06386
-0.94550,-1.90176,-0.93013,-0.96058,0.86615,1.06313
-0.94533,-1.90114,-0.93163,-0.95861,0.86616,1.06189
-0.94516,-1.90052,-0.93315,-0.95662,0.86617,1.06066
-0.94507,-1.89997,-0.93442,-0.95478,0.86628,1.05984
-0.94499,-1.89943,-0.93568,-0.95296,0.86640,1.05903
-0.94492,-1.89874,-0.93724,-0.95073,0.86661,1.05813
-0.94486,-1.89806,-0.93878,-0.94852,0.86682,1.05724
-0.94475,-1.89745,-0.94022,-0.94654,0.86696,1.05625
-0.94464,-1.89683,-0.94164,-0.94456,0.86708,1.05527
-0.94451,-1.89636,-0.94279,-0.94300,0.86713,1.05433
-0.94437,-1.89588,-0.94394,-0.94143,0.86718,1.05339
-0.94425,-1.89527,-0.94534,-0.93951,0.86729,1.05240
-0.94414,-1.89466,-0.94675,-0.93758,0.86741,1.05140
-0.94413,-1.89407,-0.94806,-0.93558,0.86769,1.05078
-0.94412,-1.89348,-0.94935,-0.93358,0.86797,1.05017
-0.94406,-1.89271,-0.95103,-0.93129,0.86828,1.04924
-0.94399,-1.89193,-0.95270,-0.92900,0.86860,1.04831
-0.94388,-1.89133,-0.95408,-0.92708,0.86875,1.04734
-0.94377,-1.89074,-0.95546,-0.92516,0.86890,1.04637
-0.94368,-1.89005,-0.95701,-0.92301,0.86911,1.04536
-0.94359,-1.88937,-0.95856,-0.92087,0.86933,1.04435
-0.94350,-1.88868,-0.96013,-0.91869,0.86955,1.04331
-0.94342,-1.88799,-0.96170,-0.91652,0.86979,1.04228
-0.94334,-1.88729,-0.96329,-0.91431,0.87003,1.04113
-0.94326,-1.88661,-0.96489,-0.91209,0.87026,1.03998
-0.94317,-1.88592,-0.96642,-0.90998,0.87050,1.03904
-0.94308,-1.88523,-0.96795,-0.90787,0.87075,1.03810
-0.94299,-1.88460,-0.96945,-0.90577,0.87093,1.03695
-0.94290,-1.88396,-0.97094,-0.90367,0.87112,1.03581
-0.94282,-1.88329,-0.97247,-0.90154,0.87136,1.03478
-0.94273,-1.88262,-0.97400,-0.89940,0.87159,1.03374
-0.94265,-1.88195,-0.97552,-0.89726,0.87184,1.03273
-0.94258,-1.88129,-0.97704,-0.89514,0.87209,1.03171
-0.94249,-1.88062,-0.97857,-0.89299,0.87232,1.03067
-0.94241,-1.87994,-0.98011,-0.89083,0.87256,1.02963
-0.94233,-1.87901,-0.98216,-0.88810,0.87296,1.02833
-0.94225,-1.87808,-0.98421,-0.88536,0.87338,1.02703
-0.94215,-1.87740,-0.98578,-0.88321,0.87361,1.02581
-0.94206,-1.87672,-0.98734,-0.88106,0.87386,1.02458
-0.94200,-1.87636,-0.98825,-0.87956,0.87395,1.02401
-0.94193,-1.87599,-0.98917,-0.87806,0.87404,1.02344
-0.94186,-1.87535,-0.99065,-0.87596,0.87431,1.02242
-0.94179,-1.87471,-0.99212,-0.87386,0.87458,1.02140
-0.94166,-1.87373,-0.99427,-0.87110,0.87498,1.01991
-0.94154,-1.87276,-0.99640,-0.86835,0.87540,1.01842
-0.94146,-1.87239,-0.99737,-0.86684,0.87550,1.01763
-0.94139,-1.87201,-0.99832,-0.86534,0.87561,1.01684
-0.94121,-1.87105,-1.00052,-0.86262,0.87597,1.01494
-0.94104,-1.87008,-1.00272,-0.85990,0.87634,1.01303
-0.94098,-1.86937,-1.00431,-0.85768,0.87668,1.01185
-0.94091,-1.86866,-1.00590,-0.85546,0.87702,1.01066
-0.94084,-1.86783,-1.00781,-0.85289,0.87748,1.00936
-0.94077,-1.86699,-1.00971,-0.85033,0.87795,1.00806
-0.94066,-1.86620,-1.01150,-0.84795,0.87830,1.00662
-0.94055,-1.86542,-1.01329,-0.84559,0.87866,1.00519
-0.94048,-1.86451,-1.01528,-0.84291,0.87912,1.00373
-0.94041,-1.86360,-1.01727,-0.84024,0.87960,1.00227
-0.94031,-1.86283,-1.01903,-0.83792,0.87996,1.00086
-0.94021,-1.86206,-1.02079,-0.83561,0.88032,0.99944
-0.94007,-1.86147,-1.02229,-0.83360,0.88051,0.99809
-0.93992,-1.86088,-1.02380,-0.83158,0.88069,0.99675
-0.93989,-1.85936,-1.02703,-0.82756,0.88173,0.99451
-0.93987,-1.85785,-1.03025,-0.82355,0.88277,0.99228
-0.93976,-1.85735,-1.03150,-0.82174,0.88291,0.99128
-0.93966,-1.85684,-1.03272,-0.81995,0.88306,0.99030
-0.93960,-1.85617,-1.03429,-0.81775,0.88338,0.98907
-0.93954,-1.85549,-1.03587,-0.81555,0.88371,0.98785
-0.93948,-1.85463,-1.03784,-0.81292,0.88420,0.98635
-0.93941,-1.85376,-1.03982,-0.81027,0.88469,0.98485
-0.93926,-1.85301,-1.04161,-0.80799,0.88497,0.98326
-0.93911,-1.85226,-1.04340,-0.80569,0.88525,0.98167
-0.93899,-1.85171,-1.04469,-0.80393,0.88544,0.98055
-0.93886,-1.85118,-1.04597,-0.80219,0.88563,0.97944
-0.93881,-1.85046,-1.04756,-0.80001,0.88608,0.97823
-0.93876,-1.84975,-1.04915,-0.79785,0.88652,0.97703
-0.93850,-1.84912,-1.05090,-0.79571,0.88653,0.97507
-0.93825,-1.84847,-1.05264,-0.79358,0.88656,0.97311
-0.93811,-1.84803,-1.05375,-0.79211,0.88670,0.97204
-0.93798,-1.84758,-1.05485,-0.79063,0.88684,0.97097
-0.93778,-1.84706,-1.05621,-0.78921,0.88702,0.96911
-0.93758,-1.84654,-1.05757,-0.78781,0.88721,0.96725
-0.93743,-1.84604,-1.05878,-0.78643,0.88738,0.96596
-0.93728,-1.84556,-1.05999,-0.78506,0.88754,0.96466
-0.93731,-1.84520,-1.06072,-0.78395,0.88791,0.96408
-0.93733,-1.84484,-1.06146,-0.78282,0.88828,0.96351
-0.93726,-1.84440,-1.06250,-0.78151,0.88854,0.96243
-0.93718,-1.84396,-1.06354,-0.78020,0.88879,0.96134
-0.93699,-1.84381,-1.06403,-0.77986,0.88879,0.96013
-0.93679,-1.84366,-1.06451,-0.77953,0.88878,0.95892
-0.93670,-1.84320,-1.06563,-0.77796,0.88897,0.95803
-0.93661,-1.84275,-1.06676,-0.77638,0.88915,0.95714
-0.93650,-1.84260,-1.06728,-0.77562,0.88912,0.95629
-0.93639,-1.84245,-1.06781,-0.77485,0.88908,0.95544
-0.93631,-1.84192,-1.06896,-0.77358,0.88953,0.95409
-0.93622,-1.84138,-1.07012,-0.77231,0.88997,0.95274
-0.93621,-1.84108,-1.07081,-0.77123,0.89019,0.95230
-0.93619,-1.84077,-1.07149,-0.77015,0.89040,0.95186
-0.93611,-1.84036,-1.07250,-0.76888,0.89064,0.95060
-0.93604,-1.83994,-1.07351,-0.76761,0.89088,0.94933
-0.93599,-1.83959,-1.07432,-0.76651,0.89110,0.94869
-0.93593,-1.83924,-1.07512,-0.76540,0.89131,0.94805
-0.93577,-1.83904,-1.07577,-0.76465,0.89131,0.94688
-0.93561,-1.83884,-1.07642,-0.76390,0.89130,0.94572
-0.93554,-1.83844,-1.07743,-0.76246,0.89148,0.94483
-0.93547,-1.83804,-1.07845,-0.76101,0.89167,0.94394
-0.93551,-1.83753,-1.07945,-0.75963,0.89213,0.94329
-0.93555,-1.83703,-1.08045,-0.75825,0.89259,0.94263
-0.93544,-1.83683,-1.08101,-0.75742,0.89257,0.94210
-0.93534,-1.83663,-1.08158,-0.75658,0.89256,0.94157
-0.93520,-1.83641,-1.08222,-0.75583,0.89259,0.94056
-0.93506,-1.83621,-1.08285,-0.75509,0.89262,0.93954
-0.93506,-1.83577,-1.08378,-0.75383,0.89302,0.93873
-0.93506,-1.83535,-1.08470,-0.75257,0.89341,0.93792
-0.93498,-1.83491,-1.08574,-0.75109,0.89363,0.93700
-0.93491,-1.83449,-1.08677,-0.74963,0.89384,0.93608
-0.93483,-1.83424,-1.08744,-0.74883,0.89401,0.93506
-0.93476,-1.83399,-1.08810,-0.74804,0.89419,0.93405
-0.93465,-1.83365,-1.08895,-0.74694,0.89433,0.93311
-0.93453,-1.83330,-1.08981,-0.74583,0.89448,0.93217
-0.93449,-1.83290,-1.09076,-0.74454,0.89481,0.93108
-0.93444,-1.83250,-1.09171,-0.74326,0.89513,0.92998
-0.93437,-1.83227,-1.09224,-0.74253,0.89526,0.92948
-0.93430,-1.83204,-1.09278,-0.74178,0.89538,0.92898
-0.93424,-1.83171,-1.09355,-0.74087,0.89568,0.92794
-0.93417,-1.83139,-1.09430,-0.73998,0.89598,0.92690
-0.93414,-1.83097,-1.09526,-0.73859,0.89624,0.92610
-0.93412,-1.83055,-1.09623,-0.73720,0.89650,0.92530
-0.93403,-1.83021,-1.09707,-0.73618,0.89675,0.92424
-0.93394,-1.82987,-1.09791,-0.73516,0.89699,0.92319
-0.93394,-1.82960,-1.09849,-0.73432,0.89722,0.92269
-0.93394,-1.82933,-1.09908,-0.73347,0.89746,0.92219
-0.93386,-1.82895,-1.09998,-0.73237,0.89774,0.92116
-0.93379,-1.82857,-1.10087,-0.73127,0.89802,0.92014
-0.93371,-1.82840,-1.10143,-0.73042,0.89801,0.91959
-0.93363,-1.82822,-1.10199,-0.72956,0.89799,0.91904
-0.93362,-1.82796,-1.10260,-0.72871,0.89820,0.91854
-0.93361,-1.82769,-1.10321,-0.72783,0.89841,0.91803
-0.93358,-1.82735,-1.10397,-0.72687,0.89871,0.91726
-0.93356,-1.82701,-1.10472,-0.72592,0.89901,0.91650
-0.93341,-1.82677,-1.10546,-0.72490,0.89885,0.91579
-0.93326,-1.82653,-1.10619,-0.72388,0.89870,0.91509
-0.93318,-1.82615,-1.10717,-0.72250,0.89884,0.91425
-0.93310,-1.82577,-1.10815,-0.72112,0.89898,0.91341
-0.93310,-1.82562,-1.10845,-0.72072,0.89917,0.91299
-0.93310,-1.82548,-1.10875,-0.72032,0.89936,0.91258
-0.93310,-1.82511,-1.10955,-0.71935,0.89982,0.91173
-0.93310,-1.82473,-1.11035,-0.71840,0.90028,0.91088
-0.93296,-1.82441,-1.11128,-0.71699,0.90015,0.91008
-0.93282,-1.82410,-1.11221,-0.71559,0.90002,0.90929
-0.93281,-1.82335,-1.11384,-0.71337,0.90077,0.90778
-0.93280,-1.82261,-1.11546,-0.71115,0.90152,0.90629
-0.93276,-1.82235,-1.11606,-0.71040,0.90175,0.90554
-0.93273,-1.82209,-1.11665,-0.70966,0.90198,0.90479
-0.93262,-1.82168,-1.11775,-0.70814,0.90215,0.90378
-0.93252,-1.82126,-1.11885,-0.70661,0.90232,0.90276
-0.93256,-1.82079,-1.11981,-0.70533,0.90289,0.90191
-0.93260,-1.82031,-1.12078,-0.70405,0.90348,0.90106
-0.93259,-1.81992,-1.12164,-0.70288,0.90386,0.90027
-0.93259,-1.81954,-1.12249,-0.70172,0.90425,0.89948
-0.93260,-1.81904,-1.12355,-0.70034,0.90482,0.89840
-0.93260,-1.81855,-1.12461,-0.69896,0.90539,0.89733
-0.93266,-1.81810,-1.12550,-0.69767,0.90592,0.89671
-0.93272,-1.81766,-1.12639,-0.69638,0.90644,0.89609
-0.93269,-1.81739,-1.12705,-0.69550,0.90667,0.89545
-0.93266,-1.81711,-1.12770,-0.69463,0.90690,0.89482
-0.93266,-1.81661,-1.12878,-0.69322,0.90747,0.89369
-0.93267,-1.81610,-1.12986,-0.69182,0.90805,0.89257
-0.93261,-1.81567,-1.13092,-0.69033,0.90829,0.89176
-0.93256,-1.81525,-1.13196,-0.68885,0.90852,0.89096
-0.93249,-1.81479,-1.13308,-0.68735,0.90884,0.88984
-0.93243,-1.81433,-1.13420,-0.68586,0.90917,0.88873
-0.93240,-1.81392,-1.13514,-0.68454,0.90949,0.88786
-0.93237,-1.81352,-1.13608,-0.68321,0.90980,0.88700
-0.93237,-1.81307,-1.13711,-0.68170,0.91019,0.88630
-0.93237,-1.81262,-1.13812,-0.68019,0.91058,0.88560
-0.93230,-1.81225,-1.13908,-0.67887,0.91080,0.88471
-0.93223,-1.81187,-1.14004,-0.67754,0.91102,0.88382
-0.93221,-1.81129,-1.14133,-0.67579,0.91158,0.88254
-0.93220,-1.81072,-1.14262,-0.67405,0.91215,0.88126
-0.93240,-1.80968,-1.14456,-0.67129,0.91366,0.87974
-0.93260,-1.80865,-1.14649,-0.66855,0.91518,0.87822
-0.93306,-1.80752,-1.14815,-0.66649,0.91759,0.87665
-0.93352,-1.80640,-1.14980,-0.66446,0.92000,0.87507
-0.93356,-1.80589,-1.15086,-0.66307,0.92067,0.87403
-0.93360,-1.80537,-1.15192,-0.66168,0.92134,0.87299
-0.93376,-1.80507,-1.15228,-0.66131,0.92211,0.87258
-0.93392,-1.80478,-1.15264,-0.66095,0.92286,0.87216
-0.93407,-1.80428,-1.15350,-0.65985,0.92377,0.87143
-0.93422,-1.80377,-1.15437,-0.65875,0.92468,0.87069
-0.93421,-1.80355,-1.15487,-0.65810,0.92493,0.87014
-0.93420,-1.80332,-1.15537,-0.65745,0.92518,0.86960
-0.93429,-1.80281,-1.15636,-0.65606,0.92591,0.86877
-0.93437,-1.80231,-1.15734,-0.65467,0.92664,0.86795
-0.93444,-1.80213,-1.15760,-0.65445,0.92709,0.86754
-0.93452,-1.80194,-1.15786,-0.65423,0.92754,0.86713
-0.93447,-1.80164,-1.15863,-0.65305,0.92769,0.86657
-0.93443,-1.80135,-1.15941,-0.65186,0.92784,0.86601
-0.93451,-1.80108,-1.15987,-0.65122,0.92829,0.86568
-0.93459,-1.80082,-1.16033,-0.65058,0.92873,0.86534
-0.93455,-1.80079,-1.16041,-0.65066,0.92880,0.86490
-0.93451,-1.80077,-1.16048,-0.65076,0.92886,0.86445
-0.93445,-1.80061,-1.16094,-0.65019,0.92896,0.86384
-0.93439,-1.80044,-1.16138,-0.64963,0.92907,0.86323
-0.93500,-1.79866,-1.16438,-0.64555,0.93242,0.86097
-0.93562,-1.79689,-1.16736,-0.64150,0.93578,0.85873
-0.93570,-1.79675,-1.16750,-0.64142,0.93619,0.85851
-0.93578,-1.79661,-1.16764,-0.64133,0.93660,0.85828
-0.93594,-1.79605,-1.16867,-0.63994,0.93759,0.85742
-0.93610,-1.79548,-1.16970,-0.63854,0.93859,0.85657
-0.93618,-1.79482,-1.17101,-0.63682,0.93957,0.85518
-0.93627,-1.79416,-1.17233,-0.63510,0.94056,0.85380
-0.93641,-1.79383,-1.17282,-0.63448,0.94128,0.85334
-0.93655,-1.79350,-1.17331,-0.63387,0.94201,0.85288
-0.93659,-1.79296,-1.17450,-0.63213,0.94265,0.85180
-0.93662,-1.79241,-1.17570,-0.63040,0.94329,0.85072
-0.93679,-1.79178,-1.17687,-0.62880,0.94436,0.84973
-0.93695,-1.79116,-1.17804,-0.62721,0.94543,0.84875
-0.93761,-1.79051,-1.17835,-0.62716,0.94787,0.84843
-0.93827,-1.78987,-1.17867,-0.62712,0.95030,0.84811
-0.93834,-1.78960,-1.17917,-0.62645,0.95077,0.84764
-0.93840,-1.78933,-1.17967,-0.62579,0.95123,0.84717
-0.93836,-1.78892,-1.18073,-0.62416,0.95148,0.84638
-0.93831,-1.78851,-1.18178,-0.62253,0.95175,0.84559
-0.93833,-1.78818,-1.18251,-0.62147,0.95211,0.84503
-0.93836,-1.78786,-1.18323,-0.62041,0.95249,0.84447
-0.93827,-1.78766,-1.18381,-0.61964,0.95253,0.84374
-0.93817,-1.78747,-1.18440,-0.61887,0.95257,0.84300
-0.93812,-1.78737,-1.18471,-0.61843,0.95255,0.84271
-0.93807,-1.78727,-1.18501,-0.61799,0.95254,0.84242
-0.93841,-1.78687,-1.18539,-0.61751,0.95376,0.84238
-0.93876,-1.78647,-1.18577,-0.61704,0.95498,0.84235
-0.93892,-1.78605,-1.18644,-0.61620,0.95584,0.84176
-0.93908,-1.78564,-1.18712,-0.61536,0.95669,0.84118
-0.93920,-1.78530,-1.18766,-0.61478,0.95745,0.84050
-0.93932,-1.78496,-1.18821,-0.61421,0.95820,0.83983
-0.93941,-1.78464,-1.18874,-0.61367,0.95888,0.83908
-0.93951,-1.78432,-1.18927,-0.61314,0.95956,0.83833
-0.93963,-1.78381,-1.19027,-0.61169,0.96035,0.83763
-0.93976,-1.78330,-1.19127,-0.61026,0.96115,0.83693
-0.93994,-1.78291,-1.19185,-0.60954,0.96205,0.83641
-0.94013,-1.78252,-1.19242,-0.60884,0.96295,0.83591
-0.94044,-1.78166,-1.19386,-0.60708,0.96471,0.83446
-0.94075,-1.78080,-1.19529,-0.60533,0.96647,0.83302
-0.94086,-1.78036,-1.19610,-0.60432,0.96726,0.83221
-0.94098,-1.77991,-1.19691,-0.60330,0.96806,0.83141
-0.94121,-1.77929,-1.19797,-0.60186,0.96930,0.83042
-0.94144,-1.77867,-1.19902,-0.60044,0.97054,0.82944
-0.94127,-1.77828,-1.20015,-0.59875,0.97053,0.82829
-0.94111,-1.77789,-1.20127,-0.59707,0.97052,0.82714
-0.94137,-1.77743,-1.20193,-0.59630,0.97166,0.82666
-0.94163,-1.77697,-1.20258,-0.59553,0.97281,0.82620
-0.94172,-1.77658,-1.20332,-0.59461,0.97349,0.82553
-0.94182,-1.77619,-1.20406,-0.59369,0.97417,0.82486
-0.94192,-1.77582,-1.20478,-0.59269,0.97479,0.82429
-0.94202,-1.77544,-1.20550,-0.59167,0.97542,0.82373
-0.94214,-1.77503,-1.20623,-0.59082,0.97625,0.82288
-0.94225,-1.77463,-1.20695,-0.58998,0.97707,0.82204
-0.94244,-1.77408,-1.20790,-0.58874,0.97812,0.82121
-0.94263,-1.77354,-1.20884,-0.58751,0.97917,0.82038
-0.94279,-1.77310,-1.20971,-0.58608,0.97983,0.82016
-0.94294,-1.77267,-1.21057,-0.58464,0.98048,0.81994
-0.94307,-1.77232,-1.21126,-0.58363,0.98119,0.81931
-0.94319,-1.77196,-1.21195,-0.58262,0.98189,0.81868
-0.94335,-1.77154,-1.21259,-0.58197,0.98287,0.81791
-0.94350,-1.77112,-1.21324,-0.58132,0.98385,0.81713
-0.94365,-1.77064,-1.21420,-0.57997,0.98474,0.81626
-0.94379,-1.77016,-1.21515,-0.57863,0.98563,0.81538
-0.94388,-1.76997,-1.21540,-0.57833,0.98614,0.81514
-0.94397,-1.76978,-1.21564,-0.57804,0.98665,0.81491
-0.94419,-1.76928,-1.21644,-0.57702,0.98784,0.81409
-0.94441,-1.76878,-1.21724,-0.57600,0.98903,0.81327
-0.94471,-1.76805,-1.21859,-0.57428,0.99044,0.81234
-0.94500,-1.76732,-1.21993,-0.57257,0.99186,0.81141
-0.94497,-1.76726,-1.22004,-0.57239,0.99208,0.81070
-0.94494,-1.76720,-1.22016,-0.57219,0.99230,0.81000
-0.94519,-1.76668,-1.22097,-0.57118,0.99345,0.80968
-0.94544,-1.76617,-1.22178,-0.57016,0.99461,0.80937
-0.94562,-1.76571,-1.22265,-0.56890,0.99554,0.80861
-0.94580,-1.76526,-1.22352,-0.56765,0.99646,0.80785
-0.94589,-1.76499,-1.22386,-0.56741,0.99720,0.80704
-0.94598,-1.76473,-1.22420,-0.56718,0.99794,0.80622
-0.94615,-1.76435,-1.22487,-0.56623,0.99890,0.80569
-0.94633,-1.76397,-1.22554,-0.56528,0.99986,0.80517
-0.94649,-1.76349,-1.22637,-0.56431,1.00095,0.80402
-0.94664,-1.76302,-1.22720,-0.56335,1.00204,0.80287
-0.94675,-1.76279,-1.22764,-0.56264,1.00262,0.80244
-0.94687,-1.76257,-1.22807,-0.56194,1.00318,0.80201
-0.94701,-1.76213,-1.22878,-0.56109,1.00413,0.80120
-0.94715,-1.76169,-1.22949,-0.56023,1.00508,0.80039
-0.94723,-1.76157,-1.22968,-0.55989,1.00553,0.80018
-0.94731,-1.76144,-1.22986,-0.55955,1.00599,0.79998
-0.94751,-1.76093,-1.23076,-0.55836,1.00712,0.79916
-0.94772,-1.76042,-1.23165,-0.55718,1.00825,0.79834
-0.94785,-1.76006,-1.23233,-0.55620,1.00902,0.79778
-0.94798,-1.75970,-1.23302,-0.55521,1.00979,0.79721
-0.94829,-1.75891,-1.23448,-0.55320,1.01132,0.79631
-0.94861,-1.75811,-1.23595,-0.55119,1.01284,0.79541
-0.94874,-1.75789,-1.23619,-0.55108,1.01366,0.79477
-0.94887,-1.75768,-1.23642,-0.55097,1.01448,0.79414
-0.94920,-1.75703,-1.23753,-0.54961,1.01612,0.79310
-0.94953,-1.75639,-1.23862,-0.54827,1.01775,0.79206
-0.94971,-1.75596,-1.23929,-0.54735,1.01878,0.79146
-0.94989,-1.75554,-1.23996,-0.54644,1.01981,0.79087
-0.94997,-1.75536,-1.24039,-0.54567,1.02028,0.79042
-0.95005,-1.75518,-1.24081,-0.54490,1.02075,0.78997
-0.95027,-1.75489,-1.24112,-0.54462,1.02179,0.78939
-0.95049,-1.75460,-1.24143,-0.54434,1.02284,0.78880
-0.95055,-1.75440,-1.24177,-0.54372,1.02326,0.78862
-0.95061,-1.75421,-1.24211,-0.54311,1.02369,0.78843
-0.95075,-1.75399,-1.24240,-0.54280,1.02447,0.78787
-0.95088,-1.75377,-1.24269,-0.54249,1.02524,0.78730
-0.95097,-1.75363,-1.24290,-0.54213,1.02574,0.78696
-0.95104,-1.75348,-1.24311,-0.54178,1.02623,0.78663
-0.95123,-1.75317,-1.24372,-0.54086,1.02711,0.78624
-0.95142,-1.75286,-1.24431,-0.53996,1.02799,0.78585
-0.95163,-1.75249,-1.24481,-0.53945,1.02910,0.78497
-0.95184,-1.75212,-1.24531,-0.53893,1.03021,0.78408
-0.95195,-1.75190,-1.24558,-0.53861,1.03097,0.78357
-0.95207,-1.75168,-1.24586,-0.53829,1.03173,0.78306
-0.95202,-1.75179,-1.24569,-0.53826,1.03167,0.78309
-0.95197,-1.75190,-1.24551,-0.53823,1.03160,0.78311
-0.95235,-1.75100,-1.24709,-0.53632,1.03347,0.78194
-0.95273,-1.75011,-1.24867,-0.53442,1.03535,0.78077
-0.95279,-1.75014,-1.24853,-0.53458,1.03574,0.78048
-0.95285,-1.75018,-1.24839,-0.53474,1.03612,0.78019
-0.95298,-1.74999,-1.24858,-0.53447,1.03679,0.77992
-0.95311,-1.74981,-1.24876,-0.53420,1.03745,0.77966
-0.95327,-1.74945,-1.24934,-0.53346,1.03841,0.77892
-0.95343,-1.74910,-1.24992,-0.53272,1.03936,0.77819
-0.95356,-1.74903,-1.24996,-0.53262,1.03992,0.77801
-0.95369,-1.74896,-1.25000,-0.53252,1.04049,0.77783
-0.95388,-1.74858,-1.25062,-0.53160,1.04142,0.77750
-0.95408,-1.74819,-1.25124,-0.53068,1.04235,0.77718
-0.95427,-1.74788,-1.25172,-0.53004,1.04328,0.77677
-0.95445,-1.74757,-1.25219,-0.52941,1.04420,0.77637
-0.95469,-1.74716,-1.25290,-0.52852,1.04534,0.77576
-0.95493,-1.74675,-1.25359,-0.52765,1.04647,0.77516
-0.95504,-1.74654,-1.25386,-0.52720,1.04708,0.77499
-0.95515,-1.74633,-1.25412,-0.52674,1.04767,0.77481
-0.95548,-1.74571,-1.25519,-0.52533,1.04912,0.77399
-0.95580,-1.74509,-1.25626,-0.52394,1.05058,0.77317
-0.95596,-1.74489,-1.25664,-0.52316,1.05124,0.77309
-0.95613,-1.74469,-1.25701,-0.52240,1.05189,0.77301
-0.95634,-1.74431,-1.25767,-0.52132,1.05282,0.77270
-0.95656,-1.74394,-1.25832,-0.52024,1.05375,0.77240
-0.95676,-1.74358,-1.25892,-0.51920,1.05460,0.77225
-0.95695,-1.74322,-1.25952,-0.51816,1.05544,0.77210
-0.95714,-1.74291,-1.26007,-0.51714,1.05624,0.77197
-0.95734,-1.74260,-1.26062,-0.51612,1.05706,0.77183
-0.95756,-1.74232,-1.26118,-0.51509,1.05790,0.77152
-0.95779,-1.74205,-1.26172,-0.51408,1.05875,0.77121
-0.95800,-1.74167,-1.26238,-0.51302,1.05970,0.77085
-0.95822,-1.74129,-1.26303,-0.51198,1.06066,0.77049
-0.95845,-1.74084,-1.26375,-0.51096,1.06172,0.77010
-0.95868,-1.74039,-1.26448,-0.50992,1.06279,0.76970
-0.95893,-1.73994,-1.26514,-0.50918,1.06401,0.76905
-0.95917,-1.73949,-1.26581,-0.50845,1.06524,0.76840
-0.95953,-1.73894,-1.26680,-0.50696,1.06665,0.76782
-0.95990,-1.73838,-1.26780,-0.50547,1.06806,0.76725
-0.96006,-1.73809,-1.26833,-0.50455,1.06879,0.76699
-0.96021,-1.73780,-1.26886,-0.50363,1.06951,0.76673
-0.96049,-1.73740,-1.26955,-0.50259,1.07066,0.76630
-0.96076,-1.73700,-1.27025,-0.50155,1.07180,0.76586
-0.96105,-1.73649,-1.27105,-0.50041,1.07304,0.76538
-0.96133,-1.73598,-1.27186,-0.49927,1.07427,0.76490
-0.96159,-1.73558,-1.27257,-0.49829,1.07542,0.76430
-0.96185,-1.73518,-1.27329,-0.49729,1.07656,0.76370
-0.96210,-1.73471,-1.27401,-0.49635,1.07776,0.76316
-0.96236,-1.73423,-1.27473,-0.49540,1.07894,0.76263
-0.96256,-1.73391,-1.27530,-0.49446,1.07984,0.76234
-0.96277,-1.73359,-1.27587,-0.49353,1.08073,0.76206
-0.96305,-1.73320,-1.27657,-0.49242,1.08184,0.76161
-0.96332,-1.73281,-1.27727,-0.49132,1.08293,0.76117
-0.96356,-1.73247,-1.27785,-0.49037,1.08392,0.76082
-0.96381,-1.73213,-1.27843,-0.48941,1.08491,0.76048
-0.96411,-1.73167,-1.27923,-0.48830,1.08618,0.75991
-0.96441,-1.73121,-1.28002,-0.48720,1.08744,0.75934
-0.96468,-1.73078,-1.28074,-0.48622,1.08865,0.75872
-0.96496,-1.73036,-1.28145,-0.48525,1.08985,0.75811
-0.96493,-1.73023,-1.28184,-0.48466,1.08989,0.75784
-0.96491,-1.73011,-1.28222,-0.48408,1.08995,0.75757
-0.96488,-1.72999,-1.28259,-0.48350,1.08999,0.75730
-0.96486,-1.72987,-1.28297,-0.48292,1.09004,0.75704
-0.96483,-1.72974,-1.28335,-0.48234,1.09009,0.75675
-0.96480,-1.72961,-1.28373,-0.48176,1.09013,0.75647
-0.96478,-1.72949,-1.28411,-0.48119,1.09019,0.75619
-0.96476,-1.72937,-1.28448,-0.48062,1.09025,0.75591
-0.96473,-1.72925,-1.28486,-0.48005,1.09031,0.75564
-0.96471,-1.72913,-1.28523,-0.47947,1.09037,0.75537
-0.96469,-1.72900,-1.28561,-0.47889,1.09042,0.75509
-0.96466,-1.72888,-1.28599,-0.47832,1.09048,0.75482
-0.96464,-1.72871,-1.28642,-0.47773,1.09060,0.75451
-0.96462,-1.72854,-1.28685,-0.47715,1.09072,0.75419
-0.96459,-1.72842,-1.28722,-0.47657,1.09077,0.75393
-0.96457,-1.72830,-1.28759,-0.47599,1.09081,0.75367
-0.96455,-1.72818,-1.28796,-0.47538,1.09087,0.75342
-0.96453,-1.72805,-1.28834,-0.47477,1.09092,0.75316
-0.96449,-1.72798,-1.28866,-0.47425,1.09090,0.75289
-0.96445,-1.72791,-1.28899,-0.47373,1.09087,0.75262
-0.96444,-1.72777,-1.28939,-0.47310,1.09097,0.75238
-0.96444,-1.72764,-1.28978,-0.47246,1.09106,0.75215
-0.96442,-1.72752,-1.29014,-0.47190,1.09112,0.75188
-0.96439,-1.72741,-1.29051,-0.47134,1.09116,0.75161
-0.96431,-1.72735,-1.29077,-0.47095,1.09107,0.75133
-0.96423,-1.72728,-1.29105,-0.47054,1.09098,0.75104
-0.96420,-1.72718,-1.29139,-0.47001,1.09100,0.75077
-0.96417,-1.72707,-1.29173,-0.46947,1.09103,0.75051
-0.96414,-1.72697,-1.29208,-0.46892,1.09106,0.75025
-0.96410,-1.72686,-1.29244,-0.46837,1.09108,0.74999
-0.96377,-1.72730,-1.29181,-0.46902,1.08998,0.75029
-0.96345,-1.72774,-1.29118,-0.46968,1.08888,0.75059
-0.96362,-1.72723,-1.29226,-0.46825,1.08973,0.74983
-0.96380,-1.72672,-1.29335,-0.46682,1.09058,0.74907
-0.96369,-1.72673,-1.29357,-0.46646,1.09036,0.74864
-0.96359,-1.72673,-1.29379,-0.46609,1.09015,0.74820
-0.96335,-1.72695,-1.29350,-0.46629,1.08940,0.74861
-0.96310,-1.72718,-1.29320,-0.46648,1.08864,0.74901
-0.96317,-1.72686,-1.29395,-0.46563,1.08915,0.74815
-0.96324,-1.72655,-1.29469,-0.46479,1.08966,0.74730
-0.96332,-1.72645,-1.29500,-0.46390,1.08976,0.74767
-0.96340,-1.72634,-1.29532,-0.46302,1.08986,0.74804
-0.96335,-1.72608,-1.29594,-0.46247,1.09011,0.74713
-0.96329,-1.72582,-1.29656,-0.46191,1.09036,0.74622
-0.96330,-1.72572,-1.29698,-0.46109,1.09039,0.74608
-0.96330,-1.72562,-1.29739,-0.46029,1.09041,0.74593
-0.96326,-1.72551,-1.29774,-0.45973,1.09043,0.74566
-0.96323,-1.72541,-1.29810,-0.45918,1.09045,0.74538
-0.96316,-1.72536,-1.29838,-0.45873,1.09036,0.74502
-0.96309,-1.72530,-1.29867,-0.45829,1.09029,0.74466
-0.96305,-1.72513,-1.29909,-0.45782,1.09042,0.74428
-0.96301,-1.72495,-1.29952,-0.45734,1.09055,0.74390
-0.96281,-1.72508,-1.29951,-0.45732,1.09008,0.74358
-0.96262,-1.72521,-1.29950,-0.45728,1.08959,0.74325
-0.96251,-1.72518,-1.29971,-0.45694,1.08939,0.74308
-0.96240,-1.72515,-1.29992,-0.45660,1.08919,0.74292
-0.96254,-1.72482,-1.30066,-0.45550,1.08974,0.74252
-0.96267,-1.72449,-1.30140,-0.45441,1.09028,0.74213
-0.96256,-1.72450,-1.30155,-0.45409,1.09005,0.74193
-0.96246,-1.72452,-1.30170,-0.45377,1.08982,0.74173
-0.96242,-1.72439,-1.30211,-0.45321,1.08989,0.74132
-0.96239,-1.72426,-1.30252,-0.45264,1.08997,0.74090
-0.96232,-1.72426,-1.30273,-0.45215,1.08979,0.74073
-0.96226,-1.72426,-1.30294,-0.45166,1.08962,0.74055
-0.96221,-1.72416,-1.30330,-0.45113,1.08961,0.74025
-0.96216,-1.72406,-1.30365,-0.45061,1.08961,0.73995
-0.96209,-1.72390,-1.30403,-0.45022,1.08970,0.73950
-0.96203,-1.72375,-1.30442,-0.44983,1.08978,0.73905
-0.96196,-1.72369,-1.30470,-0.44936,1.08969,0.73873
-0.96188,-1.72364,-1.30498,-0.44891,1.08959,0.73842
-0.96184,-1.72355,-1.30532,-0.44844,1.08961,0.73809
-0.96179,-1.72345,-1.30565,-0.44798,1.08962,0.73777
-0.96173,-1.72338,-1.30595,-0.44751,1.08957,0.73747
-0.96167,-1.72331,-1.30624,-0.44705,1.08952,0.73719
-0.96163,-1.72321,-1.30657,-0.44652,1.08952,0.73694
-0.96158,-1.72310,-1.30690,-0.44600,1.08953,0.73670
-0.96148,-1.72309,-1.30714,-0.44559,1.08934,0.73637
-0.96138,-1.72308,-1.30739,-0.44518,1.08915,0.73604
-0.96133,-1.72301,-1.30772,-0.44466,1.08913,0.73573
-0.96128,-1.72294,-1.30805,-0.44414,1.08911,0.73543
-0.96122,-1.72287,-1.30835,-0.44368,1.08906,0.73514
-0.96116,-1.72280,-1.30864,-0.44323,1.08902,0.73486
-0.96110,-1.72274,-1.30891,-0.44279,1.08895,0.73461
-0.96104,-1.72268,-1.30918,-0.44236,1.08889,0.73435
-0.96102,-1.72260,-1.30950,-0.44180,1.08892,0.73413
-0.96100,-1.72252,-1.30983,-0.44125,1.08894,0.73390
-0.96094,-1.72245,-1.31012,-0.44079,1.08889,0.73362
-0.96088,-1.72238,-1.31041,-0.44031,1.08884,0.73334
-0.96083,-1.72231,-1.31071,-0.43985,1.08880,0.73305
-0.96077,-1.72225,-1.31100,-0.43938,1.08875,0.73277
-0.96066,-1.72218,-1.31130,-0.43893,1.08861,0.73244
-0.96056,-1.72211,-1.31159,-0.43849,1.08847,0.73210
-0.96049,-1.72205,-1.31188,-0.43803,1.08841,0.73182
-0.96043,-1.72198,-1.31217,-0.43757,1.08835,0.73154
-0.96038,-1.72191,-1.31246,-0.43710,1.08831,0.73125
-0.96032,-1.72184,-1.31277,-0.43662,1.08827,0.73095
-0.96026,-1.72177,-1.31306,-0.43616,1.08823,0.73067
-0.96021,-1.72171,-1.31335,-0.43570,1.08818,0.73039
-0.96015,-1.72165,-1.31362,-0.43528,1.08813,0.73012
-0.96010,-1.72159,-1.31389,-0.43484,1.08808,0.72985
-0.96033,-1.72104,-1.31494,-0.43370,1.08904,0.72905
-0.96056,-1.72049,-1.31599,-0.43255,1.09001,0.72824
-0.96080,-1.72001,-1.31687,-0.43159,1.09092,0.72761
-0.96104,-1.71953,-1.31776,-0.43062,1.09185,0.72697
-0.96125,-1.71906,-1.31871,-0.42959,1.09270,0.72622
-0.96146,-1.71859,-1.31966,-0.42855,1.09356,0.72546
-0.96167,-1.71811,-1.32061,-0.42754,1.09442,0.72463
-0.96187,-1.71764,-1.32157,-0.42652,1.09528,0.72381
-0.96213,-1.71714,-1.32257,-0.42538,1.09624,0.72307
-0.96238,-1.71665,-1.32357,-0.42424,1.09719,0.72232
-0.96259,-1.71620,-1.32443,-0.42331,1.09803,0.72165
-0.96280,-1.71575,-1.32529,-0.42238,1.09886,0.72097
-0.96301,-1.71524,-1.32630,-0.42129,1.09974,0.72015
-0.96321,-1.71472,-1.32731,-0.42019,1.10062,0.71933
-0.96341,-1.71428,-1.32826,-0.41917,1.10145,0.71849
-0.96362,-1.71383,-1.32920,-0.41817,1.10228,0.71767
-0.96384,-1.71345,-1.33002,-0.41721,1.10306,0.71697
-0.96405,-1.71308,-1.33084,-0.41627,1.10384,0.71629
-0.96425,-1.71266,-1.33167,-0.41535,1.10462,0.71559
-0.96445,-1.71225,-1.33250,-0.41443,1.10539,0.71488
-0.96456,-1.71190,-1.33316,-0.41382,1.10596,0.71419
-0.96467,-1.71156,-1.33381,-0.41321,1.10651,0.71349
-0.96478,-1.71135,-1.33420,-0.41282,1.10690,0.71314
-0.96489,-1.71115,-1.33460,-0.41242,1.10727,0.71280
-0.96513,-1.71065,-1.33569,-0.41105,1.10816,0.71200
-0.96537,-1.71015,-1.33678,-0.40968,1.10905,0.71120
-0.96566,-1.70962,-1.33789,-0.40849,1.11019,0.71017
-0.96596,-1.70909,-1.33899,-0.40730,1.11133,0.70915
-0.96596,-1.70889,-1.33947,-0.40691,1.11153,0.70855
-0.96597,-1.70869,-1.33993,-0.40653,1.11173,0.70795
-0.96593,-1.70865,-1.34009,-0.40628,1.11161,0.70790
-0.96590,-1.70861,-1.34024,-0.40603,1.11150,0.70785
-0.96583,-1.70852,-1.34066,-0.40529,1.11141,0.70758
-0.96576,-1.70844,-1.34107,-0.40455,1.11133,0.70731
-0.96553,-1.70862,-1.34096,-0.40440,1.11059,0.70759
-0.96530,-1.70880,-1.34084,-0.40427,1.10985,0.70787
-0.96543,-1.70863,-1.34118,-0.40374,1.11020,0.70780
-0.96557,-1.70846,-1.34151,-0.40323,1.11056,0.70774
-0.96549,-1.70848,-1.34159,-0.40293,1.11036,0.70781
-0.96540,-1.70850,-1.34167,-0.40264,1.11017,0.70788
-0.96536,-1.70844,-1.34198,-0.40220,1.11006,0.70758
-0.96531,-1.70839,-1.34228,-0.40177,1.10996,0.70728
-0.96504,-1.70862,-1.34199,-0.40190,1.10903,0.70766
-0.96476,-1.70886,-1.34170,-0.40204,1.10810,0.70804
-0.96483,-1.70864,-1.34226,-0.40134,1.10854,0.70751
-0.96490,-1.70842,-1.34280,-0.40065,1.10898,0.70699
-0.96479,-1.70843,-1.34309,-0.39990,1.10859,0.70697
-0.96468,-1.70844,-1.34338,-0.39915,1.10821,0.70694
-0.96475,-1.70847,-1.34324,-0.39928,1.10828,0.70733
-0.96483,-1.70850,-1.34309,-0.39942,1.10834,0.70772
-0.96471,-1.70857,-1.34299,-0.39979,1.10807,0.70743
-0.96459,-1.70864,-1.34290,-0.40015,1.10780,0.70712
-0.96463,-1.70853,-1.34333,-0.39893,1.10780,0.70748
-0.96466,-1.70843,-1.34376,-0.39772,1.10781,0.70784
-0.96442,-1.70860,-1.34345,-0.39850,1.10719,0.70755
-0.96417,-1.70877,-1.34314,-0.39927,1.10657,0.70726
-0.96424,-1.70870,-1.34340,-0.39861,1.10660,0.70756
-0.96430,-1.70862,-1.34366,-0.39797,1.10663,0.70786
-0.96404,-1.70866,-1.34409,-0.39686,1.10600,0.70765
-0.96379,-1.70870,-1.34453,-0.39575,1.10537,0.70745
-0.96381,-1.70898,-1.34357,-0.39748,1.10501,0.70824
-0.96383,-1.70926,-1.34262,-0.39921,1.10466,0.70903
-0.96378,-1.70909,-1.34341,-0.39744,1.10451,0.70897
-0.96373,-1.70893,-1.34420,-0.39567,1.10437,0.70892
-0.96359,-1.70902,-1.34417,-0.39564,1.10391,0.70898
-0.96344,-1.70910,-1.34413,-0.39561,1.10345,0.70904
-0.96332,-1.70939,-1.34341,-0.39689,1.10290,0.70940
-0.96321,-1.70966,-1.34270,-0.39816,1.10237,0.70975
-0.96325,-1.70936,-1.34356,-0.39681,1.10276,0.70914
-0.96329,-1.70905,-1.34442,-0.39544,1.10315,0.70853
-0.96324,-1.70904,-1.34453,-0.39543,1.10317,0.70814
-0.96320,-1.70901,-1.34464,-0.39541,1.10319,0.70776
-0.96302,-1.70907,-1.34493,-0.39435,1.10251,0.70817
-0.96284,-1.70913,-1.34523,-0.39328,1.10184,0.70858
-0.96232,-1.70941,-1.34522,-0.39335,1.10041,0.70809
-0.96181,-1.70970,-1.34520,-0.39342,1.09900,0.70760
-0.96208,-1.70982,-1.34434,-0.39491,1.09937,0.70852
-0.96235,-1.70994,-1.34348,-0.39639,1.09975,0.70944
-0.96229,-1.70983,-1.34400,-0.39536,1.09959,0.70935
-0.96224,-1.70972,-1.34451,-0.39433,1.09944,0.70927
-0.96133,-1.71020,-1.34462,-0.39410,1.09688,0.70844
-0.96043,-1.71068,-1.34472,-0.39387,1.09434,0.70761
-0.96118,-1.71043,-1.34428,-0.39429,1.09624,0.70890
-0.96194,-1.71019,-1.34384,-0.39470,1.09814,0.71019
-0.96186,-1.70996,-1.34464,-0.39351,1.09813,0.70954
-0.96178,-1.70974,-1.34544,-0.39230,1.09813,0.70889
-0.96172,-1.70991,-1.34495,-0.39318,1.09791,0.70903
-0.96166,-1.71008,-1.34446,-0.39406,1.09770,0.70918
-0.96118,-1.71025,-1.34493,-0.39275,1.09627,0.70901
-0.96070,-1.71043,-1.34541,-0.39143,1.09484,0.70884
-0.96077,-1.71037,-1.34538,-0.39174,1.09515,0.70857
-0.96083,-1.71031,-1.34536,-0.39204,1.09544,0.70830
-0.96118,-1.71025,-1.34496,-0.39280,1.09619,0.70903
-0.96154,-1.71019,-1.34455,-0.39354,1.09694,0.70977
-0.96125,-1.71009,-1.34536,-0.39211,1.09641,0.70898
-0.96096,-1.70999,-1.34617,-0.39067,1.09589,0.70819
-0.96096,-1.71001,-1.34616,-0.39054,1.09581,0.70836
-0.96097,-1.71004,-1.34615,-0.39041,1.09574,0.70854
-0.96089,-1.71020,-1.34570,-0.39138,1.09537,0.70866
-0.96081,-1.71035,-1.34525,-0.39236,1.09502,0.70878
-0.96039,-1.71059,-1.34520,-0.39247,1.09409,0.70810
-0.95997,-1.71083,-1.34514,-0.39257,1.09317,0.70743
-0.96112,-1.71004,-1.34555,-0.39220,1.09669,0.70772
-0.96227,-1.70926,-1.34594,-0.39183,1.10021,0.70802
-0.96268,-1.70886,-1.34637,-0.39147,1.10182,0.70744
-0.96309,-1.70846,-1.34679,-0.39111,1.10343,0.70687
-0.96344,-1.70831,-1.34674,-0.39098,1.10439,0.70744
-0.96380,-1.70816,-1.34669,-0.39084,1.10535,0.70800
-0.96427,-1.70793,-1.34641,-0.39195,1.10683,0.70779
-0.96473,-1.70770,-1.34611,-0.39307,1.10831,0.70757
-0.96471,-1.70796,-1.34536,-0.39421,1.10817,0.70784
-0.96468,-1.70821,-1.34462,-0.39535,1.10803,0.70811
-0.96516,-1.70762,-1.34545,-0.39453,1.11018,0.70695
-0.96564,-1.70702,-1.34628,-0.39371,1.11234,0.70580
-0.96627,-1.70644,-1.34723,-0.39165,1.11416,0.70627
-0.96690,-1.70586,-1.34818,-0.38959,1.11599,0.70676
-0.96717,-1.70581,-1.34798,-0.38959,1.11673,0.70724
-0.96744,-1.70575,-1.34778,-0.38960,1.11747,0.70772
-0.96791,-1.70548,-1.34761,-0.39063,1.11904,0.70737
-0.96838,-1.70521,-1.34744,-0.39167,1.12061,0.70702
-0.96858,-1.70516,-1.34740,-0.39137,1.12128,0.70718
-0.96877,-1.70511,-1.34736,-0.39107,1.12196,0.70734
-0.96904,-1.70492,-1.34756,-0.39034,1.12272,0.70789
-0.96930,-1.70474,-1.34775,-0.38960,1.12346,0.70846
-0.96961,-1.70465,-1.34732,-0.39082,1.12462,0.70814
-0.96992,-1.70456,-1.34689,-0.39203,1.12577,0.70782
-0.96997,-1.70451,-1.34711,-0.39124,1.12601,0.70794
-0.97001,-1.70446,-1.34732,-0.39045,1.12624,0.70806
-0.97030,-1.70443,-1.34726,-0.38977,1.12661,0.70928
-0.97058,-1.70440,-1.34719,-0.38910,1.12697,0.71051
-0.97115,-1.70392,-1.34724,-0.39022,1.12957,0.70900
-0.97172,-1.70345,-1.34729,-0.39134,1.13218,0.70749
-0.97202,-1.70337,-1.34730,-0.39068,1.13276,0.70843
-0.97232,-1.70329,-1.34731,-0.39003,1.13334,0.70935
-0.97250,-1.70314,-1.34721,-0.39095,1.13446,0.70832
-0.97269,-1.70298,-1.34711,-0.39187,1.13557,0.70729
-0.97320,-1.70268,-1.34723,-0.39164,1.13714,0.70750
-0.97372,-1.70238,-1.34735,-0.39141,1.13873,0.70772
-0.97408,-1.70224,-1.34744,-0.39051,1.13953,0.70861
-0.97444,-1.70212,-1.34753,-0.38960,1.14032,0.70950
-0.97498,-1.70204,-1.34716,-0.38956,1.14144,0.71085
-0.97552,-1.70197,-1.34679,-0.38951,1.14256,0.71221
-0.97579,-1.70173,-1.34696,-0.38972,1.14391,0.71136
-0.97607,-1.70149,-1.34712,-0.38992,1.14525,0.71051
-0.97630,-1.70133,-1.34714,-0.39004,1.14627,0.71020
-0.97654,-1.70118,-1.34717,-0.39016,1.14729,0.70989
-0.97679,-1.70107,-1.34717,-0.38990,1.14811,0.71009
-0.97705,-1.70097,-1.34718,-0.38964,1.14891,0.71027
-0.97750,-1.70061,-1.34746,-0.38955,1.15073,0.70962
-0.97796,-1.70025,-1.34773,-0.38946,1.15255,0.70897
-0.97806,-1.70035,-1.34742,-0.38944,1.15258,0.70973
-0.97817,-1.70045,-1.34712,-0.38941,1.15262,0.71048
-0.97863,-1.70021,-1.34717,-0.38934,1.15398,0.71074
-0.97908,-1.69997,-1.34722,-0.38927,1.15534,0.71099
-0.97946,-1.69974,-1.34715,-0.38978,1.15679,0.71049
-0.97983,-1.69951,-1.34708,-0.39031,1.15825,0.71000
-0.98035,-1.69928,-1.34718,-0.38990,1.15981,0.71039
-0.98088,-1.69905,-1.34727,-0.38949,1.16137,0.71078
-0.98149,-1.69851,-1.34780,-0.38910,1.16364,0.71012
-0.98210,-1.69797,-1.34833,-0.38873,1.16591,0.70946
-0.98239,-1.69781,-1.34837,-0.38873,1.16690,0.70938
-0.98268,-1.69765,-1.34840,-0.38874,1.16788,0.70930
-0.98308,-1.69760,-1.34819,-0.38866,1.16891,0.70985
-0.98348,-1.69755,-1.34796,-0.38858,1.16994,0.71040
-0.98405,-1.69727,-1.34789,-0.38898,1.17173,0.71037
-0.98463,-1.69700,-1.34780,-0.38938,1.17353,0.71034
-0.98502,-1.69671,-1.34794,-0.38974,1.17500,0.70978
-0.98541,-1.69642,-1.34808,-0.39010,1.17647,0.70923
-0.98572,-1.69636,-1.34784,-0.39047,1.17747,0.70927
-0.98604,-1.69630,-1.34761,-0.39083,1.17847,0.70932
-0.98655,-1.69602,-1.34771,-0.39087,1.18006,0.70920
-0.98706,-1.69574,-1.34780,-0.39091,1.18165,0.70909
-0.98741,-1.69562,-1.34783,-0.39039,1.18286,0.70936
-0.98775,-1.69549,-1.34785,-0.38989,1.18407,0.70962
-0.98845,-1.69509,-1.34827,-0.38898,1.18615,0.70989
-0.98916,-1.69469,-1.34868,-0.38806,1.18822,0.71016
-0.98980,-1.69442,-1.34857,-0.38839,1.19013,0.71035
-0.99045,-1.69416,-1.34845,-0.38871,1.19202,0.71053
-0.99057,-1.69401,-1.34848,-0.38936,1.19268,0.70985
-0.99069,-1.69386,-1.34852,-0.39002,1.19335,0.70917
-0.99160,-1.69371,-1.34784,-0.39081,1.19563,0.71029
-0.99251,-1.69356,-1.34715,-0.39161,1.19793,0.71141
-0.99216,-1.69360,-1.34777,-0.38992,1.19699,0.71142
-0.99181,-1.69365,-1.34838,-0.38822,1.19605,0.71143
-0.99263,-1.69322,-1.34850,-0.38834,1.19870,0.71116
-0.99345,-1.69280,-1.34861,-0.38846,1.20135,0.71090
-0.99415,-1.69265,-1.34814,-0.38911,1.20323,0.71157
-0.99485,-1.69251,-1.34767,-0.38976,1.20510,0.71224
-0.99520,-1.69233,-1.34780,-0.38928,1.20658,0.71192
-0.99555,-1.69216,-1.34793,-0.38879,1.20806,0.71160
-0.99627,-1.69156,-1.34893,-0.38704,1.21042,0.71147
-0.99699,-1.69096,-1.34991,-0.38529,1.21278,0.71135
-0.99705,-1.69098,-1.34980,-0.38542,1.21293,0.71148
-0.99711,-1.69099,-1.34968,-0.38554,1.21309,0.71161
-0.99782,-1.69054,-1.35014,-0.38506,1.21548,0.71113
-0.99853,-1.69009,-1.35060,-0.38458,1.21787,0.71066
-0.99827,-1.69035,-1.35016,-0.38521,1.21706,0.71078
-0.99802,-1.69060,-1.34971,-0.38583,1.21626,0.71090
-0.99886,-1.68990,-1.35081,-0.38437,1.21895,0.71037
-0.99969,-1.68921,-1.35190,-0.38291,1.22165,0.70983
-0.99989,-1.68927,-1.35146,-0.38341,1.22199,0.71052
-1.00009,-1.68932,-1.35103,-0.38391,1.22234,0.71120
-1.00024,-1.68914,-1.35155,-0.38296,1.22290,0.71090
-1.00039,-1.68896,-1.35206,-0.38203,1.22347,0.71061
-1.00120,-1.68812,-1.35380,-0.37889,1.22651,0.70987
-1.00201,-1.68729,-1.35553,-0.37575,1.22956,0.70914
-1.00197,-1.68753,-1.35494,-0.37640,1.22899,0.70990
-1.00193,-1.68778,-1.35435,-0.37705,1.22843,0.71067
-1.00183,-1.68754,-1.35526,-0.37541,1.22842,0.71022
-1.00174,-1.68731,-1.35618,-0.37377,1.22842,0.70978
-1.00203,-1.68717,-1.35637,-0.37322,1.22918,0.71010
-1.00232,-1.68702,-1.35656,-0.37266,1.22993,0.71042
-1.00256,-1.68700,-1.35630,-0.37316,1.23049,0.71067
-1.00281,-1.68698,-1.35604,-0.37366,1.23107,0.71092
-1.00292,-1.68695,-1.35612,-0.37328,1.23138,0.71114
-1.00303,-1.68692,-1.35619,-0.37291,1.23169,0.71136
-1.00313,-1.68671,-1.35699,-0.37101,1.23228,0.71125
-1.00323,-1.68650,-1.35778,-0.36912,1.23287,0.71115
-1.00387,-1.68582,-1.35917,-0.36700,1.23506,0.71054
-1.00452,-1.68515,-1.36056,-0.36487,1.23727,0.70992
-1.00565,-1.68428,-1.36223,-0.36184,1.24025,0.71048
-1.00679,-1.68341,-1.36390,-0.35880,1.24324,0.71105
-1.00676,-1.68291,-1.36553,-0.35624,1.24396,0.70958
-1.00673,-1.68242,-1.36716,-0.35369,1.24468,0.70811
-1.00714,-1.68248,-1.36674,-0.35394,1.24540,0.70912
-1.00754,-1.68253,-1.36632,-0.35419,1.24610,0.71013
-1.00714,-1.68246,-1.36699,-0.35327,1.24523,0.70943
-1.00673,-1.68238,-1.36765,-0.35235,1.24435,0.70871
-1.00647,-1.68231,-1.36830,-0.35108,1.24377,0.70843
-1.00622,-1.68224,-1.36895,-0.34980,1.24320,0.70814
-1.00642,-1.68195,-1.36989,-0.34775,1.24400,0.70802
-1.00661,-1.68166,-1.37083,-0.34570,1.24479,0.70790
-1.00657,-1.68166,-1.37086,-0.34563,1.24470,0.70792
-1.00653,-1.68165,-1.37088,-0.34556,1.24461,0.70794
-1.00767,-1.68088,-1.37233,-0.34291,1.24776,0.70825
-1.00881,-1.68010,-1.37378,-0.34026,1.25092,0.70858
-1.00891,-1.67988,-1.37420,-0.33996,1.25164,0.70780
-1.00902,-1.67966,-1.37462,-0.33966,1.25238,0.70702
-1.00913,-1.67970,-1.37446,-0.33964,1.25244,0.70763
-1.00925,-1.67974,-1.37430,-0.33962,1.25251,0.70824
-1.00933,-1.67961,-1.37473,-0.33877,1.25303,0.70780
-1.00942,-1.67948,-1.37516,-0.33791,1.25356,0.70736
-1.01001,-1.67915,-1.37591,-0.33600,1.25505,0.70800
-1.01061,-1.67882,-1.37665,-0.33409,1.25655,0.70865
-1.01173,-1.67852,-1.37657,-0.33350,1.25936,0.71009
-1.01284,-1.67823,-1.37647,-0.33291,1.26216,0.71155
-1.01239,-1.67812,-1.37756,-0.33093,1.26131,0.71055
-1.01194,-1.67801,-1.37865,-0.32895,1.26044,0.70955
-1.01344,-1.67721,-1.37972,-0.32697,1.26423,0.71109
-1.01495,-1.67642,-1.38078,-0.32500,1.26802,0.71264
-1.01507,-1.67621,-1.38147,-0.32366,1.26834,0.71267
-1.01519,-1.67600,-1.38217,-0.32233,1.26866,0.71270
-1.01569,-1.67563,-1.38304,-0.32076,1.26991,0.71287
-1.01619,-1.67527,-1.38390,-0.31919,1.27114,0.71305
-1.01613,-1.67516,-1.38438,-0.31827,1.27113,0.71283
-1.01607,-1.67505,-1.38486,-0.31734,1.27111,0.71260
-1.01646,-1.67498,-1.38494,-0.31652,1.27189,0.71360
-1.01685,-1.67491,-1.38502,-0.31571,1.27268,0.71460
-1.01685,-1.67490,-1.38522,-0.31496,1.27274,0.71465
-1.01684,-1.67490,-1.38543,-0.31421,1.27280,0.71471
-1.01685,-1.67509,-1.38482,-0.31430,1.27302,0.71557
-1.01687,-1.67527,-1.38421,-0.31439,1.27324,0.71642
-1.01734,-1.67498,-1.38491,-0.31292,1.27466,0.71676
-1.01781,-1.67469,-1.38560,-0.31145,1.27608,0.71710
-1.01819,-1.67416,-1.38711,-0.30899,1.27713,0.71683
-1.01856,-1.67364,-1.38862,-0.30652,1.27816,0.71656
-1.01853,-1.67371,-1.38858,-0.30613,1.27805,0.71683
-1.01850,-1.67379,-1.38854,-0.30575,1.27794,0.71711
-1.01811,-1.67426,-1.38715,-0.30747,1.27727,0.71772
-1.01773,-1.67474,-1.38576,-0.30920,1.27661,0.71833
-1.01820,-1.67423,-1.38725,-0.30666,1.27780,0.71813
-1.01868,-1.67372,-1.38874,-0.30413,1.27898,0.71794
-1.01920,-1.67354,-1.38916,-0.30284,1.28019,0.71872
-1.01972,-1.67336,-1.38958,-0.30156,1.28138,0.71951
-1.01997,-1.67304,-1.39038,-0.30007,1.28217,0.71970
-1.02023,-1.67271,-1.39118,-0.29858,1.28295,0.71989
-1.02031,-1.67254,-1.39173,-0.29744,1.28349,0.71966
-1.02039,-1.67236,-1.39228,-0.29631,1.28404,0.71944
-1.02042,-1.67265,-1.39141,-0.29725,1.28397,0.72034
-1.02044,-1.67294,-1.39054,-0.29820,1.28392,0.72125
-1.02007,-1.67295,-1.39079,-0.29813,1.28330,0.72038
-1.01970,-1.67295,-1.39104,-0.29806,1.28267,0.71952
-1.02054,-1.67247,-1.39232,-0.29485,1.28476,0.72056
-1.02136,-1.67199,-1.39360,-0.29164,1.28682,0.72160
-1.02161,-1.67176,-1.39422,-0.29043,1.28740,0.72178
-1.02186,-1.67154,-1.39484,-0.28921,1.28797,0.72196
-1.02205,-1.67133,-1.39552,-0.28768,1.28860,0.72205
-1.02224,-1.67112,-1.39620,-0.28614,1.28921,0.72214
-1.02233,-1.67102,-1.39650,-0.28528,1.28969,0.72247
-1.02243,-1.67092,-1.39680,-0.28442,1.29015,0.72279
-1.02268,-1.67083,-1.39712,-0.28349,1.29068,0.72318
-1.02292,-1.67074,-1.39743,-0.28256,1.29121,0.72358
-1.02293,-1.67079,-1.39747,-0.28188,1.29135,0.72387
-1.02294,-1.67085,-1.39752,-0.28120,1.29149,0.72417
-1.02332,-1.67066,-1.39796,-0.28010,1.29254,0.72472
-1.02371,-1.67046,-1.39841,-0.27899,1.29359,0.72528
-1.02375,-1.67015,-1.39959,-0.27694,1.29397,0.72476
-1.02380,-1.66984,-1.40077,-0.27489,1.29435,0.72423
-1.02434,-1.66981,-1.40067,-0.27404,1.29584,0.72533
-1.02488,-1.66978,-1.40057,-0.27319,1.29732,0.72643
-1.02502,-1.66969,-1.40035,-0.27440,1.29804,0.72552
-1.02516,-1.66960,-1.40013,-0.27561,1.29877,0.72463
-1.02498,-1.66968,-1.40019,-0.27598,1.29865,0.72337
-1.02480,-1.66977,-1.40026,-0.27634,1.29853,0.72211
-1.02483,-1.66984,-1.39984,-0.27710,1.29921,0.72156
-1.02486,-1.66992,-1.39942,-0.27787,1.29989,0.72101
-1.02473,-1.67021,-1.39899,-0.27864,1.29954,0.72016
-1.02460,-1.67050,-1.39856,-0.27941,1.29919,0.71931
-1.02477,-1.67040,-1.39822,-0.28052,1.30028,0.71871
-1.02494,-1.67030,-1.39787,-0.28164,1.30137,0.71812
-1.02504,-1.67036,-1.39752,-0.28241,1.30225,0.71748
-1.02514,-1.67043,-1.39716,-0.28319,1.30313,0.71685
-1.02514,-1.67050,-1.39682,-0.28432,1.30347,0.71598
-1.02513,-1.67057,-1.39649,-0.28546,1.30379,0.71510
-1.02528,-1.67054,-1.39610,-0.28638,1.30485,0.71460
-1.02544,-1.67051,-1.39570,-0.28730,1.30591,0.71411
-1.02506,-1.67107,-1.39520,-0.28775,1.30451,0.71315
-1.02466,-1.67163,-1.39469,-0.28820,1.30311,0.71219
-1.02465,-1.67166,-1.39434,-0.28937,1.30340,0.71137
-1.02463,-1.67169,-1.39400,-0.29053,1.30370,0.71054
-1.02466,-1.67165,-1.39372,-0.29177,1.30416,0.70965
-1.02468,-1.67162,-1.39343,-0.29302,1.30462,0.70876
-1.02461,-1.67182,-1.39301,-0.29406,1.30459,0.70787
-1.02453,-1.67203,-1.39259,-0.29508,1.30456,0.70699
-1.02455,-1.67201,-1.39225,-0.29644,1.30494,0.70613
-1.02457,-1.67199,-1.39192,-0.29781,1.30532,0.70525
-1.02464,-1.67207,-1.39146,-0.29872,1.30594,0.70468
-1.02470,-1.67215,-1.39101,-0.29963,1.30656,0.70412
-1.02466,-1.67242,-1.39050,-0.30031,1.30682,0.70345
-1.02463,-1.67268,-1.39000,-0.30099,1.30710,0.70279
-1.02454,-1.67302,-1.38943,-0.30179,1.30700,0.70212
-1.02445,-1.67335,-1.38887,-0.30260,1.30691,0.70145
-1.02440,-1.67352,-1.38841,-0.30333,1.30699,0.70080
-1.02435,-1.67370,-1.38796,-0.30408,1.30708,0.70016
-1.02431,-1.67389,-1.38749,-0.30463,1.30717,0.69959
-1.02426,-1.67409,-1.38703,-0.30518,1.30727,0.69901
-1.02422,-1.67429,-1.38657,-0.30574,1.30736,0.69843
-1.02417,-1.67449,-1.38610,-0.30630,1.30745,0.69786
-1.02413,-1.67469,-1.38564,-0.30685,1.30755,0.69728
-1.02408,-1.67489,-1.38518,-0.30740,1.30763,0.69670
-1.02403,-1.67509,-1.38471,-0.30796,1.30773,0.69613
-1.02398,-1.67529,-1.38425,-0.30852,1.30782,0.69555
-1.02393,-1.67549,-1.38378,-0.30908,1.30790,0.69497
-1.02388,-1.67569,-1.38332,-0.30963,1.30799,0.69439
-1.02383,-1.67590,-1.38285,-0.31019,1.30807,0.69382
-1.02379,-1.67610,-1.38238,-0.31075,1.30816,0.69325
-1.02374,-1.67630,-1.38192,-0.31130,1.30825,0.69267
-1.02368,-1.67650,-1.38145,-0.31186,1.30834,0.69209
-1.02363,-1.67670,-1.38098,-0.31242,1.30842,0.69152
-1.02358,-1.67691,-1.38052,-0.31298,1.30851,0.69094
-1.02353,-1.67711,-1.38005,-0.31355,1.30859,0.69037
-1.02348,-1.67731,-1.37958,-0.31411,1.30867,0.68979
-1.02343,-1.67752,-1.37911,-0.31468,1.30876,0.68922
-1.02337,-1.67772,-1.37864,-0.31523,1.30884,0.68865
-1.02332,-1.67793,-1.37816,-0.31580,1.30892,0.68807
-1.02327,-1.67813,-1.37770,-0.31636,1.30900,0.68750
-1.02321,-1.67834,-1.37722,-0.31693,1.30908,0.68693
-1.02316,-1.67854,-1.37675,-0.31750,1.30916,0.68635
-1.02310,-1.67875,-1.37628,-0.31806,1.30924,0.68578
-1.02305,-1.67895,-1.37581,-0.31863,1.30931,0.68521
-1.02299,-1.67916,-1.37533,-0.31919,1.30938,0.68464
-1.02293,-1.67937,-1.37486,-0.31976,1.30946,0.68406
-1.02287,-1.67957,-1.37439,-0.32033,1.30953,0.68349
-1.02282,-1.67978,-1.37392,-0.32090,1.30961,0.68291
-1.02276,-1.67999,-1.37344,-0.32147,1.30968,0.68234
-1.02270,-1.68020,-1.37297,-0.32204,1.30975,0.68177
-1.02264,-1.68041,-1.37249,-0.32261,1.30983,0.68120
-1.02258,-1.68061,-1.37201,-0.32318,1.30990,0.68063
-1.02252,-1.68082,-1.37154,-0.32375,1.30997,0.68006
-1.02246,-1.68103,-1.37106,-0.32432,1.31003,0.67949
-1.02240,-1.68124,-1.37058,-0.32490,1.31010,0.67892
-1.02234,-1.68145,-1.37011,-0.32547,1.31018,0.67835
-1.02228,-1.68166,-1.36963,-0.32605,1.31024,0.67778
-1.02222,-1.68187,-1.36915,-0.32662,1.31031,0.67721
-1.02216,-1.68208,-1.36867,-0.32719,1.31037,0.67664
-1.02209,-1.68229,-1.36819,-0.32777,1.31044,0.67607
-1.02203,-1.68251,-1.36771,-0.32835,1.31051,0.67550
-1.02197,-1.68272,-1.36723,-0.32892,1.31057,0.67493
-1.02190,-1.68293,-1.36675,-0.32950,1.31063,0.67436
-1.02184,-1.68314,-1.36627,-0.33008,1.31069,0.67379
-1.02177,-1.68336,-1.36579,-0.33066,1.31075,0.67323
-1.02171,-1.68357,-1.36531,-0.33124,1.31081,0.67266
-1.02164,-1.68378,-1.36482,-0.33182,1.31088,0.67209
-1.02157,-1.68400,-1.36434,-0.33239,1.31093,0.67152
-1.02151,-1.68421,-1.36386,-0.33298,1.31100,0.67096
-1.02144,-1.68443,-1.36338,-0.33356,1.31106,0.67039
-1.02138,-1.68464,-1.36289,-0.33414,1.31111,0.66983
-1.02131,-1.68486,-1.36241,-0.33472,1.31117,0.66926
-1.02124,-1.68507,-1.36192,-0.33530,1.31122,0.66869
-1.02117,-1.68529,-1.36144,-0.33589,1.31128,0.66812
-1.02110,-1.68550,-1.36095,-0.33647,1.31133,0.66756
-1.02103,-1.68572,-1.36046,-0.33706,1.31138,0.66699
-1.02096,-1.68594,-1.35998,-0.33764,1.31144,0.66643
-1.02089,-1.68616,-1.35949,-0.33822,1.31149,0.66586
-1.02082,-1.68637,-1.35901,-0.33881,1.31155,0.66530
-1.02075,-1.68659,-1.35852,-0.33939,1.31159,0.66473
-1.02068,-1.68681,-1.35803,-0.33998,1.31164,0.66417
-1.02060,-1.68703,-1.35754,-0.34057,1.31169,0.66360
-1.02053,-1.68725,-1.35705,-0.34116,1.31174,0.66304
-1.02046,-1.68747,-1.35656,-0.34175,1.31179,0.66248
