-0.05463,-0.00075,0.01402,-0.00000,0.00000,-0.00000
-0.05258,-0.00118,0.01259,0.00056,0.00098,0.00069
-0.05054,-0.00160,0.01115,0.00111,0.00196,0.00138
-0.04850,-0.00202,0.00972,0.00167,0.00295,0.00207
-0.04646,-0.00244,0.00829,0.00223,0.00393,0.00276
-0.04441,-0.00287,0.00685,0.00278,0.00492,0.00344
-0.04237,-0.00329,0.00542,0.00334,0.00590,0.00413
-0.04090,-0.00364,0.00530,0.00319,0.00717,0.00444
-0.03943,-0.00398,0.00518,0.00304,0.00843,0.00474
-0.03957,-0.00435,0.00505,0.00313,0.00957,0.00469
-0.03972,-0.00473,0.00491,0.00321,0.01070,0.00464
-0.03972,-0.00502,0.00483,0.00323,0.01196,0.00436
-0.03973,-0.00531,0.00475,0.00325,0.01322,0.00408
-0.03888,-0.00561,0.00523,0.00263,0.01463,0.00396
-0.03803,-0.00591,0.00571,0.00201,0.01604,0.00384
-0.03804,-0.00630,0.00572,0.00219,0.01724,0.00374
-0.03805,-0.00668,0.00572,0.00236,0.01844,0.00365
-0.03811,-0.00705,0.00557,0.00243,0.01970,0.00352
-0.03817,-0.00741,0.00541,0.00250,0.02095,0.00339
-0.03817,-0.00783,0.00551,0.00264,0.02219,0.00347
-0.03817,-0.00826,0.00561,0.00278,0.02342,0.00355
-0.03829,-0.00860,0.00542,0.00327,0.02464,0.00372
-0.03842,-0.00895,0.00522,0.00375,0.02585,0.00389
-0.03843,-0.00928,0.00515,0.00378,0.02705,0.00367
-0.03845,-0.00962,0.00507,0.00381,0.02824,0.00345
-0.03829,-0.00995,0.00519,0.00375,0.02947,0.00332
-0.03813,-0.01029,0.00530,0.00369,0.03069,0.00319
-0.03830,-0.01061,0.00504,0.00374,0.03184,0.00269
-0.03846,-0.01094,0.00478,0.00378,0.03298,0.00219
-0.03833,-0.01131,0.00490,0.00374,0.03421,0.00221
-0.03821,-0.01167,0.00501,0.00370,0.03543,0.00222
-0.03823,-0.01200,0.00495,0.00372,0.03661,0.00199
-0.03824,-0.01233,0.00488,0.00374,0.03779,0.00177
-0.03827,-0.01266,0.00482,0.00384,0.03893,0.00159
-0.03830,-0.01298,0.00476,0.00393,0.04007,0.00141
-0.03824,-0.01331,0.00474,0.00394,0.04128,0.00122
-0.03819,-0.01364,0.00472,0.00395,0.04249,0.00103
-0.03841,-0.01394,0.00437,0.00399,0.04356,0.00053
-0.03862,-0.01425,0.00401,0.00403,0.04464,0.00003
-0.03845,-0.01456,0.00423,0.00406,0.04591,0.00005
-0.03828,-0.01488,0.00444,0.00408,0.04718,0.00007
-0.03845,-0.01517,0.00424,0.00423,0.04829,-0.00020
-0.03862,-0.01545,0.00403,0.00438,0.04941,-0.00047
-0.03860,-0.01574,0.00399,0.00426,0.05058,-0.00086
-0.03857,-0.01603,0.00394,0.00415,0.05175,-0.00124
-0.03864,-0.01636,0.00378,0.00440,0.05290,-0.00133
-0.03871,-0.01668,0.00362,0.00465,0.05404,-0.00143
-0.03849,-0.01694,0.00379,0.00445,0.05529,-0.00165
-0.03826,-0.01720,0.00395,0.00426,0.05655,-0.00187
-0.03833,-0.01747,0.00386,0.00432,0.05768,-0.00216
-0.03839,-0.01773,0.00377,0.00438,0.05882,-0.00245
-0.03842,-0.01803,0.00367,0.00433,0.05996,-0.00278
-0.03845,-0.01832,0.00358,0.00429,0.06110,-0.00310
-0.03846,-0.01859,0.00350,0.00428,0.06223,-0.00339
-0.03846,-0.01887,0.00342,0.00428,0.06337,-0.00368
-0.03847,-0.01912,0.00335,0.00438,0.06450,-0.00391
-0.03848,-0.01937,0.00328,0.00447,0.06563,-0.00413
-0.03850,-0.01965,0.00320,0.00450,0.06677,-0.00441
-0.03853,-0.01992,0.00313,0.00453,0.06790,-0.00468
-0.03861,-0.02020,0.00297,0.00436,0.06907,-0.00525
-0.03870,-0.02048,0.00282,0.00420,0.07023,-0.00582
-0.03858,-0.02076,0.00281,0.00421,0.07144,-0.00594
-0.03846,-0.02105,0.00280,0.00422,0.07266,-0.00607
-0.03850,-0.02131,0.00272,0.00426,0.07382,-0.00625
-0.03854,-0.02158,0.00264,0.00431,0.07498,-0.00643
-0.03858,-0.02184,0.00257,0.00436,0.07612,-0.00657
-0.03861,-0.02210,0.00249,0.00442,0.07725,-0.00671
-0.03865,-0.02236,0.00242,0.00445,0.07836,-0.00689
-0.03868,-0.02262,0.00234,0.00448,0.07948,-0.00708
-0.03872,-0.02288,0.00226,0.00455,0.08069,-0.00720
-0.03876,-0.02315,0.00218,0.00462,0.08189,-0.00732
-0.03878,-0.02341,0.00212,0.00468,0.08302,-0.00744
-0.03880,-0.02367,0.00205,0.00474,0.08414,-0.00757
-0.03884,-0.02394,0.00197,0.00478,0.08531,-0.00772
-0.03887,-0.02422,0.00190,0.00483,0.08647,-0.00787
-0.03891,-0.02450,0.00183,0.00490,0.08764,-0.00799
-0.03894,-0.02478,0.00176,0.00498,0.08881,-0.00810
-0.03923,-0.02506,0.00153,0.00487,0.08993,-0.00838
-0.03952,-0.02533,0.00130,0.00477,0.09105,-0.00867
-0.03917,-0.02566,0.00179,0.00516,0.09236,-0.00840
-0.03882,-0.02598,0.00228,0.00556,0.09366,-0.00813
-0.03885,-0.02626,0.00219,0.00564,0.09478,-0.00827
-0.03889,-0.02654,0.00211,0.00572,0.09590,-0.00842
-0.03889,-0.02681,0.00203,0.00566,0.09708,-0.00877
-0.03889,-0.02709,0.00195,0.00559,0.09826,-0.00913
-0.03892,-0.02736,0.00187,0.00575,0.09943,-0.00930
-0.03896,-0.02764,0.00179,0.00590,0.10061,-0.00947
-0.03915,-0.02793,0.00143,0.00636,0.10163,-0.00948
-0.03935,-0.02822,0.00108,0.00681,0.10266,-0.00949
-0.03938,-0.02850,0.00098,0.00682,0.10379,-0.00973
-0.03940,-0.02877,0.00089,0.00684,0.10493,-0.00996
-0.03944,-0.02905,0.00082,0.00694,0.10602,-0.01009
-0.03947,-0.02934,0.00075,0.00704,0.10710,-0.01023
-0.03951,-0.02962,0.00070,0.00727,0.10825,-0.01026
-0.03956,-0.02991,0.00064,0.00750,0.10940,-0.01030
-0.03957,-0.03013,0.00053,0.00758,0.11057,-0.01079
-0.03959,-0.03035,0.00041,0.00766,0.11173,-0.01128
-0.03963,-0.03062,0.00036,0.00781,0.11285,-0.01135
-0.03967,-0.03090,0.00030,0.00795,0.11397,-0.01141
-0.03970,-0.03119,0.00025,0.00807,0.11510,-0.01141
-0.03973,-0.03148,0.00019,0.00818,0.11623,-0.01140
-0.03978,-0.03184,0.00013,0.00807,0.11686,-0.01142
-0.03982,-0.03221,0.00006,0.00796,0.11748,-0.01144
-0.03984,-0.03257,0.00003,0.00783,0.11810,-0.01148
-0.03987,-0.03294,0.00000,0.00771,0.11873,-0.01151
-0.03989,-0.03335,-0.00002,0.00753,0.11937,-0.01149
-0.03991,-0.03377,-0.00004,0.00736,0.12001,-0.01148
-0.03972,-0.03403,-0.00009,0.00619,0.12053,-0.01263
-0.03952,-0.03430,-0.00015,0.00502,0.12105,-0.01379
-0.03882,-0.03476,0.00095,0.00436,0.12206,-0.01323
-0.03813,-0.03523,0.00205,0.00371,0.12308,-0.01267
-0.03817,-0.03567,0.00208,0.00254,0.12370,-0.01257
-0.03822,-0.03611,0.00212,0.00137,0.12432,-0.01247
-0.03818,-0.03647,0.00238,-0.00005,0.12498,-0.01282
-0.03813,-0.03684,0.00264,-0.00148,0.12564,-0.01316
-0.03811,-0.03727,0.00274,-0.00304,0.12637,-0.01273
-0.03808,-0.03769,0.00284,-0.00459,0.12710,-0.01230
-0.03818,-0.03812,0.00280,-0.00633,0.12777,-0.01209
-0.03827,-0.03856,0.00275,-0.00806,0.12844,-0.01188
-0.03824,-0.03898,0.00287,-0.00967,0.12917,-0.01151
-0.03821,-0.03941,0.00300,-0.01127,0.12991,-0.01113
-0.03810,-0.03983,0.00326,-0.01284,0.13071,-0.01081
-0.03799,-0.04025,0.00353,-0.01440,0.13151,-0.01049
-0.03796,-0.04067,0.00367,-0.01604,0.13226,-0.01014
-0.03792,-0.04110,0.00380,-0.01767,0.13301,-0.00979
-0.03805,-0.04148,0.00378,-0.01921,0.13371,-0.01005
-0.03818,-0.04185,0.00375,-0.02075,0.13440,-0.01030
-0.03806,-0.04228,0.00404,-0.02234,0.13513,-0.01008
-0.03795,-0.04270,0.00434,-0.02394,0.13585,-0.00986
-0.03796,-0.04310,0.00450,-0.02554,0.13661,-0.01004
-0.03797,-0.04349,0.00465,-0.02714,0.13736,-0.01022
-0.03806,-0.04387,0.00467,-0.02874,0.13806,-0.01028
-0.03814,-0.04426,0.00468,-0.03034,0.13877,-0.01034
-0.03804,-0.04469,0.00495,-0.03198,0.13955,-0.01011
-0.03794,-0.04512,0.00523,-0.03362,0.14034,-0.00988
-0.03797,-0.04550,0.00537,-0.03521,0.14112,-0.00996
-0.03799,-0.04589,0.00552,-0.03680,0.14191,-0.01004
-0.03800,-0.04623,0.00552,-0.03831,0.14265,-0.01086
-0.03800,-0.04657,0.00552,-0.03981,0.14339,-0.01169
-0.03812,-0.04698,0.00543,-0.04147,0.14406,-0.01126
-0.03824,-0.04740,0.00533,-0.04313,0.14473,-0.01082
-0.03823,-0.04780,0.00587,-0.04417,0.14560,-0.01100
-0.03821,-0.04819,0.00640,-0.04522,0.14646,-0.01119
-0.03830,-0.04855,0.00644,-0.04639,0.14716,-0.01170
-0.03838,-0.04891,0.00647,-0.04756,0.14785,-0.01222
-0.03858,-0.04922,0.00600,-0.04885,0.14853,-0.01338
-0.03877,-0.04953,0.00552,-0.05014,0.14921,-0.01454
-0.03883,-0.04988,0.00546,-0.05126,0.14992,-0.01504
-0.03890,-0.05023,0.00540,-0.05238,0.15063,-0.01555
-0.03914,-0.05057,0.00530,-0.05324,0.15133,-0.01615
-0.03938,-0.05092,0.00519,-0.05411,0.15203,-0.01674
-0.03948,-0.05124,0.00561,-0.05501,0.15292,-0.01750
-0.03958,-0.05156,0.00603,-0.05592,0.15382,-0.01826
-0.03970,-0.05196,0.00666,-0.05684,0.15467,-0.01830
-0.03981,-0.05236,0.00729,-0.05776,0.15551,-0.01833
-0.04005,-0.05265,0.00714,-0.05836,0.15630,-0.01967
-0.04028,-0.05294,0.00700,-0.05897,0.15710,-0.02102
-0.04010,-0.05332,0.00659,-0.05965,0.15769,-0.02130
-0.03992,-0.05371,0.00619,-0.06032,0.15827,-0.02159
-0.04004,-0.05405,0.00654,-0.06049,0.15911,-0.02221
-0.04015,-0.05439,0.00689,-0.06066,0.15994,-0.02284
-0.04030,-0.05472,0.00664,-0.06096,0.16062,-0.02356
-0.04045,-0.05504,0.00638,-0.06126,0.16129,-0.02428
-0.04059,-0.05542,0.00604,-0.06251,0.16195,-0.02451
-0.04072,-0.05580,0.00571,-0.06376,0.16260,-0.02474
-0.04080,-0.05616,0.00574,-0.06429,0.16337,-0.02528
-0.04089,-0.05651,0.00577,-0.06483,0.16415,-0.02581
-0.04086,-0.05689,0.00629,-0.06535,0.16503,-0.02607
-0.04084,-0.05727,0.00682,-0.06586,0.16591,-0.02632
-0.04088,-0.05761,0.00665,-0.06661,0.16665,-0.02701
-0.04093,-0.05795,0.00648,-0.06736,0.16739,-0.02771
-0.04120,-0.05830,0.00621,-0.06794,0.16808,-0.02824
-0.04147,-0.05865,0.00593,-0.06852,0.16877,-0.02878
-0.04139,-0.05901,0.00618,-0.06898,0.16964,-0.02932
-0.04131,-0.05937,0.00643,-0.06945,0.17051,-0.02985
-0.04138,-0.05977,0.00636,-0.06965,0.17114,-0.02963
-0.04144,-0.06017,0.00628,-0.06985,0.17177,-0.02940
-0.04160,-0.06048,0.00641,-0.07016,0.17267,-0.03047
-0.04177,-0.06078,0.00654,-0.07046,0.17357,-0.03154
-0.04194,-0.06124,0.00632,-0.07072,0.17406,-0.03070
-0.04211,-0.06170,0.00610,-0.07099,0.17454,-0.02986
-0.04164,-0.06211,0.00637,-0.07113,0.17528,-0.02965
-0.04117,-0.06252,0.00664,-0.07128,0.17602,-0.02944
-0.04200,-0.06273,0.00657,-0.07187,0.17706,-0.03208
-0.04282,-0.06295,0.00651,-0.07247,0.17810,-0.03473
-0.04291,-0.06333,0.00649,-0.07264,0.17889,-0.03505
-0.04299,-0.06371,0.00648,-0.07282,0.17967,-0.03537
-0.04303,-0.06405,0.00623,-0.07324,0.18037,-0.03570
-0.04306,-0.06439,0.00598,-0.07366,0.18108,-0.03603
-0.04300,-0.06475,0.00607,-0.07376,0.18184,-0.03635
-0.04294,-0.06510,0.00616,-0.07385,0.18259,-0.03668
-0.04300,-0.06547,0.00614,-0.07394,0.18335,-0.03691
-0.04305,-0.06583,0.00611,-0.07404,0.18410,-0.03714
-0.04310,-0.06619,0.00609,-0.07413,0.18484,-0.03735
-0.04315,-0.06655,0.00606,-0.07423,0.18559,-0.03757
-0.04320,-0.06692,0.00604,-0.07431,0.18633,-0.03779
-0.04324,-0.06729,0.00601,-0.07439,0.18708,-0.03801
-0.04332,-0.06765,0.00597,-0.07451,0.18784,-0.03823
-0.04339,-0.06802,0.00593,-0.07463,0.18860,-0.03846
-0.04344,-0.06838,0.00591,-0.07473,0.18934,-0.03868
-0.04349,-0.06874,0.00589,-0.07483,0.19008,-0.03891
-0.04354,-0.07047,0.00588,-0.07413,0.19129,-0.04016
-0.04358,-0.07220,0.00587,-0.07344,0.19250,-0.04142
-0.04358,-0.07392,0.00584,-0.07249,0.19369,-0.04266
-0.04358,-0.07564,0.00581,-0.07154,0.19488,-0.04391
-0.04372,-0.07739,0.00574,-0.07112,0.19605,-0.04489
-0.04385,-0.07915,0.00566,-0.07070,0.19722,-0.04587
-0.04404,-0.08086,0.00576,-0.07000,0.19850,-0.04734
-0.04423,-0.08257,0.00587,-0.06930,0.19977,-0.04880
-0.04435,-0.08427,0.00586,-0.06839,0.20104,-0.05037
-0.04447,-0.08598,0.00585,-0.06749,0.20231,-0.05194
-0.04458,-0.08774,0.00566,-0.06653,0.20340,-0.05251
-0.04469,-0.08950,0.00547,-0.06558,0.20450,-0.05308
-0.04468,-0.09126,0.00636,-0.06411,0.20590,-0.05375
-0.04467,-0.09302,0.00725,-0.06265,0.20730,-0.05442
-0.04473,-0.09473,0.00719,-0.06101,0.20853,-0.05572
-0.04479,-0.09644,0.00712,-0.05936,0.20976,-0.05702
-0.04481,-0.09818,0.00715,-0.05845,0.21092,-0.05815
-0.04483,-0.09993,0.00717,-0.05753,0.21207,-0.05928
-0.04433,-0.10168,0.00718,-0.05733,0.21326,-0.06051
-0.04384,-0.10342,0.00720,-0.05714,0.21445,-0.06173
-0.04395,-0.10516,0.00723,-0.05612,0.21563,-0.06286
-0.04406,-0.10689,0.00726,-0.05511,0.21682,-0.06398
-0.04418,-0.10862,0.00729,-0.05411,0.21801,-0.06510
-0.04429,-0.11036,0.00731,-0.05312,0.21920,-0.06622
-0.04439,-0.11209,0.00722,-0.05186,0.22037,-0.06736
-0.04449,-0.11383,0.00712,-0.05059,0.22153,-0.06851
-0.04477,-0.11557,0.00716,-0.04961,0.22268,-0.06946
-0.04505,-0.11731,0.00720,-0.04862,0.22383,-0.07041
-0.04495,-0.11904,0.00732,-0.04789,0.22506,-0.07172
-0.04485,-0.12077,0.00744,-0.04716,0.22629,-0.07303
-0.04499,-0.12252,0.00745,-0.04623,0.22744,-0.07382
-0.04513,-0.12428,0.00746,-0.04530,0.22859,-0.07461
-0.04515,-0.12599,0.00748,-0.04425,0.22979,-0.07611
-0.04516,-0.12771,0.00750,-0.04319,0.23099,-0.07761
-0.04568,-0.12944,0.00749,-0.04224,0.23217,-0.07863
-0.04619,-0.13118,0.00748,-0.04129,0.23335,-0.07965
-0.04635,-0.13291,0.00750,-0.04032,0.23455,-0.08086
-0.04651,-0.13463,0.00752,-0.03935,0.23574,-0.08208
-0.04639,-0.13637,0.00732,-0.03802,0.23686,-0.08327
-0.04627,-0.13811,0.00711,-0.03669,0.23798,-0.08445
-0.04635,-0.13984,0.00687,-0.03568,0.23914,-0.08580
-0.04642,-0.14157,0.00663,-0.03467,0.24029,-0.08715
-0.04659,-0.14331,0.00650,-0.03380,0.24148,-0.08824
-0.04677,-0.14505,0.00637,-0.03292,0.24268,-0.08932
-0.04706,-0.14679,0.00657,-0.03189,0.24387,-0.09053
-0.04735,-0.14853,0.00677,-0.03087,0.24506,-0.09174
-0.04750,-0.15027,0.00693,-0.02959,0.24629,-0.09303
-0.04766,-0.15201,0.00709,-0.02832,0.24752,-0.09433
-0.04782,-0.15376,0.00708,-0.02761,0.24876,-0.09557
-0.04799,-0.15551,0.00707,-0.02691,0.24999,-0.09681
-0.04801,-0.15726,0.00734,-0.02616,0.25127,-0.09807
-0.04803,-0.15902,0.00762,-0.02541,0.25255,-0.09933
-0.04825,-0.16076,0.00739,-0.02391,0.25369,-0.10043
-0.04847,-0.16249,0.00717,-0.02240,0.25482,-0.10154
-0.04873,-0.16425,0.00758,-0.02170,0.25615,-0.10287
-0.04900,-0.16601,0.00798,-0.02100,0.25749,-0.10420
-0.04919,-0.16777,0.00768,-0.01961,0.25860,-0.10507
-0.04938,-0.16954,0.00738,-0.01821,0.25971,-0.10594
-0.04950,-0.17132,0.00749,-0.01689,0.26096,-0.10686
-0.04962,-0.17310,0.00759,-0.01556,0.26221,-0.10779
-0.04959,-0.17488,0.00754,-0.01480,0.26339,-0.10865
-0.04956,-0.17666,0.00748,-0.01402,0.26457,-0.10952
-0.04975,-0.17843,0.00750,-0.01354,0.26577,-0.11061
-0.04993,-0.18021,0.00751,-0.01306,0.26698,-0.11171
-0.05017,-0.18198,0.00767,-0.01211,0.26821,-0.11225
-0.05040,-0.18376,0.00783,-0.01115,0.26944,-0.11279
-0.05047,-0.18556,0.00757,-0.01012,0.27053,-0.11324
-0.05054,-0.18735,0.00732,-0.00908,0.27161,-0.11369
-0.05085,-0.18914,0.00740,-0.00839,0.27277,-0.11406
-0.05116,-0.19092,0.00748,-0.00771,0.27393,-0.11443
-0.05094,-0.19272,0.00723,-0.00674,0.27509,-0.11509
-0.05071,-0.19451,0.00697,-0.00577,0.27624,-0.11574
-0.05079,-0.19629,0.00695,-0.00490,0.27737,-0.11645
-0.05086,-0.19807,0.00694,-0.00402,0.27851,-0.11715
-0.05100,-0.19988,0.00689,-0.00297,0.27970,-0.11772
-0.05114,-0.20169,0.00684,-0.00191,0.28088,-0.11828
-0.05120,-0.20345,0.00666,-0.00108,0.28212,-0.11885
-0.05126,-0.20520,0.00648,-0.00024,0.28336,-0.11943
-0.05153,-0.20701,0.00667,0.00056,0.28455,-0.11995
-0.05180,-0.20883,0.00687,0.00136,0.28574,-0.12048
-0.05207,-0.21064,0.00705,0.00200,0.28706,-0.12089
-0.05234,-0.21245,0.00724,0.00264,0.28837,-0.12130
-0.05218,-0.21430,0.00689,0.00347,0.28943,-0.12173
-0.05201,-0.21614,0.00654,0.00430,0.29049,-0.12216
-0.05238,-0.21795,0.00663,0.00490,0.29182,-0.12225
-0.05275,-0.21975,0.00671,0.00549,0.29314,-0.12234
-0.05269,-0.22157,0.00679,0.00623,0.29440,-0.12305
-0.05262,-0.22338,0.00687,0.00696,0.29565,-0.12376
-0.05277,-0.22508,0.00677,0.00759,0.29677,-0.12415
-0.05292,-0.22679,0.00666,0.00822,0.29789,-0.12455
-0.05324,-0.22856,0.00690,0.00850,0.29917,-0.12465
-0.05356,-0.23033,0.00715,0.00878,0.30045,-0.12475
-0.05386,-0.23212,0.00692,0.00977,0.30156,-0.12573
-0.05417,-0.23390,0.00670,0.01076,0.30267,-0.12672
-0.05402,-0.23566,0.00675,0.01089,0.30393,-0.12719
-0.05386,-0.23742,0.00681,0.01101,0.30518,-0.12766
-0.05407,-0.23918,0.00674,0.01169,0.30640,-0.12814
-0.05427,-0.24094,0.00667,0.01237,0.30761,-0.12862
-0.05470,-0.24271,0.00642,0.01282,0.30876,-0.12873
-0.05513,-0.24449,0.00616,0.01327,0.30991,-0.12884
-0.05488,-0.24572,0.00621,0.01406,0.31090,-0.12819
-0.05464,-0.24694,0.00626,0.01486,0.31188,-0.12755
-0.05505,-0.24811,0.00638,0.01451,0.31288,-0.12634
-0.05545,-0.24929,0.00649,0.01416,0.31389,-0.12514
-0.05545,-0.25049,0.00653,0.01381,0.31489,-0.12457
-0.05545,-0.25170,0.00658,0.01346,0.31589,-0.12401
-0.05513,-0.25289,0.00655,0.01333,0.31689,-0.12373
-0.05481,-0.25409,0.00652,0.01320,0.31789,-0.12345
-0.05493,-0.25529,0.00658,0.01396,0.31893,-0.12263
-0.05505,-0.25649,0.00664,0.01471,0.31998,-0.12180
-0.05486,-0.25768,0.00618,0.01574,0.32081,-0.12091
-0.05468,-0.25886,0.00573,0.01676,0.32165,-0.12003
-0.05508,-0.25998,0.00609,0.01725,0.32266,-0.11886
-0.05548,-0.26110,0.00646,0.01773,0.32368,-0.11769
-0.05527,-0.26230,0.00642,0.01769,0.32466,-0.11711
-0.05506,-0.26350,0.00638,0.01766,0.32564,-0.11653
-0.05555,-0.26467,0.00669,0.01817,0.32676,-0.11554
-0.05603,-0.26584,0.00700,0.01869,0.32787,-0.11455
-0.05605,-0.26705,0.00692,0.01904,0.32880,-0.11369
-0.05608,-0.26826,0.00684,0.01939,0.32973,-0.11283
-0.05580,-0.26946,0.00658,0.01988,0.33068,-0.11225
-0.05552,-0.27066,0.00632,0.02037,0.33164,-0.11167
-0.05615,-0.27183,0.00666,0.02041,0.33271,-0.11078
-0.05678,-0.27300,0.00699,0.02045,0.33378,-0.10989
-0.05674,-0.27422,0.00684,0.02074,0.33472,-0.10911
-0.05669,-0.27543,0.00669,0.02103,0.33565,-0.10834
-0.05687,-0.27663,0.00667,0.02133,0.33664,-0.10748
-0.05705,-0.27783,0.00666,0.02164,0.33763,-0.10661
-0.05681,-0.27904,0.00648,0.02211,0.33860,-0.10580
-0.05656,-0.28026,0.00631,0.02257,0.33958,-0.10498
-0.05669,-0.28145,0.00631,0.02288,0.34061,-0.10407
-0.05682,-0.28265,0.00631,0.02319,0.34165,-0.10316
-0.05727,-0.28384,0.00642,0.02283,0.34268,-0.10227
-0.05773,-0.28502,0.00652,0.02247,0.34371,-0.10138
-0.05760,-0.28624,0.00641,0.02329,0.34468,-0.10064
-0.05747,-0.28746,0.00630,0.02411,0.34564,-0.09989
-0.05759,-0.28866,0.00628,0.02421,0.34663,-0.09912
-0.05772,-0.28986,0.00626,0.02431,0.34761,-0.09834
-0.05842,-0.29102,0.00652,0.02469,0.34863,-0.09739
-0.05912,-0.29218,0.00678,0.02507,0.34965,-0.09644
-0.05912,-0.29337,0.00672,0.02478,0.35066,-0.09600
-0.05912,-0.29457,0.00665,0.02449,0.35166,-0.09557
-0.05913,-0.29576,0.00664,0.02393,0.35261,-0.09504
-0.05914,-0.29696,0.00664,0.02338,0.35357,-0.09451
-0.05911,-0.29817,0.00655,0.02315,0.35455,-0.09406
-0.05908,-0.29938,0.00646,0.02293,0.35554,-0.09361
-0.05905,-0.30059,0.00644,0.02204,0.35648,-0.09301
-0.05901,-0.30180,0.00641,0.02115,0.35741,-0.09241
-0.05900,-0.30301,0.00634,0.02087,0.35836,-0.09201
-0.05899,-0.30423,0.00627,0.02059,0.35930,-0.09162
-0.05838,-0.30548,0.00598,0.02104,0.36009,-0.09178
-0.05776,-0.30672,0.00568,0.02149,0.36089,-0.09194
-0.05791,-0.30793,0.00564,0.02160,0.36180,-0.09168
-0.05806,-0.30914,0.00559,0.02172,0.36270,-0.09141
-0.05795,-0.31036,0.00552,0.02109,0.36364,-0.09117
-0.05785,-0.31157,0.00545,0.02046,0.36457,-0.09094
-0.05826,-0.31279,0.00545,0.02168,0.36551,-0.09114
-0.05866,-0.31401,0.00545,0.02289,0.36646,-0.09134
-0.05842,-0.31522,0.00538,0.02206,0.36743,-0.09065
-0.05818,-0.31644,0.00532,0.02122,0.36840,-0.08996
-0.05825,-0.31766,0.00526,0.02112,0.36932,-0.08992
-0.05831,-0.31888,0.00520,0.02103,0.37023,-0.08987
-0.05871,-0.32010,0.00516,0.02185,0.37113,-0.09011
-0.05911,-0.32131,0.00511,0.02268,0.37202,-0.09035
-0.05927,-0.32251,0.00512,0.02292,0.37303,-0.08959
-0.05942,-0.32370,0.00513,0.02316,0.37403,-0.08883
-0.05975,-0.32489,0.00512,0.02344,0.37507,-0.08813
-0.06008,-0.32609,0.00510,0.02372,0.37610,-0.08743
-0.06025,-0.32729,0.00512,0.02395,0.37711,-0.08668
-0.06041,-0.32850,0.00513,0.02419,0.37812,-0.08592
-0.06033,-0.32972,0.00513,0.02435,0.37916,-0.08491
-0.06024,-0.33094,0.00513,0.02451,0.38020,-0.08390
-0.06025,-0.33215,0.00512,0.02456,0.38114,-0.08350
-0.06026,-0.33336,0.00512,0.02461,0.38208,-0.08310
-0.06031,-0.33459,0.00506,0.02449,0.38305,-0.08294
-0.06036,-0.33581,0.00501,0.02437,0.38403,-0.08279
-0.06065,-0.33700,0.00500,0.02441,0.38505,-0.08208
-0.06095,-0.33819,0.00499,0.02444,0.38608,-0.08137
-0.06078,-0.33942,0.00496,0.02445,0.38713,-0.08049
-0.06060,-0.34064,0.00493,0.02446,0.38819,-0.07961
-0.06073,-0.34184,0.00494,0.02479,0.38921,-0.07889
-0.06086,-0.34303,0.00495,0.02511,0.39022,-0.07817
-0.06107,-0.34423,0.00498,0.02521,0.39124,-0.07748
-0.06129,-0.34543,0.00501,0.02530,0.39226,-0.07679
-0.06138,-0.34663,0.00495,0.02535,0.39327,-0.07602
-0.06147,-0.34784,0.00490,0.02540,0.39429,-0.07525
-0.06161,-0.34904,0.00488,0.02512,0.39532,-0.07452
-0.06175,-0.35024,0.00487,0.02484,0.39635,-0.07378
-0.06187,-0.35145,0.00493,0.02445,0.39739,-0.07295
-0.06199,-0.35267,0.00499,0.02405,0.39843,-0.07212
-0.06195,-0.35381,0.00480,0.02438,0.39938,-0.07129
-0.06191,-0.35495,0.00461,0.02471,0.40033,-0.07046
-0.06194,-0.35616,0.00453,0.02467,0.40133,-0.06976
-0.06198,-0.35738,0.00446,0.02463,0.40234,-0.06907
-0.06180,-0.35854,0.00438,0.02415,0.40332,-0.06800
-0.06162,-0.35971,0.00430,0.02366,0.40430,-0.06693
-0.06173,-0.36093,0.00425,0.02363,0.40533,-0.06621
-0.06183,-0.36214,0.00421,0.02360,0.40636,-0.06549
-0.06193,-0.36335,0.00419,0.02358,0.40740,-0.06476
-0.06204,-0.36456,0.00416,0.02355,0.40844,-0.06403
-0.06215,-0.36425,0.00406,0.02501,0.40859,-0.06517
-0.06226,-0.36394,0.00395,0.02648,0.40874,-0.06630
-0.06221,-0.36362,0.00389,0.02684,0.40903,-0.06725
-0.06217,-0.36331,0.00384,0.02721,0.40931,-0.06819
-0.06238,-0.36296,0.00387,0.02772,0.40960,-0.06915
-0.06259,-0.36262,0.00391,0.02823,0.40989,-0.07011
-0.06247,-0.36228,0.00381,0.02871,0.41019,-0.07106
-0.06235,-0.36194,0.00370,0.02920,0.41049,-0.07200
-0.06263,-0.36161,0.00377,0.02987,0.41077,-0.07298
-0.06292,-0.36128,0.00385,0.03055,0.41104,-0.07396
-0.06279,-0.36096,0.00376,0.03107,0.41128,-0.07499
-0.06266,-0.36064,0.00367,0.03159,0.41152,-0.07603
-0.06265,-0.36032,0.00356,0.03234,0.41183,-0.07701
-0.06265,-0.36000,0.00345,0.03308,0.41214,-0.07799
-0.06280,-0.35967,0.00343,0.03396,0.41241,-0.07905
-0.06295,-0.35934,0.00340,0.03485,0.41268,-0.08011
-0.06304,-0.35902,0.00337,0.03553,0.41297,-0.08115
-0.06312,-0.35870,0.00334,0.03622,0.41326,-0.08219
-0.06310,-0.35839,0.00326,0.03703,0.41353,-0.08333
-0.06308,-0.35808,0.00319,0.03783,0.41379,-0.08446
-0.06312,-0.35775,0.00316,0.03831,0.41411,-0.08548
-0.06316,-0.35742,0.00312,0.03879,0.41442,-0.08650
-0.06378,-0.35707,0.00328,0.03986,0.41465,-0.08742
-0.06441,-0.35672,0.00343,0.04093,0.41488,-0.08833
-0.06405,-0.35643,0.00317,0.04151,0.41517,-0.08965
-0.06370,-0.35613,0.00291,0.04208,0.41546,-0.09096
-0.06391,-0.35580,0.00287,0.04286,0.41573,-0.09203
-0.06412,-0.35546,0.00283,0.04364,0.41599,-0.09311
-0.06408,-0.35514,0.00277,0.04431,0.41629,-0.09412
-0.06405,-0.35483,0.00271,0.04498,0.41658,-0.09513
-0.06429,-0.35451,0.00267,0.04581,0.41682,-0.09626
-0.06453,-0.35419,0.00262,0.04663,0.41705,-0.09738
-0.06475,-0.35386,0.00270,0.04727,0.41740,-0.09830
-0.06498,-0.35352,0.00278,0.04791,0.41775,-0.09922
-0.06490,-0.35321,0.00261,0.04861,0.41797,-0.10045
-0.06482,-0.35290,0.00245,0.04931,0.41819,-0.10169
-0.06510,-0.35258,0.00253,0.04986,0.41853,-0.10262
-0.06537,-0.35226,0.00261,0.05042,0.41887,-0.10356
-0.06552,-0.35194,0.00261,0.05123,0.41915,-0.10471
-0.06567,-0.35163,0.00262,0.05203,0.41943,-0.10587
-0.06577,-0.35132,0.00258,0.05265,0.41972,-0.10693
-0.06587,-0.35102,0.00254,0.05327,0.42002,-0.10800
-0.06579,-0.35070,0.00238,0.05399,0.42025,-0.10926
-0.06571,-0.35039,0.00222,0.05472,0.42048,-0.11053
-0.06600,-0.35003,0.00242,0.05463,0.42091,-0.11096
-0.06628,-0.34967,0.00261,0.05454,0.42133,-0.11140
-0.06638,-0.34936,0.00256,0.05517,0.42164,-0.11250
-0.06647,-0.34905,0.00251,0.05580,0.42195,-0.11360
-0.06657,-0.34873,0.00225,0.05659,0.42219,-0.11469
-0.06667,-0.34841,0.00199,0.05738,0.42244,-0.11578
-0.06657,-0.34814,0.00201,0.05774,0.42274,-0.11688
-0.06647,-0.34787,0.00204,0.05811,0.42304,-0.11798
-0.06674,-0.34739,0.00195,0.05953,0.42342,-0.11775
-0.06701,-0.34691,0.00186,0.06095,0.42381,-0.11751
-0.06711,-0.34645,0.00187,0.06206,0.42417,-0.11702
-0.06721,-0.34600,0.00188,0.06317,0.42453,-0.11652
-0.06731,-0.34551,0.00169,0.06416,0.42482,-0.11589
-0.06742,-0.34502,0.00151,0.06514,0.42510,-0.11526
-0.06775,-0.34454,0.00154,0.06563,0.42545,-0.11452
-0.06809,-0.34406,0.00157,0.06612,0.42580,-0.11379
-0.06816,-0.34360,0.00145,0.06726,0.42615,-0.11336
-0.06823,-0.34315,0.00132,0.06840,0.42651,-0.11293
-0.06824,-0.34270,0.00121,0.06937,0.42681,-0.11241
-0.06825,-0.34226,0.00109,0.07034,0.42711,-0.11189
-0.06848,-0.34180,0.00107,0.07093,0.42752,-0.11131
-0.06871,-0.34133,0.00105,0.07152,0.42794,-0.11074
-0.06894,-0.34090,0.00090,0.07231,0.42827,-0.11010
-0.06918,-0.34046,0.00074,0.07309,0.42859,-0.10947
-0.06924,-0.34004,0.00080,0.07370,0.42903,-0.10896
-0.06930,-0.33962,0.00086,0.07431,0.42947,-0.10845
-0.06929,-0.33928,0.00083,0.07455,0.42982,-0.10864
-0.06927,-0.33895,0.00080,0.07480,0.43016,-0.10883
-0.06926,-0.33861,0.00077,0.07504,0.43050,-0.10902
-0.06925,-0.33828,0.00073,0.07528,0.43084,-0.10921
-0.06924,-0.33794,0.00070,0.07552,0.43118,-0.10939
-0.06923,-0.33761,0.00067,0.07577,0.43152,-0.10957
-0.06939,-0.33725,0.00065,0.07599,0.43193,-0.10897
-0.06955,-0.33690,0.00063,0.07620,0.43233,-0.10837
-0.06923,-0.33653,0.00078,0.07670,0.43286,-0.10751
-0.06892,-0.33616,0.00093,0.07721,0.43338,-0.10665
-0.06927,-0.33582,0.00059,0.07728,0.43369,-0.10631
-0.06962,-0.33548,0.00025,0.07735,0.43399,-0.10597
-0.07002,-0.33508,0.00020,0.07756,0.43444,-0.10521
-0.07041,-0.33469,0.00015,0.07777,0.43488,-0.10445
-0.07035,-0.33432,0.00009,0.07803,0.43533,-0.10389
-0.07028,-0.33396,0.00002,0.07829,0.43578,-0.10332
-0.07029,-0.33361,-0.00003,0.07870,0.43623,-0.10350
-0.07030,-0.33326,-0.00008,0.07910,0.43668,-0.10368
-0.07030,-0.33292,-0.00013,0.07949,0.43711,-0.10385
-0.07031,-0.33258,-0.00017,0.07988,0.43754,-0.10402
-0.07030,-0.33223,-0.00023,0.08030,0.43797,-0.10419
-0.07030,-0.33188,-0.00028,0.08072,0.43841,-0.10435
-0.07031,-0.33153,-0.00033,0.08109,0.43884,-0.10448
-0.07031,-0.33117,-0.00038,0.08146,0.43926,-0.10462
-0.07010,-0.33085,-0.00043,0.08195,0.43968,-0.10491
-0.06988,-0.33053,-0.00048,0.08245,0.44011,-0.10520
-0.07002,-0.33017,-0.00055,0.08280,0.44056,-0.10533
-0.07016,-0.32981,-0.00063,0.08316,0.44101,-0.10546
-0.07016,-0.32948,-0.00067,0.08350,0.44144,-0.10565
-0.07015,-0.32915,-0.00071,0.08384,0.44186,-0.10584
-0.07030,-0.33092,-0.00081,0.08441,0.44199,-0.10583
-0.07046,-0.33270,-0.00090,0.08497,0.44211,-0.10582
-0.07083,-0.33440,-0.00112,0.08558,0.44239,-0.10403
-0.07120,-0.33611,-0.00134,0.08619,0.44267,-0.10223
-0.07136,-0.33786,-0.00142,0.08694,0.44280,-0.10241
-0.07153,-0.33961,-0.00149,0.08769,0.44292,-0.10259
-0.07150,-0.34122,-0.00132,0.08776,0.44335,-0.10043
-0.07148,-0.34283,-0.00115,0.08784,0.44377,-0.09826
-0.07155,-0.34453,-0.00136,0.08825,0.44408,-0.09650
-0.07161,-0.34622,-0.00157,0.08866,0.44438,-0.09474
-0.07176,-0.34784,-0.00176,0.08836,0.44465,-0.09252
-0.07191,-0.34946,-0.00195,0.08807,0.44492,-0.09031
-0.07245,-0.35111,-0.00227,0.08838,0.44520,-0.08853
-0.07300,-0.35277,-0.00260,0.08869,0.44548,-0.08676
-0.07261,-0.35444,-0.00261,0.08921,0.44583,-0.08522
-0.07223,-0.35611,-0.00262,0.08972,0.44618,-0.08369
-0.07208,-0.35780,-0.00267,0.09020,0.44650,-0.08211
-0.07193,-0.35948,-0.00273,0.09069,0.44681,-0.08053
-0.07231,-0.36115,-0.00334,0.09096,0.44707,-0.07894
-0.07268,-0.36282,-0.00396,0.09123,0.44733,-0.07734
-0.07274,-0.36442,-0.00377,0.09104,0.44772,-0.07534
-0.07280,-0.36601,-0.00358,0.09086,0.44812,-0.07334
-0.07307,-0.36767,-0.00360,0.09133,0.44843,-0.07150
-0.07333,-0.36932,-0.00362,0.09180,0.44874,-0.06965
-0.07326,-0.37105,-0.00372,0.09182,0.44902,-0.06870
-0.07319,-0.37277,-0.00382,0.09183,0.44929,-0.06774
-0.07361,-0.37455,-0.00414,0.09199,0.44949,-0.06737
-0.07403,-0.37632,-0.00446,0.09215,0.44970,-0.06699
-0.07370,-0.37798,-0.00436,0.09222,0.45007,-0.06540
-0.07338,-0.37964,-0.00426,0.09228,0.45044,-0.06381
-0.07346,-0.38133,-0.00437,0.09207,0.45076,-0.06268
-0.07354,-0.38302,-0.00448,0.09185,0.45109,-0.06155
-0.07380,-0.38476,-0.00506,0.09174,0.45126,-0.06089
-0.07407,-0.38651,-0.00564,0.09162,0.45143,-0.06023
-0.07404,-0.38814,-0.00529,0.09115,0.45189,-0.05834
-0.07400,-0.38978,-0.00493,0.09068,0.45235,-0.05644
-0.07423,-0.39146,-0.00548,0.09080,0.45249,-0.05553
-0.07445,-0.39315,-0.00602,0.09092,0.45263,-0.05462
-0.07443,-0.39487,-0.00583,0.09066,0.45298,-0.05358
-0.07441,-0.39660,-0.00563,0.09039,0.45333,-0.05254
-0.07455,-0.39827,-0.00566,0.08963,0.45368,-0.05075
-0.07470,-0.39994,-0.00568,0.08887,0.45403,-0.04896
-0.07473,-0.40157,-0.00595,0.08895,0.45433,-0.04809
-0.07476,-0.40320,-0.00622,0.08903,0.45463,-0.04722
-0.07447,-0.40491,-0.00600,0.08888,0.45500,-0.04610
-0.07418,-0.40662,-0.00578,0.08872,0.45537,-0.04497
-0.07453,-0.40828,-0.00620,0.08820,0.45565,-0.04355
-0.07488,-0.40993,-0.00661,0.08767,0.45592,-0.04213
-0.07490,-0.41159,-0.00669,0.08731,0.45625,-0.04081
-0.07492,-0.41325,-0.00678,0.08695,0.45657,-0.03950
-0.07516,-0.41486,-0.00681,0.08662,0.45690,-0.03802
-0.07541,-0.41646,-0.00685,0.08629,0.45723,-0.03654
-0.07529,-0.41808,-0.00691,0.08592,0.45756,-0.03521
-0.07517,-0.41970,-0.00697,0.08555,0.45789,-0.03389
-0.07512,-0.42127,-0.00701,0.08520,0.45825,-0.03251
-0.07506,-0.42285,-0.00704,0.08485,0.45860,-0.03113
-0.07501,-0.42439,-0.00708,0.08446,0.45897,-0.02972
-0.07497,-0.42594,-0.00712,0.08408,0.45933,-0.02831
-0.07476,-0.42753,-0.00704,0.08382,0.45967,-0.02699
-0.07455,-0.42911,-0.00697,0.08356,0.46001,-0.02567
-0.07449,-0.43068,-0.00700,0.08321,0.46038,-0.02426
-0.07443,-0.43225,-0.00702,0.08287,0.46074,-0.02285
-0.07441,-0.43379,-0.00707,0.08250,0.46109,-0.02141
-0.07438,-0.43533,-0.00712,0.08214,0.46145,-0.01997
-0.07416,-0.43689,-0.00706,0.08199,0.46186,-0.01859
-0.07395,-0.43844,-0.00699,0.08184,0.46227,-0.01720
-0.07387,-0.44003,-0.00705,0.08167,0.46264,-0.01587
-0.07380,-0.44161,-0.00710,0.08151,0.46301,-0.01452
-0.07373,-0.44320,-0.00715,0.08135,0.46340,-0.01327
-0.07366,-0.44480,-0.00719,0.08119,0.46378,-0.01201
-0.07341,-0.44640,-0.00711,0.08111,0.46421,-0.01081
-0.07317,-0.44800,-0.00704,0.08104,0.46464,-0.00960
-0.07311,-0.44963,-0.00708,0.08085,0.46497,-0.00848
-0.07305,-0.45126,-0.00712,0.08065,0.46530,-0.00736
-0.07336,-0.45274,-0.00745,0.07940,0.46560,-0.00532
-0.07366,-0.45423,-0.00778,0.07815,0.46589,-0.00327
-0.07345,-0.45592,-0.00768,0.07886,0.46626,-0.00257
-0.07323,-0.45761,-0.00758,0.07957,0.46662,-0.00187
-0.07315,-0.45915,-0.00761,0.07916,0.46697,-0.00043
-0.07307,-0.46068,-0.00765,0.07874,0.46731,0.00101
-0.07297,-0.46225,-0.00768,0.07853,0.46766,0.00225
-0.07288,-0.46382,-0.00771,0.07831,0.46800,0.00349
-0.07279,-0.46538,-0.00774,0.07800,0.46834,0.00483
-0.07271,-0.46693,-0.00778,0.07770,0.46868,0.00618
-0.07211,-0.46843,-0.00770,0.07676,0.46907,0.00760
-0.07150,-0.46992,-0.00762,0.07583,0.46947,0.00902
-0.07130,-0.47148,-0.00774,0.07547,0.46979,0.01046
-0.07110,-0.47303,-0.00787,0.07511,0.47012,0.01190
-0.07110,-0.47455,-0.00783,0.07469,0.47045,0.01328
-0.07109,-0.47608,-0.00780,0.07426,0.47077,0.01466
-0.07133,-0.47763,-0.00780,0.07441,0.47109,0.01601
-0.07157,-0.47918,-0.00780,0.07456,0.47141,0.01736
-0.07140,-0.48061,-0.00780,0.07411,0.47177,0.01883
-0.07124,-0.48204,-0.00779,0.07365,0.47213,0.02029
-0.07125,-0.48350,-0.00773,0.07312,0.47250,0.02187
-0.07126,-0.48496,-0.00768,0.07259,0.47287,0.02345
-0.07117,-0.48635,-0.00770,0.07183,0.47321,0.02517
-0.07107,-0.48774,-0.00771,0.07107,0.47355,0.02690
-0.07078,-0.48926,-0.00782,0.07029,0.47386,0.02831
-0.07048,-0.49078,-0.00793,0.06950,0.47416,0.02971
-0.07038,-0.49193,-0.00804,0.06833,0.47477,0.03202
-0.07028,-0.49308,-0.00814,0.06716,0.47537,0.03433
-0.07024,-0.49409,-0.00827,0.06555,0.47590,0.03673
-0.07020,-0.49511,-0.00840,0.06393,0.47642,0.03913
-0.07034,-0.49634,-0.00832,0.06335,0.47698,0.04105
-0.07048,-0.49758,-0.00825,0.06277,0.47754,0.04297
-0.07006,-0.49861,-0.00829,0.06021,0.47815,0.04602
-0.06963,-0.49963,-0.00833,0.05765,0.47875,0.04907
-0.06967,-0.50084,-0.00832,0.05785,0.47946,0.05081
-0.06970,-0.50205,-0.00831,0.05806,0.48017,0.05254
-0.06965,-0.50318,-0.00838,0.05650,0.48070,0.05483
-0.06961,-0.50431,-0.00845,0.05494,0.48122,0.05711
-0.06955,-0.50525,-0.00844,0.05287,0.48183,0.05976
-0.06949,-0.50620,-0.00844,0.05079,0.48244,0.06242
-0.06928,-0.50760,-0.00842,0.05039,0.48296,0.06369
-0.06908,-0.50900,-0.00841,0.04998,0.48347,0.06496
-0.06858,-0.51051,-0.00803,0.05004,0.48411,0.06606
-0.06809,-0.51203,-0.00765,0.05011,0.48476,0.06716
-0.06788,-0.51326,-0.00763,0.04938,0.48535,0.06895
-0.06767,-0.51449,-0.00760,0.04866,0.48593,0.07073
-0.06742,-0.51575,-0.00808,0.04809,0.48647,0.07258
-0.06716,-0.51701,-0.00856,0.04751,0.48701,0.07443
-0.06700,-0.51809,-0.00847,0.04578,0.48764,0.07649
-0.06684,-0.51917,-0.00839,0.04404,0.48827,0.07856
-0.06662,-0.52040,-0.00828,0.04329,0.48887,0.08041
-0.06640,-0.52163,-0.00816,0.04254,0.48947,0.08225
-0.06604,-0.52274,-0.00819,0.04184,0.49012,0.08445
-0.06568,-0.52385,-0.00822,0.04114,0.49076,0.08665
-0.06554,-0.52502,-0.00822,0.04004,0.49133,0.08870
-0.06539,-0.52619,-0.00823,0.03894,0.49191,0.09074
-0.06532,-0.52742,-0.00829,0.03766,0.49237,0.09244
-0.06525,-0.52865,-0.00835,0.03637,0.49283,0.09414
-0.06522,-0.52975,-0.00819,0.03520,0.49340,0.09615
-0.06518,-0.53084,-0.00803,0.03403,0.49397,0.09817
-0.06477,-0.53202,-0.00808,0.03390,0.49454,0.10014
-0.06435,-0.53320,-0.00812,0.03376,0.49511,0.10211
-0.06442,-0.53426,-0.00838,0.03299,0.49562,0.10449
-0.06449,-0.53531,-0.00863,0.03222,0.49614,0.10687
-0.06442,-0.53655,-0.00866,0.03110,0.49666,0.10892
-0.06434,-0.53779,-0.00869,0.02998,0.49719,0.11096
-0.06419,-0.53883,-0.00873,0.02893,0.49775,0.11320
-0.06403,-0.53986,-0.00876,0.02787,0.49830,0.11544
-0.06388,-0.54088,-0.00879,0.02677,0.49886,0.11772
-0.06372,-0.54191,-0.00882,0.02568,0.49940,0.12000
-0.06334,-0.54283,-0.00865,0.02437,0.49995,0.12235
-0.06295,-0.54375,-0.00849,0.02305,0.50050,0.12470
-0.06301,-0.54485,-0.00872,0.02210,0.50101,0.12693
-0.06307,-0.54596,-0.00895,0.02116,0.50152,0.12916
-0.06266,-0.54695,-0.00873,0.01976,0.50207,0.13141
-0.06225,-0.54795,-0.00852,0.01837,0.50262,0.13366
-0.06206,-0.54897,-0.00853,0.01725,0.50315,0.13593
-0.06188,-0.54998,-0.00854,0.01613,0.50369,0.13820
-0.06169,-0.55101,-0.00855,0.01504,0.50422,0.14047
-0.06149,-0.55204,-0.00856,0.01395,0.50474,0.14274
-0.06131,-0.55307,-0.00857,0.01281,0.50528,0.14503
-0.06113,-0.55410,-0.00859,0.01167,0.50582,0.14733
-0.06116,-0.55486,-0.00876,0.01026,0.50635,0.15027
-0.06119,-0.55562,-0.00893,0.00885,0.50687,0.15322
-0.06096,-0.55661,-0.00877,0.00728,0.50735,0.15561
-0.06074,-0.55760,-0.00860,0.00572,0.50781,0.15801
-0.06028,-0.55887,-0.00859,0.00529,0.50839,0.15952
-0.05982,-0.56013,-0.00858,0.00486,0.50897,0.16103
-0.05955,-0.56117,-0.00863,0.00373,0.50946,0.16331
-0.05928,-0.56221,-0.00868,0.00260,0.50995,0.16559
-0.05961,-0.56305,-0.00896,0.00070,0.51038,0.16869
-0.05994,-0.56389,-0.00924,-0.00120,0.51080,0.17179
-0.05939,-0.56511,-0.00921,-0.00215,0.51127,0.17343
-0.05883,-0.56633,-0.00918,-0.00309,0.51173,0.17506
-0.05902,-0.56702,-0.00919,-0.00599,0.51202,0.17830
-0.05921,-0.56771,-0.00920,-0.00890,0.51230,0.18155
-0.05901,-0.56865,-0.00897,-0.01032,0.51273,0.18406
-0.05881,-0.56959,-0.00874,-0.01175,0.51315,0.18658
-0.05860,-0.57045,-0.00939,-0.01329,0.51351,0.18946
-0.05839,-0.57132,-0.01005,-0.01484,0.51385,0.19234
-0.05832,-0.57221,-0.01013,-0.01683,0.51418,0.19511
-0.05824,-0.57309,-0.01020,-0.01881,0.51451,0.19787
-0.05831,-0.57387,-0.00995,-0.02062,0.51492,0.20095
-0.05837,-0.57465,-0.00969,-0.02242,0.51532,0.20403
-0.05828,-0.57542,-0.00983,-0.02439,0.51562,0.20675
-0.05820,-0.57619,-0.00996,-0.02637,0.51591,0.20946
-0.05785,-0.57707,-0.01031,-0.02842,0.51625,0.21178
-0.05751,-0.57796,-0.01067,-0.03046,0.51659,0.21410
-0.05779,-0.57797,-0.01146,-0.03332,0.51665,0.21887
-0.05807,-0.57799,-0.01224,-0.03618,0.51670,0.22364
-0.05783,-0.57905,-0.01215,-0.03749,0.51719,0.22565
-0.05759,-0.58011,-0.01205,-0.03879,0.51767,0.22765
-0.05726,-0.58076,-0.01185,-0.04036,0.51809,0.23014
-0.05692,-0.58141,-0.01165,-0.04194,0.51851,0.23264
-0.05672,-0.58192,-0.01179,-0.04391,0.51882,0.23569
-0.05651,-0.58242,-0.01193,-0.04589,0.51914,0.23875
-0.05655,-0.58304,-0.01204,-0.04835,0.51940,0.24148
-0.05658,-0.58366,-0.01214,-0.05081,0.51967,0.24422
-0.05661,-0.58471,-0.01218,-0.05247,0.51997,0.24632
-0.05664,-0.58576,-0.01222,-0.05413,0.52027,0.24841
-0.05653,-0.58647,-0.01234,-0.05568,0.52050,0.25099
-0.05643,-0.58719,-0.01245,-0.05723,0.52073,0.25357
-0.05625,-0.58766,-0.01245,-0.06073,0.52100,0.25615
-0.05608,-0.58814,-0.01244,-0.06423,0.52125,0.25874
-0.05610,-0.58914,-0.01255,-0.06594,0.52144,0.26057
-0.05611,-0.59015,-0.01265,-0.06765,0.52163,0.26241
-0.05609,-0.59032,-0.01286,-0.07123,0.52126,0.26451
-0.05606,-0.59050,-0.01307,-0.07481,0.52087,0.26661
-0.05624,-0.59078,-0.01342,-0.07713,0.52078,0.26842
-0.05643,-0.59106,-0.01376,-0.07946,0.52069,0.27022
-0.05620,-0.59181,-0.01355,-0.08007,0.52073,0.27167
-0.05597,-0.59257,-0.01334,-0.08068,0.52078,0.27313
-0.05587,-0.59303,-0.01338,-0.08245,0.52073,0.27486
-0.05576,-0.59349,-0.01342,-0.08423,0.52068,0.27659
-0.05583,-0.59420,-0.01356,-0.08689,0.52018,0.27752
-0.05590,-0.59492,-0.01371,-0.08956,0.51968,0.27844
-0.05578,-0.59571,-0.01399,-0.09081,0.51997,0.28025
-0.05567,-0.59650,-0.01427,-0.09207,0.52026,0.28206
-0.05516,-0.59717,-0.01394,-0.09362,0.52038,0.28307
-0.05466,-0.59785,-0.01362,-0.09518,0.52050,0.28408
-0.05487,-0.59844,-0.01387,-0.09755,0.52001,0.28608
-0.05507,-0.59902,-0.01411,-0.09992,0.51952,0.28808
-0.05494,-0.59981,-0.01414,-0.10034,0.51975,0.28934
-0.05480,-0.60060,-0.01416,-0.10075,0.51999,0.29059
-0.05449,-0.60093,-0.01373,-0.10292,0.51988,0.29236
-0.05418,-0.60126,-0.01329,-0.10510,0.51977,0.29412
-0.05421,-0.60193,-0.01348,-0.10599,0.51986,0.29549
-0.05425,-0.60259,-0.01367,-0.10689,0.51996,0.29685
-0.05395,-0.60330,-0.01360,-0.10920,0.51979,0.29804
-0.05366,-0.60401,-0.01354,-0.11151,0.51962,0.29922
-0.05335,-0.60464,-0.01360,-0.11281,0.51986,0.30091
-0.05305,-0.60526,-0.01367,-0.11411,0.52010,0.30261
-0.05313,-0.60556,-0.01345,-0.11477,0.52014,0.30434
-0.05321,-0.60586,-0.01323,-0.11544,0.52019,0.30607
-0.05314,-0.60663,-0.01337,-0.11630,0.52043,0.30702
-0.05308,-0.60740,-0.01351,-0.11716,0.52067,0.30798
-0.05289,-0.60809,-0.01355,-0.11912,0.52053,0.30912
-0.05269,-0.60877,-0.01360,-0.12109,0.52038,0.31025
-0.05255,-0.60930,-0.01355,-0.12221,0.52031,0.31193
-0.05240,-0.60983,-0.01350,-0.12334,0.52025,0.31361
-0.05226,-0.61059,-0.01342,-0.12468,0.52046,0.31540
-0.05211,-0.61135,-0.01333,-0.12602,0.52067,0.31718
-0.05174,-0.61177,-0.01327,-0.12790,0.52042,0.31842
-0.05136,-0.61218,-0.01321,-0.12977,0.52017,0.31965
-0.05138,-0.61298,-0.01323,-0.13137,0.52017,0.32113
-0.05141,-0.61379,-0.01325,-0.13297,0.52017,0.32262
-0.05105,-0.61446,-0.01303,-0.13473,0.52005,0.32441
-0.05069,-0.61514,-0.01281,-0.13650,0.51993,0.32620
-0.05075,-0.61590,-0.01294,-0.13729,0.51996,0.32718
-0.05082,-0.61666,-0.01307,-0.13808,0.52000,0.32816
-0.05065,-0.61733,-0.01308,-0.13993,0.51965,0.32963
-0.05049,-0.61800,-0.01310,-0.14178,0.51929,0.33108
-0.05031,-0.61850,-0.01283,-0.14286,0.51949,0.33276
-0.05014,-0.61899,-0.01256,-0.14394,0.51968,0.33445
-0.04998,-0.61966,-0.01275,-0.14581,0.51943,0.33596
-0.04982,-0.62032,-0.01294,-0.14768,0.51918,0.33747
-0.04973,-0.62069,-0.01267,-0.14834,0.51922,0.33856
-0.04964,-0.62106,-0.01241,-0.14899,0.51927,0.33966
-0.04954,-0.62162,-0.01259,-0.15075,0.51904,0.34124
-0.04945,-0.62218,-0.01277,-0.15250,0.51882,0.34281
-0.04911,-0.62266,-0.01287,-0.15337,0.51907,0.34374
-0.04878,-0.62313,-0.01297,-0.15425,0.51933,0.34467
-0.04866,-0.62350,-0.01294,-0.15494,0.51938,0.34575
-0.04854,-0.62386,-0.01290,-0.15563,0.51944,0.34684
-0.04848,-0.62421,-0.01290,-0.15684,0.51929,0.34819
-0.04842,-0.62456,-0.01290,-0.15805,0.51913,0.34953
-0.04848,-0.62486,-0.01277,-0.15928,0.51954,0.35057
-0.04855,-0.62516,-0.01265,-0.16051,0.51994,0.35161
-0.04840,-0.62564,-0.01270,-0.16177,0.52019,0.35321
-0.04825,-0.62613,-0.01275,-0.16303,0.52044,0.35481
-0.04808,-0.62648,-0.01263,-0.16371,0.52027,0.35549
-0.04790,-0.62683,-0.01250,-0.16439,0.52010,0.35616
-0.04778,-0.62730,-0.01283,-0.16574,0.51969,0.35766
-0.04767,-0.62776,-0.01316,-0.16709,0.51928,0.35915
-0.04758,-0.62823,-0.01277,-0.16834,0.51990,0.36058
-0.04749,-0.62869,-0.01239,-0.16958,0.52052,0.36200
-0.04716,-0.62978,-0.01241,-0.17175,0.52029,0.36506
-0.04684,-0.63087,-0.01243,-0.17391,0.52006,0.36811
-0.04673,-0.63131,-0.01234,-0.17519,0.51985,0.36925
-0.04662,-0.63174,-0.01224,-0.17647,0.51964,0.37038
-0.04640,-0.63238,-0.01245,-0.17808,0.51983,0.37220
-0.04618,-0.63302,-0.01265,-0.17968,0.52002,0.37403
-0.04602,-0.63353,-0.01277,-0.18086,0.51973,0.37587
-0.04585,-0.63404,-0.01290,-0.18203,0.51943,0.37772
-0.04569,-0.63458,-0.01292,-0.18318,0.51931,0.37932
-0.04553,-0.63511,-0.01294,-0.18433,0.51919,0.38091
-0.04530,-0.63582,-0.01302,-0.18597,0.51883,0.38295
-0.04507,-0.63652,-0.01311,-0.18760,0.51847,0.38499
-0.04491,-0.63706,-0.01312,-0.18827,0.51841,0.38672
-0.04475,-0.63760,-0.01312,-0.18894,0.51835,0.38844
-0.04462,-0.63798,-0.01322,-0.18994,0.51829,0.38961
-0.04449,-0.63836,-0.01333,-0.19094,0.51822,0.39078
-0.04425,-0.63905,-0.01335,-0.19267,0.51785,0.39287
-0.04401,-0.63975,-0.01336,-0.19440,0.51747,0.39496
-0.04395,-0.64017,-0.01349,-0.19555,0.51770,0.39670
-0.04388,-0.64059,-0.01362,-0.19670,0.51792,0.39843
-0.04369,-0.64114,-0.01365,-0.19848,0.51787,0.40039
-0.04350,-0.64168,-0.01368,-0.20026,0.51781,0.40235
-0.04335,-0.64221,-0.01355,-0.20155,0.51783,0.40407
-0.04319,-0.64273,-0.01342,-0.20285,0.51786,0.40578
-0.04303,-0.64330,-0.01349,-0.20369,0.51803,0.40763
-0.04287,-0.64386,-0.01355,-0.20454,0.51820,0.40947
-0.04268,-0.64440,-0.01374,-0.20595,0.51827,0.41111
-0.04249,-0.64493,-0.01393,-0.20735,0.51834,0.41276
-0.04225,-0.64571,-0.01380,-0.20931,0.51812,0.41520
-0.04202,-0.64648,-0.01368,-0.21127,0.51789,0.41764
-0.04158,-0.64805,-0.01343,-0.21302,0.51728,0.42177
-0.04115,-0.64962,-0.01318,-0.21477,0.51665,0.42589
-0.04055,-0.65125,-0.01310,-0.21654,0.51460,0.43012
-0.03995,-0.65288,-0.01303,-0.21831,0.51254,0.43433
-0.03972,-0.65358,-0.01304,-0.21985,0.51211,0.43644
-0.03948,-0.65427,-0.01306,-0.22139,0.51168,0.43855
-0.03933,-0.65465,-0.01301,-0.22186,0.51090,0.43961
-0.03917,-0.65503,-0.01296,-0.22234,0.51012,0.44066
-0.03895,-0.65562,-0.01316,-0.22323,0.50945,0.44256
-0.03874,-0.65621,-0.01336,-0.22412,0.50878,0.44447
-0.03865,-0.65659,-0.01331,-0.22500,0.50860,0.44544
-0.03857,-0.65697,-0.01326,-0.22588,0.50842,0.44642
-0.03826,-0.65778,-0.01323,-0.22693,0.50810,0.44851
-0.03796,-0.65859,-0.01319,-0.22798,0.50778,0.45059
-0.03786,-0.65888,-0.01317,-0.22861,0.50720,0.45129
-0.03776,-0.65916,-0.01315,-0.22924,0.50662,0.45199
-0.03758,-0.65960,-0.01320,-0.23002,0.50691,0.45334
-0.03740,-0.66003,-0.01325,-0.23081,0.50720,0.45469
-0.03728,-0.66036,-0.01325,-0.23115,0.50697,0.45571
-0.03717,-0.66068,-0.01324,-0.23150,0.50674,0.45672
-0.03710,-0.66077,-0.01329,-0.23246,0.50629,0.45688
-0.03703,-0.66086,-0.01335,-0.23342,0.50583,0.45703
-0.03690,-0.66123,-0.01333,-0.23453,0.50569,0.45785
-0.03677,-0.66159,-0.01330,-0.23563,0.50554,0.45867
-0.03572,-0.66420,-0.01368,-0.23794,0.50350,0.46560
-0.03467,-0.66680,-0.01406,-0.24022,0.50145,0.47251
-0.03461,-0.66703,-0.01407,-0.24052,0.50094,0.47298
-0.03455,-0.66726,-0.01408,-0.24082,0.50044,0.47346
-0.03415,-0.66808,-0.01417,-0.24186,0.49984,0.47575
-0.03376,-0.66889,-0.01427,-0.24289,0.49923,0.47804
-0.03333,-0.67001,-0.01412,-0.24497,0.49850,0.48084
-0.03289,-0.67113,-0.01397,-0.24704,0.49777,0.48365
-0.03268,-0.67160,-0.01392,-0.24756,0.49718,0.48491
-0.03247,-0.67208,-0.01387,-0.24807,0.49659,0.48617
-0.03205,-0.67299,-0.01354,-0.24961,0.49646,0.48861
-0.03164,-0.67390,-0.01322,-0.25116,0.49632,0.49105
-0.03121,-0.67482,-0.01326,-0.25240,0.49570,0.49363
-0.03078,-0.67574,-0.01331,-0.25364,0.49508,0.49620
-0.03028,-0.67662,-0.01347,-0.25335,0.49255,0.49820
-0.02978,-0.67749,-0.01363,-0.25306,0.49003,0.50019
-0.02959,-0.67795,-0.01362,-0.25370,0.48971,0.50132
-0.02940,-0.67840,-0.01361,-0.25434,0.48939,0.50244
-0.02912,-0.67905,-0.01354,-0.25548,0.48973,0.50436
-0.02883,-0.67970,-0.01348,-0.25662,0.49006,0.50629
-0.02862,-0.68018,-0.01347,-0.25739,0.49005,0.50771
-0.02841,-0.68067,-0.01346,-0.25815,0.49003,0.50914
-0.02825,-0.68105,-0.01343,-0.25948,0.48998,0.51013
-0.02809,-0.68143,-0.01340,-0.26082,0.48994,0.51112
-0.02804,-0.68162,-0.01342,-0.26133,0.49004,0.51161
-0.02800,-0.68182,-0.01344,-0.26185,0.49014,0.51210
-0.02775,-0.68227,-0.01367,-0.26134,0.48929,0.51344
-0.02749,-0.68273,-0.01390,-0.26082,0.48844,0.51477
-0.02724,-0.68325,-0.01400,-0.26152,0.48778,0.51637
-0.02700,-0.68377,-0.01409,-0.26221,0.48712,0.51796
-0.02675,-0.68428,-0.01414,-0.26319,0.48631,0.51929
-0.02651,-0.68479,-0.01419,-0.26418,0.48549,0.52061
-0.02628,-0.68530,-0.01419,-0.26535,0.48466,0.52188
-0.02605,-0.68581,-0.01419,-0.26652,0.48382,0.52314
-0.02575,-0.68650,-0.01419,-0.26734,0.48358,0.52528
-0.02545,-0.68719,-0.01418,-0.26816,0.48333,0.52741
-0.02517,-0.68778,-0.01417,-0.26872,0.48262,0.52892
-0.02489,-0.68838,-0.01415,-0.26927,0.48190,0.53042
-0.02432,-0.68962,-0.01405,-0.27119,0.48042,0.53385
-0.02374,-0.69087,-0.01396,-0.27311,0.47893,0.53727
-0.02349,-0.69148,-0.01386,-0.27425,0.47831,0.53906
-0.02323,-0.69208,-0.01377,-0.27539,0.47768,0.54086
-0.02270,-0.69310,-0.01339,-0.27662,0.47685,0.54347
-0.02216,-0.69411,-0.01302,-0.27786,0.47601,0.54607
-0.02203,-0.69478,-0.01226,-0.27985,0.47640,0.54803
-0.02191,-0.69546,-0.01150,-0.28185,0.47679,0.54999
-0.02161,-0.69602,-0.01185,-0.28225,0.47588,0.55169
-0.02132,-0.69658,-0.01220,-0.28263,0.47498,0.55338
-0.02108,-0.69707,-0.01243,-0.28357,0.47446,0.55493
-0.02085,-0.69756,-0.01266,-0.28450,0.47394,0.55649
-0.02062,-0.69805,-0.01259,-0.28523,0.47365,0.55806
-0.02039,-0.69854,-0.01253,-0.28595,0.47337,0.55964
-0.02002,-0.69930,-0.01260,-0.28721,0.47254,0.56134
-0.01964,-0.70006,-0.01266,-0.28847,0.47172,0.56303
-0.01933,-0.70080,-0.01250,-0.28952,0.47101,0.56523
-0.01902,-0.70154,-0.01235,-0.29057,0.47030,0.56743
-0.01876,-0.70201,-0.01245,-0.29051,0.47056,0.56929
-0.01849,-0.70249,-0.01256,-0.29045,0.47083,0.57115
-0.01792,-0.70313,-0.01243,-0.29127,0.47045,0.57282
-0.01736,-0.70378,-0.01229,-0.29209,0.47007,0.57449
-0.01712,-0.70466,-0.01246,-0.29320,0.46900,0.57611
-0.01688,-0.70555,-0.01263,-0.29431,0.46793,0.57773
-0.01623,-0.70632,-0.01263,-0.29551,0.46741,0.57992
-0.01557,-0.70709,-0.01262,-0.29672,0.46689,0.58210
-0.01540,-0.70782,-0.01271,-0.29697,0.46644,0.58290
-0.01522,-0.70855,-0.01279,-0.29722,0.46599,0.58369
-0.01459,-0.70965,-0.01284,-0.29826,0.46500,0.58583
-0.01395,-0.71075,-0.01289,-0.29931,0.46401,0.58796
-0.01356,-0.71111,-0.01340,-0.30039,0.46317,0.59080
-0.01317,-0.71147,-0.01392,-0.30146,0.46233,0.59363
-0.01251,-0.71259,-0.01298,-0.30274,0.46181,0.59435
-0.01184,-0.71371,-0.01205,-0.30402,0.46130,0.59508
-0.01170,-0.71444,-0.01302,-0.30411,0.46063,0.59695
-0.01155,-0.71517,-0.01400,-0.30420,0.45996,0.59882
-0.01088,-0.71587,-0.01380,-0.30518,0.45946,0.60093
-0.01020,-0.71657,-0.01361,-0.30616,0.45897,0.60303
-0.00985,-0.71761,-0.01327,-0.30748,0.45784,0.60416
-0.00950,-0.71866,-0.01293,-0.30880,0.45671,0.60529
-0.00873,-0.71982,-0.01342,-0.30939,0.45608,0.60710
-0.00797,-0.72098,-0.01391,-0.30997,0.45545,0.60890
-0.00723,-0.72217,-0.01379,-0.31172,0.45425,0.61103
-0.00649,-0.72337,-0.01367,-0.31347,0.45305,0.61316
-0.00579,-0.72401,-0.01363,-0.31401,0.45273,0.61440
-0.00508,-0.72465,-0.01358,-0.31455,0.45242,0.61563
-0.00474,-0.72577,-0.01333,-0.31571,0.45154,0.61747
-0.00440,-0.72688,-0.01308,-0.31686,0.45067,0.61932
-0.00380,-0.72785,-0.01324,-0.31708,0.45034,0.62012
-0.00320,-0.72881,-0.01340,-0.31729,0.45002,0.62092
-0.00257,-0.72990,-0.01346,-0.31836,0.44920,0.62317
-0.00195,-0.73099,-0.01352,-0.31942,0.44838,0.62542
-0.00137,-0.73192,-0.01366,-0.32014,0.44794,0.62712
-0.00078,-0.73286,-0.01381,-0.32087,0.44750,0.62883
-0.00030,-0.73370,-0.01417,-0.32187,0.44682,0.63209
0.00017,-0.73454,-0.01453,-0.32287,0.44614,0.63535
0.00079,-0.73559,-0.01467,-0.32383,0.44496,0.63633
0.00141,-0.73664,-0.01481,-0.32478,0.44378,0.63731
0.00244,-0.73779,-0.01541,-0.32609,0.44242,0.64010
0.00346,-0.73895,-0.01601,-0.32741,0.44105,0.64288
0.00401,-0.74040,-0.01604,-0.32813,0.44031,0.64481
0.00456,-0.74184,-0.01606,-0.32886,0.43956,0.64673
0.00548,-0.74264,-0.01598,-0.32948,0.43938,0.64798
0.00641,-0.74344,-0.01590,-0.33010,0.43919,0.64923
0.00712,-0.74446,-0.01571,-0.33084,0.43804,0.65054
0.00783,-0.74548,-0.01552,-0.33158,0.43688,0.65184
0.00823,-0.74659,-0.01552,-0.33175,0.43680,0.65291
0.00864,-0.74770,-0.01551,-0.33193,0.43672,0.65398
0.00939,-0.74869,-0.01550,-0.33272,0.43581,0.65509
0.01014,-0.74969,-0.01549,-0.33352,0.43491,0.65620
0.01080,-0.75071,-0.01538,-0.33397,0.43447,0.65711
0.01146,-0.75173,-0.01526,-0.33443,0.43404,0.65801
0.01239,-0.75264,-0.01594,-0.33481,0.43357,0.65965
0.01332,-0.75354,-0.01661,-0.33518,0.43309,0.66128
0.01408,-0.75464,-0.01610,-0.33645,0.43182,0.66295
0.01485,-0.75573,-0.01559,-0.33772,0.43055,0.66462
0.01558,-0.75707,-0.01561,-0.33843,0.42970,0.66576
0.01630,-0.75840,-0.01564,-0.33914,0.42885,0.66690
0.01708,-0.75952,-0.01545,-0.33912,0.42899,0.66703
0.01785,-0.76064,-0.01526,-0.33911,0.42913,0.66715
0.01827,-0.76155,-0.01586,-0.34058,0.42781,0.67064
0.01868,-0.76247,-0.01646,-0.34205,0.42648,0.67413
0.01976,-0.76350,-0.01648,-0.34249,0.42582,0.67445
0.02084,-0.76454,-0.01651,-0.34293,0.42517,0.67477
0.02139,-0.76567,-0.01637,-0.34320,0.42459,0.67573
0.02195,-0.76681,-0.01624,-0.34347,0.42401,0.67669
0.02273,-0.76797,-0.01616,-0.34450,0.42311,0.67839
0.02352,-0.76912,-0.01607,-0.34553,0.42222,0.68009
0.02444,-0.77001,-0.01633,-0.34569,0.42166,0.68073
0.02537,-0.77089,-0.01660,-0.34584,0.42110,0.68137
0.02586,-0.77201,-0.01682,-0.34610,0.42067,0.68312
0.02635,-0.77314,-0.01703,-0.34636,0.42024,0.68487
0.02705,-0.77426,-0.01738,-0.34680,0.41953,0.68636
0.02775,-0.77539,-0.01773,-0.34723,0.41882,0.68784
0.02858,-0.77623,-0.01827,-0.34796,0.41793,0.68970
0.02941,-0.77707,-0.01882,-0.34868,0.41703,0.69155
0.02987,-0.77833,-0.01875,-0.34880,0.41670,0.69263
0.03033,-0.77958,-0.01869,-0.34893,0.41638,0.69371
0.03100,-0.78036,-0.01872,-0.34992,0.41545,0.69637
0.03167,-0.78114,-0.01875,-0.35091,0.41451,0.69902
0.03257,-0.78211,-0.01904,-0.35082,0.41445,0.70035
0.03348,-0.78308,-0.01932,-0.35073,0.41438,0.70168
0.03421,-0.78408,-0.01940,-0.35095,0.41412,0.70357
0.03494,-0.78509,-0.01947,-0.35117,0.41386,0.70546
0.03545,-0.78625,-0.01954,-0.35115,0.41376,0.70725
0.03596,-0.78742,-0.01960,-0.35114,0.41367,0.70904
0.03674,-0.78851,-0.01972,-0.35110,0.41362,0.71076
0.03751,-0.78959,-0.01984,-0.35107,0.41356,0.71249
0.03867,-0.79031,-0.01986,-0.35133,0.41337,0.71423
0.03982,-0.79102,-0.01988,-0.35159,0.41317,0.71596
0.04055,-0.79205,-0.01985,-0.35194,0.41283,0.71787
0.04128,-0.79309,-0.01981,-0.35228,0.41248,0.71978
0.04170,-0.79421,-0.01990,-0.35266,0.41196,0.72177
0.04212,-0.79534,-0.01999,-0.35304,0.41145,0.72377
0.04269,-0.79650,-0.02026,-0.35386,0.41034,0.72564
0.04326,-0.79766,-0.02054,-0.35467,0.40923,0.72751
0.04416,-0.79828,-0.02050,-0.35525,0.40865,0.73016
0.04505,-0.79889,-0.02047,-0.35583,0.40807,0.73281
0.04574,-0.79995,-0.02045,-0.35608,0.40791,0.73442
0.04642,-0.80101,-0.02044,-0.35633,0.40775,0.73602
0.04736,-0.80187,-0.02072,-0.35676,0.40716,0.73804
0.04830,-0.80273,-0.02099,-0.35720,0.40657,0.74005
0.04879,-0.80388,-0.02086,-0.35770,0.40594,0.74232
0.04928,-0.80503,-0.02072,-0.35820,0.40532,0.74458
0.05024,-0.80584,-0.02096,-0.35895,0.40453,0.74657
0.05119,-0.80664,-0.02121,-0.35969,0.40375,0.74856
0.05164,-0.80784,-0.02101,-0.36032,0.40297,0.75063
0.05208,-0.80904,-0.02082,-0.36095,0.40220,0.75270
0.05291,-0.81002,-0.02110,-0.36121,0.40186,0.75443
0.05374,-0.81099,-0.02138,-0.36147,0.40153,0.75615
0.05469,-0.81181,-0.02133,-0.36196,0.40104,0.75822
0.05564,-0.81263,-0.02128,-0.36244,0.40056,0.76028
0.05651,-0.81355,-0.02121,-0.36278,0.40016,0.76212
0.05737,-0.81448,-0.02114,-0.36311,0.39975,0.76397
0.05821,-0.81532,-0.02126,-0.36378,0.39899,0.76618
0.05905,-0.81616,-0.02139,-0.36445,0.39823,0.76838
0.05990,-0.81706,-0.02135,-0.36523,0.39740,0.77045
0.06075,-0.81797,-0.02131,-0.36600,0.39657,0.77251
0.06083,-0.81806,-0.02131,-0.36649,0.39669,0.77316
0.06091,-0.81816,-0.02131,-0.36698,0.39680,0.77381
0.06101,-0.81825,-0.02132,-0.36747,0.39692,0.77445
0.06110,-0.81835,-0.02132,-0.36795,0.39703,0.77510
0.06117,-0.81848,-0.02131,-0.36847,0.39713,0.77575
0.06123,-0.81861,-0.02129,-0.36898,0.39724,0.77641
0.06134,-0.81867,-0.02131,-0.36949,0.39732,0.77705
0.06145,-0.81872,-0.02133,-0.36999,0.39741,0.77769
0.06154,-0.81882,-0.02133,-0.37049,0.39750,0.77834
0.06163,-0.81891,-0.02133,-0.37098,0.39760,0.77899
0.06171,-0.81901,-0.02133,-0.37148,0.39770,0.77964
0.06180,-0.81911,-0.02133,-0.37197,0.39780,0.78029
0.06173,-0.81933,-0.02138,-0.37253,0.39780,0.78102
0.06167,-0.81954,-0.02143,-0.37309,0.39779,0.78175
0.06176,-0.81963,-0.02143,-0.37357,0.39791,0.78239
0.06186,-0.81973,-0.02144,-0.37405,0.39803,0.78303
0.06194,-0.81981,-0.02129,-0.37451,0.39819,0.78372
0.06202,-0.81990,-0.02114,-0.37497,0.39835,0.78441
0.06225,-0.81990,-0.02128,-0.37548,0.39847,0.78492
0.06247,-0.81991,-0.02142,-0.37600,0.39859,0.78543
0.06258,-0.81998,-0.02141,-0.37642,0.39873,0.78616
0.06270,-0.82005,-0.02141,-0.37684,0.39888,0.78688
0.06279,-0.82015,-0.02140,-0.37733,0.39897,0.78752
0.06288,-0.82025,-0.02139,-0.37782,0.39907,0.78815
0.06294,-0.82042,-0.02138,-0.37838,0.39914,0.78853
0.06300,-0.82060,-0.02138,-0.37895,0.39922,0.78892
0.06310,-0.82070,-0.02139,-0.37944,0.39932,0.78950
0.06320,-0.82081,-0.02139,-0.37993,0.39942,0.79009
0.06329,-0.82092,-0.02140,-0.38041,0.39953,0.79069
0.06338,-0.82103,-0.02140,-0.38090,0.39965,0.79130
0.06366,-0.82132,-0.02148,-0.38068,0.40035,0.78983
0.06393,-0.82162,-0.02156,-0.38047,0.40104,0.78837
0.06394,-0.82155,-0.02148,-0.38162,0.40065,0.79049
0.06394,-0.82149,-0.02140,-0.38277,0.40025,0.79261
0.06422,-0.82137,-0.02109,-0.38362,0.40032,0.79286
0.06449,-0.82126,-0.02077,-0.38446,0.40038,0.79312
0.06438,-0.82188,-0.02116,-0.38400,0.40115,0.79238
0.06426,-0.82251,-0.02154,-0.38353,0.40193,0.79163
0.06443,-0.82229,-0.02140,-0.38493,0.40133,0.79293
0.06461,-0.82207,-0.02127,-0.38632,0.40073,0.79422
0.06478,-0.82221,-0.02123,-0.38568,0.40163,0.79513
0.06496,-0.82235,-0.02119,-0.38504,0.40253,0.79604
0.06482,-0.82246,-0.02113,-0.38661,0.40183,0.79691
0.06469,-0.82257,-0.02107,-0.38818,0.40114,0.79778
0.06495,-0.82247,-0.02101,-0.38846,0.40157,0.79860
0.06522,-0.82238,-0.02095,-0.38875,0.40200,0.79941
0.06531,-0.82247,-0.02095,-0.38926,0.40211,0.80001
0.06541,-0.82257,-0.02095,-0.38977,0.40222,0.80061
0.06560,-0.82258,-0.02081,-0.39046,0.40227,0.80104
0.06579,-0.82258,-0.02068,-0.39115,0.40231,0.80147
0.06563,-0.82289,-0.02095,-0.39182,0.40212,0.80210
0.06546,-0.82319,-0.02123,-0.39249,0.40193,0.80274
0.06576,-0.82329,-0.02116,-0.39321,0.40203,0.80247
0.06606,-0.82339,-0.02108,-0.39394,0.40214,0.80220
0.06601,-0.82357,-0.02124,-0.39432,0.40235,0.80242
0.06596,-0.82374,-0.02141,-0.39470,0.40256,0.80263
0.06603,-0.82370,-0.02126,-0.39529,0.40253,0.80417
0.06609,-0.82366,-0.02111,-0.39588,0.40250,0.80570
0.06629,-0.82379,-0.02109,-0.39632,0.40272,0.80588
0.06649,-0.82392,-0.02107,-0.39676,0.40294,0.80606
0.06660,-0.82398,-0.02103,-0.39751,0.40288,0.80673
0.06670,-0.82404,-0.02098,-0.39826,0.40282,0.80741
0.06701,-0.82404,-0.02081,-0.39864,0.40317,0.80779
0.06731,-0.82403,-0.02064,-0.39902,0.40352,0.80817
0.06735,-0.82412,-0.02066,-0.39959,0.40359,0.80873
0.06738,-0.82421,-0.02068,-0.40016,0.40365,0.80929
0.06724,-0.82456,-0.02085,-0.40097,0.40338,0.80983
0.06709,-0.82490,-0.02103,-0.40177,0.40311,0.81037
0.06724,-0.82498,-0.02093,-0.40239,0.40321,0.81081
0.06739,-0.82506,-0.02083,-0.40300,0.40332,0.81124
0.06747,-0.82514,-0.02093,-0.40360,0.40330,0.81175
0.06755,-0.82523,-0.02102,-0.40420,0.40329,0.81226
0.06766,-0.82533,-0.02102,-0.40476,0.40337,0.81273
0.06777,-0.82543,-0.02102,-0.40531,0.40345,0.81320
0.06778,-0.82565,-0.02093,-0.40578,0.40358,0.81378
0.06780,-0.82586,-0.02084,-0.40625,0.40370,0.81436
0.06802,-0.82590,-0.02084,-0.40691,0.40382,0.81467
0.06825,-0.82594,-0.02084,-0.40757,0.40395,0.81498
0.06844,-0.82595,-0.02103,-0.40815,0.40402,0.81549
0.06863,-0.82596,-0.02121,-0.40872,0.40409,0.81600
0.06874,-0.82608,-0.02120,-0.40927,0.40417,0.81647
0.06885,-0.82619,-0.02120,-0.40982,0.40424,0.81693
0.06896,-0.82632,-0.02121,-0.41031,0.40435,0.81736
0.06907,-0.82644,-0.02123,-0.41081,0.40445,0.81779
0.06926,-0.82649,-0.02130,-0.41123,0.40459,0.81838
0.06945,-0.82653,-0.02138,-0.41165,0.40474,0.81896
0.06957,-0.82664,-0.02138,-0.41219,0.40483,0.81943
0.06970,-0.82676,-0.02138,-0.41274,0.40492,0.81991
0.06982,-0.82687,-0.02139,-0.41328,0.40500,0.82038
0.06994,-0.82698,-0.02140,-0.41382,0.40509,0.82085
0.06992,-0.82722,-0.02128,-0.41449,0.40519,0.82127
0.06990,-0.82746,-0.02117,-0.41516,0.40528,0.82169
0.07000,-0.82758,-0.02116,-0.41571,0.40537,0.82214
0.07011,-0.82769,-0.02116,-0.41625,0.40546,0.82260
0.07023,-0.82780,-0.02115,-0.41681,0.40554,0.82308
0.07035,-0.82790,-0.02114,-0.41737,0.40562,0.82357
0.07046,-0.82802,-0.02114,-0.41791,0.40570,0.82404
0.07057,-0.82813,-0.02114,-0.41845,0.40578,0.82451
0.07070,-0.82821,-0.02116,-0.41897,0.40585,0.82493
0.07083,-0.82828,-0.02119,-0.41949,0.40593,0.82536
0.07026,-0.82763,-0.02092,-0.42067,0.40520,0.82722
0.06968,-0.82698,-0.02066,-0.42185,0.40447,0.82908
0.06922,-0.82639,-0.02046,-0.42274,0.40381,0.83071
0.06876,-0.82580,-0.02026,-0.42363,0.40315,0.83235
0.06835,-0.82509,-0.02013,-0.42475,0.40247,0.83399
0.06793,-0.82437,-0.02001,-0.42587,0.40179,0.83563
0.06753,-0.82365,-0.01985,-0.42711,0.40103,0.83727
0.06712,-0.82293,-0.01969,-0.42835,0.40027,0.83890
0.06678,-0.82209,-0.01964,-0.42942,0.39960,0.84069
0.06643,-0.82126,-0.01958,-0.43050,0.39893,0.84248
0.06599,-0.82068,-0.01935,-0.43148,0.39828,0.84403
0.06554,-0.82011,-0.01912,-0.43247,0.39763,0.84557
0.06495,-0.81950,-0.01886,-0.43371,0.39691,0.84731
0.06436,-0.81889,-0.01860,-0.43495,0.39619,0.84906
0.06404,-0.81807,-0.01860,-0.43621,0.39544,0.85064
0.06372,-0.81725,-0.01861,-0.43746,0.39468,0.85221
0.06360,-0.81642,-0.01851,-0.43848,0.39409,0.85368
0.06348,-0.81560,-0.01840,-0.43949,0.39350,0.85514
0.06313,-0.81495,-0.01817,-0.44054,0.39287,0.85661
0.06278,-0.81430,-0.01794,-0.44159,0.39224,0.85809
0.06225,-0.81388,-0.01753,-0.44267,0.39157,0.85915
0.06172,-0.81347,-0.01711,-0.44375,0.39091,0.86020
0.06142,-0.81298,-0.01688,-0.44426,0.39057,0.86085
0.06111,-0.81249,-0.01664,-0.44477,0.39024,0.86150
0.06074,-0.81167,-0.01629,-0.44599,0.38975,0.86349
0.06036,-0.81085,-0.01595,-0.44721,0.38926,0.86548
0.06019,-0.80994,-0.01592,-0.44873,0.38822,0.86746
0.06003,-0.80902,-0.01590,-0.45024,0.38718,0.86943
0.05959,-0.80857,-0.01584,-0.45123,0.38671,0.86996
0.05916,-0.80813,-0.01578,-0.45222,0.38623,0.87048
0.05887,-0.80791,-0.01560,-0.45236,0.38645,0.87063
0.05857,-0.80769,-0.01541,-0.45250,0.38666,0.87078
0.05871,-0.80778,-0.01548,-0.45307,0.38695,0.87148
0.05885,-0.80786,-0.01556,-0.45363,0.38724,0.87217
0.05881,-0.80814,-0.01573,-0.45339,0.38814,0.87177
0.05877,-0.80842,-0.01591,-0.45315,0.38903,0.87136
0.05865,-0.80806,-0.01569,-0.45321,0.38908,0.87211
0.05853,-0.80770,-0.01547,-0.45326,0.38912,0.87285
0.05865,-0.80812,-0.01561,-0.45325,0.38950,0.87304
0.05877,-0.80855,-0.01575,-0.45323,0.38988,0.87323
0.05863,-0.80807,-0.01567,-0.45380,0.38999,0.87354
0.05849,-0.80758,-0.01560,-0.45436,0.39009,0.87386
0.05821,-0.80782,-0.01550,-0.45398,0.39106,0.87306
0.05792,-0.80805,-0.01541,-0.45360,0.39203,0.87225
0.05815,-0.80815,-0.01565,-0.45445,0.39163,0.87330
0.05838,-0.80825,-0.01589,-0.45529,0.39122,0.87434
0.05839,-0.80806,-0.01561,-0.45551,0.39203,0.87480
0.05840,-0.80786,-0.01533,-0.45573,0.39284,0.87526
0.05832,-0.80774,-0.01557,-0.45504,0.39305,0.87510
0.05825,-0.80762,-0.01581,-0.45434,0.39326,0.87494
0.05804,-0.80737,-0.01576,-0.45487,0.39295,0.87437
0.05783,-0.80711,-0.01571,-0.45541,0.39263,0.87381
0.05807,-0.80745,-0.01562,-0.45495,0.39378,0.87504
0.05831,-0.80779,-0.01554,-0.45449,0.39493,0.87626
0.05785,-0.80767,-0.01548,-0.45507,0.39460,0.87506
0.05739,-0.80755,-0.01543,-0.45565,0.39427,0.87386
0.05722,-0.80720,-0.01550,-0.45519,0.39497,0.87444
0.05706,-0.80686,-0.01556,-0.45474,0.39566,0.87502
0.05745,-0.80738,-0.01555,-0.45540,0.39668,0.87575
0.05784,-0.80790,-0.01553,-0.45606,0.39770,0.87649
0.05687,-0.80688,-0.01580,-0.45459,0.39756,0.87427
0.05590,-0.80585,-0.01607,-0.45313,0.39741,0.87205
0.05613,-0.80599,-0.01582,-0.45347,0.39867,0.87374
0.05637,-0.80612,-0.01558,-0.45381,0.39993,0.87543
0.05612,-0.80607,-0.01559,-0.45383,0.40035,0.87511
0.05587,-0.80603,-0.01560,-0.45386,0.40077,0.87479
0.05539,-0.80552,-0.01581,-0.45325,0.40066,0.87301
0.05490,-0.80501,-0.01602,-0.45265,0.40054,0.87123
0.05510,-0.80522,-0.01584,-0.45373,0.40057,0.87296
0.05529,-0.80542,-0.01567,-0.45481,0.40060,0.87470
0.05547,-0.80552,-0.01574,-0.45547,0.40022,0.87477
0.05564,-0.80561,-0.01582,-0.45612,0.39984,0.87485
0.05554,-0.80572,-0.01585,-0.45574,0.40145,0.87538
0.05544,-0.80583,-0.01588,-0.45536,0.40305,0.87592
0.05494,-0.80530,-0.01613,-0.45656,0.40360,0.87477
0.05444,-0.80477,-0.01638,-0.45776,0.40414,0.87362
0.05397,-0.80423,-0.01628,-0.45592,0.40376,0.87226
0.05350,-0.80368,-0.01619,-0.45408,0.40338,0.87091
0.05340,-0.80357,-0.01621,-0.45437,0.40410,0.87181
0.05331,-0.80346,-0.01622,-0.45466,0.40482,0.87271
0.05241,-0.80236,-0.01638,-0.45678,0.40612,0.87099
0.05151,-0.80125,-0.01655,-0.45890,0.40742,0.86928
0.05242,-0.80234,-0.01643,-0.45616,0.40693,0.87028
0.05333,-0.80343,-0.01630,-0.45342,0.40645,0.87129
0.05310,-0.80317,-0.01614,-0.45465,0.40664,0.87251
0.05286,-0.80292,-0.01597,-0.45588,0.40683,0.87374
0.05286,-0.80307,-0.01606,-0.45561,0.40654,0.87272
0.05285,-0.80323,-0.01615,-0.45533,0.40624,0.87170
0.05265,-0.80302,-0.01610,-0.45615,0.40806,0.87195
0.05244,-0.80280,-0.01604,-0.45698,0.40987,0.87221
0.05247,-0.80274,-0.01599,-0.45732,0.40918,0.87215
0.05249,-0.80269,-0.01594,-0.45766,0.40850,0.87209
0.05227,-0.80237,-0.01616,-0.45611,0.40811,0.87174
0.05205,-0.80204,-0.01637,-0.45456,0.40772,0.87140
0.05216,-0.80232,-0.01619,-0.45621,0.40833,0.87258
0.05228,-0.80260,-0.01600,-0.45787,0.40894,0.87376
0.05232,-0.80255,-0.01604,-0.45761,0.40926,0.87381
0.05237,-0.80250,-0.01607,-0.45734,0.40957,0.87386
0.05173,-0.80187,-0.01612,-0.45711,0.40931,0.87252
0.05109,-0.80125,-0.01618,-0.45688,0.40904,0.87119
0.05150,-0.80177,-0.01638,-0.45830,0.40901,0.87054
0.05191,-0.80229,-0.01659,-0.45971,0.40898,0.86990
0.05335,-0.80365,-0.01624,-0.45831,0.40685,0.87301
0.05480,-0.80501,-0.01590,-0.45690,0.40472,0.87612
0.05586,-0.80611,-0.01581,-0.45749,0.40319,0.87787
0.05692,-0.80721,-0.01572,-0.45809,0.40166,0.87961
0.05757,-0.80794,-0.01586,-0.45690,0.40155,0.88048
0.05823,-0.80866,-0.01599,-0.45572,0.40144,0.88135
0.05845,-0.80878,-0.01572,-0.45554,0.39940,0.88139
0.05867,-0.80890,-0.01545,-0.45536,0.39736,0.88142
0.05916,-0.80935,-0.01534,-0.45483,0.39699,0.88023
0.05964,-0.80979,-0.01523,-0.45430,0.39663,0.87905
0.06123,-0.81159,-0.01523,-0.45580,0.39441,0.88180
0.06281,-0.81339,-0.01524,-0.45729,0.39219,0.88455
0.06382,-0.81446,-0.01495,-0.45628,0.39265,0.88807
0.06482,-0.81553,-0.01466,-0.45526,0.39312,0.89159
0.06569,-0.81655,-0.01437,-0.45429,0.39306,0.89226
0.06656,-0.81757,-0.01408,-0.45331,0.39300,0.89293
0.06676,-0.81764,-0.01418,-0.45333,0.39078,0.89308
0.06695,-0.81771,-0.01428,-0.45335,0.38857,0.89323
0.06833,-0.81912,-0.01412,-0.45298,0.38844,0.89423
0.06970,-0.82052,-0.01395,-0.45262,0.38830,0.89523
0.07034,-0.82166,-0.01395,-0.45162,0.38874,0.89664
0.07098,-0.82279,-0.01396,-0.45062,0.38919,0.89804
0.07171,-0.82354,-0.01401,-0.45069,0.38721,0.89781
0.07243,-0.82428,-0.01406,-0.45076,0.38523,0.89758
0.07340,-0.82538,-0.01394,-0.45064,0.38571,0.89871
0.07437,-0.82648,-0.01383,-0.45052,0.38619,0.89983
0.07470,-0.82678,-0.01357,-0.44850,0.38758,0.90075
0.07503,-0.82708,-0.01332,-0.44647,0.38898,0.90166
0.07674,-0.82904,-0.01346,-0.44817,0.38479,0.90285
0.07845,-0.83099,-0.01360,-0.44986,0.38060,0.90404
0.07905,-0.83163,-0.01339,-0.44828,0.38153,0.90517
0.07966,-0.83226,-0.01318,-0.44671,0.38246,0.90630
0.08061,-0.83321,-0.01342,-0.44801,0.37999,0.90640
0.08156,-0.83415,-0.01366,-0.44931,0.37752,0.90649
0.08247,-0.83515,-0.01348,-0.44859,0.37672,0.90803
0.08338,-0.83616,-0.01331,-0.44787,0.37592,0.90958
0.08433,-0.83716,-0.01274,-0.44637,0.37685,0.91122
0.08529,-0.83816,-0.01217,-0.44487,0.37779,0.91285
0.08605,-0.83890,-0.01202,-0.44238,0.37834,0.91376
0.08681,-0.83964,-0.01188,-0.43989,0.37889,0.91467
0.08815,-0.84089,-0.01208,-0.44093,0.37690,0.91569
0.08949,-0.84213,-0.01229,-0.44197,0.37492,0.91671
0.09060,-0.84346,-0.01247,-0.44222,0.37375,0.91755
0.09170,-0.84478,-0.01265,-0.44248,0.37258,0.91839
0.09274,-0.84583,-0.01245,-0.44203,0.37236,0.91942
0.09379,-0.84688,-0.01226,-0.44159,0.37215,0.92045
0.09528,-0.84840,-0.01226,-0.44224,0.37021,0.92216
0.09676,-0.84993,-0.01226,-0.44288,0.36827,0.92387
0.09718,-0.85032,-0.01203,-0.44166,0.36904,0.92396
0.09759,-0.85072,-0.01180,-0.44044,0.36981,0.92405
0.09829,-0.85152,-0.01184,-0.43971,0.36909,0.92524
0.09900,-0.85233,-0.01188,-0.43898,0.36837,0.92644
0.09998,-0.85346,-0.01168,-0.43935,0.36649,0.92722
0.10097,-0.85459,-0.01147,-0.43972,0.36460,0.92799
0.10243,-0.85583,-0.01174,-0.43879,0.36408,0.92972
0.10388,-0.85706,-0.01201,-0.43786,0.36356,0.93145
0.10503,-0.85845,-0.01186,-0.43845,0.36148,0.93379
0.10619,-0.85984,-0.01170,-0.43904,0.35940,0.93612
0.10697,-0.86060,-0.01170,-0.43894,0.35859,0.93698
0.10774,-0.86136,-0.01169,-0.43883,0.35779,0.93783
0.10904,-0.86235,-0.01141,-0.43773,0.35768,0.93884
0.11035,-0.86335,-0.01113,-0.43663,0.35757,0.93985
0.11118,-0.86412,-0.01105,-0.43616,0.35598,0.94092
0.11202,-0.86489,-0.01097,-0.43569,0.35439,0.94199
0.11255,-0.86541,-0.01119,-0.43615,0.35250,0.94282
0.11308,-0.86593,-0.01140,-0.43661,0.35062,0.94365
0.11416,-0.86677,-0.01136,-0.43624,0.34972,0.94417
0.11524,-0.86762,-0.01132,-0.43587,0.34881,0.94470
0.11600,-0.86818,-0.01111,-0.43565,0.34755,0.94597
0.11676,-0.86874,-0.01091,-0.43543,0.34628,0.94724
0.11882,-0.87089,-0.01103,-0.43487,0.34597,0.94899
0.12087,-0.87304,-0.01115,-0.43431,0.34565,0.95073
0.12236,-0.87420,-0.01106,-0.43358,0.34500,0.95340
0.12384,-0.87536,-0.01097,-0.43284,0.34436,0.95607
0.12477,-0.87618,-0.01091,-0.43202,0.34297,0.95731
0.12570,-0.87700,-0.01086,-0.43120,0.34159,0.95855
0.12552,-0.87692,-0.01122,-0.43197,0.33997,0.95837
0.12533,-0.87683,-0.01158,-0.43274,0.33835,0.95819
0.12656,-0.87800,-0.01123,-0.43026,0.33737,0.95931
0.12779,-0.87916,-0.01088,-0.42778,0.33638,0.96044
0.12851,-0.87976,-0.01080,-0.42838,0.33814,0.96153
0.12923,-0.88035,-0.01071,-0.42899,0.33990,0.96263
0.13083,-0.88165,-0.01058,-0.42876,0.33766,0.96475
0.13243,-0.88296,-0.01045,-0.42853,0.33542,0.96687
0.13344,-0.88399,-0.01034,-0.42690,0.33435,0.96780
0.13445,-0.88502,-0.01022,-0.42527,0.33329,0.96873
0.13704,-0.88746,-0.01008,-0.42560,0.33221,0.97076
0.13962,-0.88989,-0.00994,-0.42594,0.33113,0.97280
0.14129,-0.89141,-0.01010,-0.42599,0.33036,0.97659
0.14296,-0.89292,-0.01026,-0.42603,0.32960,0.98038
0.14315,-0.89314,-0.01023,-0.42577,0.32955,0.98041
0.14334,-0.89336,-0.01020,-0.42550,0.32950,0.98044
0.14495,-0.89452,-0.01030,-0.42580,0.32759,0.98294
0.14655,-0.89568,-0.01040,-0.42609,0.32569,0.98543
0.14644,-0.89554,-0.01034,-0.42596,0.32602,0.98417
0.14632,-0.89539,-0.01028,-0.42583,0.32634,0.98292
0.14739,-0.89600,-0.01033,-0.42634,0.32477,0.98654
0.14845,-0.89661,-0.01038,-0.42685,0.32320,0.99016
0.14849,-0.89694,-0.01037,-0.42561,0.32333,0.98997
0.14854,-0.89728,-0.01036,-0.42437,0.32346,0.98979
0.14930,-0.89753,-0.01027,-0.42492,0.32336,0.99122
0.15007,-0.89779,-0.01018,-0.42546,0.32326,0.99265
0.15327,-0.90067,-0.01020,-0.42672,0.32222,0.99862
0.15647,-0.90356,-0.01021,-0.42798,0.32117,1.00459
0.15591,-0.90294,-0.00988,-0.42677,0.32201,1.00343
0.15535,-0.90232,-0.00955,-0.42556,0.32285,1.00227
0.15580,-0.90278,-0.00964,-0.42666,0.32337,1.00399
0.15626,-0.90324,-0.00973,-0.42776,0.32389,1.00572
0.15676,-0.90367,-0.00966,-0.42724,0.32402,1.00693
0.15726,-0.90409,-0.00958,-0.42673,0.32415,1.00814
0.15724,-0.90399,-0.00957,-0.42608,0.32371,1.00805
0.15722,-0.90388,-0.00956,-0.42543,0.32326,1.00797
0.15786,-0.90442,-0.00974,-0.42514,0.32347,1.00867
0.15849,-0.90496,-0.00991,-0.42484,0.32368,1.00936
0.16042,-0.90663,-0.01009,-0.42541,0.32426,1.01200
0.16235,-0.90829,-0.01027,-0.42597,0.32484,1.01464
0.16348,-0.90895,-0.01038,-0.42695,0.32391,1.01857
0.16461,-0.90961,-0.01049,-0.42793,0.32297,1.02250
0.16511,-0.90964,-0.01080,-0.42718,0.32319,1.02783
0.16560,-0.90967,-0.01110,-0.42642,0.32342,1.03317
0.16710,-0.91091,-0.01109,-0.42920,0.32289,1.03652
0.16860,-0.91216,-0.01108,-0.43198,0.32235,1.03986
0.16900,-0.91211,-0.01117,-0.43024,0.32275,1.04016
0.16939,-0.91206,-0.01125,-0.42850,0.32315,1.04045
0.16889,-0.91180,-0.01132,-0.42999,0.32357,1.04066
0.16839,-0.91154,-0.01139,-0.43149,0.32398,1.04086
0.16851,-0.91166,-0.01145,-0.43241,0.32483,1.04174
0.16862,-0.91178,-0.01151,-0.43332,0.32567,1.04263
0.17015,-0.91302,-0.01157,-0.43394,0.32616,1.04554
0.17169,-0.91426,-0.01162,-0.43456,0.32665,1.04846
0.17166,-0.91446,-0.01157,-0.43458,0.32677,1.04850
0.17163,-0.91465,-0.01152,-0.43461,0.32689,1.04854
0.17291,-0.91509,-0.01183,-0.43419,0.32649,1.05369
0.17418,-0.91553,-0.01215,-0.43377,0.32609,1.05884
0.17471,-0.91614,-0.01219,-0.43486,0.32494,1.05977
0.17525,-0.91675,-0.01223,-0.43595,0.32377,1.06071
0.17517,-0.91664,-0.01230,-0.43504,0.32436,1.06077
0.17509,-0.91654,-0.01238,-0.43413,0.32494,1.06083
0.17632,-0.91740,-0.01218,-0.43495,0.32463,1.06227
0.17755,-0.91825,-0.01199,-0.43577,0.32432,1.06371
0.17879,-0.91891,-0.01197,-0.43510,0.32501,1.06694
0.18003,-0.91956,-0.01195,-0.43442,0.32571,1.07018
0.18200,-0.92124,-0.01216,-0.43195,0.32550,1.07323
0.18397,-0.92291,-0.01237,-0.42948,0.32531,1.07627
0.18452,-0.92306,-0.01204,-0.43173,0.32605,1.07771
0.18506,-0.92321,-0.01172,-0.43399,0.32679,1.07914
0.18544,-0.92359,-0.01362,-0.43151,0.32659,1.08397
0.18582,-0.92397,-0.01553,-0.42903,0.32640,1.08880
0.18588,-0.92394,-0.01560,-0.42934,0.32694,1.09041
0.18595,-0.92392,-0.01567,-0.42965,0.32747,1.09203
0.18599,-0.92342,-0.01571,-0.42961,0.32765,1.09450
0.18603,-0.92293,-0.01574,-0.42957,0.32784,1.09697
0.18636,-0.92330,-0.01570,-0.43020,0.32813,1.09798
0.18669,-0.92368,-0.01566,-0.43084,0.32842,1.09900
0.18751,-0.92432,-0.01582,-0.42955,0.32932,1.10059
0.18833,-0.92497,-0.01598,-0.42826,0.33021,1.10218
0.18930,-0.92572,-0.01581,-0.42846,0.33065,1.10317
0.19027,-0.92648,-0.01564,-0.42866,0.33108,1.10417
0.19264,-0.92951,-0.01586,-0.42752,0.33168,1.10483
0.19501,-0.93255,-0.01609,-0.42638,0.33227,1.10548
0.19633,-0.93347,-0.01728,-0.42610,0.33229,1.10817
0.19766,-0.93439,-0.01847,-0.42583,0.33231,1.11086
0.19723,-0.93364,-0.01859,-0.42676,0.33263,1.11405
0.19680,-0.93289,-0.01871,-0.42770,0.33296,1.11724
0.19758,-0.93354,-0.01853,-0.42752,0.33354,1.11773
0.19836,-0.93419,-0.01834,-0.42733,0.33412,1.11821
0.20068,-0.93760,-0.01917,-0.42619,0.33413,1.11651
0.20300,-0.94102,-0.02000,-0.42504,0.33413,1.11481
0.20264,-0.93993,-0.01976,-0.42587,0.33452,1.11817
0.20229,-0.93885,-0.01951,-0.42670,0.33491,1.12152
0.20331,-0.93921,-0.02001,-0.42581,0.33551,1.12386
0.20433,-0.93957,-0.02052,-0.42493,0.33612,1.12619
0.20445,-0.94014,-0.02102,-0.42502,0.33648,1.12840
0.20456,-0.94071,-0.02151,-0.42511,0.33684,1.13061
0.20572,-0.94191,-0.02170,-0.42577,0.33679,1.13241
0.20688,-0.94310,-0.02190,-0.42642,0.33673,1.13421
0.20804,-0.94424,-0.02268,-0.42490,0.33711,1.13339
0.20919,-0.94538,-0.02347,-0.42337,0.33749,1.13257
0.20916,-0.94547,-0.02362,-0.42471,0.33706,1.13214
0.20912,-0.94556,-0.02377,-0.42606,0.33663,1.13170
0.21086,-0.94672,-0.02411,-0.42538,0.33788,1.13691
0.21259,-0.94787,-0.02445,-0.42472,0.33914,1.14211
0.21249,-0.94772,-0.02436,-0.42478,0.33956,1.14381
0.21238,-0.94756,-0.02427,-0.42485,0.33999,1.14551
0.21326,-0.94834,-0.02429,-0.42519,0.34043,1.14776
0.21414,-0.94912,-0.02431,-0.42554,0.34087,1.15001
0.21525,-0.95055,-0.02531,-0.42535,0.34119,1.15149
0.21635,-0.95198,-0.02631,-0.42517,0.34151,1.15296
0.21690,-0.95207,-0.02637,-0.42488,0.34202,1.15440
0.21745,-0.95216,-0.02643,-0.42459,0.34254,1.15584
0.21905,-0.95347,-0.02677,-0.42448,0.34305,1.15694
0.22065,-0.95479,-0.02712,-0.42437,0.34356,1.15805
0.22157,-0.95559,-0.02811,-0.42383,0.34385,1.16012
0.22248,-0.95638,-0.02911,-0.42329,0.34414,1.16220
0.22275,-0.95644,-0.02925,-0.42468,0.34437,1.16463
0.22302,-0.95649,-0.02939,-0.42607,0.34459,1.16706
0.22585,-0.95882,-0.03021,-0.42474,0.34500,1.16957
0.22868,-0.96116,-0.03103,-0.42341,0.34541,1.17208
0.22854,-0.96091,-0.03076,-0.42401,0.34339,1.17118
0.22841,-0.96067,-0.03049,-0.42460,0.34137,1.17028
0.22914,-0.95997,-0.03036,-0.42616,0.34004,1.16961
0.22986,-0.95928,-0.03023,-0.42772,0.33871,1.16895
0.23209,-0.96117,-0.03060,-0.42813,0.33722,1.16894
0.23432,-0.96306,-0.03097,-0.42854,0.33573,1.16892
0.23531,-0.96188,-0.02976,-0.42947,0.33492,1.16771
0.23629,-0.96069,-0.02855,-0.43040,0.33410,1.16650
0.23747,-0.96244,-0.02895,-0.43065,0.33206,1.16635
0.23865,-0.96418,-0.02934,-0.43090,0.33002,1.16619
0.24099,-0.96572,-0.03013,-0.43136,0.32827,1.16623
0.24334,-0.96727,-0.03092,-0.43181,0.32652,1.16626
0.24397,-0.96712,-0.03101,-0.43250,0.32482,1.16521
0.24460,-0.96697,-0.03109,-0.43320,0.32312,1.16415
0.24646,-0.96904,-0.03142,-0.43342,0.32132,1.16428
0.24833,-0.97111,-0.03175,-0.43364,0.31951,1.16442
0.24943,-0.96850,-0.02949,-0.43503,0.31966,1.16264
0.25054,-0.96588,-0.02724,-0.43643,0.31982,1.16086
0.25087,-0.96598,-0.02689,-0.43708,0.31820,1.15983
0.25121,-0.96607,-0.02655,-0.43774,0.31658,1.15881
0.25123,-0.96616,-0.02636,-0.43842,0.31471,1.15779
0.25126,-0.96624,-0.02618,-0.43910,0.31284,1.15677
0.25216,-0.96552,-0.02578,-0.43993,0.31152,1.15554
0.25307,-0.96480,-0.02539,-0.44076,0.31021,1.15432
0.25290,-0.96467,-0.02511,-0.44138,0.30837,1.15310
0.25273,-0.96454,-0.02483,-0.44201,0.30653,1.15188
0.25440,-0.96573,-0.02452,-0.44242,0.30505,1.15162
0.25606,-0.96691,-0.02422,-0.44283,0.30358,1.15136
0.25867,-0.96760,-0.02412,-0.44351,0.30240,1.15101
0.26128,-0.96829,-0.02403,-0.44418,0.30122,1.15067
0.26327,-0.96804,-0.02340,-0.44488,0.30031,1.14979
0.26525,-0.96779,-0.02276,-0.44557,0.29940,1.14892
0.26659,-0.96814,-0.02154,-0.44625,0.29844,1.14837
0.26793,-0.96849,-0.02031,-0.44692,0.29747,1.14782
0.26967,-0.96910,-0.01885,-0.44759,0.29668,1.14755
0.27142,-0.96971,-0.01738,-0.44827,0.29589,1.14729
0.27317,-0.97032,-0.01592,-0.44895,0.29510,1.14702
0.27492,-0.97093,-0.01446,-0.44962,0.29431,1.14675
0.27667,-0.97154,-0.01300,-0.45030,0.29352,1.14649
0.27842,-0.97215,-0.01154,-0.45098,0.29273,1.14622
0.28016,-0.97276,-0.01008,-0.45165,0.29194,1.14595
0.28191,-0.97337,-0.00862,-0.45233,0.29115,1.14568
0.28366,-0.97398,-0.00715,-0.45301,0.29036,1.14541
0.28541,-0.97459,-0.00569,-0.45369,0.28957,1.14514
0.28716,-0.97520,-0.00423,-0.45437,0.28879,1.14487
0.28890,-0.97581,-0.00277,-0.45504,0.28800,1.14460
0.29065,-0.97642,-0.00131,-0.45572,0.28721,1.14433
0.29240,-0.97703,0.00015,-0.45640,0.28642,1.14406
0.29415,-0.97764,0.00162,-0.45708,0.28563,1.14379
0.29590,-0.97825,0.00308,-0.45776,0.28484,1.14352
0.29765,-0.97886,0.00454,-0.45844,0.28405,1.14324
0.29939,-0.97947,0.00600,-0.45912,0.28326,1.14297
0.30114,-0.98008,0.00746,-0.45979,0.28247,1.14269
0.30289,-0.98069,0.00892,-0.46047,0.28169,1.14242
0.30464,-0.98130,0.01039,-0.46115,0.28090,1.14214
0.30639,-0.98191,0.01185,-0.46183,0.28011,1.14187
0.30813,-0.98252,0.01331,-0.46251,0.27932,1.14159
0.30988,-0.98313,0.01477,-0.46319,0.27853,1.14131
0.31163,-0.98375,0.01623,-0.46387,0.27774,1.14104
0.31338,-0.98436,0.01769,-0.46455,0.27695,1.14076
0.31513,-0.98497,0.01916,-0.46523,0.27617,1.14048
0.31688,-0.98558,0.02062,-0.46592,0.27538,1.14020
0.31862,-0.98619,0.02208,-0.46660,0.27459,1.13992
0.32037,-0.98680,0.02354,-0.46728,0.27380,1.13964
0.32212,-0.98741,0.02500,-0.46796,0.27301,1.13936
0.32387,-0.98802,0.02646,-0.46864,0.27223,1.13908
0.32562,-0.98863,0.02793,-0.46932,0.27144,1.13880
0.32736,-0.98924,0.02939,-0.47000,0.27065,1.13851
0.32911,-0.98985,0.03085,-0.47069,0.26986,1.13823
0.33086,-0.99046,0.03231,-0.47137,0.26908,1.13795
0.33261,-0.99107,0.03377,-0.47205,0.26829,1.13766
0.33436,-0.99168,0.03523,-0.47273,0.26750,1.13738
0.33611,-0.99229,0.03670,-0.47342,0.26671,1.13709
0.33785,-0.99290,0.03816,-0.47410,0.26593,1.13681
0.33960,-0.99351,0.03962,-0.47478,0.26514,1.13652
0.34135,-0.99412,0.04108,-0.47547,0.26435,1.13624
0.34310,-0.99473,0.04254,-0.47615,0.26356,1.13595
0.34485,-0.99534,0.04400,-0.47683,0.26278,1.13566
0.34659,-0.99595,0.04546,-0.47752,0.26199,1.13537
0.34834,-0.99656,0.04693,-0.47820,0.26120,1.13508
0.35009,-0.99717,0.04839,-0.47888,0.26042,1.13479
0.35184,-0.99778,0.04985,-0.47957,0.25963,1.13450
0.35359,-0.99839,0.05131,-0.48025,0.25884,1.13421
0.35534,-0.99900,0.05277,-0.48094,0.25806,1.13392
0.35708,-0.99962,0.05423,-0.48162,0.25727,1.13363
0.35883,-1.00023,0.05570,-0.48231,0.25648,1.13334
0.36058,-1.00084,0.05716,-0.48299,0.25570,1.13305
0.36233,-1.00145,0.05862,-0.48368,0.25491,1.13275
0.36408,-1.00206,0.06008,-0.48437,0.25413,1.13246
0.36582,-1.00267,0.06154,-0.48505,0.25334,1.13216
0.36757,-1.00328,0.06300,-0.48574,0.25255,1.13187
0.36932,-1.00389,0.06447,-0.48642,0.25177,1.13157
0.37107,-1.00450,0.06593,-0.48711,0.25098,1.13128
0.37282,-1.00511,0.06739,-0.48780,0.25020,1.13098
0.37457,-1.00572,0.06885,-0.48848,0.24941,1.13069
0.37631,-1.00633,0.07031,-0.48917,0.24863,1.13039
0.37806,-1.00694,0.07177,-0.48986,0.24784,1.13009
0.37981,-1.00755,0.07324,-0.49055,0.24706,1.12979
0.38156,-1.00816,0.07470,-0.49123,0.24627,1.12949
0.38331,-1.00877,0.07616,-0.49192,0.24549,1.12919
