0.00000,0.00000,0.00000,0.00000,0.00000,0.00000
-0.00009,0.00002,0.00006,-0.00028,-0.00049,-0.00035
-0.00018,0.00004,0.00013,-0.00056,-0.00098,-0.00069
-0.00027,0.00006,0.00019,-0.00084,-0.00147,-0.00104
-0.00037,0.00008,0.00025,-0.00112,-0.00196,-0.00138
-0.00046,0.00010,0.00032,-0.00140,-0.00246,-0.00173
-0.00055,0.00012,0.00038,-0.00168,-0.00294,-0.00207
-0.00062,0.00013,0.00038,-0.00161,-0.00358,-0.00223
-0.00068,0.00015,0.00039,-0.00154,-0.00421,-0.00238
-0.00067,0.00017,0.00039,-0.00158,-0.00478,-0.00235
-0.00067,0.00018,0.00040,-0.00163,-0.00534,-0.00233
-0.00067,0.00020,0.00040,-0.00164,-0.00597,-0.00219
-0.00067,0.00021,0.00040,-0.00165,-0.00661,-0.00205
-0.00070,0.00022,0.00038,-0.00134,-0.00731,-0.00199
-0.00074,0.00024,0.00036,-0.00103,-0.00802,-0.00193
-0.00074,0.00025,0.00035,-0.00113,-0.00862,-0.00188
-0.00074,0.00027,0.00035,-0.00121,-0.00922,-0.00184
-0.00074,0.00029,0.00036,-0.00125,-0.00985,-0.00177
-0.00074,0.00030,0.00036,-0.00129,-0.01047,-0.00171
-0.00073,0.00032,0.00036,-0.00136,-0.01109,-0.00175
-0.00073,0.00034,0.00035,-0.00143,-0.01171,-0.00179
-0.00073,0.00036,0.00036,-0.00168,-0.01232,-0.00188
-0.00072,0.00037,0.00037,-0.00192,-0.01292,-0.00198
-0.00072,0.00039,0.00037,-0.00194,-0.01352,-0.00187
-0.00072,0.00040,0.00037,-0.00195,-0.01411,-0.00176
-0.00073,0.00042,0.00036,-0.00193,-0.01473,-0.00170
-0.00073,0.00043,0.00036,-0.00190,-0.01534,-0.00163
-0.00073,0.00045,0.00037,-0.00192,-0.01592,-0.00138
-0.00072,0.00046,0.00038,-0.00194,-0.01649,-0.00113
-0.00073,0.00048,0.00037,-0.00192,-0.01710,-0.00114
-0.00073,0.00049,0.00036,-0.00190,-0.01771,-0.00115
-0.00073,0.00051,0.00037,-0.00191,-0.01830,-0.00104
-0.00073,0.00052,0.00037,-0.00192,-0.01889,-0.00093
-0.00073,0.00054,0.00037,-0.00197,-0.01946,-0.00084
-0.00073,0.00055,0.00037,-0.00201,-0.02003,-0.00075
-0.00073,0.00057,0.00037,-0.00201,-0.02064,-0.00066
-0.00073,0.00058,0.00037,-0.00202,-0.02124,-0.00057
-0.00072,0.00059,0.00038,-0.00203,-0.02178,-0.00032
-0.00071,0.00061,0.00040,-0.00205,-0.02232,-0.00007
-0.00072,0.00062,0.00039,-0.00206,-0.02295,-0.00008
-0.00073,0.00064,0.00038,-0.00207,-0.02359,-0.00009
-0.00072,0.00065,0.00039,-0.00215,-0.02414,0.00004
-0.00071,0.00066,0.00039,-0.00222,-0.02470,0.00017
-0.00072,0.00067,0.00039,-0.00215,-0.02529,0.00036
-0.00072,0.00069,0.00040,-0.00209,-0.02587,0.00056
-0.00071,0.00070,0.00040,-0.00221,-0.02645,0.00059
-0.00071,0.00071,0.00041,-0.00234,-0.02702,0.00064
-0.00072,0.00073,0.00040,-0.00223,-0.02764,0.00075
-0.00073,0.00074,0.00039,-0.00213,-0.02827,0.00086
-0.00073,0.00075,0.00039,-0.00216,-0.02884,0.00101
-0.00073,0.00076,0.00039,-0.00218,-0.02941,0.00115
-0.00073,0.00077,0.00040,-0.00215,-0.02998,0.00131
-0.00072,0.00079,0.00040,-0.00213,-0.03055,0.00147
-0.00072,0.00080,0.00040,-0.00211,-0.03112,0.00162
-0.00072,0.00081,0.00041,-0.00211,-0.03169,0.00176
-0.00072,0.00082,0.00041,-0.00215,-0.03225,0.00187
-0.00072,0.00083,0.00041,-0.00219,-0.03282,0.00198
-0.00072,0.00085,0.00041,-0.00220,-0.03339,0.00212
-0.00072,0.00086,0.00041,-0.00221,-0.03395,0.00225
-0.00072,0.00087,0.00042,-0.00211,-0.03454,0.00254
-0.00072,0.00088,0.00043,-0.00202,-0.03512,0.00283
-0.00072,0.00089,0.00042,-0.00201,-0.03572,0.00289
-0.00073,0.00091,0.00042,-0.00201,-0.03633,0.00295
-0.00073,0.00092,0.00043,-0.00203,-0.03691,0.00304
-0.00073,0.00093,0.00043,-0.00204,-0.03749,0.00313
-0.00072,0.00094,0.00043,-0.00206,-0.03806,0.00319
-0.00072,0.00095,0.00043,-0.00209,-0.03863,0.00326
-0.00072,0.00096,0.00043,-0.00209,-0.03919,0.00335
-0.00072,0.00098,0.00044,-0.00210,-0.03975,0.00344
-0.00072,0.00099,0.00044,-0.00213,-0.04035,0.00350
-0.00072,0.00100,0.00044,-0.00216,-0.04095,0.00355
-0.00072,0.00101,0.00044,-0.00218,-0.04152,0.00361
-0.00072,0.00102,0.00044,-0.00220,-0.04208,0.00367
-0.00072,0.00104,0.00045,-0.00222,-0.04266,0.00374
-0.00072,0.00105,0.00045,-0.00223,-0.04324,0.00382
-0.00071,0.00106,0.00045,-0.00226,-0.04383,0.00387
-0.00071,0.00107,0.00045,-0.00229,-0.04441,0.00392
-0.00070,0.00109,0.00046,-0.00223,-0.04497,0.00407
-0.00069,0.00110,0.00047,-0.00217,-0.04553,0.00421
-0.00070,0.00111,0.00045,-0.00236,-0.04619,0.00406
-0.00072,0.00113,0.00042,-0.00256,-0.04684,0.00390
-0.00072,0.00114,0.00043,-0.00260,-0.04740,0.00397
-0.00071,0.00115,0.00043,-0.00263,-0.04796,0.00404
-0.00071,0.00116,0.00043,-0.00258,-0.04855,0.00422
-0.00072,0.00118,0.00043,-0.00254,-0.04914,0.00440
-0.00072,0.00119,0.00043,-0.00261,-0.04973,0.00447
-0.00071,0.00120,0.00044,-0.00267,-0.05032,0.00455
-0.00071,0.00121,0.00045,-0.00290,-0.05083,0.00453
-0.00070,0.00123,0.00047,-0.00312,-0.05135,0.00451
-0.00070,0.00124,0.00047,-0.00311,-0.05191,0.00463
-0.00070,0.00125,0.00047,-0.00311,-0.05248,0.00474
-0.00070,0.00126,0.00048,-0.00315,-0.05303,0.00480
-0.00070,0.00128,0.00048,-0.00319,-0.05357,0.00486
-0.00070,0.00129,0.00048,-0.00330,-0.05415,0.00486
-0.00069,0.00130,0.00048,-0.00341,-0.05472,0.00487
-0.00069,0.00131,0.00048,-0.00343,-0.05531,0.00511
-0.00070,0.00132,0.00049,-0.00345,-0.05589,0.00535
-0.00069,0.00133,0.00049,-0.00352,-0.05645,0.00537
-0.00069,0.00135,0.00049,-0.00358,-0.05701,0.00539
-0.00069,0.00136,0.00049,-0.00363,-0.05758,0.00538
-0.00069,0.00137,0.00049,-0.00368,-0.05814,0.00537
-0.00069,0.00139,0.00049,-0.00362,-0.05846,0.00539
-0.00069,0.00140,0.00050,-0.00356,-0.05877,0.00540
-0.00069,0.00142,0.00050,-0.00349,-0.05908,0.00543
-0.00069,0.00144,0.00050,-0.00343,-0.05939,0.00545
-0.00069,0.00146,0.00050,-0.00333,-0.05971,0.00545
-0.00069,0.00147,0.00050,-0.00324,-0.06003,0.00545
-0.00070,0.00149,0.00050,-0.00262,-0.06028,0.00610
-0.00071,0.00150,0.00051,-0.00199,-0.06054,0.00675
-0.00073,0.00152,0.00045,-0.00167,-0.06104,0.00651
-0.00076,0.00154,0.00040,-0.00136,-0.06154,0.00627
-0.00076,0.00156,0.00040,-0.00077,-0.06184,0.00629
-0.00075,0.00158,0.00040,-0.00018,-0.06215,0.00631
-0.00075,0.00159,0.00039,0.00055,-0.06247,0.00658
-0.00076,0.00161,0.00038,0.00128,-0.06279,0.00684
-0.00076,0.00163,0.00038,0.00205,-0.06314,0.00672
-0.00076,0.00165,0.00037,0.00282,-0.06350,0.00660
-0.00075,0.00167,0.00038,0.00369,-0.06382,0.00661
-0.00075,0.00169,0.00039,0.00456,-0.06415,0.00662
-0.00075,0.00171,0.00038,0.00536,-0.06450,0.00654
-0.00075,0.00173,0.00038,0.00616,-0.06486,0.00645
-0.00075,0.00175,0.00037,0.00694,-0.06525,0.00639
-0.00076,0.00177,0.00036,0.00772,-0.06564,0.00634
-0.00076,0.00179,0.00035,0.00853,-0.06601,0.00627
-0.00076,0.00181,0.00035,0.00934,-0.06638,0.00621
-0.00075,0.00182,0.00036,0.01013,-0.06672,0.00644
-0.00075,0.00184,0.00036,0.01091,-0.06705,0.00668
-0.00075,0.00186,0.00035,0.01171,-0.06741,0.00668
-0.00076,0.00188,0.00034,0.01251,-0.06776,0.00668
-0.00076,0.00190,0.00033,0.01332,-0.06812,0.00688
-0.00075,0.00191,0.00033,0.01414,-0.06849,0.00709
-0.00075,0.00193,0.00033,0.01495,-0.06882,0.00723
-0.00075,0.00195,0.00034,0.01576,-0.06917,0.00738
-0.00075,0.00197,0.00033,0.01658,-0.06955,0.00738
-0.00075,0.00199,0.00032,0.01740,-0.06993,0.00739
-0.00075,0.00201,0.00031,0.01820,-0.07031,0.00755
-0.00075,0.00202,0.00031,0.01901,-0.07069,0.00771
-0.00075,0.00204,0.00031,0.01980,-0.07104,0.00824
-0.00076,0.00205,0.00032,0.02059,-0.07139,0.00877
-0.00075,0.00207,0.00033,0.02142,-0.07172,0.00868
-0.00075,0.00209,0.00034,0.02224,-0.07204,0.00858
-0.00074,0.00211,0.00031,0.02277,-0.07247,0.00876
-0.00074,0.00213,0.00029,0.02331,-0.07288,0.00894
-0.00074,0.00214,0.00029,0.02392,-0.07322,0.00929
-0.00074,0.00216,0.00030,0.02454,-0.07354,0.00965
-0.00074,0.00217,0.00032,0.02523,-0.07386,0.01034
-0.00073,0.00218,0.00035,0.02593,-0.07417,0.01103
-0.00073,0.00220,0.00035,0.02652,-0.07450,0.01137
-0.00073,0.00221,0.00036,0.02711,-0.07484,0.01172
-0.00072,0.00223,0.00037,0.02757,-0.07517,0.01210
-0.00072,0.00224,0.00038,0.02803,-0.07550,0.01247
-0.00071,0.00226,0.00036,0.02852,-0.07592,0.01293
-0.00071,0.00227,0.00034,0.02902,-0.07635,0.01340
-0.00070,0.00229,0.00032,0.02949,-0.07676,0.01350
-0.00069,0.00231,0.00029,0.02997,-0.07717,0.01360
-0.00068,0.00232,0.00030,0.03033,-0.07753,0.01434
-0.00068,0.00234,0.00031,0.03070,-0.07790,0.01508
-0.00069,0.00235,0.00033,0.03106,-0.07818,0.01528
-0.00070,0.00237,0.00035,0.03141,-0.07846,0.01549
-0.00070,0.00238,0.00034,0.03153,-0.07886,0.01583
-0.00069,0.00240,0.00032,0.03165,-0.07927,0.01617
-0.00069,0.00241,0.00034,0.03184,-0.07959,0.01657
-0.00069,0.00243,0.00035,0.03203,-0.07991,0.01697
-0.00068,0.00244,0.00037,0.03268,-0.08021,0.01720
-0.00068,0.00246,0.00039,0.03332,-0.08051,0.01742
-0.00068,0.00247,0.00039,0.03362,-0.08088,0.01775
-0.00068,0.00249,0.00039,0.03393,-0.08125,0.01808
-0.00068,0.00251,0.00037,0.03421,-0.08167,0.01827
-0.00068,0.00253,0.00035,0.03449,-0.08210,0.01845
-0.00068,0.00254,0.00036,0.03491,-0.08244,0.01887
-0.00068,0.00255,0.00037,0.03533,-0.08279,0.01930
-0.00067,0.00257,0.00038,0.03565,-0.08311,0.01963
-0.00066,0.00258,0.00040,0.03598,-0.08343,0.01996
-0.00067,0.00260,0.00039,0.03625,-0.08385,0.02029
-0.00067,0.00262,0.00038,0.03652,-0.08426,0.02061
-0.00067,0.00263,0.00039,0.03662,-0.08458,0.02053
-0.00067,0.00265,0.00039,0.03672,-0.08489,0.02044
-0.00066,0.00267,0.00039,0.03694,-0.08532,0.02103
-0.00066,0.00268,0.00038,0.03715,-0.08574,0.02161
-0.00065,0.00270,0.00040,0.03725,-0.08600,0.02122
-0.00064,0.00272,0.00041,0.03736,-0.08625,0.02082
-0.00066,0.00274,0.00040,0.03743,-0.08662,0.02074
-0.00068,0.00276,0.00038,0.03751,-0.08699,0.02066
-0.00065,0.00277,0.00039,0.03794,-0.08744,0.02207
-0.00062,0.00278,0.00040,0.03838,-0.08789,0.02348
-0.00062,0.00279,0.00041,0.03849,-0.08828,0.02367
-0.00062,0.00281,0.00041,0.03861,-0.08866,0.02387
-0.00062,0.00282,0.00042,0.03885,-0.08899,0.02409
-0.00063,0.00284,0.00043,0.03909,-0.08933,0.02430
-0.00063,0.00285,0.00043,0.03917,-0.08970,0.02449
-0.00063,0.00287,0.00043,0.03925,-0.09007,0.02468
-0.00063,0.00289,0.00043,0.03932,-0.09044,0.02482
-0.00063,0.00290,0.00043,0.03940,-0.09081,0.02496
-0.00063,0.00292,0.00043,0.03947,-0.09117,0.02509
-0.00063,0.00293,0.00044,0.03954,-0.09154,0.02522
-0.00063,0.00295,0.00044,0.03961,-0.09190,0.02536
-0.00063,0.00297,0.00044,0.03967,-0.09227,0.02549
-0.00063,0.00298,0.00045,0.03976,-0.09264,0.02563
-0.00063,0.00300,0.00045,0.03984,-0.09301,0.02577
-0.00063,0.00302,0.00045,0.03992,-0.09338,0.02590
-0.00062,0.00303,0.00045,0.04000,-0.09374,0.02605
-0.00063,0.00311,0.00046,0.03973,-0.09433,0.02664
-0.00064,0.00318,0.00046,0.03947,-0.09493,0.02723
-0.00064,0.00326,0.00046,0.03908,-0.09553,0.02779
-0.00065,0.00334,0.00047,0.03868,-0.09612,0.02836
-0.00065,0.00341,0.00047,0.03855,-0.09670,0.02884
-0.00066,0.00349,0.00048,0.03841,-0.09727,0.02932
-0.00066,0.00357,0.00048,0.03816,-0.09790,0.03002
-0.00066,0.00364,0.00048,0.03791,-0.09853,0.03071
-0.00066,0.00372,0.00048,0.03757,-0.09916,0.03144
-0.00067,0.00380,0.00048,0.03722,-0.09979,0.03217
-0.00067,0.00387,0.00049,0.03680,-0.10035,0.03239
-0.00067,0.00395,0.00050,0.03638,-0.10092,0.03260
-0.00067,0.00403,0.00046,0.03571,-0.10165,0.03282
-0.00067,0.00411,0.00042,0.03505,-0.10239,0.03303
-0.00068,0.00419,0.00042,0.03432,-0.10303,0.03354
-0.00069,0.00427,0.00042,0.03359,-0.10367,0.03405
-0.00069,0.00434,0.00042,0.03323,-0.10426,0.03455
-0.00070,0.00442,0.00042,0.03286,-0.10485,0.03505
-0.00074,0.00450,0.00042,0.03286,-0.10543,0.03567
-0.00077,0.00457,0.00041,0.03286,-0.10600,0.03629
-0.00077,0.00465,0.00041,0.03245,-0.10661,0.03677
-0.00078,0.00473,0.00041,0.03204,-0.10722,0.03725
-0.00078,0.00480,0.00041,0.03163,-0.10783,0.03773
-0.00079,0.00488,0.00041,0.03123,-0.10844,0.03821
-0.00079,0.00496,0.00041,0.03070,-0.10905,0.03867
-0.00080,0.00504,0.00041,0.03016,-0.10966,0.03914
-0.00080,0.00511,0.00041,0.02976,-0.11025,0.03953
-0.00079,0.00519,0.00041,0.02935,-0.11085,0.03992
-0.00081,0.00527,0.00040,0.02910,-0.11147,0.04052
-0.00083,0.00534,0.00039,0.02885,-0.11209,0.04112
-0.00083,0.00542,0.00039,0.02847,-0.11269,0.04144
-0.00083,0.00550,0.00039,0.02809,-0.11329,0.04175
-0.00085,0.00558,0.00039,0.02769,-0.11391,0.04241
-0.00086,0.00565,0.00038,0.02729,-0.11452,0.04307
-0.00085,0.00573,0.00039,0.02691,-0.11514,0.04349
-0.00084,0.00581,0.00039,0.02654,-0.11575,0.04392
-0.00084,0.00589,0.00039,0.02617,-0.11637,0.04444
-0.00085,0.00596,0.00039,0.02580,-0.11699,0.04496
-0.00087,0.00604,0.00039,0.02524,-0.11759,0.04543
-0.00089,0.00612,0.00039,0.02469,-0.11819,0.04588
-0.00090,0.00619,0.00040,0.02431,-0.11879,0.04647
-0.00091,0.00627,0.00040,0.02393,-0.11939,0.04705
-0.00092,0.00635,0.00041,0.02361,-0.12001,0.04751
-0.00093,0.00642,0.00041,0.02328,-0.12063,0.04797
-0.00092,0.00650,0.00040,0.02289,-0.12125,0.04848
-0.00092,0.00658,0.00039,0.02250,-0.12188,0.04898
-0.00093,0.00666,0.00038,0.02199,-0.12253,0.04950
-0.00093,0.00674,0.00037,0.02149,-0.12319,0.05002
-0.00094,0.00681,0.00037,0.02127,-0.12383,0.05057
-0.00095,0.00689,0.00037,0.02105,-0.12446,0.05113
-0.00096,0.00697,0.00035,0.02081,-0.12511,0.05169
-0.00097,0.00705,0.00034,0.02058,-0.12577,0.05226
-0.00098,0.00713,0.00034,0.01994,-0.12640,0.05264
-0.00099,0.00720,0.00034,0.01931,-0.12703,0.05302
-0.00099,0.00728,0.00032,0.01911,-0.12771,0.05363
-0.00099,0.00736,0.00031,0.01891,-0.12840,0.05423
-0.00099,0.00744,0.00031,0.01832,-0.12901,0.05450
-0.00100,0.00752,0.00032,0.01773,-0.12963,0.05478
-0.00101,0.00760,0.00031,0.01718,-0.13031,0.05508
-0.00101,0.00768,0.00029,0.01664,-0.13100,0.05540
-0.00103,0.00776,0.00029,0.01637,-0.13162,0.05574
-0.00105,0.00784,0.00029,0.01610,-0.13224,0.05609
-0.00105,0.00792,0.00029,0.01600,-0.13285,0.05660
-0.00106,0.00800,0.00029,0.01590,-0.13346,0.05711
-0.00106,0.00808,0.00028,0.01552,-0.13412,0.05726
-0.00106,0.00816,0.00027,0.01514,-0.13478,0.05742
-0.00107,0.00824,0.00027,0.01471,-0.13538,0.05751
-0.00108,0.00832,0.00027,0.01427,-0.13597,0.05761
-0.00108,0.00840,0.00027,0.01401,-0.13658,0.05771
-0.00107,0.00848,0.00027,0.01376,-0.13720,0.05781
-0.00110,0.00856,0.00027,0.01338,-0.13782,0.05802
-0.00112,0.00864,0.00027,0.01300,-0.13844,0.05823
-0.00113,0.00872,0.00026,0.01267,-0.13905,0.05848
-0.00114,0.00880,0.00026,0.01234,-0.13966,0.05872
-0.00115,0.00888,0.00025,0.01192,-0.14031,0.05887
-0.00116,0.00896,0.00025,0.01149,-0.14095,0.05901
-0.00117,0.00904,0.00025,0.01118,-0.14161,0.05919
-0.00118,0.00912,0.00025,0.01087,-0.14227,0.05938
-0.00118,0.00920,0.00024,0.01057,-0.14291,0.05953
-0.00118,0.00928,0.00023,0.01028,-0.14354,0.05969
-0.00117,0.00936,0.00022,0.01006,-0.14423,0.05982
-0.00117,0.00945,0.00021,0.00984,-0.14492,0.05994
-0.00119,0.00953,0.00021,0.00952,-0.14549,0.06004
-0.00122,0.00961,0.00022,0.00919,-0.14607,0.06014
-0.00121,0.00969,0.00021,0.00897,-0.14676,0.06010
-0.00120,0.00977,0.00021,0.00876,-0.14746,0.06007
-0.00121,0.00985,0.00020,0.00851,-0.14812,0.06033
-0.00123,0.00993,0.00018,0.00827,-0.14878,0.06058
-0.00124,0.01001,0.00019,0.00805,-0.14937,0.06069
-0.00124,0.01009,0.00019,0.00783,-0.14996,0.06081
-0.00123,0.01017,0.00018,0.00777,-0.15062,0.06082
-0.00123,0.01025,0.00017,0.00772,-0.15127,0.06083
-0.00123,0.01033,0.00017,0.00736,-0.15188,0.06118
-0.00124,0.01041,0.00018,0.00700,-0.15248,0.06155
-0.00126,0.01049,0.00017,0.00705,-0.15311,0.06177
-0.00128,0.01057,0.00016,0.00711,-0.15373,0.06200
-0.00128,0.01065,0.00016,0.00687,-0.15438,0.06214
-0.00129,0.01073,0.00016,0.00664,-0.15502,0.06228
-0.00128,0.01081,0.00017,0.00650,-0.15562,0.06227
-0.00128,0.01089,0.00019,0.00635,-0.15622,0.06226
-0.00128,0.01094,0.00017,0.00595,-0.15677,0.06179
-0.00129,0.01100,0.00016,0.00556,-0.15731,0.06134
-0.00126,0.01105,0.00016,0.00570,-0.15780,0.06076
-0.00124,0.01111,0.00017,0.00584,-0.15829,0.06020
-0.00124,0.01117,0.00017,0.00603,-0.15877,0.05996
-0.00124,0.01122,0.00017,0.00623,-0.15926,0.05972
-0.00125,0.01127,0.00017,0.00633,-0.15975,0.05960
-0.00127,0.01132,0.00017,0.00643,-0.16024,0.05947
-0.00126,0.01138,0.00016,0.00604,-0.16081,0.05892
-0.00124,0.01144,0.00015,0.00565,-0.16139,0.05837
-0.00125,0.01149,0.00015,0.00510,-0.16187,0.05774
-0.00126,0.01154,0.00016,0.00455,-0.16235,0.05711
-0.00122,0.01159,0.00014,0.00426,-0.16289,0.05642
-0.00119,0.01165,0.00013,0.00397,-0.16344,0.05574
-0.00120,0.01170,0.00013,0.00400,-0.16393,0.05544
-0.00121,0.01175,0.00012,0.00402,-0.16442,0.05514
-0.00117,0.01181,0.00011,0.00374,-0.16501,0.05454
-0.00114,0.01187,0.00010,0.00345,-0.16560,0.05394
-0.00113,0.01192,0.00010,0.00324,-0.16609,0.05343
-0.00112,0.01198,0.00010,0.00304,-0.16658,0.05292
-0.00113,0.01203,0.00010,0.00279,-0.16708,0.05253
-0.00115,0.01208,0.00010,0.00254,-0.16759,0.05214
-0.00111,0.01214,0.00009,0.00250,-0.16813,0.05167
-0.00107,0.01220,0.00009,0.00246,-0.16867,0.05120
-0.00107,0.01225,0.00009,0.00229,-0.16916,0.05074
-0.00106,0.01231,0.00009,0.00212,-0.16964,0.05029
-0.00105,0.01236,0.00009,0.00194,-0.17015,0.04978
-0.00103,0.01242,0.00009,0.00176,-0.17067,0.04927
-0.00104,0.01247,0.00009,0.00149,-0.17118,0.04877
-0.00104,0.01252,0.00009,0.00123,-0.17169,0.04825
-0.00103,0.01258,0.00009,0.00104,-0.17223,0.04772
-0.00102,0.01263,0.00008,0.00085,-0.17276,0.04719
-0.00099,0.01269,0.00009,0.00101,-0.17326,0.04678
-0.00096,0.01275,0.00010,0.00116,-0.17376,0.04638
-0.00096,0.01280,0.00009,0.00072,-0.17429,0.04584
-0.00096,0.01286,0.00008,0.00028,-0.17481,0.04530
-0.00095,0.01291,0.00008,0.00020,-0.17531,0.04488
-0.00093,0.01297,0.00008,0.00012,-0.17581,0.04445
-0.00089,0.01302,0.00008,-0.00011,-0.17634,0.04388
-0.00084,0.01308,0.00007,-0.00035,-0.17686,0.04331
-0.00084,0.01313,0.00008,-0.00020,-0.17736,0.04313
-0.00084,0.01319,0.00009,-0.00004,-0.17784,0.04295
-0.00084,0.01324,0.00009,0.00024,-0.17830,0.04277
-0.00084,0.01329,0.00010,0.00052,-0.17875,0.04259
-0.00084,0.01335,0.00011,0.00064,-0.17923,0.04239
-0.00085,0.01340,0.00011,0.00075,-0.17972,0.04219
-0.00085,0.01346,0.00012,0.00120,-0.18015,0.04203
-0.00085,0.01351,0.00014,0.00164,-0.18058,0.04188
-0.00085,0.01357,0.00014,0.00179,-0.18105,0.04171
-0.00085,0.01362,0.00015,0.00194,-0.18151,0.04156
-0.00089,0.01368,0.00015,0.00175,-0.18192,0.04156
-0.00092,0.01373,0.00014,0.00157,-0.18234,0.04155
-0.00092,0.01378,0.00015,0.00153,-0.18280,0.04139
-0.00091,0.01384,0.00015,0.00148,-0.18325,0.04123
-0.00092,0.01389,0.00016,0.00183,-0.18369,0.04121
-0.00093,0.01395,0.00017,0.00217,-0.18413,0.04121
-0.00091,0.01400,0.00016,0.00160,-0.18465,0.04108
-0.00090,0.01406,0.00015,0.00104,-0.18518,0.04096
-0.00091,0.01411,0.00016,0.00144,-0.18563,0.04074
-0.00092,0.01417,0.00017,0.00185,-0.18608,0.04054
-0.00092,0.01422,0.00017,0.00193,-0.18654,0.04053
-0.00092,0.01428,0.00018,0.00201,-0.18699,0.04052
-0.00091,0.01434,0.00017,0.00165,-0.18747,0.04048
-0.00089,0.01439,0.00017,0.00129,-0.18794,0.04045
-0.00088,0.01445,0.00017,0.00113,-0.18846,0.04000
-0.00086,0.01450,0.00017,0.00097,-0.18897,0.03955
-0.00084,0.01456,0.00017,0.00080,-0.18950,0.03912
-0.00082,0.01461,0.00017,0.00063,-0.19003,0.03870
-0.00080,0.01467,0.00017,0.00047,-0.19055,0.03825
-0.00078,0.01472,0.00017,0.00031,-0.19106,0.03780
-0.00077,0.01478,0.00017,0.00017,-0.19159,0.03723
-0.00076,0.01483,0.00016,0.00002,-0.19212,0.03666
-0.00076,0.01489,0.00016,-0.00001,-0.19259,0.03644
-0.00076,0.01494,0.00016,-0.00004,-0.19306,0.03621
-0.00076,0.01500,0.00017,0.00005,-0.19354,0.03614
-0.00076,0.01505,0.00017,0.00013,-0.19403,0.03608
-0.00074,0.01511,0.00018,0.00008,-0.19454,0.03570
-0.00072,0.01516,0.00018,0.00003,-0.19506,0.03531
-0.00071,0.01522,0.00018,-0.00003,-0.19558,0.03484
-0.00071,0.01527,0.00018,-0.00009,-0.19611,0.03436
-0.00070,0.01533,0.00017,-0.00030,-0.19663,0.03391
-0.00068,0.01538,0.00017,-0.00050,-0.19715,0.03346
-0.00066,0.01544,0.00017,-0.00059,-0.19766,0.03307
-0.00064,0.01549,0.00017,-0.00067,-0.19818,0.03268
-0.00063,0.01555,0.00018,-0.00075,-0.19868,0.03226
-0.00062,0.01560,0.00018,-0.00082,-0.19920,0.03184
-0.00060,0.01566,0.00019,-0.00071,-0.19970,0.03150
-0.00059,0.01571,0.00019,-0.00061,-0.20021,0.03116
-0.00058,0.01577,0.00020,-0.00046,-0.20072,0.03079
-0.00056,0.01582,0.00020,-0.00031,-0.20122,0.03043
-0.00055,0.01587,0.00021,-0.00054,-0.20171,0.02991
-0.00054,0.01592,0.00021,-0.00077,-0.20219,0.02940
-0.00054,0.01598,0.00021,-0.00080,-0.20269,0.02903
-0.00053,0.01603,0.00022,-0.00082,-0.20320,0.02867
-0.00052,0.01609,0.00023,-0.00065,-0.20367,0.02819
-0.00052,0.01614,0.00023,-0.00049,-0.20415,0.02772
-0.00051,0.01619,0.00024,-0.00052,-0.20466,0.02734
-0.00049,0.01625,0.00024,-0.00055,-0.20517,0.02696
-0.00048,0.01630,0.00024,-0.00059,-0.20569,0.02657
-0.00047,0.01636,0.00025,-0.00063,-0.20621,0.02618
-0.00047,0.01635,0.00023,-0.00126,-0.20633,0.02648
-0.00048,0.01633,0.00022,-0.00189,-0.20644,0.02677
-0.00049,0.01632,0.00021,-0.00196,-0.20660,0.02720
-0.00051,0.01630,0.00021,-0.00204,-0.20675,0.02762
-0.00051,0.01629,0.00020,-0.00219,-0.20691,0.02802
-0.00051,0.01627,0.00020,-0.00234,-0.20707,0.02842
-0.00053,0.01625,0.00019,-0.00248,-0.20723,0.02883
-0.00055,0.01624,0.00019,-0.00262,-0.20739,0.02922
-0.00055,0.01622,0.00018,-0.00285,-0.20755,0.02960
-0.00055,0.01621,0.00017,-0.00308,-0.20771,0.02998
-0.00057,0.01619,0.00017,-0.00323,-0.20785,0.03041
-0.00059,0.01618,0.00016,-0.00337,-0.20798,0.03086
-0.00060,0.01616,0.00015,-0.00364,-0.20816,0.03122
-0.00061,0.01615,0.00015,-0.00391,-0.20834,0.03158
-0.00062,0.01613,0.00014,-0.00424,-0.20850,0.03196
-0.00062,0.01612,0.00013,-0.00457,-0.20867,0.03233
-0.00063,0.01611,0.00012,-0.00480,-0.20884,0.03274
-0.00064,0.01609,0.00011,-0.00503,-0.20900,0.03315
-0.00066,0.01608,0.00011,-0.00531,-0.20917,0.03358
-0.00067,0.01606,0.00010,-0.00559,-0.20933,0.03401
-0.00068,0.01605,0.00009,-0.00571,-0.20950,0.03445
-0.00070,0.01603,0.00009,-0.00583,-0.20967,0.03489
-0.00067,0.01602,0.00008,-0.00628,-0.20983,0.03515
-0.00065,0.01600,0.00007,-0.00672,-0.20998,0.03540
-0.00069,0.01599,0.00006,-0.00686,-0.21015,0.03598
-0.00073,0.01597,0.00006,-0.00699,-0.21032,0.03656
-0.00073,0.01596,0.00005,-0.00727,-0.21048,0.03696
-0.00073,0.01594,0.00005,-0.00754,-0.21064,0.03737
-0.00075,0.01593,0.00004,-0.00776,-0.21082,0.03776
-0.00076,0.01591,0.00003,-0.00798,-0.21099,0.03815
-0.00076,0.01590,0.00003,-0.00827,-0.21114,0.03857
-0.00077,0.01588,0.00002,-0.00856,-0.21129,0.03899
-0.00076,0.01587,0.00001,-0.00877,-0.21149,0.03934
-0.00076,0.01586,0.00000,-0.00899,-0.21169,0.03969
-0.00078,0.01584,0.00000,-0.00920,-0.21183,0.04020
-0.00080,0.01583,-0.00000,-0.00941,-0.21197,0.04071
-0.00080,0.01581,-0.00001,-0.00957,-0.21217,0.04108
-0.00080,0.01580,-0.00002,-0.00974,-0.21236,0.04146
-0.00081,0.01578,-0.00002,-0.01002,-0.21254,0.04190
-0.00081,0.01577,-0.00003,-0.01028,-0.21271,0.04234
-0.00082,0.01576,-0.00004,-0.01047,-0.21288,0.04277
-0.00083,0.01574,-0.00004,-0.01065,-0.21306,0.04320
-0.00085,0.01573,-0.00005,-0.01087,-0.21321,0.04372
-0.00087,0.01571,-0.00005,-0.01109,-0.21336,0.04424
-0.00086,0.01570,-0.00005,-0.01097,-0.21357,0.04448
-0.00085,0.01568,-0.00005,-0.01085,-0.21378,0.04473
-0.00086,0.01567,-0.00006,-0.01104,-0.21396,0.04518
-0.00087,0.01565,-0.00006,-0.01122,-0.21415,0.04563
-0.00088,0.01564,-0.00006,-0.01149,-0.21430,0.04603
-0.00090,0.01562,-0.00006,-0.01176,-0.21447,0.04644
-0.00091,0.01561,-0.00006,-0.01180,-0.21464,0.04695
-0.00093,0.01560,-0.00007,-0.01185,-0.21480,0.04745
-0.00091,0.01558,-0.00008,-0.01260,-0.21506,0.04701
-0.00088,0.01556,-0.00009,-0.01335,-0.21532,0.04657
-0.00086,0.01554,-0.00011,-0.01397,-0.21555,0.04606
-0.00084,0.01552,-0.00012,-0.01459,-0.21578,0.04555
-0.00082,0.01550,-0.00012,-0.01516,-0.21597,0.04499
-0.00080,0.01548,-0.00013,-0.01573,-0.21615,0.04443
-0.00076,0.01546,-0.00013,-0.01606,-0.21634,0.04392
-0.00073,0.01544,-0.00013,-0.01638,-0.21653,0.04342
-0.00071,0.01542,-0.00014,-0.01701,-0.21675,0.04293
-0.00070,0.01540,-0.00015,-0.01764,-0.21698,0.04245
-0.00068,0.01538,-0.00015,-0.01819,-0.21717,0.04195
-0.00067,0.01536,-0.00016,-0.01875,-0.21735,0.04145
-0.00064,0.01534,-0.00016,-0.01910,-0.21758,0.04101
-0.00062,0.01532,-0.00017,-0.01946,-0.21781,0.04056
-0.00059,0.01530,-0.00017,-0.01993,-0.21800,0.04004
-0.00057,0.01528,-0.00016,-0.02040,-0.21819,0.03953
-0.00055,0.01526,-0.00017,-0.02076,-0.21843,0.03911
-0.00053,0.01524,-0.00018,-0.02112,-0.21867,0.03869
-0.00054,0.01523,-0.00018,-0.02120,-0.21885,0.03874
-0.00054,0.01521,-0.00018,-0.02129,-0.21903,0.03878
-0.00054,0.01520,-0.00018,-0.02138,-0.21921,0.03882
-0.00054,0.01518,-0.00019,-0.02146,-0.21939,0.03886
-0.00054,0.01517,-0.00019,-0.02155,-0.21957,0.03890
-0.00054,0.01515,-0.00019,-0.02164,-0.21975,0.03893
-0.00052,0.01514,-0.00019,-0.02181,-0.21996,0.03856
-0.00050,0.01512,-0.00018,-0.02197,-0.22016,0.03818
-0.00050,0.01510,-0.00020,-0.02231,-0.22044,0.03760
-0.00049,0.01509,-0.00022,-0.02266,-0.22071,0.03701
-0.00047,0.01507,-0.00020,-0.02272,-0.22086,0.03681
-0.00046,0.01506,-0.00018,-0.02278,-0.22101,0.03660
-0.00042,0.01504,-0.00017,-0.02297,-0.22124,0.03614
-0.00039,0.01503,-0.00016,-0.02315,-0.22146,0.03568
-0.00039,0.01501,-0.00016,-0.02333,-0.22169,0.03531
-0.00038,0.01499,-0.00016,-0.02351,-0.22191,0.03494
-0.00038,0.01498,-0.00016,-0.02369,-0.22216,0.03493
-0.00038,0.01496,-0.00016,-0.02385,-0.22240,0.03493
-0.00038,0.01495,-0.00017,-0.02402,-0.22263,0.03493
-0.00038,0.01493,-0.00017,-0.02418,-0.22286,0.03492
-0.00038,0.01492,-0.00017,-0.02436,-0.22309,0.03491
-0.00038,0.01490,-0.00017,-0.02454,-0.22332,0.03489
-0.00037,0.01489,-0.00017,-0.02470,-0.22355,0.03487
-0.00037,0.01487,-0.00018,-0.02485,-0.22378,0.03485
-0.00038,0.01485,-0.00018,-0.02505,-0.22400,0.03489
-0.00039,0.01484,-0.00019,-0.02526,-0.22424,0.03492
-0.00039,0.01482,-0.00019,-0.02541,-0.22448,0.03491
-0.00038,0.01481,-0.00019,-0.02556,-0.22472,0.03488
-0.00038,0.01479,-0.00019,-0.02569,-0.22495,0.03490
-0.00038,0.01478,-0.00019,-0.02583,-0.22517,0.03492
-0.00038,0.01486,-0.00019,-0.02612,-0.22525,0.03478
-0.00038,0.01494,-0.00020,-0.02641,-0.22533,0.03464
-0.00034,0.01502,-0.00020,-0.02694,-0.22547,0.03353
-0.00030,0.01510,-0.00020,-0.02747,-0.22561,0.03242
-0.00030,0.01517,-0.00020,-0.02784,-0.22570,0.03234
-0.00029,0.01525,-0.00021,-0.02820,-0.22579,0.03226
-0.00026,0.01533,-0.00023,-0.02849,-0.22598,0.03107
-0.00022,0.01540,-0.00024,-0.02879,-0.22616,0.02988
-0.00020,0.01547,-0.00024,-0.02921,-0.22630,0.02883
-0.00017,0.01555,-0.00024,-0.02963,-0.22644,0.02778
-0.00014,0.01563,-0.00023,-0.02974,-0.22653,0.02665
-0.00010,0.01570,-0.00022,-0.02985,-0.22662,0.02552
-0.00006,0.01578,-0.00021,-0.03023,-0.22674,0.02448
-0.00001,0.01585,-0.00019,-0.03060,-0.22686,0.02345
-0.00000,0.01593,-0.00021,-0.03105,-0.22702,0.02249
0.00001,0.01600,-0.00023,-0.03150,-0.22718,0.02154
0.00003,0.01608,-0.00025,-0.03194,-0.22733,0.02057
0.00005,0.01615,-0.00026,-0.03239,-0.22746,0.01960
0.00008,0.01623,-0.00024,-0.03272,-0.22757,0.01867
0.00011,0.01631,-0.00021,-0.03305,-0.22768,0.01774
0.00014,0.01638,-0.00022,-0.03319,-0.22783,0.01670
0.00018,0.01645,-0.00023,-0.03334,-0.22799,0.01565
0.00023,0.01652,-0.00024,-0.03381,-0.22811,0.01454
0.00027,0.01660,-0.00024,-0.03428,-0.22824,0.01343
0.00028,0.01667,-0.00025,-0.03440,-0.22836,0.01290
0.00029,0.01675,-0.00025,-0.03452,-0.22848,0.01238
0.00031,0.01683,-0.00024,-0.03464,-0.22857,0.01214
0.00033,0.01691,-0.00022,-0.03477,-0.22867,0.01189
0.00034,0.01699,-0.00024,-0.03500,-0.22882,0.01101
0.00036,0.01706,-0.00026,-0.03522,-0.22897,0.01012
0.00038,0.01714,-0.00025,-0.03524,-0.22911,0.00956
0.00040,0.01721,-0.00025,-0.03526,-0.22925,0.00899
0.00041,0.01729,-0.00022,-0.03528,-0.22932,0.00865
0.00042,0.01737,-0.00019,-0.03530,-0.22939,0.00832
0.00045,0.01744,-0.00021,-0.03528,-0.22957,0.00740
0.00049,0.01752,-0.00022,-0.03526,-0.22976,0.00647
0.00050,0.01759,-0.00020,-0.03544,-0.22981,0.00595
0.00052,0.01767,-0.00018,-0.03561,-0.22986,0.00543
0.00054,0.01775,-0.00019,-0.03560,-0.23001,0.00492
0.00056,0.01782,-0.00020,-0.03558,-0.23016,0.00441
0.00059,0.01790,-0.00019,-0.03540,-0.23029,0.00361
0.00063,0.01797,-0.00018,-0.03522,-0.23042,0.00282
0.00064,0.01805,-0.00017,-0.03537,-0.23055,0.00232
0.00065,0.01812,-0.00016,-0.03552,-0.23068,0.00182
0.00066,0.01820,-0.00018,-0.03558,-0.23084,0.00125
0.00068,0.01827,-0.00020,-0.03563,-0.23100,0.00066
0.00071,0.01835,-0.00017,-0.03553,-0.23110,0.00001
0.00074,0.01842,-0.00014,-0.03543,-0.23120,-0.00064
0.00076,0.01850,-0.00014,-0.03540,-0.23134,-0.00127
0.00078,0.01857,-0.00013,-0.03538,-0.23147,-0.00191
0.00082,0.01864,-0.00012,-0.03539,-0.23160,-0.00264
0.00085,0.01872,-0.00012,-0.03540,-0.23173,-0.00337
0.00087,0.01879,-0.00011,-0.03537,-0.23186,-0.00401
0.00089,0.01886,-0.00011,-0.03534,-0.23199,-0.00464
0.00091,0.01893,-0.00011,-0.03533,-0.23214,-0.00531
0.00093,0.01900,-0.00011,-0.03532,-0.23229,-0.00598
0.00096,0.01907,-0.00011,-0.03529,-0.23244,-0.00666
0.00098,0.01914,-0.00010,-0.03526,-0.23258,-0.00734
0.00100,0.01921,-0.00011,-0.03529,-0.23272,-0.00800
0.00102,0.01928,-0.00012,-0.03532,-0.23286,-0.00867
0.00104,0.01935,-0.00011,-0.03532,-0.23301,-0.00935
0.00107,0.01942,-0.00011,-0.03532,-0.23316,-0.01004
0.00109,0.01949,-0.00011,-0.03531,-0.23330,-0.01074
0.00112,0.01956,-0.00011,-0.03530,-0.23345,-0.01145
0.00114,0.01962,-0.00011,-0.03540,-0.23362,-0.01217
0.00116,0.01969,-0.00012,-0.03550,-0.23379,-0.01289
0.00119,0.01976,-0.00012,-0.03558,-0.23394,-0.01358
0.00121,0.01983,-0.00012,-0.03567,-0.23409,-0.01428
0.00123,0.01991,-0.00012,-0.03574,-0.23426,-0.01493
0.00126,0.01998,-0.00013,-0.03582,-0.23441,-0.01559
0.00128,0.02005,-0.00014,-0.03594,-0.23460,-0.01623
0.00130,0.02012,-0.00015,-0.03606,-0.23478,-0.01688
0.00132,0.02019,-0.00015,-0.03610,-0.23492,-0.01745
0.00134,0.02026,-0.00015,-0.03614,-0.23506,-0.01801
0.00138,0.02033,-0.00011,-0.03575,-0.23517,-0.01883
0.00142,0.02040,-0.00007,-0.03536,-0.23528,-0.01964
0.00144,0.02047,-0.00010,-0.03582,-0.23543,-0.02020
0.00146,0.02055,-0.00012,-0.03629,-0.23558,-0.02076
0.00148,0.02061,-0.00012,-0.03626,-0.23572,-0.02145
0.00151,0.02068,-0.00012,-0.03623,-0.23586,-0.02214
0.00153,0.02075,-0.00012,-0.03629,-0.23600,-0.02277
0.00156,0.02082,-0.00012,-0.03633,-0.23614,-0.02340
0.00158,0.02089,-0.00012,-0.03635,-0.23628,-0.02406
0.00161,0.02096,-0.00011,-0.03637,-0.23642,-0.02472
0.00161,0.02103,-0.00012,-0.03606,-0.23659,-0.02528
0.00161,0.02109,-0.00012,-0.03576,-0.23678,-0.02583
0.00163,0.02116,-0.00011,-0.03576,-0.23690,-0.02653
0.00166,0.02123,-0.00011,-0.03576,-0.23703,-0.02724
0.00169,0.02130,-0.00011,-0.03573,-0.23717,-0.02789
0.00172,0.02137,-0.00010,-0.03569,-0.23730,-0.02854
0.00177,0.02144,-0.00010,-0.03595,-0.23741,-0.02932
0.00181,0.02150,-0.00011,-0.03621,-0.23753,-0.03010
0.00184,0.02157,-0.00011,-0.03617,-0.23768,-0.03079
0.00186,0.02163,-0.00010,-0.03612,-0.23783,-0.03148
0.00190,0.02169,-0.00010,-0.03606,-0.23798,-0.03222
0.00194,0.02176,-0.00009,-0.03599,-0.23813,-0.03296
0.00197,0.02182,-0.00008,-0.03582,-0.23827,-0.03372
0.00200,0.02188,-0.00007,-0.03566,-0.23841,-0.03448
0.00202,0.02195,-0.00006,-0.03544,-0.23855,-0.03506
0.00203,0.02202,-0.00005,-0.03521,-0.23869,-0.03564
0.00207,0.02207,-0.00003,-0.03491,-0.23896,-0.03662
0.00211,0.02212,-0.00000,-0.03461,-0.23923,-0.03760
0.00215,0.02216,0.00003,-0.03409,-0.23948,-0.03853
0.00219,0.02221,0.00007,-0.03357,-0.23973,-0.03945
0.00224,0.02226,0.00008,-0.03353,-0.23997,-0.04036
0.00229,0.02231,0.00009,-0.03349,-0.24021,-0.04127
0.00232,0.02236,0.00013,-0.03256,-0.24053,-0.04232
0.00235,0.02240,0.00018,-0.03163,-0.24084,-0.04336
0.00240,0.02245,0.00017,-0.03199,-0.24113,-0.04437
0.00245,0.02251,0.00016,-0.03236,-0.24142,-0.04538
0.00249,0.02256,0.00020,-0.03186,-0.24168,-0.04625
0.00253,0.02260,0.00023,-0.03136,-0.24194,-0.04712
0.00257,0.02264,0.00027,-0.03064,-0.24226,-0.04806
0.00262,0.02268,0.00031,-0.02992,-0.24258,-0.04901
0.00264,0.02275,0.00031,-0.02990,-0.24282,-0.04961
0.00266,0.02281,0.00031,-0.02987,-0.24305,-0.05021
0.00269,0.02288,0.00028,-0.03008,-0.24333,-0.05084
0.00271,0.02294,0.00025,-0.03029,-0.24362,-0.05147
0.00274,0.02300,0.00026,-0.03017,-0.24389,-0.05228
0.00277,0.02305,0.00027,-0.03006,-0.24416,-0.05308
0.00280,0.02311,0.00029,-0.03003,-0.24440,-0.05396
0.00282,0.02316,0.00032,-0.03000,-0.24464,-0.05483
0.00285,0.02321,0.00034,-0.02939,-0.24498,-0.05554
0.00289,0.02326,0.00037,-0.02878,-0.24532,-0.05624
0.00292,0.02331,0.00038,-0.02867,-0.24560,-0.05708
0.00296,0.02336,0.00038,-0.02855,-0.24588,-0.05790
0.00300,0.02341,0.00039,-0.02851,-0.24617,-0.05894
0.00303,0.02346,0.00040,-0.02848,-0.24646,-0.05998
0.00307,0.02351,0.00042,-0.02821,-0.24674,-0.06083
0.00311,0.02356,0.00043,-0.02793,-0.24703,-0.06168
0.00314,0.02362,0.00046,-0.02751,-0.24728,-0.06229
0.00317,0.02367,0.00049,-0.02709,-0.24753,-0.06291
0.00322,0.02372,0.00051,-0.02678,-0.24782,-0.06372
0.00326,0.02376,0.00052,-0.02647,-0.24811,-0.06454
0.00330,0.02382,0.00052,-0.02671,-0.24834,-0.06559
0.00334,0.02387,0.00051,-0.02694,-0.24856,-0.06664
0.00339,0.02391,0.00054,-0.02689,-0.24879,-0.06776
0.00345,0.02396,0.00057,-0.02685,-0.24902,-0.06887
0.00349,0.02401,0.00059,-0.02657,-0.24928,-0.06972
0.00353,0.02406,0.00061,-0.02630,-0.24955,-0.07056
0.00358,0.02411,0.00063,-0.02609,-0.24983,-0.07153
0.00362,0.02415,0.00065,-0.02588,-0.25010,-0.07249
0.00367,0.02419,0.00067,-0.02565,-0.25037,-0.07347
0.00371,0.02424,0.00069,-0.02543,-0.25064,-0.07445
0.00375,0.02428,0.00071,-0.02510,-0.25093,-0.07541
0.00379,0.02432,0.00072,-0.02477,-0.25122,-0.07636
0.00384,0.02436,0.00075,-0.02462,-0.25147,-0.07735
0.00389,0.02441,0.00078,-0.02447,-0.25171,-0.07834
0.00393,0.02445,0.00079,-0.02409,-0.25201,-0.07922
0.00396,0.02449,0.00081,-0.02371,-0.25232,-0.08011
0.00401,0.02454,0.00083,-0.02348,-0.25259,-0.08107
0.00405,0.02458,0.00085,-0.02325,-0.25287,-0.08203
0.00410,0.02462,0.00087,-0.02303,-0.25314,-0.08301
0.00414,0.02467,0.00089,-0.02282,-0.25340,-0.08398
0.00419,0.02471,0.00091,-0.02259,-0.25368,-0.08495
0.00424,0.02475,0.00093,-0.02236,-0.25396,-0.08592
0.00430,0.02478,0.00097,-0.02207,-0.25424,-0.08718
0.00436,0.02481,0.00101,-0.02179,-0.25451,-0.08844
0.00441,0.02485,0.00103,-0.02134,-0.25480,-0.08935
0.00446,0.02489,0.00105,-0.02090,-0.25508,-0.09027
0.00448,0.02495,0.00105,-0.02094,-0.25535,-0.09099
0.00451,0.02501,0.00105,-0.02098,-0.25562,-0.09172
0.00455,0.02505,0.00107,-0.02076,-0.25588,-0.09268
0.00459,0.02510,0.00109,-0.02053,-0.25614,-0.09365
0.00467,0.02513,0.00115,-0.02001,-0.25642,-0.09486
0.00474,0.02516,0.00122,-0.01950,-0.25669,-0.09607
0.00476,0.02521,0.00122,-0.01928,-0.25695,-0.09673
0.00478,0.02527,0.00123,-0.01906,-0.25721,-0.09739
0.00484,0.02529,0.00130,-0.01802,-0.25751,-0.09841
0.00491,0.02532,0.00138,-0.01698,-0.25782,-0.09944
0.00496,0.02535,0.00140,-0.01664,-0.25808,-0.10045
0.00502,0.02539,0.00141,-0.01630,-0.25834,-0.10147
0.00506,0.02543,0.00147,-0.01594,-0.25856,-0.10265
0.00510,0.02546,0.00153,-0.01558,-0.25878,-0.10383
0.00515,0.02550,0.00158,-0.01496,-0.25905,-0.10484
0.00521,0.02553,0.00163,-0.01436,-0.25932,-0.10584
0.00528,0.02556,0.00166,-0.01390,-0.25959,-0.10706
0.00536,0.02558,0.00169,-0.01344,-0.25987,-0.10828
0.00541,0.02561,0.00175,-0.01283,-0.26013,-0.10926
0.00546,0.02564,0.00180,-0.01222,-0.26039,-0.11024
0.00548,0.02568,0.00185,-0.01152,-0.26069,-0.11097
0.00550,0.02572,0.00191,-0.01082,-0.26100,-0.11171
0.00559,0.02571,0.00202,-0.01003,-0.26117,-0.11358
0.00567,0.02569,0.00212,-0.00923,-0.26135,-0.11545
0.00572,0.02574,0.00214,-0.00890,-0.26166,-0.11622
0.00576,0.02578,0.00217,-0.00857,-0.26198,-0.11698
0.00580,0.02581,0.00219,-0.00816,-0.26228,-0.11794
0.00585,0.02583,0.00221,-0.00775,-0.26258,-0.11890
0.00590,0.02585,0.00226,-0.00721,-0.26285,-0.12006
0.00595,0.02587,0.00230,-0.00666,-0.26313,-0.12122
0.00600,0.02589,0.00237,-0.00581,-0.26345,-0.12207
0.00604,0.02591,0.00243,-0.00496,-0.26379,-0.12293
0.00609,0.02595,0.00248,-0.00444,-0.26406,-0.12364
0.00614,0.02599,0.00252,-0.00392,-0.26434,-0.12435
0.00619,0.02601,0.00256,-0.00352,-0.26455,-0.12537
0.00624,0.02604,0.00260,-0.00313,-0.26476,-0.12638
0.00626,0.02606,0.00268,-0.00171,-0.26524,-0.12686
0.00629,0.02607,0.00276,-0.00029,-0.26571,-0.12735
0.00632,0.02611,0.00281,0.00031,-0.26596,-0.12790
0.00636,0.02615,0.00286,0.00090,-0.26620,-0.12846
0.00636,0.02615,0.00296,0.00252,-0.26641,-0.12865
0.00637,0.02615,0.00306,0.00415,-0.26660,-0.12885
0.00639,0.02616,0.00314,0.00511,-0.26680,-0.12922
0.00641,0.02616,0.00321,0.00607,-0.26699,-0.12959
0.00645,0.02619,0.00322,0.00617,-0.26704,-0.13022
0.00649,0.02623,0.00322,0.00626,-0.26710,-0.13087
0.00651,0.02624,0.00326,0.00693,-0.26725,-0.13135
0.00653,0.02626,0.00331,0.00761,-0.26740,-0.13182
0.00653,0.02629,0.00339,0.00895,-0.26748,-0.13161
0.00653,0.02631,0.00347,0.01029,-0.26755,-0.13140
0.00656,0.02634,0.00351,0.01063,-0.26780,-0.13206
0.00659,0.02637,0.00355,0.01097,-0.26805,-0.13272
0.00659,0.02641,0.00356,0.01161,-0.26829,-0.13286
0.00659,0.02644,0.00358,0.01226,-0.26852,-0.13300
0.00662,0.02646,0.00366,0.01328,-0.26853,-0.13346
0.00666,0.02647,0.00374,0.01429,-0.26855,-0.13393
0.00669,0.02650,0.00375,0.01428,-0.26868,-0.13451
0.00672,0.02654,0.00376,0.01427,-0.26882,-0.13509
0.00674,0.02655,0.00379,0.01515,-0.26900,-0.13548
0.00677,0.02656,0.00382,0.01605,-0.26919,-0.13587
0.00680,0.02659,0.00385,0.01629,-0.26931,-0.13638
0.00683,0.02661,0.00389,0.01654,-0.26945,-0.13689
0.00683,0.02664,0.00394,0.01760,-0.26964,-0.13692
0.00682,0.02667,0.00399,0.01866,-0.26984,-0.13695
0.00685,0.02670,0.00402,0.01904,-0.27009,-0.13753
0.00687,0.02672,0.00405,0.01942,-0.27034,-0.13811
0.00692,0.02673,0.00406,0.01949,-0.27040,-0.13889
0.00698,0.02674,0.00407,0.01956,-0.27047,-0.13967
0.00699,0.02677,0.00410,0.01983,-0.27068,-0.13996
0.00701,0.02680,0.00413,0.02009,-0.27089,-0.14026
0.00702,0.02683,0.00418,0.02097,-0.27106,-0.14035
0.00702,0.02686,0.00423,0.02185,-0.27123,-0.14044
0.00705,0.02688,0.00425,0.02219,-0.27131,-0.14107
0.00709,0.02689,0.00428,0.02253,-0.27139,-0.14169
0.00713,0.02692,0.00431,0.02292,-0.27163,-0.14232
0.00716,0.02695,0.00434,0.02331,-0.27188,-0.14294
0.00716,0.02697,0.00438,0.02414,-0.27199,-0.14311
0.00716,0.02699,0.00442,0.02498,-0.27210,-0.14328
0.00719,0.02702,0.00446,0.02559,-0.27229,-0.14367
0.00723,0.02705,0.00451,0.02619,-0.27248,-0.14406
0.00725,0.02708,0.00454,0.02685,-0.27263,-0.14457
0.00728,0.02710,0.00457,0.02752,-0.27278,-0.14508
0.00730,0.02713,0.00460,0.02778,-0.27288,-0.14540
0.00733,0.02716,0.00463,0.02803,-0.27299,-0.14573
0.00735,0.02719,0.00468,0.02883,-0.27305,-0.14604
0.00736,0.02721,0.00473,0.02964,-0.27311,-0.14634
0.00740,0.02723,0.00475,0.02990,-0.27332,-0.14698
0.00744,0.02725,0.00476,0.03017,-0.27353,-0.14762
0.00746,0.02728,0.00482,0.03095,-0.27365,-0.14795
0.00747,0.02730,0.00488,0.03174,-0.27377,-0.14827
0.00750,0.02731,0.00488,0.03190,-0.27386,-0.14870
0.00753,0.02733,0.00489,0.03206,-0.27395,-0.14913
0.00755,0.02735,0.00494,0.03277,-0.27406,-0.14953
0.00757,0.02737,0.00500,0.03348,-0.27418,-0.14992
0.00758,0.02739,0.00502,0.03374,-0.27441,-0.15019
0.00758,0.02741,0.00504,0.03401,-0.27464,-0.15047
0.00760,0.02742,0.00505,0.03419,-0.27474,-0.15088
0.00762,0.02744,0.00507,0.03437,-0.27485,-0.15129
0.00765,0.02745,0.00510,0.03481,-0.27493,-0.15171
0.00767,0.02746,0.00513,0.03526,-0.27500,-0.15212
0.00769,0.02747,0.00516,0.03566,-0.27536,-0.15236
0.00772,0.02747,0.00518,0.03607,-0.27572,-0.15259
0.00774,0.02749,0.00522,0.03643,-0.27600,-0.15313
0.00777,0.02751,0.00525,0.03678,-0.27627,-0.15366
0.00778,0.02752,0.00526,0.03706,-0.27628,-0.15386
0.00779,0.02754,0.00527,0.03734,-0.27629,-0.15405
0.00781,0.02755,0.00532,0.03788,-0.27626,-0.15451
0.00783,0.02757,0.00538,0.03843,-0.27624,-0.15498
0.00786,0.02759,0.00539,0.03873,-0.27670,-0.15542
0.00790,0.02760,0.00540,0.03904,-0.27716,-0.15585
0.00796,0.02764,0.00546,0.03972,-0.27732,-0.15696
0.00802,0.02768,0.00551,0.04039,-0.27748,-0.15807
0.00804,0.02770,0.00555,0.04092,-0.27755,-0.15835
0.00806,0.02771,0.00558,0.04145,-0.27763,-0.15863
0.00808,0.02774,0.00562,0.04196,-0.27794,-0.15919
0.00811,0.02776,0.00567,0.04246,-0.27824,-0.15976
0.00814,0.02777,0.00571,0.04283,-0.27825,-0.16047
0.00818,0.02779,0.00575,0.04320,-0.27825,-0.16118
0.00821,0.02781,0.00578,0.04356,-0.27834,-0.16175
0.00824,0.02783,0.00581,0.04392,-0.27844,-0.16232
0.00828,0.02785,0.00586,0.04452,-0.27849,-0.16301
0.00831,0.02788,0.00590,0.04510,-0.27853,-0.16371
0.00836,0.02790,0.00592,0.04518,-0.27858,-0.16449
0.00840,0.02792,0.00594,0.04526,-0.27862,-0.16527
0.00842,0.02793,0.00597,0.04560,-0.27873,-0.16564
0.00844,0.02794,0.00600,0.04594,-0.27884,-0.16602
0.00847,0.02796,0.00605,0.04657,-0.27890,-0.16671
0.00851,0.02799,0.00610,0.04721,-0.27896,-0.16740
0.00855,0.02800,0.00613,0.04747,-0.27923,-0.16805
0.00858,0.02801,0.00616,0.04774,-0.27949,-0.16869
0.00861,0.02803,0.00621,0.04836,-0.27973,-0.16929
0.00865,0.02805,0.00626,0.04897,-0.27996,-0.16989
0.00868,0.02806,0.00629,0.04935,-0.28015,-0.17049
0.00872,0.02808,0.00632,0.04974,-0.28035,-0.17108
0.00876,0.02810,0.00634,0.04983,-0.28054,-0.17188
0.00881,0.02812,0.00636,0.04993,-0.28073,-0.17267
0.00883,0.02814,0.00641,0.05037,-0.28097,-0.17319
0.00886,0.02816,0.00645,0.05081,-0.28121,-0.17372
0.00891,0.02818,0.00650,0.05147,-0.28140,-0.17454
0.00896,0.02821,0.00655,0.05213,-0.28158,-0.17536
0.00907,0.02827,0.00659,0.05247,-0.28151,-0.17721
0.00919,0.02832,0.00663,0.05282,-0.28143,-0.17904
0.00930,0.02838,0.00669,0.05347,-0.28068,-0.18097
0.00941,0.02844,0.00675,0.05413,-0.27993,-0.18289
0.00946,0.02846,0.00679,0.05467,-0.27996,-0.18366
0.00950,0.02849,0.00684,0.05521,-0.27999,-0.18442
0.00953,0.02850,0.00686,0.05545,-0.27968,-0.18490
0.00956,0.02851,0.00687,0.05570,-0.27938,-0.18538
0.00960,0.02853,0.00691,0.05599,-0.27918,-0.18622
0.00965,0.02855,0.00695,0.05628,-0.27899,-0.18706
0.00967,0.02856,0.00697,0.05661,-0.27905,-0.18736
0.00969,0.02857,0.00700,0.05694,-0.27910,-0.18767
0.00974,0.02860,0.00703,0.05721,-0.27911,-0.18856
0.00980,0.02863,0.00705,0.05747,-0.27911,-0.18944
0.00981,0.02864,0.00708,0.05781,-0.27894,-0.18967
0.00982,0.02865,0.00710,0.05815,-0.27876,-0.18990
0.00985,0.02867,0.00712,0.05826,-0.27902,-0.19044
0.00988,0.02868,0.00714,0.05837,-0.27928,-0.19097
0.00991,0.02869,0.00715,0.05843,-0.27922,-0.19145
0.00994,0.02870,0.00716,0.05849,-0.27915,-0.19193
0.00993,0.02871,0.00719,0.05907,-0.27912,-0.19176
0.00991,0.02871,0.00722,0.05965,-0.27908,-0.19159
0.00992,0.02872,0.00725,0.06012,-0.27921,-0.19174
0.00993,0.02874,0.00728,0.06059,-0.27933,-0.19190
0.01012,0.02883,0.00738,0.06107,-0.27866,-0.19521
0.01030,0.02892,0.00747,0.06155,-0.27800,-0.19851
0.01031,0.02893,0.00748,0.06175,-0.27780,-0.19871
0.01033,0.02893,0.00750,0.06195,-0.27762,-0.19891
0.01038,0.02896,0.00753,0.06224,-0.27749,-0.19992
0.01044,0.02899,0.00757,0.06252,-0.27736,-0.20094
0.01050,0.02903,0.00763,0.06330,-0.27737,-0.20196
0.01057,0.02907,0.00768,0.06406,-0.27738,-0.20298
0.01060,0.02909,0.00770,0.06426,-0.27718,-0.20357
0.01064,0.02911,0.00772,0.06445,-0.27698,-0.20415
0.01070,0.02914,0.00775,0.06486,-0.27718,-0.20510
0.01076,0.02918,0.00778,0.06527,-0.27738,-0.20604
0.01082,0.02921,0.00781,0.06562,-0.27729,-0.20717
0.01089,0.02924,0.00785,0.06597,-0.27720,-0.20829
0.01096,0.02928,0.00788,0.06611,-0.27591,-0.20957
0.01103,0.02931,0.00790,0.06626,-0.27462,-0.21085
0.01106,0.02932,0.00792,0.06647,-0.27457,-0.21131
0.01109,0.02934,0.00794,0.06669,-0.27453,-0.21178
0.01113,0.02936,0.00796,0.06686,-0.27489,-0.21253
0.01118,0.02939,0.00799,0.06703,-0.27525,-0.21329
0.01121,0.02940,0.00801,0.06718,-0.27538,-0.21388
0.01125,0.02942,0.00803,0.06733,-0.27550,-0.21447
0.01126,0.02943,0.00806,0.06785,-0.27574,-0.21466
0.01127,0.02945,0.00810,0.06838,-0.27599,-0.21485
0.01128,0.02945,0.00811,0.06853,-0.27613,-0.21498
0.01129,0.02946,0.00813,0.06869,-0.27628,-0.21511
0.01134,0.02948,0.00813,0.06841,-0.27574,-0.21603
0.01138,0.02949,0.00813,0.06814,-0.27520,-0.21695
0.01143,0.02951,0.00816,0.06839,-0.27501,-0.21768
0.01147,0.02952,0.00819,0.06864,-0.27482,-0.21840
0.01150,0.02954,0.00823,0.06913,-0.27462,-0.21890
0.01152,0.02956,0.00827,0.06962,-0.27442,-0.21940
0.01155,0.02957,0.00831,0.07022,-0.27426,-0.21982
0.01158,0.02959,0.00835,0.07083,-0.27409,-0.22023
0.01164,0.02961,0.00837,0.07094,-0.27412,-0.22122
0.01169,0.02964,0.00840,0.07105,-0.27414,-0.22220
0.01174,0.02966,0.00842,0.07127,-0.27389,-0.22292
0.01178,0.02968,0.00844,0.07148,-0.27365,-0.22363
0.01187,0.02972,0.00851,0.07226,-0.27331,-0.22508
0.01197,0.02976,0.00857,0.07305,-0.27297,-0.22653
0.01201,0.02978,0.00861,0.07349,-0.27290,-0.22725
0.01206,0.02980,0.00864,0.07393,-0.27282,-0.22797
0.01214,0.02984,0.00867,0.07433,-0.27266,-0.22913
0.01221,0.02988,0.00870,0.07474,-0.27250,-0.23028
0.01227,0.02991,0.00872,0.07531,-0.27309,-0.23083
0.01233,0.02993,0.00874,0.07588,-0.27369,-0.23137
0.01237,0.02995,0.00878,0.07603,-0.27333,-0.23225
0.01242,0.02996,0.00881,0.07618,-0.27296,-0.23312
0.01245,0.02998,0.00885,0.07653,-0.27290,-0.23376
0.01249,0.02999,0.00890,0.07688,-0.27285,-0.23440
0.01253,0.03000,0.00892,0.07705,-0.27285,-0.23509
0.01257,0.03002,0.00894,0.07722,-0.27285,-0.23580
0.01261,0.03005,0.00898,0.07780,-0.27273,-0.23644
0.01265,0.03007,0.00903,0.07837,-0.27261,-0.23708
0.01272,0.03010,0.00906,0.07872,-0.27248,-0.23805
0.01278,0.03012,0.00910,0.07907,-0.27235,-0.23903
0.01284,0.03014,0.00909,0.07863,-0.27242,-0.24008
0.01290,0.03015,0.00909,0.07819,-0.27249,-0.24114
0.01294,0.03018,0.00910,0.07842,-0.27248,-0.24187
0.01298,0.03021,0.00912,0.07865,-0.27246,-0.24260
0.01302,0.03024,0.00917,0.07924,-0.27220,-0.24325
0.01307,0.03027,0.00923,0.07982,-0.27194,-0.24389
0.01312,0.03030,0.00927,0.08019,-0.27194,-0.24482
0.01316,0.03033,0.00930,0.08057,-0.27195,-0.24574
0.01320,0.03036,0.00932,0.08069,-0.27179,-0.24614
0.01323,0.03039,0.00934,0.08080,-0.27162,-0.24653
0.01328,0.03043,0.00938,0.08124,-0.27138,-0.24749
0.01334,0.03048,0.00943,0.08168,-0.27113,-0.24844
0.01340,0.03048,0.00948,0.08197,-0.27095,-0.24978
0.01346,0.03048,0.00954,0.08226,-0.27077,-0.25111
0.01349,0.03054,0.00954,0.08293,-0.27083,-0.25119
0.01352,0.03060,0.00955,0.08360,-0.27090,-0.25128
0.01357,0.03062,0.00960,0.08351,-0.27058,-0.25233
0.01362,0.03063,0.00966,0.08342,-0.27025,-0.25338
0.01367,0.03066,0.00968,0.08369,-0.27022,-0.25432
0.01372,0.03069,0.00970,0.08395,-0.27020,-0.25526
0.01376,0.03074,0.00974,0.08476,-0.26999,-0.25558
0.01380,0.03078,0.00979,0.08556,-0.26978,-0.25591
0.01384,0.03083,0.00983,0.08573,-0.26960,-0.25679
0.01388,0.03088,0.00987,0.08589,-0.26943,-0.25767
0.01393,0.03093,0.00993,0.08675,-0.26928,-0.25845
0.01398,0.03098,0.01000,0.08762,-0.26913,-0.25923
0.01400,0.03101,0.01001,0.08777,-0.26910,-0.25979
0.01402,0.03105,0.01002,0.08791,-0.26907,-0.26035
0.01409,0.03109,0.01006,0.08843,-0.26893,-0.26111
0.01416,0.03113,0.01010,0.08895,-0.26879,-0.26188
0.01418,0.03118,0.01012,0.08902,-0.26868,-0.26228
0.01420,0.03122,0.01013,0.08908,-0.26858,-0.26269
0.01426,0.03127,0.01018,0.08946,-0.26843,-0.26370
0.01432,0.03131,0.01022,0.08984,-0.26829,-0.26472
0.01437,0.03135,0.01025,0.09004,-0.26825,-0.26550
0.01441,0.03139,0.01029,0.09023,-0.26820,-0.26629
0.01451,0.03141,0.01034,0.09036,-0.26809,-0.26788
0.01460,0.03143,0.01039,0.09048,-0.26798,-0.26948
0.01462,0.03148,0.01044,0.09116,-0.26768,-0.26982
0.01464,0.03152,0.01049,0.09183,-0.26737,-0.27017
0.01470,0.03157,0.01057,0.09241,-0.26705,-0.27144
0.01475,0.03161,0.01064,0.09300,-0.26673,-0.27271
0.01482,0.03167,0.01068,0.09325,-0.26655,-0.27364
0.01490,0.03173,0.01072,0.09351,-0.26637,-0.27456
0.01492,0.03178,0.01073,0.09364,-0.26643,-0.27510
0.01494,0.03183,0.01074,0.09379,-0.26649,-0.27565
0.01498,0.03187,0.01077,0.09429,-0.26614,-0.27624
0.01502,0.03192,0.01080,0.09480,-0.26579,-0.27682
0.01506,0.03197,0.01081,0.09471,-0.26578,-0.27738
0.01511,0.03202,0.01083,0.09463,-0.26577,-0.27794
0.01514,0.03207,0.01086,0.09512,-0.26555,-0.27840
0.01516,0.03212,0.01090,0.09561,-0.26534,-0.27885
0.01519,0.03217,0.01091,0.09581,-0.26525,-0.27926
0.01522,0.03222,0.01093,0.09602,-0.26516,-0.27966
0.01524,0.03227,0.01097,0.09606,-0.26502,-0.28051
0.01527,0.03231,0.01101,0.09610,-0.26488,-0.28134
0.01532,0.03236,0.01104,0.09685,-0.26462,-0.28200
0.01538,0.03241,0.01108,0.09759,-0.26437,-0.28267
0.01541,0.03248,0.01112,0.09801,-0.26416,-0.28316
0.01545,0.03254,0.01116,0.09844,-0.26396,-0.28365
0.01546,0.03261,0.01115,0.09836,-0.26401,-0.28372
0.01546,0.03267,0.01114,0.09829,-0.26407,-0.28378
0.01556,0.03269,0.01123,0.09881,-0.26382,-0.28542
0.01566,0.03270,0.01132,0.09935,-0.26357,-0.28706
0.01565,0.03277,0.01134,0.09972,-0.26339,-0.28715
0.01564,0.03283,0.01136,0.10010,-0.26321,-0.28724
0.01569,0.03289,0.01138,0.10025,-0.26301,-0.28774
0.01573,0.03294,0.01140,0.10040,-0.26281,-0.28823
0.01578,0.03299,0.01144,0.10090,-0.26267,-0.28896
0.01583,0.03305,0.01148,0.10140,-0.26253,-0.28969
0.01584,0.03310,0.01150,0.10155,-0.26231,-0.29003
0.01584,0.03315,0.01152,0.10170,-0.26209,-0.29037
0.01591,0.03320,0.01155,0.10165,-0.26194,-0.29131
0.01597,0.03324,0.01157,0.10160,-0.26179,-0.29224
0.01602,0.03329,0.01162,0.10179,-0.26157,-0.29299
0.01606,0.03334,0.01166,0.10197,-0.26134,-0.29375
0.01610,0.03337,0.01171,0.10229,-0.26112,-0.29464
0.01614,0.03341,0.01176,0.10261,-0.26089,-0.29553
0.01620,0.03347,0.01178,0.10259,-0.26076,-0.29612
0.01625,0.03352,0.01179,0.10256,-0.26063,-0.29671
0.01633,0.03355,0.01183,0.10288,-0.26045,-0.29799
0.01641,0.03358,0.01188,0.10320,-0.26028,-0.29927
0.01645,0.03363,0.01188,0.10293,-0.26020,-0.30004
0.01649,0.03369,0.01188,0.10267,-0.26011,-0.30081
0.01655,0.03373,0.01189,0.10252,-0.26002,-0.30182
0.01662,0.03378,0.01190,0.10237,-0.25994,-0.30284
0.01670,0.03383,0.01191,0.10207,-0.25985,-0.30385
0.01678,0.03388,0.01191,0.10176,-0.25977,-0.30486
0.01684,0.03393,0.01191,0.10144,-0.25970,-0.30584
0.01690,0.03399,0.01192,0.10113,-0.25963,-0.30682
0.01694,0.03404,0.01191,0.10100,-0.25959,-0.30774
0.01698,0.03409,0.01191,0.10088,-0.25954,-0.30865
0.01705,0.03414,0.01192,0.10082,-0.25945,-0.30965
0.01712,0.03419,0.01193,0.10075,-0.25936,-0.31065
0.01720,0.03423,0.01196,0.10075,-0.25920,-0.31169
0.01729,0.03427,0.01199,0.10075,-0.25905,-0.31274
0.01735,0.03431,0.01205,0.10120,-0.25876,-0.31363
0.01742,0.03435,0.01211,0.10164,-0.25848,-0.31452
0.01750,0.03438,0.01212,0.10164,-0.25834,-0.31588
0.01758,0.03441,0.01214,0.10163,-0.25821,-0.31725
0.01764,0.03446,0.01215,0.10151,-0.25818,-0.31809
0.01770,0.03452,0.01215,0.10139,-0.25815,-0.31893
0.01776,0.03456,0.01218,0.10144,-0.25798,-0.31998
0.01781,0.03460,0.01221,0.10149,-0.25781,-0.32102
0.01791,0.03465,0.01223,0.10153,-0.25764,-0.32220
0.01801,0.03469,0.01226,0.10158,-0.25747,-0.32337
0.01806,0.03473,0.01229,0.10186,-0.25731,-0.32433
0.01811,0.03477,0.01233,0.10213,-0.25716,-0.32529
0.01820,0.03481,0.01237,0.10233,-0.25697,-0.32633
0.01830,0.03486,0.01240,0.10253,-0.25678,-0.32736
0.01835,0.03491,0.01242,0.10245,-0.25668,-0.32828
0.01841,0.03495,0.01244,0.10238,-0.25658,-0.32920
0.01847,0.03500,0.01245,0.10240,-0.25647,-0.33025
0.01854,0.03504,0.01246,0.10242,-0.25637,-0.33131
0.01860,0.03509,0.01247,0.10239,-0.25626,-0.33227
0.01866,0.03514,0.01248,0.10235,-0.25614,-0.33325
0.01873,0.03518,0.01251,0.10254,-0.25597,-0.33435
0.01880,0.03522,0.01255,0.10273,-0.25581,-0.33545
0.01887,0.03526,0.01258,0.10302,-0.25565,-0.33645
0.01894,0.03531,0.01261,0.10331,-0.25549,-0.33745
0.01895,0.03531,0.01263,0.10338,-0.25569,-0.33769
0.01897,0.03531,0.01264,0.10345,-0.25588,-0.33793
0.01898,0.03531,0.01265,0.10351,-0.25608,-0.33816
0.01900,0.03531,0.01266,0.10358,-0.25627,-0.33840
0.01901,0.03531,0.01267,0.10366,-0.25647,-0.33863
0.01903,0.03532,0.01269,0.10374,-0.25667,-0.33887
0.01904,0.03532,0.01270,0.10383,-0.25686,-0.33910
0.01906,0.03532,0.01271,0.10391,-0.25705,-0.33933
0.01907,0.03532,0.01272,0.10399,-0.25724,-0.33957
0.01909,0.03532,0.01273,0.10406,-0.25743,-0.33981
0.01910,0.03532,0.01275,0.10413,-0.25763,-0.34004
0.01912,0.03532,0.01276,0.10420,-0.25782,-0.34028
0.01914,0.03532,0.01278,0.10433,-0.25799,-0.34055
0.01917,0.03532,0.01280,0.10446,-0.25815,-0.34082
0.01918,0.03532,0.01281,0.10452,-0.25835,-0.34106
0.01920,0.03533,0.01283,0.10458,-0.25854,-0.34129
0.01922,0.03533,0.01283,0.10460,-0.25875,-0.34156
0.01924,0.03533,0.01283,0.10462,-0.25896,-0.34182
0.01924,0.03533,0.01285,0.10472,-0.25917,-0.34197
0.01924,0.03533,0.01286,0.10482,-0.25938,-0.34213
0.01926,0.03534,0.01287,0.10483,-0.25957,-0.34242
0.01927,0.03534,0.01287,0.10483,-0.25975,-0.34272
0.01929,0.03534,0.01288,0.10490,-0.25994,-0.34295
0.01930,0.03534,0.01290,0.10498,-0.26013,-0.34318
0.01931,0.03535,0.01291,0.10514,-0.26034,-0.34325
0.01932,0.03535,0.01293,0.10530,-0.26056,-0.34332
0.01933,0.03535,0.01294,0.10539,-0.26075,-0.34352
0.01934,0.03536,0.01296,0.10546,-0.26095,-0.34372
0.01936,0.03536,0.01297,0.10553,-0.26114,-0.34393
0.01937,0.03536,0.01298,0.10560,-0.26135,-0.34415
0.01931,0.03539,0.01296,0.10551,-0.26161,-0.34334
0.01925,0.03543,0.01295,0.10543,-0.26187,-0.34254
0.01931,0.03541,0.01299,0.10571,-0.26204,-0.34346
0.01937,0.03539,0.01302,0.10600,-0.26220,-0.34439
0.01936,0.03539,0.01303,0.10633,-0.26251,-0.34431
0.01935,0.03539,0.01303,0.10665,-0.26282,-0.34424
0.01934,0.03542,0.01303,0.10628,-0.26301,-0.34390
0.01932,0.03545,0.01303,0.10590,-0.26321,-0.34356
0.01934,0.03543,0.01307,0.10654,-0.26339,-0.34397
0.01936,0.03541,0.01312,0.10718,-0.26357,-0.34437
0.01940,0.03543,0.01307,0.10635,-0.26372,-0.34500
0.01945,0.03544,0.01302,0.10552,-0.26387,-0.34564
0.01946,0.03543,0.01308,0.10636,-0.26408,-0.34576
0.01948,0.03541,0.01315,0.10720,-0.26429,-0.34588
0.01949,0.03541,0.01314,0.10701,-0.26456,-0.34626
0.01951,0.03542,0.01313,0.10681,-0.26482,-0.34662
0.01952,0.03542,0.01314,0.10689,-0.26503,-0.34682
0.01953,0.03542,0.01315,0.10697,-0.26523,-0.34702
0.01953,0.03542,0.01316,0.10720,-0.26548,-0.34709
0.01953,0.03543,0.01317,0.10742,-0.26572,-0.34715
0.01955,0.03542,0.01322,0.10769,-0.26585,-0.34735
0.01958,0.03542,0.01326,0.10795,-0.26598,-0.34754
0.01954,0.03543,0.01328,0.10831,-0.26628,-0.34720
0.01951,0.03545,0.01330,0.10867,-0.26658,-0.34686
0.01951,0.03545,0.01331,0.10872,-0.26679,-0.34687
0.01952,0.03545,0.01333,0.10878,-0.26701,-0.34689
0.01957,0.03544,0.01334,0.10876,-0.26716,-0.34761
0.01962,0.03543,0.01334,0.10874,-0.26732,-0.34832
0.01961,0.03544,0.01335,0.10883,-0.26756,-0.34830
0.01960,0.03545,0.01336,0.10892,-0.26780,-0.34828
0.01962,0.03545,0.01338,0.10916,-0.26801,-0.34846
0.01963,0.03545,0.01340,0.10940,-0.26823,-0.34866
0.01963,0.03546,0.01339,0.10937,-0.26850,-0.34876
0.01962,0.03547,0.01338,0.10934,-0.26877,-0.34886
0.01964,0.03547,0.01340,0.10947,-0.26898,-0.34902
0.01965,0.03547,0.01341,0.10960,-0.26919,-0.34919
0.01967,0.03547,0.01346,0.10998,-0.26934,-0.34930
0.01968,0.03547,0.01351,0.11036,-0.26949,-0.34941
0.01969,0.03548,0.01352,0.11052,-0.26973,-0.34949
0.01969,0.03548,0.01353,0.11068,-0.26998,-0.34957
0.01970,0.03548,0.01355,0.11087,-0.27017,-0.34971
0.01970,0.03548,0.01357,0.11105,-0.27036,-0.34984
0.01971,0.03548,0.01359,0.11119,-0.27057,-0.34996
0.01972,0.03549,0.01360,0.11133,-0.27079,-0.35008
0.01974,0.03549,0.01361,0.11138,-0.27099,-0.35028
0.01976,0.03550,0.01362,0.11144,-0.27119,-0.35048
0.01975,0.03550,0.01364,0.11164,-0.27146,-0.35047
0.01974,0.03551,0.01365,0.11184,-0.27174,-0.35047
0.01974,0.03551,0.01367,0.11198,-0.27196,-0.35060
0.01973,0.03551,0.01369,0.11212,-0.27217,-0.35074
0.01974,0.03551,0.01371,0.11225,-0.27239,-0.35086
0.01975,0.03552,0.01372,0.11239,-0.27260,-0.35097
0.01975,0.03552,0.01374,0.11249,-0.27280,-0.35108
0.01976,0.03553,0.01375,0.11260,-0.27301,-0.35119
0.01977,0.03553,0.01376,0.11262,-0.27320,-0.35141
0.01977,0.03553,0.01377,0.11264,-0.27340,-0.35162
0.01978,0.03554,0.01378,0.11276,-0.27361,-0.35174
0.01979,0.03554,0.01379,0.11289,-0.27383,-0.35186
0.01979,0.03555,0.01381,0.11302,-0.27404,-0.35198
0.01980,0.03555,0.01382,0.11314,-0.27426,-0.35210
0.01981,0.03556,0.01384,0.11333,-0.27452,-0.35216
0.01982,0.03556,0.01386,0.11353,-0.27478,-0.35222
0.01983,0.03556,0.01387,0.11366,-0.27500,-0.35232
0.01984,0.03557,0.01389,0.11378,-0.27522,-0.35244
0.01984,0.03557,0.01390,0.11392,-0.27544,-0.35256
0.01985,0.03558,0.01392,0.11405,-0.27565,-0.35268
0.01986,0.03558,0.01393,0.11417,-0.27587,-0.35280
0.01986,0.03558,0.01394,0.11430,-0.27608,-0.35292
0.01987,0.03559,0.01396,0.11443,-0.27628,-0.35302
0.01987,0.03559,0.01397,0.11456,-0.27648,-0.35312
0.01993,0.03553,0.01401,0.11502,-0.27655,-0.35391
0.02000,0.03547,0.01405,0.11548,-0.27661,-0.35469
0.02005,0.03541,0.01408,0.11582,-0.27661,-0.35542
0.02011,0.03536,0.01410,0.11617,-0.27660,-0.35616
0.02015,0.03530,0.01414,0.11663,-0.27668,-0.35683
0.02020,0.03524,0.01418,0.11709,-0.27675,-0.35750
0.02024,0.03519,0.01422,0.11763,-0.27683,-0.35815
0.02028,0.03513,0.01426,0.11818,-0.27691,-0.35879
0.02032,0.03506,0.01429,0.11858,-0.27697,-0.35956
0.02037,0.03500,0.01432,0.11898,-0.27704,-0.36034
0.02042,0.03495,0.01435,0.11938,-0.27708,-0.36100
0.02047,0.03490,0.01438,0.11979,-0.27713,-0.36165
0.02052,0.03484,0.01442,0.12029,-0.27723,-0.36235
0.02058,0.03478,0.01446,0.12080,-0.27734,-0.36306
0.02061,0.03472,0.01451,0.12136,-0.27744,-0.36367
0.02064,0.03465,0.01455,0.12193,-0.27754,-0.36428
0.02066,0.03460,0.01457,0.12234,-0.27763,-0.36488
0.02068,0.03455,0.01460,0.12274,-0.27772,-0.36548
0.02072,0.03450,0.01463,0.12318,-0.27780,-0.36607
0.02076,0.03445,0.01465,0.12361,-0.27789,-0.36667
0.02080,0.03440,0.01469,0.12417,-0.27798,-0.36703
0.02084,0.03436,0.01472,0.12473,-0.27807,-0.36738
0.02086,0.03433,0.01473,0.12497,-0.27810,-0.36764
0.02088,0.03429,0.01474,0.12520,-0.27813,-0.36789
0.02094,0.03423,0.01475,0.12555,-0.27834,-0.36873
0.02099,0.03417,0.01477,0.12589,-0.27854,-0.36957
0.02102,0.03410,0.01482,0.12661,-0.27863,-0.37036
0.02105,0.03404,0.01487,0.12732,-0.27871,-0.37115
0.02106,0.03400,0.01491,0.12787,-0.27886,-0.37122
0.02107,0.03396,0.01495,0.12842,-0.27901,-0.37128
0.02108,0.03394,0.01495,0.12836,-0.27915,-0.37131
0.02109,0.03392,0.01494,0.12831,-0.27929,-0.37135
0.02110,0.03393,0.01495,0.12830,-0.27961,-0.37158
0.02111,0.03393,0.01496,0.12829,-0.27992,-0.37181
0.02110,0.03394,0.01494,0.12789,-0.28022,-0.37159
0.02108,0.03396,0.01493,0.12749,-0.28051,-0.37137
0.02111,0.03394,0.01491,0.12733,-0.28054,-0.37178
0.02114,0.03392,0.01490,0.12718,-0.28057,-0.37219
0.02115,0.03394,0.01490,0.12697,-0.28072,-0.37228
0.02116,0.03396,0.01490,0.12676,-0.28087,-0.37237
0.02115,0.03393,0.01490,0.12691,-0.28112,-0.37239
0.02114,0.03391,0.01491,0.12706,-0.28136,-0.37242
0.02113,0.03392,0.01488,0.12666,-0.28164,-0.37200
0.02112,0.03393,0.01486,0.12625,-0.28192,-0.37158
0.02114,0.03393,0.01490,0.12658,-0.28205,-0.37198
0.02115,0.03393,0.01494,0.12692,-0.28217,-0.37237
0.02116,0.03393,0.01491,0.12658,-0.28258,-0.37253
0.02117,0.03392,0.01488,0.12624,-0.28299,-0.37269
0.02117,0.03392,0.01486,0.12587,-0.28283,-0.37277
0.02117,0.03391,0.01484,0.12549,-0.28267,-0.37286
0.02114,0.03390,0.01486,0.12599,-0.28274,-0.37240
0.02111,0.03388,0.01489,0.12650,-0.28281,-0.37195
0.02116,0.03390,0.01484,0.12553,-0.28310,-0.37272
0.02122,0.03392,0.01479,0.12456,-0.28340,-0.37348
0.02117,0.03391,0.01482,0.12524,-0.28349,-0.37265
0.02113,0.03389,0.01486,0.12592,-0.28358,-0.37182
0.02115,0.03388,0.01483,0.12528,-0.28370,-0.37224
0.02117,0.03386,0.01479,0.12465,-0.28382,-0.37265
0.02118,0.03389,0.01479,0.12436,-0.28447,-0.37283
0.02120,0.03392,0.01478,0.12408,-0.28513,-0.37302
0.02114,0.03387,0.01476,0.12394,-0.28457,-0.37215
0.02107,0.03381,0.01473,0.12381,-0.28401,-0.37128
0.02113,0.03382,0.01469,0.12307,-0.28463,-0.37209
0.02118,0.03383,0.01465,0.12232,-0.28526,-0.37289
0.02117,0.03383,0.01465,0.12223,-0.28544,-0.37268
0.02116,0.03382,0.01465,0.12213,-0.28564,-0.37246
0.02110,0.03380,0.01465,0.12229,-0.28540,-0.37161
0.02104,0.03378,0.01465,0.12245,-0.28516,-0.37076
0.02109,0.03378,0.01467,0.12257,-0.28553,-0.37146
0.02114,0.03378,0.01469,0.12267,-0.28591,-0.37216
0.02113,0.03378,0.01472,0.12313,-0.28599,-0.37204
0.02111,0.03379,0.01475,0.12358,-0.28607,-0.37193
0.02114,0.03379,0.01470,0.12260,-0.28659,-0.37225
0.02116,0.03380,0.01465,0.12163,-0.28711,-0.37257
0.02108,0.03377,0.01469,0.12222,-0.28780,-0.37154
0.02100,0.03374,0.01474,0.12282,-0.28848,-0.37052
0.02099,0.03372,0.01469,0.12241,-0.28768,-0.37026
0.02098,0.03369,0.01464,0.12201,-0.28687,-0.37002
0.02101,0.03368,0.01463,0.12164,-0.28726,-0.37041
0.02103,0.03367,0.01461,0.12127,-0.28765,-0.37081
0.02090,0.03361,0.01467,0.12212,-0.28899,-0.36915
0.02078,0.03355,0.01472,0.12296,-0.29033,-0.36750
0.02088,0.03362,0.01463,0.12164,-0.28912,-0.36887
0.02099,0.03369,0.01454,0.12032,-0.28791,-0.37024
0.02101,0.03367,0.01456,0.12055,-0.28842,-0.37059
0.02104,0.03364,0.01459,0.12077,-0.28892,-0.37094
0.02101,0.03365,0.01460,0.12100,-0.28872,-0.37045
0.02098,0.03366,0.01461,0.12122,-0.28851,-0.36996
0.02096,0.03366,0.01459,0.12079,-0.28956,-0.36977
0.02094,0.03365,0.01457,0.12036,-0.29061,-0.36958
0.02094,0.03364,0.01459,0.12083,-0.29045,-0.36949
0.02093,0.03364,0.01462,0.12129,-0.29029,-0.36940
0.02095,0.03362,0.01458,0.12080,-0.28957,-0.36965
0.02096,0.03360,0.01455,0.12030,-0.28886,-0.36991
0.02098,0.03361,0.01458,0.12056,-0.28969,-0.37010
0.02099,0.03362,0.01461,0.12082,-0.29052,-0.37028
0.02099,0.03362,0.01459,0.12055,-0.29056,-0.37036
0.02100,0.03362,0.01458,0.12028,-0.29059,-0.37045
0.02095,0.03358,0.01458,0.12059,-0.29042,-0.36975
0.02091,0.03355,0.01459,0.12089,-0.29025,-0.36907
0.02085,0.03358,0.01466,0.12173,-0.29076,-0.36830
0.02079,0.03361,0.01472,0.12255,-0.29126,-0.36753
0.02096,0.03368,0.01469,0.12208,-0.28982,-0.36985
0.02112,0.03375,0.01466,0.12161,-0.28837,-0.37216
0.02119,0.03381,0.01470,0.12214,-0.28791,-0.37309
0.02126,0.03386,0.01475,0.12267,-0.28747,-0.37402
0.02131,0.03391,0.01471,0.12196,-0.28697,-0.37486
0.02137,0.03395,0.01468,0.12126,-0.28648,-0.37569
0.02139,0.03395,0.01471,0.12203,-0.28556,-0.37588
0.02141,0.03395,0.01474,0.12280,-0.28465,-0.37606
0.02138,0.03400,0.01473,0.12298,-0.28432,-0.37555
0.02135,0.03404,0.01472,0.12314,-0.28399,-0.37503
0.02144,0.03412,0.01482,0.12417,-0.28357,-0.37634
0.02153,0.03421,0.01491,0.12520,-0.28315,-0.37764
0.02170,0.03426,0.01484,0.12374,-0.28291,-0.37991
0.02187,0.03432,0.01476,0.12228,-0.28266,-0.38218
0.02192,0.03439,0.01472,0.12170,-0.28227,-0.38283
0.02198,0.03446,0.01467,0.12112,-0.28186,-0.38348
0.02199,0.03445,0.01473,0.12205,-0.28095,-0.38369
0.02201,0.03444,0.01479,0.12297,-0.28004,-0.38390
0.02206,0.03454,0.01477,0.12264,-0.27983,-0.38457
0.02211,0.03464,0.01475,0.12231,-0.27961,-0.38525
0.02220,0.03470,0.01470,0.12134,-0.27939,-0.38630
0.02229,0.03476,0.01466,0.12037,-0.27917,-0.38734
0.02229,0.03480,0.01471,0.12131,-0.27839,-0.38730
0.02228,0.03484,0.01477,0.12224,-0.27760,-0.38727
0.02234,0.03491,0.01475,0.12173,-0.27773,-0.38792
0.02238,0.03498,0.01472,0.12122,-0.27786,-0.38856
0.02246,0.03501,0.01460,0.11948,-0.27765,-0.38954
0.02254,0.03505,0.01448,0.11774,-0.27743,-0.39052
0.02258,0.03514,0.01465,0.12007,-0.27633,-0.39099
0.02262,0.03523,0.01482,0.12240,-0.27522,-0.39146
0.02270,0.03528,0.01473,0.12102,-0.27498,-0.39246
0.02277,0.03533,0.01463,0.11965,-0.27474,-0.39347
0.02276,0.03538,0.01476,0.12130,-0.27422,-0.39332
0.02274,0.03542,0.01488,0.12295,-0.27370,-0.39318
0.02283,0.03548,0.01486,0.12263,-0.27306,-0.39428
0.02292,0.03553,0.01484,0.12230,-0.27242,-0.39540
0.02303,0.03561,0.01473,0.12085,-0.27219,-0.39667
0.02314,0.03568,0.01462,0.11939,-0.27196,-0.39793
0.02322,0.03574,0.01451,0.11782,-0.27120,-0.39906
0.02331,0.03580,0.01439,0.11624,-0.27043,-0.40018
0.02334,0.03587,0.01449,0.11736,-0.27000,-0.40060
0.02336,0.03594,0.01458,0.11848,-0.26957,-0.40103
0.02340,0.03602,0.01463,0.11893,-0.26917,-0.40150
0.02344,0.03609,0.01467,0.11938,-0.26878,-0.40198
0.02349,0.03616,0.01465,0.11904,-0.26848,-0.40269
0.02355,0.03623,0.01463,0.11871,-0.26820,-0.40340
0.02362,0.03631,0.01470,0.11949,-0.26762,-0.40431
0.02369,0.03640,0.01476,0.12026,-0.26705,-0.40523
0.02372,0.03644,0.01469,0.11935,-0.26688,-0.40554
0.02375,0.03648,0.01462,0.11844,-0.26671,-0.40586
0.02382,0.03652,0.01461,0.11817,-0.26609,-0.40675
0.02389,0.03656,0.01460,0.11790,-0.26548,-0.40766
0.02394,0.03662,0.01465,0.11873,-0.26485,-0.40811
0.02399,0.03668,0.01471,0.11957,-0.26421,-0.40855
0.02407,0.03676,0.01469,0.11900,-0.26358,-0.40979
0.02415,0.03685,0.01467,0.11844,-0.26296,-0.41103
0.02426,0.03691,0.01473,0.11913,-0.26229,-0.41232
0.02437,0.03697,0.01480,0.11981,-0.26162,-0.41360
0.02442,0.03701,0.01481,0.11995,-0.26123,-0.41415
0.02446,0.03706,0.01483,0.12007,-0.26084,-0.41470
0.02452,0.03714,0.01477,0.11941,-0.26033,-0.41555
0.02458,0.03723,0.01471,0.11875,-0.25982,-0.41639
0.02465,0.03727,0.01473,0.11902,-0.25895,-0.41719
0.02471,0.03731,0.01475,0.11930,-0.25809,-0.41799
0.02475,0.03733,0.01482,0.12018,-0.25750,-0.41845
0.02478,0.03734,0.01490,0.12105,-0.25690,-0.41891
0.02481,0.03741,0.01490,0.12118,-0.25638,-0.41934
0.02484,0.03747,0.01491,0.12131,-0.25585,-0.41977
0.02490,0.03750,0.01492,0.12151,-0.25522,-0.42061
0.02497,0.03754,0.01493,0.12171,-0.25458,-0.42144
0.02506,0.03768,0.01492,0.12123,-0.25418,-0.42257
0.02515,0.03782,0.01491,0.12076,-0.25378,-0.42370
0.02528,0.03789,0.01488,0.12016,-0.25314,-0.42541
0.02540,0.03797,0.01484,0.11955,-0.25251,-0.42712
0.02548,0.03802,0.01484,0.11956,-0.25158,-0.42808
0.02556,0.03807,0.01484,0.11957,-0.25065,-0.42904
0.02554,0.03804,0.01494,0.12068,-0.25033,-0.42884
0.02552,0.03802,0.01503,0.12180,-0.25000,-0.42864
0.02563,0.03810,0.01495,0.12092,-0.24855,-0.42990
0.02575,0.03819,0.01487,0.12005,-0.24709,-0.43115
0.02577,0.03824,0.01483,0.11928,-0.24801,-0.43153
0.02579,0.03829,0.01478,0.11850,-0.24894,-0.43192
0.02590,0.03837,0.01482,0.11898,-0.24789,-0.43328
0.02601,0.03845,0.01486,0.11946,-0.24684,-0.43463
0.02609,0.03852,0.01482,0.11905,-0.24570,-0.43558
0.02618,0.03858,0.01479,0.11863,-0.24456,-0.43652
0.02627,0.03875,0.01482,0.11884,-0.24421,-0.43763
0.02636,0.03891,0.01485,0.11906,-0.24387,-0.43875
0.02653,0.03900,0.01486,0.11864,-0.24347,-0.44090
0.02670,0.03908,0.01486,0.11821,-0.24307,-0.44304
0.02671,0.03910,0.01486,0.11811,-0.24294,-0.44312
0.02672,0.03911,0.01485,0.11801,-0.24280,-0.44320
0.02682,0.03918,0.01490,0.11851,-0.24210,-0.44462
0.02692,0.03925,0.01495,0.11899,-0.24140,-0.44604
0.02687,0.03926,0.01495,0.11905,-0.24151,-0.44535
0.02681,0.03926,0.01494,0.11911,-0.24162,-0.44467
0.02696,0.03928,0.01497,0.11930,-0.24111,-0.44665
0.02710,0.03930,0.01501,0.11949,-0.24061,-0.44864
0.02713,0.03932,0.01497,0.11893,-0.24013,-0.44880
0.02715,0.03934,0.01492,0.11838,-0.23964,-0.44897
0.02719,0.03937,0.01493,0.11836,-0.23980,-0.44965
0.02723,0.03940,0.01493,0.11834,-0.23995,-0.45033
0.02748,0.03957,0.01497,0.11810,-0.23991,-0.45343
0.02773,0.03974,0.01501,0.11786,-0.23986,-0.45654
0.02770,0.03972,0.01493,0.11719,-0.23969,-0.45612
0.02767,0.03970,0.01485,0.11653,-0.23952,-0.45569
0.02772,0.03972,0.01487,0.11638,-0.24015,-0.45638
0.02777,0.03974,0.01488,0.11623,-0.24078,-0.45708
0.02784,0.03976,0.01485,0.11569,-0.24057,-0.45786
0.02790,0.03979,0.01481,0.11515,-0.24035,-0.45864
0.02791,0.03979,0.01480,0.11511,-0.23989,-0.45876
0.02792,0.03978,0.01479,0.11506,-0.23943,-0.45888
0.02795,0.03982,0.01477,0.11469,-0.23936,-0.45932
0.02798,0.03986,0.01476,0.11432,-0.23929,-0.45976
0.02808,0.03998,0.01475,0.11371,-0.23967,-0.46108
0.02818,0.04010,0.01474,0.11311,-0.24006,-0.46240
0.02833,0.04012,0.01477,0.11312,-0.24000,-0.46442
0.02848,0.04015,0.01481,0.11314,-0.23994,-0.46644
0.02871,0.04013,0.01474,0.11157,-0.23949,-0.46956
0.02894,0.04010,0.01466,0.10998,-0.23903,-0.47269
0.02904,0.04017,0.01475,0.11067,-0.23997,-0.47397
0.02914,0.04024,0.01485,0.11136,-0.24092,-0.47525
0.02917,0.04026,0.01477,0.11038,-0.24026,-0.47578
0.02920,0.04028,0.01468,0.10939,-0.23960,-0.47630
0.02918,0.04024,0.01473,0.10976,-0.24044,-0.47607
0.02916,0.04021,0.01477,0.11014,-0.24127,-0.47583
0.02918,0.04022,0.01477,0.10991,-0.24198,-0.47608
0.02919,0.04022,0.01478,0.10968,-0.24268,-0.47633
0.02931,0.04031,0.01476,0.10905,-0.24304,-0.47780
0.02942,0.04039,0.01474,0.10842,-0.24340,-0.47926
0.02943,0.04040,0.01474,0.10836,-0.24345,-0.47927
0.02944,0.04040,0.01474,0.10830,-0.24351,-0.47928
0.02965,0.04042,0.01470,0.10718,-0.24296,-0.48227
0.02987,0.04044,0.01465,0.10606,-0.24241,-0.48525
0.02990,0.04047,0.01473,0.10688,-0.24245,-0.48559
0.02994,0.04049,0.01481,0.10770,-0.24249,-0.48593
0.02995,0.04049,0.01475,0.10702,-0.24228,-0.48614
0.02996,0.04049,0.01470,0.10634,-0.24207,-0.48634
0.03001,0.04055,0.01472,0.10651,-0.24228,-0.48698
0.03006,0.04062,0.01474,0.10668,-0.24249,-0.48762
0.03021,0.04068,0.01465,0.10534,-0.24230,-0.48953
0.03035,0.04073,0.01456,0.10399,-0.24210,-0.49144
0.03054,0.04085,0.01446,0.10240,-0.24072,-0.49369
0.03074,0.04096,0.01435,0.10082,-0.23935,-0.49592
0.03075,0.04098,0.01438,0.10103,-0.24063,-0.49619
0.03076,0.04100,0.01441,0.10125,-0.24191,-0.49646
0.03099,0.04098,0.01435,0.09926,-0.24044,-0.49969
0.03123,0.04095,0.01430,0.09728,-0.23895,-0.50292
0.03129,0.04094,0.01428,0.09676,-0.23922,-0.50371
0.03134,0.04093,0.01426,0.09625,-0.23949,-0.50452
0.03143,0.04089,0.01422,0.09559,-0.23941,-0.50589
0.03152,0.04086,0.01417,0.09491,-0.23934,-0.50726
0.03156,0.04088,0.01418,0.09479,-0.23970,-0.50767
0.03160,0.04090,0.01418,0.09466,-0.24007,-0.50808
0.03169,0.04095,0.01409,0.09332,-0.23969,-0.50919
0.03178,0.04100,0.01400,0.09199,-0.23930,-0.51030
0.03182,0.04106,0.01397,0.09161,-0.23950,-0.51079
0.03187,0.04113,0.01395,0.09124,-0.23971,-0.51128
0.03197,0.04133,0.01390,0.09033,-0.23933,-0.51185
0.03207,0.04154,0.01386,0.08942,-0.23895,-0.51243
0.03217,0.04159,0.01386,0.08869,-0.23868,-0.51397
0.03227,0.04165,0.01387,0.08796,-0.23841,-0.51552
0.03238,0.04157,0.01386,0.08744,-0.23881,-0.51707
0.03248,0.04150,0.01385,0.08691,-0.23922,-0.51862
0.03251,0.04156,0.01381,0.08642,-0.23931,-0.51890
0.03254,0.04162,0.01377,0.08593,-0.23940,-0.51917
0.03255,0.04185,0.01380,0.08587,-0.23893,-0.51847
0.03255,0.04207,0.01383,0.08580,-0.23845,-0.51778
0.03265,0.04199,0.01379,0.08516,-0.23882,-0.51944
0.03276,0.04192,0.01375,0.08451,-0.23918,-0.52109
0.03286,0.04195,0.01368,0.08331,-0.23882,-0.52254
0.03295,0.04199,0.01361,0.08211,-0.23846,-0.52399
0.03306,0.04199,0.01361,0.08145,-0.23851,-0.52517
0.03317,0.04200,0.01360,0.08079,-0.23855,-0.52635
0.03325,0.04207,0.01362,0.08066,-0.23876,-0.52721
0.03333,0.04214,0.01364,0.08053,-0.23896,-0.52807
0.03332,0.04224,0.01361,0.07992,-0.23837,-0.52792
0.03331,0.04233,0.01358,0.07932,-0.23779,-0.52776
0.03327,0.04233,0.01366,0.08016,-0.23833,-0.52727
0.03323,0.04233,0.01375,0.08102,-0.23889,-0.52676
0.03347,0.04241,0.01363,0.07889,-0.23868,-0.52972
0.03371,0.04249,0.01350,0.07676,-0.23847,-0.53266
0.03378,0.04246,0.01346,0.07617,-0.23854,-0.53356
0.03385,0.04244,0.01343,0.07557,-0.23862,-0.53446
0.03395,0.04249,0.01340,0.07494,-0.23881,-0.53561
0.03406,0.04253,0.01337,0.07432,-0.23900,-0.53675
0.03414,0.04261,0.01339,0.07373,-0.23892,-0.53759
0.03422,0.04269,0.01340,0.07315,-0.23884,-0.53842
0.03427,0.04271,0.01335,0.07242,-0.23877,-0.53925
0.03433,0.04273,0.01329,0.07170,-0.23871,-0.54007
0.03438,0.04284,0.01327,0.07112,-0.23876,-0.54068
0.03444,0.04295,0.01324,0.07055,-0.23880,-0.54128
0.03453,0.04299,0.01323,0.06970,-0.23849,-0.54252
0.03463,0.04304,0.01321,0.06885,-0.23817,-0.54376
0.03470,0.04303,0.01324,0.06869,-0.23881,-0.54480
0.03478,0.04302,0.01326,0.06852,-0.23944,-0.54583
0.03493,0.04320,0.01319,0.06721,-0.23872,-0.54747
0.03508,0.04338,0.01312,0.06589,-0.23800,-0.54910
0.03503,0.04336,0.01323,0.06743,-0.23769,-0.54859
0.03499,0.04334,0.01333,0.06897,-0.23738,-0.54808
0.03488,0.04335,0.01343,0.07044,-0.23779,-0.54746
0.03478,0.04335,0.01352,0.07191,-0.23819,-0.54685
0.03479,0.04350,0.01362,0.07288,-0.23790,-0.54684
0.03480,0.04365,0.01371,0.07385,-0.23761,-0.54682
0.03467,0.04368,0.01371,0.07493,-0.23790,-0.54600
0.03455,0.04370,0.01371,0.07601,-0.23818,-0.54519
0.03458,0.04379,0.01383,0.07725,-0.23762,-0.54516
0.03462,0.04388,0.01396,0.07850,-0.23707,-0.54513
0.03461,0.04402,0.01408,0.07961,-0.23671,-0.54515
0.03460,0.04416,0.01419,0.08073,-0.23634,-0.54517
0.03452,0.04417,0.01430,0.08216,-0.23618,-0.54453
0.03443,0.04419,0.01440,0.08359,-0.23603,-0.54390
0.03448,0.04433,0.01451,0.08462,-0.23552,-0.54402
0.03453,0.04446,0.01461,0.08566,-0.23500,-0.54414
0.03430,0.04446,0.01453,0.08652,-0.23587,-0.54287
0.03408,0.04447,0.01444,0.08738,-0.23675,-0.54159
0.03403,0.04448,0.01453,0.08875,-0.23659,-0.54097
0.03398,0.04450,0.01462,0.09011,-0.23642,-0.54036
0.03394,0.04449,0.01473,0.09162,-0.23618,-0.53975
0.03389,0.04449,0.01484,0.09312,-0.23594,-0.53914
0.03377,0.04451,0.01490,0.09444,-0.23597,-0.53836
0.03365,0.04453,0.01496,0.09575,-0.23600,-0.53758
0.03360,0.04451,0.01506,0.09726,-0.23574,-0.53688
0.03355,0.04450,0.01516,0.09877,-0.23549,-0.53617
0.03354,0.04460,0.01523,0.09978,-0.23519,-0.53602
0.03354,0.04471,0.01530,0.10079,-0.23490,-0.53586
0.03347,0.04485,0.01535,0.10176,-0.23485,-0.53559
0.03340,0.04498,0.01541,0.10273,-0.23480,-0.53533
0.03329,0.04507,0.01542,0.10369,-0.23488,-0.53474
0.03318,0.04516,0.01544,0.10464,-0.23495,-0.53417
0.03315,0.04524,0.01545,0.10555,-0.23498,-0.53377
0.03312,0.04532,0.01546,0.10645,-0.23501,-0.53338
0.03310,0.04543,0.01545,0.10719,-0.23508,-0.53313
0.03308,0.04554,0.01545,0.10794,-0.23516,-0.53289
0.03306,0.04565,0.01544,0.10869,-0.23524,-0.53264
0.03305,0.04575,0.01543,0.10943,-0.23532,-0.53239
0.03303,0.04586,0.01542,0.11017,-0.23539,-0.53215
0.03301,0.04597,0.01541,0.11092,-0.23547,-0.53190
0.03299,0.04608,0.01540,0.11166,-0.23554,-0.53165
0.03297,0.04619,0.01539,0.11241,-0.23562,-0.53140
0.03296,0.04630,0.01538,0.11316,-0.23570,-0.53115
0.03294,0.04641,0.01538,0.11390,-0.23577,-0.53090
0.03292,0.04652,0.01537,0.11464,-0.23585,-0.53065
0.03290,0.04663,0.01536,0.11539,-0.23592,-0.53041
0.03288,0.04674,0.01535,0.11613,-0.23600,-0.53016
0.03287,0.04685,0.01535,0.11688,-0.23607,-0.52991
0.03285,0.04696,0.01534,0.11763,-0.23615,-0.52966
0.03283,0.04707,0.01533,0.11837,-0.23622,-0.52941
0.03281,0.04718,0.01533,0.11912,-0.23629,-0.52915
0.03279,0.04729,0.01532,0.11987,-0.23637,-0.52890
0.03277,0.04740,0.01531,0.12061,-0.23643,-0.52865
0.03275,0.04751,0.01531,0.12135,-0.23651,-0.52840
0.03273,0.04762,0.01530,0.12210,-0.23658,-0.52814
0.03272,0.04774,0.01529,0.12285,-0.23665,-0.52789
0.03270,0.04785,0.01529,0.12360,-0.23672,-0.52764
0.03268,0.04796,0.01528,0.12434,-0.23679,-0.52738
0.03266,0.04807,0.01528,0.12509,-0.23686,-0.52713
0.03264,0.04818,0.01527,0.12584,-0.23693,-0.52687
0.03262,0.04829,0.01527,0.12658,-0.23700,-0.52662
0.03260,0.04840,0.01526,0.12733,-0.23707,-0.52636
0.03258,0.04851,0.01526,0.12808,-0.23714,-0.52610
0.03256,0.04863,0.01525,0.12883,-0.23721,-0.52584
0.03254,0.04874,0.01525,0.12958,-0.23727,-0.52559
0.03252,0.04885,0.01524,0.13032,-0.23734,-0.52533
0.03250,0.04896,0.01524,0.13107,-0.23741,-0.52507
0.03248,0.04907,0.01524,0.13182,-0.23747,-0.52481
0.03246,0.04919,0.01523,0.13257,-0.23754,-0.52455
0.03244,0.04930,0.01523,0.13331,-0.23761,-0.52429
0.03242,0.04941,0.01523,0.13406,-0.23768,-0.52403
0.03240,0.04952,0.01522,0.13481,-0.23774,-0.52378
0.03238,0.04964,0.01522,0.13557,-0.23781,-0.52351
0.03236,0.04975,0.01522,0.13631,-0.23787,-0.52325
0.03234,0.04986,0.01522,0.13706,-0.23794,-0.52299
0.03232,0.04998,0.01521,0.13781,-0.23800,-0.52273
0.03230,0.05009,0.01521,0.13856,-0.23806,-0.52247
0.03228,0.05020,0.01521,0.13930,-0.23813,-0.52220
0.03226,0.05032,0.01521,0.14006,-0.23819,-0.52194
0.03224,0.05043,0.01521,0.14081,-0.23825,-0.52168
0.03222,0.05054,0.01520,0.14155,-0.23831,-0.52141
0.03220,0.05066,0.01520,0.14231,-0.23838,-0.52115
0.03217,0.05077,0.01520,0.14306,-0.23844,-0.52088
0.03215,0.05088,0.01520,0.14380,-0.23850,-0.52062
0.03213,0.05100,0.01520,0.14455,-0.23856,-0.52035
0.03211,0.05111,0.01520,0.14531,-0.23862,-0.52009
0.03209,0.05123,0.01520,0.14605,-0.23868,-0.51983
0.03207,0.05134,0.01520,0.14681,-0.23874,-0.51955
0.03205,0.05146,0.01520,0.14756,-0.23880,-0.51929
0.03202,0.05157,0.01520,0.14831,-0.23886,-0.51902
0.03200,0.05168,0.01520,0.14906,-0.23892,-0.51875
0.03198,0.05180,0.01520,0.14981,-0.23898,-0.51848
0.03196,0.05191,0.01520,0.15056,-0.23903,-0.51822
0.03194,0.05203,0.01520,0.15131,-0.23909,-0.51795
0.03192,0.05214,0.01520,0.15206,-0.23915,-0.51768
0.03189,0.05226,0.01520,0.15281,-0.23921,-0.51741
0.03187,0.05237,0.01521,0.15356,-0.23926,-0.51714
0.03185,0.05249,0.01521,0.15431,-0.23932,-0.51687
0.03183,0.05260,0.01521,0.15507,-0.23937,-0.51660
0.03180,0.05272,0.01521,0.15582,-0.23943,-0.51632
