-0.00754,0.00428,-0.01253,-0.00000,0.00000,-0.00000
-0.00958,0.00471,-0.01112,-0.00056,-0.00098,-0.00069
-0.01161,0.00514,-0.00969,-0.00111,-0.00196,-0.00138
-0.01364,0.00557,-0.00828,-0.00168,-0.00295,-0.00207
-0.01567,0.00600,-0.00688,-0.00224,-0.00392,-0.00277
-0.01771,0.00645,-0.00547,-0.00280,-0.00491,-0.00345
-0.01975,0.00689,-0.00407,-0.00336,-0.00589,-0.00415
-0.02121,0.00725,-0.00399,-0.00322,-0.00716,-0.00446
-0.02267,0.00761,-0.00391,-0.00308,-0.00842,-0.00477
-0.02253,0.00798,-0.00380,-0.00317,-0.00956,-0.00472
-0.02238,0.00836,-0.00369,-0.00326,-0.01068,-0.00467
-0.02237,0.00864,-0.00364,-0.00328,-0.01195,-0.00440
-0.02236,0.00892,-0.00359,-0.00330,-0.01321,-0.00412
-0.02320,0.00922,-0.00411,-0.00269,-0.01462,-0.00400
-0.02403,0.00953,-0.00463,-0.00207,-0.01603,-0.00387
-0.02402,0.00991,-0.00467,-0.00225,-0.01723,-0.00378
-0.02400,0.01029,-0.00470,-0.00243,-0.01843,-0.00369
-0.02394,0.01066,-0.00458,-0.00250,-0.01969,-0.00357
-0.02388,0.01101,-0.00445,-0.00257,-0.02094,-0.00344
-0.02387,0.01143,-0.00458,-0.00272,-0.02218,-0.00353
-0.02386,0.01187,-0.00472,-0.00286,-0.02341,-0.00362
-0.02373,0.01221,-0.00456,-0.00336,-0.02463,-0.00380
-0.02360,0.01256,-0.00439,-0.00385,-0.02584,-0.00399
-0.02359,0.01289,-0.00435,-0.00388,-0.02704,-0.00377
-0.02356,0.01322,-0.00430,-0.00391,-0.02823,-0.00356
-0.02372,0.01355,-0.00446,-0.00385,-0.02946,-0.00343
-0.02387,0.01388,-0.00460,-0.00379,-0.03068,-0.00330
-0.02371,0.01419,-0.00436,-0.00383,-0.03183,-0.00281
-0.02356,0.01451,-0.00413,-0.00385,-0.03297,-0.00232
-0.02368,0.01488,-0.00428,-0.00382,-0.03420,-0.00234
-0.02379,0.01524,-0.00443,-0.00378,-0.03542,-0.00235
-0.02377,0.01557,-0.00439,-0.00380,-0.03660,-0.00213
-0.02376,0.01589,-0.00435,-0.00381,-0.03778,-0.00191
-0.02373,0.01622,-0.00432,-0.00390,-0.03892,-0.00174
-0.02370,0.01653,-0.00429,-0.00399,-0.04006,-0.00157
-0.02375,0.01686,-0.00430,-0.00399,-0.04127,-0.00138
-0.02380,0.01718,-0.00432,-0.00400,-0.04249,-0.00120
-0.02360,0.01747,-0.00398,-0.00402,-0.04356,-0.00070
-0.02341,0.01777,-0.00364,-0.00404,-0.04464,-0.00021
-0.02357,0.01808,-0.00390,-0.00407,-0.04591,-0.00024
-0.02372,0.01840,-0.00415,-0.00409,-0.04718,-0.00026
-0.02356,0.01869,-0.00397,-0.00423,-0.04829,-0.00000
-0.02340,0.01896,-0.00379,-0.00436,-0.04941,0.00025
-0.02343,0.01924,-0.00377,-0.00422,-0.05058,0.00065
-0.02346,0.01952,-0.00375,-0.00409,-0.05175,0.00103
-0.02340,0.01985,-0.00362,-0.00434,-0.05291,0.00110
-0.02334,0.02017,-0.00349,-0.00458,-0.05405,0.00118
-0.02355,0.02042,-0.00370,-0.00437,-0.05530,0.00141
-0.02377,0.02068,-0.00390,-0.00416,-0.05656,0.00163
-0.02371,0.02094,-0.00383,-0.00420,-0.05769,0.00191
-0.02365,0.02119,-0.00377,-0.00424,-0.05883,0.00220
-0.02363,0.02149,-0.00370,-0.00417,-0.05997,0.00253
-0.02361,0.02177,-0.00363,-0.00411,-0.06111,0.00284
-0.02361,0.02203,-0.00358,-0.00408,-0.06224,0.00313
-0.02362,0.02231,-0.00353,-0.00406,-0.06338,0.00342
-0.02361,0.02255,-0.00349,-0.00414,-0.06452,0.00364
-0.02361,0.02280,-0.00345,-0.00421,-0.06565,0.00385
-0.02360,0.02307,-0.00339,-0.00422,-0.06679,0.00412
-0.02358,0.02333,-0.00335,-0.00422,-0.06792,0.00438
-0.02352,0.02360,-0.00321,-0.00401,-0.06909,0.00496
-0.02345,0.02387,-0.00308,-0.00380,-0.07025,0.00554
-0.02357,0.02415,-0.00311,-0.00380,-0.07146,0.00565
-0.02370,0.02443,-0.00313,-0.00379,-0.07268,0.00578
-0.02366,0.02469,-0.00308,-0.00381,-0.07384,0.00595
-0.02363,0.02496,-0.00303,-0.00384,-0.07501,0.00612
-0.02360,0.02521,-0.00298,-0.00387,-0.07615,0.00626
-0.02358,0.02547,-0.00293,-0.00391,-0.07728,0.00639
-0.02355,0.02573,-0.00289,-0.00392,-0.07839,0.00656
-0.02353,0.02598,-0.00283,-0.00393,-0.07951,0.00675
-0.02349,0.02624,-0.00278,-0.00398,-0.08072,0.00686
-0.02346,0.02651,-0.00273,-0.00403,-0.08192,0.00697
-0.02345,0.02677,-0.00270,-0.00408,-0.08305,0.00708
-0.02344,0.02702,-0.00265,-0.00412,-0.08417,0.00720
-0.02341,0.02729,-0.00260,-0.00414,-0.08534,0.00734
-0.02339,0.02757,-0.00256,-0.00417,-0.08650,0.00748
-0.02335,0.02784,-0.00251,-0.00422,-0.08768,0.00759
-0.02333,0.02812,-0.00247,-0.00428,-0.08885,0.00769
-0.02307,0.02840,-0.00224,-0.00413,-0.08997,0.00797
-0.02281,0.02867,-0.00201,-0.00400,-0.09109,0.00827
-0.02311,0.02900,-0.00257,-0.00440,-0.09240,0.00796
-0.02340,0.02932,-0.00314,-0.00482,-0.09370,0.00764
-0.02338,0.02960,-0.00307,-0.00488,-0.09482,0.00777
-0.02335,0.02987,-0.00302,-0.00494,-0.09594,0.00791
-0.02337,0.03014,-0.00297,-0.00483,-0.09712,0.00826
-0.02339,0.03041,-0.00292,-0.00472,-0.09831,0.00862
-0.02337,0.03067,-0.00287,-0.00485,-0.09948,0.00877
-0.02334,0.03095,-0.00282,-0.00497,-0.10066,0.00892
-0.02319,0.03124,-0.00248,-0.00543,-0.10168,0.00888
-0.02302,0.03154,-0.00215,-0.00587,-0.10272,0.00884
-0.02301,0.03181,-0.00207,-0.00584,-0.10385,0.00907
-0.02301,0.03208,-0.00201,-0.00583,-0.10499,0.00929
-0.02298,0.03236,-0.00197,-0.00591,-0.10608,0.00941
-0.02296,0.03264,-0.00192,-0.00598,-0.10716,0.00953
-0.02293,0.03292,-0.00191,-0.00620,-0.10832,0.00953
-0.02289,0.03321,-0.00188,-0.00641,-0.10947,0.00954
-0.02290,0.03342,-0.00180,-0.00643,-0.11064,0.01001
-0.02291,0.03363,-0.00171,-0.00644,-0.11181,0.01049
-0.02288,0.03390,-0.00168,-0.00657,-0.11293,0.01054
-0.02285,0.03418,-0.00165,-0.00670,-0.11405,0.01057
-0.02283,0.03447,-0.00163,-0.00680,-0.11518,0.01055
-0.02281,0.03476,-0.00160,-0.00690,-0.11631,0.01052
-0.02277,0.03512,-0.00155,-0.00678,-0.11694,0.01055
-0.02274,0.03549,-0.00149,-0.00666,-0.11756,0.01058
-0.02273,0.03585,-0.00147,-0.00652,-0.11818,0.01063
-0.02271,0.03622,-0.00144,-0.00639,-0.11881,0.01067
-0.02269,0.03663,-0.00143,-0.00621,-0.11945,0.01067
-0.02268,0.03705,-0.00142,-0.00603,-0.12008,0.01068
-0.02292,0.03728,-0.00137,-0.00471,-0.12060,0.01197
-0.02318,0.03752,-0.00130,-0.00338,-0.12111,0.01328
-0.02373,0.03798,-0.00248,-0.00277,-0.12211,0.01279
-0.02426,0.03846,-0.00365,-0.00217,-0.12312,0.01231
-0.02422,0.03890,-0.00365,-0.00100,-0.12372,0.01235
-0.02417,0.03934,-0.00365,0.00018,-0.12433,0.01240
-0.02420,0.03970,-0.00387,0.00166,-0.12497,0.01293
-0.02425,0.04006,-0.00410,0.00315,-0.12561,0.01345
-0.02425,0.04050,-0.00415,0.00468,-0.12632,0.01322
-0.02426,0.04093,-0.00421,0.00620,-0.12703,0.01299
-0.02416,0.04137,-0.00410,0.00793,-0.12768,0.01300
-0.02409,0.04182,-0.00398,0.00966,-0.12833,0.01302
-0.02410,0.04225,-0.00405,0.01125,-0.12904,0.01286
-0.02410,0.04269,-0.00412,0.01282,-0.12977,0.01270
-0.02418,0.04312,-0.00434,0.01437,-0.13055,0.01259
-0.02425,0.04356,-0.00457,0.01591,-0.13134,0.01248
-0.02425,0.04399,-0.00465,0.01753,-0.13207,0.01236
-0.02427,0.04443,-0.00473,0.01914,-0.13281,0.01224
-0.02417,0.04481,-0.00463,0.02073,-0.13348,0.01272
-0.02407,0.04517,-0.00452,0.02233,-0.13415,0.01320
-0.02415,0.04562,-0.00476,0.02391,-0.13486,0.01321
-0.02422,0.04605,-0.00501,0.02551,-0.13557,0.01322
-0.02421,0.04645,-0.00510,0.02716,-0.13630,0.01364
-0.02420,0.04685,-0.00518,0.02881,-0.13702,0.01406
-0.02412,0.04723,-0.00512,0.03044,-0.13770,0.01437
-0.02405,0.04762,-0.00505,0.03208,-0.13838,0.01467
-0.02412,0.04807,-0.00526,0.03371,-0.13914,0.01469
-0.02418,0.04851,-0.00547,0.03535,-0.13992,0.01472
-0.02415,0.04890,-0.00554,0.03697,-0.14067,0.01505
-0.02412,0.04930,-0.00561,0.03860,-0.14143,0.01539
-0.02417,0.04962,-0.00554,0.04026,-0.14212,0.01646
-0.02422,0.04994,-0.00547,0.04190,-0.14280,0.01755
-0.02411,0.05036,-0.00528,0.04353,-0.14345,0.01738
-0.02400,0.05079,-0.00508,0.04516,-0.14411,0.01721
-0.02395,0.05122,-0.00556,0.04625,-0.14496,0.01758
-0.02391,0.05163,-0.00604,0.04735,-0.14579,0.01797
-0.02385,0.05198,-0.00601,0.04862,-0.14644,0.01869
-0.02381,0.05233,-0.00596,0.04990,-0.14708,0.01942
-0.02375,0.05260,-0.00540,0.05139,-0.14768,0.02082
-0.02371,0.05286,-0.00483,0.05288,-0.14827,0.02222
-0.02370,0.05320,-0.00470,0.05410,-0.14893,0.02293
-0.02368,0.05353,-0.00457,0.05533,-0.14958,0.02365
-0.02350,0.05386,-0.00439,0.05630,-0.15022,0.02443
-0.02333,0.05419,-0.00420,0.05729,-0.15087,0.02519
-0.02322,0.05452,-0.00455,0.05834,-0.15169,0.02615
-0.02311,0.05485,-0.00490,0.05940,-0.15252,0.02711
-0.02291,0.05529,-0.00545,0.06036,-0.15334,0.02734
-0.02272,0.05573,-0.00600,0.06132,-0.15415,0.02757
-0.02259,0.05598,-0.00578,0.06216,-0.15484,0.02906
-0.02247,0.05624,-0.00557,0.06301,-0.15554,0.03057
-0.02274,0.05658,-0.00515,0.06376,-0.15609,0.03100
-0.02301,0.05694,-0.00474,0.06450,-0.15662,0.03144
-0.02288,0.05729,-0.00505,0.06480,-0.15742,0.03215
-0.02276,0.05764,-0.00537,0.06510,-0.15820,0.03286
-0.02271,0.05794,-0.00507,0.06554,-0.15882,0.03368
-0.02265,0.05823,-0.00477,0.06598,-0.15943,0.03451
-0.02260,0.05859,-0.00433,0.06730,-0.16003,0.03498
-0.02256,0.05894,-0.00390,0.06863,-0.16062,0.03546
-0.02253,0.05929,-0.00388,0.06928,-0.16133,0.03615
-0.02248,0.05963,-0.00386,0.06994,-0.16205,0.03683
-0.02246,0.06004,-0.00434,0.07055,-0.16289,0.03724
-0.02242,0.06045,-0.00482,0.07114,-0.16373,0.03764
-0.02247,0.06077,-0.00460,0.07204,-0.16439,0.03851
-0.02251,0.06108,-0.00437,0.07294,-0.16505,0.03940
-0.02233,0.06140,-0.00402,0.07365,-0.16568,0.04008
-0.02216,0.06173,-0.00365,0.07435,-0.16630,0.04078
-0.02225,0.06209,-0.00387,0.07495,-0.16711,0.04147
-0.02234,0.06245,-0.00410,0.07555,-0.16792,0.04215
-0.02228,0.06286,-0.00399,0.07574,-0.16855,0.04201
-0.02224,0.06326,-0.00387,0.07593,-0.16919,0.04186
-0.02214,0.06356,-0.00395,0.07647,-0.16999,0.04306
-0.02203,0.06385,-0.00403,0.07699,-0.17079,0.04427
-0.02187,0.06431,-0.00374,0.07714,-0.17134,0.04350
-0.02171,0.06478,-0.00346,0.07728,-0.17187,0.04273
-0.02212,0.06520,-0.00378,0.07742,-0.17262,0.04260
-0.02254,0.06562,-0.00411,0.07757,-0.17336,0.04248
-0.02192,0.06579,-0.00386,0.07868,-0.17417,0.04533
-0.02131,0.06597,-0.00362,0.07980,-0.17497,0.04821
-0.02127,0.06634,-0.00356,0.08007,-0.17572,0.04862
-0.02123,0.06672,-0.00351,0.08035,-0.17646,0.04904
-0.02128,0.06703,-0.00322,0.08087,-0.17711,0.04951
-0.02133,0.06734,-0.00293,0.08139,-0.17777,0.04998
-0.02141,0.06770,-0.00301,0.08158,-0.17850,0.05038
-0.02150,0.06805,-0.00310,0.08177,-0.17921,0.05080
-0.02147,0.06841,-0.00305,0.08195,-0.17995,0.05111
-0.02146,0.06876,-0.00299,0.08213,-0.18067,0.05142
-0.02145,0.06912,-0.00294,0.08230,-0.18138,0.05171
-0.02144,0.06947,-0.00288,0.08248,-0.18211,0.05202
-0.02143,0.06984,-0.00284,0.08264,-0.18282,0.05232
-0.02143,0.07020,-0.00278,0.08280,-0.18355,0.05262
-0.02139,0.07055,-0.00271,0.08300,-0.18428,0.05293
-0.02136,0.07092,-0.00263,0.08321,-0.18501,0.05325
-0.02135,0.07127,-0.00258,0.08339,-0.18572,0.05355
-0.02134,0.07162,-0.00254,0.08358,-0.18644,0.05386
-0.02146,0.07332,-0.00246,0.08317,-0.18757,0.05510
-0.02160,0.07502,-0.00239,0.08277,-0.18871,0.05635
-0.02178,0.07671,-0.00233,0.08211,-0.18985,0.05753
-0.02196,0.07839,-0.00228,0.08146,-0.19099,0.05871
-0.02201,0.08011,-0.00212,0.08129,-0.19210,0.05972
-0.02207,0.08184,-0.00194,0.08113,-0.19321,0.06073
-0.02208,0.08353,-0.00197,0.08078,-0.19441,0.06219
-0.02208,0.08522,-0.00200,0.08044,-0.19560,0.06364
-0.02219,0.08689,-0.00195,0.07991,-0.19680,0.06516
-0.02231,0.08856,-0.00191,0.07939,-0.19799,0.06668
-0.02238,0.09030,-0.00169,0.07860,-0.19910,0.06716
-0.02246,0.09203,-0.00147,0.07782,-0.20021,0.06763
-0.02244,0.09384,-0.00239,0.07656,-0.20166,0.06813
-0.02242,0.09565,-0.00332,0.07531,-0.20310,0.06862
-0.02258,0.09732,-0.00332,0.07399,-0.20434,0.06970
-0.02274,0.09900,-0.00332,0.07267,-0.20558,0.07077
-0.02293,0.10071,-0.00335,0.07206,-0.20672,0.07182
-0.02312,0.10243,-0.00338,0.07144,-0.20785,0.07286
-0.02385,0.10411,-0.00344,0.07159,-0.20897,0.07416
-0.02457,0.10579,-0.00351,0.07174,-0.21008,0.07545
-0.02468,0.10751,-0.00354,0.07104,-0.21125,0.07647
-0.02479,0.10921,-0.00359,0.07034,-0.21243,0.07748
-0.02489,0.11092,-0.00363,0.06966,-0.21362,0.07849
-0.02501,0.11263,-0.00366,0.06899,-0.21480,0.07951
-0.02516,0.11433,-0.00363,0.06804,-0.21599,0.08048
-0.02532,0.11604,-0.00358,0.06710,-0.21717,0.08145
-0.02526,0.11777,-0.00361,0.06640,-0.21833,0.08229
-0.02520,0.11950,-0.00364,0.06570,-0.21949,0.08312
-0.02555,0.12119,-0.00380,0.06535,-0.22069,0.08438
-0.02590,0.12288,-0.00397,0.06501,-0.22189,0.08563
-0.02597,0.12462,-0.00400,0.06434,-0.22307,0.08631
-0.02605,0.12636,-0.00404,0.06367,-0.22424,0.08698
-0.02633,0.12803,-0.00413,0.06305,-0.22543,0.08836
-0.02662,0.12971,-0.00423,0.06242,-0.22663,0.08973
-0.02637,0.13144,-0.00417,0.06179,-0.22782,0.09063
-0.02613,0.13319,-0.00411,0.06116,-0.22902,0.09153
-0.02625,0.13489,-0.00417,0.06057,-0.23023,0.09262
-0.02638,0.13659,-0.00423,0.05998,-0.23143,0.09371
-0.02682,0.13827,-0.00420,0.05900,-0.23260,0.09469
-0.02726,0.13995,-0.00416,0.05803,-0.23377,0.09565
-0.02755,0.14163,-0.00401,0.05744,-0.23494,0.09687
-0.02785,0.14331,-0.00386,0.05684,-0.23611,0.09808
-0.02801,0.14502,-0.00377,0.05633,-0.23732,0.09906
-0.02815,0.14674,-0.00369,0.05582,-0.23854,0.10003
-0.02813,0.14847,-0.00393,0.05518,-0.23976,0.10109
-0.02812,0.15021,-0.00417,0.05455,-0.24098,0.10215
-0.02825,0.15193,-0.00444,0.05369,-0.24226,0.10323
-0.02838,0.15365,-0.00472,0.05284,-0.24355,0.10432
-0.02856,0.15537,-0.00474,0.05256,-0.24479,0.10549
-0.02874,0.15709,-0.00477,0.05228,-0.24602,0.10666
-0.02900,0.15881,-0.00511,0.05197,-0.24731,0.10784
-0.02926,0.16055,-0.00547,0.05166,-0.24859,0.10901
-0.02940,0.16226,-0.00540,0.05053,-0.24984,0.10983
-0.02954,0.16396,-0.00535,0.04940,-0.25107,0.11064
-0.02956,0.16572,-0.00578,0.04917,-0.25240,0.11190
-0.02957,0.16747,-0.00619,0.04895,-0.25375,0.11316
-0.02974,0.16921,-0.00606,0.04788,-0.25497,0.11376
-0.02990,0.17095,-0.00593,0.04680,-0.25619,0.11435
-0.03005,0.17271,-0.00622,0.04583,-0.25754,0.11501
-0.03020,0.17447,-0.00649,0.04486,-0.25889,0.11568
-0.03055,0.17621,-0.00657,0.04445,-0.26011,0.11643
-0.03090,0.17795,-0.00664,0.04402,-0.26133,0.11717
-0.03108,0.17969,-0.00669,0.04397,-0.26253,0.11823
-0.03128,0.18145,-0.00672,0.04392,-0.26374,0.11929
-0.03125,0.18323,-0.00698,0.04324,-0.26505,0.11965
-0.03124,0.18501,-0.00723,0.04255,-0.26637,0.12000
-0.03147,0.18678,-0.00715,0.04175,-0.26755,0.12024
-0.03170,0.18855,-0.00707,0.04094,-0.26873,0.12047
-0.03162,0.19035,-0.00719,0.04047,-0.26995,0.12071
-0.03153,0.19215,-0.00731,0.04002,-0.27117,0.12095
-0.03209,0.19388,-0.00731,0.03935,-0.27241,0.12142
-0.03265,0.19561,-0.00730,0.03868,-0.27365,0.12187
-0.03287,0.19736,-0.00743,0.03812,-0.27485,0.12241
-0.03310,0.19912,-0.00757,0.03756,-0.27606,0.12293
-0.03324,0.20091,-0.00770,0.03679,-0.27735,0.12327
-0.03338,0.20271,-0.00782,0.03600,-0.27863,0.12360
-0.03364,0.20444,-0.00781,0.03547,-0.27994,0.12400
-0.03390,0.20616,-0.00780,0.03493,-0.28126,0.12441
-0.03386,0.20798,-0.00808,0.03441,-0.28252,0.12476
-0.03382,0.20981,-0.00837,0.03389,-0.28378,0.12513
-0.03376,0.21163,-0.00861,0.03352,-0.28516,0.12541
-0.03370,0.21346,-0.00886,0.03315,-0.28652,0.12570
-0.03421,0.21525,-0.00875,0.03256,-0.28766,0.12594
-0.03472,0.21703,-0.00866,0.03196,-0.28881,0.12618
-0.03454,0.21888,-0.00878,0.03154,-0.29020,0.12614
-0.03435,0.22071,-0.00890,0.03113,-0.29158,0.12610
-0.03470,0.22249,-0.00917,0.03075,-0.29290,0.12666
-0.03506,0.22426,-0.00944,0.03037,-0.29421,0.12722
-0.03519,0.22595,-0.00946,0.02998,-0.29539,0.12748
-0.03532,0.22765,-0.00947,0.02960,-0.29657,0.12774
-0.03516,0.22945,-0.00969,0.02951,-0.29787,0.12780
-0.03499,0.23125,-0.00992,0.02942,-0.29917,0.12786
-0.03514,0.23302,-0.00985,0.02885,-0.30037,0.12861
-0.03528,0.23479,-0.00980,0.02827,-0.30157,0.12938
-0.03571,0.23650,-0.00995,0.02846,-0.30283,0.12986
-0.03615,0.23821,-0.01010,0.02865,-0.30407,0.13036
-0.03625,0.23997,-0.01016,0.02826,-0.30535,0.13068
-0.03635,0.24172,-0.01021,0.02787,-0.30663,0.13101
-0.03622,0.24352,-0.00998,0.02759,-0.30782,0.13102
-0.03610,0.24533,-0.00973,0.02732,-0.30902,0.13102
-0.03624,0.24655,-0.01006,0.02642,-0.31012,0.13012
-0.03637,0.24776,-0.01040,0.02552,-0.31121,0.12922
-0.03581,0.24902,-0.01032,0.02563,-0.31219,0.12808
-0.03526,0.25028,-0.01024,0.02574,-0.31318,0.12696
-0.03526,0.25150,-0.01021,0.02605,-0.31414,0.12650
-0.03527,0.25272,-0.01019,0.02637,-0.31510,0.12606
-0.03565,0.25387,-0.01025,0.02654,-0.31609,0.12583
-0.03604,0.25504,-0.01031,0.02672,-0.31707,0.12561
-0.03576,0.25628,-0.01054,0.02579,-0.31822,0.12452
-0.03549,0.25751,-0.01076,0.02487,-0.31937,0.12343
-0.03563,0.25870,-0.01066,0.02361,-0.32034,0.12218
-0.03575,0.25987,-0.01057,0.02236,-0.32132,0.12093
-0.03503,0.26108,-0.01092,0.02158,-0.32241,0.11956
-0.03431,0.26229,-0.01129,0.02081,-0.32350,0.11819
-0.03449,0.26348,-0.01133,0.02078,-0.32448,0.11761
-0.03467,0.26467,-0.01138,0.02074,-0.32546,0.11703
-0.03392,0.26593,-0.01167,0.02001,-0.32666,0.11584
-0.03317,0.26718,-0.01196,0.01926,-0.32784,0.11464
-0.03304,0.26841,-0.01199,0.01871,-0.32882,0.11364
-0.03289,0.26965,-0.01202,0.01816,-0.32980,0.11263
-0.03316,0.27083,-0.01202,0.01756,-0.33081,0.11186
-0.03342,0.27201,-0.01202,0.01696,-0.33182,0.11110
-0.03258,0.27327,-0.01217,0.01674,-0.33291,0.11016
-0.03174,0.27454,-0.01231,0.01651,-0.33399,0.10923
-0.03170,0.27577,-0.01228,0.01604,-0.33497,0.10832
-0.03167,0.27699,-0.01226,0.01557,-0.33594,0.10742
-0.03135,0.27823,-0.01228,0.01507,-0.33697,0.10642
-0.03102,0.27947,-0.01232,0.01455,-0.33800,0.10540
-0.03114,0.28067,-0.01238,0.01387,-0.33902,0.10440
-0.03126,0.28189,-0.01245,0.01321,-0.34005,0.10338
-0.03096,0.28311,-0.01252,0.01267,-0.34112,0.10232
-0.03065,0.28435,-0.01259,0.01213,-0.34220,0.10126
-0.03007,0.28561,-0.01247,0.01230,-0.34320,0.10045
-0.02949,0.28686,-0.01234,0.01248,-0.34420,0.09965
-0.02945,0.28808,-0.01253,0.01144,-0.34525,0.09858
-0.02941,0.28930,-0.01272,0.01041,-0.34630,0.09750
-0.02917,0.29053,-0.01272,0.01012,-0.34730,0.09666
-0.02892,0.29176,-0.01271,0.00984,-0.34829,0.09580
-0.02795,0.29301,-0.01285,0.00919,-0.34935,0.09466
-0.02698,0.29426,-0.01298,0.00854,-0.35041,0.09352
-0.02699,0.29546,-0.01287,0.00879,-0.35139,0.09317
-0.02701,0.29666,-0.01275,0.00904,-0.35237,0.09283
-0.02699,0.29787,-0.01261,0.00953,-0.35326,0.09248
-0.02697,0.29908,-0.01247,0.01001,-0.35417,0.09213
-0.02701,0.30029,-0.01236,0.01019,-0.35513,0.09174
-0.02705,0.30151,-0.01225,0.01035,-0.35610,0.09135
-0.02709,0.30273,-0.01201,0.01116,-0.35696,0.09105
-0.02715,0.30395,-0.01177,0.01198,-0.35782,0.09076
-0.02718,0.30517,-0.01165,0.01222,-0.35874,0.09045
-0.02722,0.30639,-0.01153,0.01246,-0.35966,0.09015
-0.02798,0.30758,-0.01162,0.01212,-0.36048,0.09016
-0.02876,0.30875,-0.01172,0.01177,-0.36132,0.09017
-0.02863,0.30998,-0.01168,0.01165,-0.36224,0.08986
-0.02851,0.31121,-0.01164,0.01150,-0.36315,0.08954
-0.02872,0.31242,-0.01146,0.01217,-0.36403,0.08953
-0.02893,0.31362,-0.01127,0.01285,-0.36490,0.08954
-0.02856,0.31487,-0.01150,0.01171,-0.36594,0.08930
-0.02821,0.31611,-0.01174,0.01059,-0.36700,0.08906
-0.02842,0.31732,-0.01154,0.01130,-0.36790,0.08865
-0.02863,0.31853,-0.01135,0.01202,-0.36880,0.08825
-0.02868,0.31976,-0.01126,0.01220,-0.36970,0.08826
-0.02873,0.32098,-0.01118,0.01236,-0.37060,0.08825
-0.02844,0.32222,-0.01127,0.01166,-0.37157,0.08820
-0.02816,0.32346,-0.01135,0.01095,-0.37253,0.08815
-0.02782,0.32469,-0.01140,0.01050,-0.37356,0.08725
-0.02748,0.32591,-0.01145,0.01003,-0.37458,0.08635
-0.02700,0.32714,-0.01143,0.00955,-0.37565,0.08550
-0.02652,0.32838,-0.01140,0.00907,-0.37671,0.08465
-0.02617,0.32961,-0.01145,0.00862,-0.37774,0.08376
-0.02582,0.33085,-0.01150,0.00815,-0.37877,0.08285
-0.02562,0.33209,-0.01160,0.00767,-0.37983,0.08171
-0.02542,0.33332,-0.01171,0.00718,-0.38089,0.08057
-0.02536,0.33454,-0.01174,0.00705,-0.38183,0.08012
-0.02529,0.33576,-0.01178,0.00692,-0.38277,0.07968
-0.02530,0.33700,-0.01169,0.00706,-0.38373,0.07956
-0.02532,0.33822,-0.01161,0.00722,-0.38470,0.07946
-0.02488,0.33945,-0.01153,0.00697,-0.38572,0.07868
-0.02444,0.34068,-0.01144,0.00674,-0.38676,0.07791
-0.02438,0.34191,-0.01150,0.00646,-0.38781,0.07697
-0.02433,0.34314,-0.01157,0.00617,-0.38887,0.07602
-0.02399,0.34436,-0.01166,0.00561,-0.38992,0.07511
-0.02365,0.34558,-0.01175,0.00505,-0.39095,0.07421
-0.02326,0.34680,-0.01175,0.00473,-0.39198,0.07342
-0.02286,0.34803,-0.01175,0.00443,-0.39301,0.07265
-0.02259,0.34925,-0.01170,0.00414,-0.39402,0.07180
-0.02232,0.35049,-0.01166,0.00384,-0.39505,0.07095
-0.02205,0.35171,-0.01152,0.00392,-0.39606,0.07028
-0.02177,0.35293,-0.01139,0.00399,-0.39707,0.06959
-0.02146,0.35417,-0.01129,0.00414,-0.39808,0.06886
-0.02115,0.35541,-0.01119,0.00430,-0.39909,0.06813
-0.02098,0.35657,-0.01116,0.00366,-0.40007,0.06710
-0.02081,0.35772,-0.01113,0.00302,-0.40104,0.06606
-0.02063,0.35894,-0.01106,0.00284,-0.40204,0.06532
-0.02044,0.36018,-0.01099,0.00266,-0.40304,0.06459
-0.02038,0.36135,-0.01085,0.00279,-0.40399,0.06363
-0.02031,0.36253,-0.01070,0.00293,-0.40494,0.06268
-0.02003,0.36377,-0.01063,0.00273,-0.40597,0.06192
-0.01976,0.36500,-0.01056,0.00252,-0.40700,0.06115
-0.01947,0.36622,-0.01052,0.00229,-0.40804,0.06036
-0.01917,0.36745,-0.01046,0.00208,-0.40908,0.05958
-0.01929,0.36713,-0.01081,0.00099,-0.40931,0.06019
-0.01942,0.36680,-0.01115,-0.00010,-0.40955,0.06079
-0.01976,0.36646,-0.01123,-0.00006,-0.40986,0.06167
-0.02009,0.36612,-0.01132,-0.00004,-0.41016,0.06253
-0.02014,0.36577,-0.01142,-0.00016,-0.41048,0.06336
-0.02018,0.36542,-0.01153,-0.00027,-0.41081,0.06418
-0.02058,0.36505,-0.01164,-0.00036,-0.41114,0.06501
-0.02099,0.36469,-0.01174,-0.00046,-0.41147,0.06582
-0.02094,0.36435,-0.01191,-0.00075,-0.41179,0.06660
-0.02087,0.36402,-0.01208,-0.00104,-0.41211,0.06737
-0.02130,0.36367,-0.01221,-0.00114,-0.41238,0.06827
-0.02174,0.36332,-0.01235,-0.00123,-0.41266,0.06918
-0.02201,0.36298,-0.01249,-0.00159,-0.41302,0.06992
-0.02228,0.36263,-0.01262,-0.00195,-0.41339,0.07067
-0.02238,0.36229,-0.01283,-0.00242,-0.41372,0.07144
-0.02249,0.36195,-0.01302,-0.00290,-0.41406,0.07221
-0.02267,0.36161,-0.01317,-0.00316,-0.41440,0.07304
-0.02286,0.36127,-0.01333,-0.00343,-0.41474,0.07387
-0.02318,0.36093,-0.01352,-0.00379,-0.41507,0.07476
-0.02349,0.36059,-0.01372,-0.00414,-0.41540,0.07565
-0.02373,0.36024,-0.01382,-0.00419,-0.41576,0.07655
-0.02398,0.35989,-0.01391,-0.00424,-0.41611,0.07745
-0.02350,0.35957,-0.01414,-0.00498,-0.41642,0.07798
-0.02301,0.35924,-0.01437,-0.00572,-0.41674,0.07850
-0.02381,0.35889,-0.01445,-0.00574,-0.41708,0.07969
-0.02459,0.35853,-0.01453,-0.00576,-0.41742,0.08087
-0.02466,0.35819,-0.01465,-0.00611,-0.41776,0.08169
-0.02473,0.35784,-0.01477,-0.00646,-0.41809,0.08253
-0.02502,0.35749,-0.01493,-0.00671,-0.41845,0.08333
-0.02531,0.35716,-0.01509,-0.00697,-0.41881,0.08414
-0.02536,0.35683,-0.01522,-0.00735,-0.41912,0.08501
-0.02541,0.35650,-0.01533,-0.00772,-0.41943,0.08587
-0.02538,0.35616,-0.01550,-0.00798,-0.41984,0.08659
-0.02534,0.35582,-0.01567,-0.00823,-0.42025,0.08731
-0.02579,0.35547,-0.01576,-0.00842,-0.42054,0.08834
-0.02624,0.35512,-0.01586,-0.00861,-0.42083,0.08939
-0.02617,0.35480,-0.01598,-0.00876,-0.42123,0.09016
-0.02611,0.35448,-0.01611,-0.00892,-0.42163,0.09093
-0.02624,0.35415,-0.01629,-0.00926,-0.42199,0.09183
-0.02636,0.35382,-0.01648,-0.00958,-0.42235,0.09274
-0.02654,0.35349,-0.01658,-0.00975,-0.42271,0.09362
-0.02672,0.35317,-0.01669,-0.00992,-0.42308,0.09451
-0.02717,0.35281,-0.01679,-0.01011,-0.42339,0.09557
-0.02762,0.35246,-0.01690,-0.01031,-0.42370,0.09663
-0.02740,0.35212,-0.01691,-0.00997,-0.42412,0.09714
-0.02719,0.35177,-0.01691,-0.00963,-0.42453,0.09766
-0.02739,0.35144,-0.01701,-0.00979,-0.42491,0.09858
-0.02759,0.35111,-0.01711,-0.00995,-0.42529,0.09950
-0.02784,0.35077,-0.01707,-0.01029,-0.42562,0.10034
-0.02809,0.35044,-0.01702,-0.01063,-0.42596,0.10117
-0.02847,0.35012,-0.01718,-0.01049,-0.42631,0.10222
-0.02885,0.34981,-0.01735,-0.01036,-0.42666,0.10325
-0.02831,0.34937,-0.01758,-0.01198,-0.42718,0.10235
-0.02776,0.34892,-0.01781,-0.01359,-0.42770,0.10144
-0.02728,0.34848,-0.01810,-0.01499,-0.42817,0.10039
-0.02680,0.34805,-0.01839,-0.01639,-0.42863,0.09933
-0.02638,0.34759,-0.01846,-0.01773,-0.42900,0.09819
-0.02595,0.34713,-0.01853,-0.01906,-0.42936,0.09704
-0.02526,0.34670,-0.01854,-0.01990,-0.42974,0.09600
-0.02457,0.34628,-0.01855,-0.02074,-0.43012,0.09496
-0.02419,0.34583,-0.01874,-0.02215,-0.43057,0.09396
-0.02383,0.34540,-0.01891,-0.02356,-0.43102,0.09296
-0.02350,0.34496,-0.01908,-0.02483,-0.43140,0.09193
-0.02318,0.34453,-0.01924,-0.02610,-0.43177,0.09091
-0.02265,0.34411,-0.01928,-0.02698,-0.43222,0.08998
-0.02212,0.34367,-0.01931,-0.02784,-0.43267,0.08907
-0.02160,0.34328,-0.01929,-0.02898,-0.43305,0.08799
-0.02108,0.34288,-0.01926,-0.03009,-0.43342,0.08693
-0.02070,0.34247,-0.01944,-0.03096,-0.43389,0.08607
-0.02032,0.34206,-0.01963,-0.03182,-0.43437,0.08521
-0.02033,0.34172,-0.01965,-0.03196,-0.43474,0.08530
-0.02036,0.34138,-0.01968,-0.03212,-0.43511,0.08538
-0.02038,0.34104,-0.01970,-0.03226,-0.43547,0.08547
-0.02040,0.34071,-0.01972,-0.03240,-0.43584,0.08555
-0.02042,0.34036,-0.01974,-0.03255,-0.43620,0.08563
-0.02043,0.34003,-0.01976,-0.03271,-0.43656,0.08570
-0.02003,0.33970,-0.01972,-0.03320,-0.43697,0.08492
-0.01962,0.33938,-0.01966,-0.03367,-0.43737,0.08415
-0.01945,0.33899,-0.02005,-0.03457,-0.43790,0.08294
-0.01926,0.33860,-0.02044,-0.03549,-0.43843,0.08174
-0.01893,0.33831,-0.01998,-0.03570,-0.43873,0.08132
-0.01860,0.33802,-0.01952,-0.03591,-0.43903,0.08090
-0.01794,0.33768,-0.01933,-0.03646,-0.43946,0.07994
-0.01729,0.33734,-0.01915,-0.03701,-0.43989,0.07899
-0.01710,0.33698,-0.01917,-0.03752,-0.44034,0.07823
-0.01693,0.33662,-0.01918,-0.03803,-0.44078,0.07746
-0.01691,0.33627,-0.01922,-0.03836,-0.44127,0.07744
-0.01690,0.33592,-0.01926,-0.03868,-0.44175,0.07743
-0.01689,0.33558,-0.01930,-0.03899,-0.44222,0.07742
-0.01686,0.33523,-0.01935,-0.03931,-0.44268,0.07741
-0.01686,0.33488,-0.01939,-0.03965,-0.44315,0.07738
-0.01684,0.33453,-0.01944,-0.04000,-0.44362,0.07733
-0.01681,0.33418,-0.01947,-0.04031,-0.44408,0.07728
-0.01680,0.33382,-0.01950,-0.04062,-0.44454,0.07724
-0.01700,0.33347,-0.01967,-0.04099,-0.44500,0.07731
-0.01722,0.33312,-0.01983,-0.04136,-0.44548,0.07738
-0.01708,0.33278,-0.01978,-0.04165,-0.44596,0.07733
-0.01695,0.33243,-0.01972,-0.04195,-0.44644,0.07729
-0.01695,0.33210,-0.01976,-0.04220,-0.44690,0.07731
-0.01695,0.33176,-0.01979,-0.04245,-0.44735,0.07734
-0.01690,0.33354,-0.01994,-0.04307,-0.44753,0.07705
-0.01683,0.33532,-0.02010,-0.04368,-0.44769,0.07677
-0.01601,0.33708,-0.02005,-0.04519,-0.44793,0.07448
-0.01518,0.33884,-0.02001,-0.04671,-0.44817,0.07218
-0.01514,0.34059,-0.02023,-0.04744,-0.44837,0.07201
-0.01508,0.34234,-0.02046,-0.04818,-0.44855,0.07184
-0.01437,0.34396,-0.02077,-0.04926,-0.44887,0.06939
-0.01364,0.34559,-0.02107,-0.05036,-0.44919,0.06692
-0.01310,0.34731,-0.02111,-0.05164,-0.44943,0.06476
-0.01255,0.34903,-0.02115,-0.05292,-0.44967,0.06259
-0.01185,0.35069,-0.02095,-0.05364,-0.44980,0.06026
-0.01114,0.35236,-0.02074,-0.05437,-0.44993,0.05793
-0.01020,0.35407,-0.02045,-0.05555,-0.45013,0.05579
-0.00925,0.35580,-0.02014,-0.05673,-0.45033,0.05366
-0.00905,0.35744,-0.02059,-0.05803,-0.45061,0.05168
-0.00883,0.35908,-0.02104,-0.05932,-0.45090,0.04971
-0.00841,0.36076,-0.02134,-0.06060,-0.45114,0.04771
-0.00799,0.36243,-0.02165,-0.06189,-0.45138,0.04570
-0.00736,0.36417,-0.02115,-0.06295,-0.45155,0.04379
-0.00673,0.36590,-0.02066,-0.06401,-0.45172,0.04186
-0.00594,0.36750,-0.02086,-0.06475,-0.45197,0.03971
-0.00514,0.36909,-0.02107,-0.06550,-0.45223,0.03755
-0.00420,0.37077,-0.02122,-0.06690,-0.45243,0.03525
-0.00325,0.37243,-0.02137,-0.06831,-0.45263,0.03295
-0.00304,0.37416,-0.02146,-0.06878,-0.45285,0.03187
-0.00283,0.37587,-0.02154,-0.06925,-0.45305,0.03078
-0.00247,0.37769,-0.02126,-0.06960,-0.45323,0.03027
-0.00211,0.37950,-0.02099,-0.06996,-0.45342,0.02976
-0.00178,0.38113,-0.02138,-0.07080,-0.45368,0.02793
-0.00144,0.38276,-0.02176,-0.07163,-0.45393,0.02611
-0.00105,0.38446,-0.02168,-0.07193,-0.45416,0.02493
-0.00066,0.38616,-0.02161,-0.07223,-0.45441,0.02375
-0.00047,0.38795,-0.02107,-0.07243,-0.45453,0.02306
-0.00028,0.38975,-0.02053,-0.07261,-0.45464,0.02237
0.00048,0.39136,-0.02082,-0.07300,-0.45495,0.02047
0.00125,0.39297,-0.02112,-0.07339,-0.45526,0.01855
0.00157,0.39469,-0.02070,-0.07397,-0.45534,0.01747
0.00188,0.39642,-0.02030,-0.07454,-0.45541,0.01639
0.00230,0.39812,-0.02052,-0.07475,-0.45568,0.01533
0.00272,0.39984,-0.02074,-0.07496,-0.45595,0.01428
0.00340,0.40152,-0.02050,-0.07498,-0.45615,0.01264
0.00411,0.40320,-0.02027,-0.07501,-0.45636,0.01099
0.00437,0.40484,-0.02017,-0.07552,-0.45659,0.00996
0.00464,0.40648,-0.02007,-0.07603,-0.45682,0.00893
0.00490,0.40815,-0.02046,-0.07641,-0.45711,0.00773
0.00516,0.40983,-0.02086,-0.07678,-0.45739,0.00652
0.00578,0.41153,-0.02026,-0.07690,-0.45755,0.00517
0.00640,0.41322,-0.01967,-0.07700,-0.45771,0.00383
0.00686,0.41488,-0.01958,-0.07725,-0.45794,0.00252
0.00732,0.41654,-0.01947,-0.07749,-0.45815,0.00121
0.00809,0.41815,-0.01934,-0.07785,-0.45837,-0.00030
0.00886,0.41975,-0.01918,-0.07821,-0.45858,-0.00181
0.00923,0.42136,-0.01916,-0.07845,-0.45881,-0.00314
0.00959,0.42298,-0.01913,-0.07869,-0.45903,-0.00445
0.01006,0.42454,-0.01910,-0.07898,-0.45929,-0.00584
0.01053,0.42611,-0.01908,-0.07928,-0.45953,-0.00724
0.01102,0.42764,-0.01902,-0.07954,-0.45979,-0.00865
0.01152,0.42918,-0.01897,-0.07982,-0.46004,-0.01006
0.01190,0.43074,-0.01914,-0.08018,-0.46027,-0.01143
0.01229,0.43230,-0.01931,-0.08055,-0.46051,-0.01280
0.01279,0.43385,-0.01928,-0.08086,-0.46077,-0.01423
0.01330,0.43541,-0.01927,-0.08119,-0.46102,-0.01566
0.01385,0.43694,-0.01919,-0.08149,-0.46126,-0.01711
0.01439,0.43846,-0.01913,-0.08181,-0.46150,-0.01857
0.01483,0.43999,-0.01932,-0.08234,-0.46180,-0.02007
0.01530,0.44151,-0.01952,-0.08287,-0.46210,-0.02158
0.01579,0.44309,-0.01955,-0.08335,-0.46236,-0.02301
0.01631,0.44465,-0.01958,-0.08385,-0.46262,-0.02446
0.01680,0.44622,-0.01961,-0.08430,-0.46291,-0.02581
0.01729,0.44780,-0.01965,-0.08476,-0.46319,-0.02717
0.01768,0.44937,-0.01990,-0.08528,-0.46351,-0.02851
0.01807,0.45094,-0.02015,-0.08582,-0.46384,-0.02986
0.01852,0.45255,-0.02018,-0.08618,-0.46408,-0.03105
0.01897,0.45416,-0.02020,-0.08653,-0.46432,-0.03223
0.01982,0.45566,-0.01935,-0.08616,-0.46448,-0.03390
0.02067,0.45716,-0.01851,-0.08580,-0.46464,-0.03559
0.02106,0.45880,-0.01910,-0.08695,-0.46492,-0.03676
0.02144,0.46044,-0.01969,-0.08811,-0.46519,-0.03793
0.02199,0.46196,-0.01963,-0.08839,-0.46543,-0.03937
0.02254,0.46347,-0.01956,-0.08866,-0.46566,-0.04080
0.02304,0.46502,-0.01959,-0.08906,-0.46591,-0.04211
0.02354,0.46656,-0.01962,-0.08945,-0.46614,-0.04341
0.02408,0.46809,-0.01960,-0.08979,-0.46638,-0.04479
0.02463,0.46962,-0.01958,-0.09015,-0.46661,-0.04617
0.02467,0.47110,-0.01962,-0.08983,-0.46691,-0.04732
0.02470,0.47258,-0.01967,-0.08953,-0.46723,-0.04848
0.02515,0.47412,-0.01960,-0.08986,-0.46743,-0.04994
0.02559,0.47565,-0.01952,-0.09020,-0.46765,-0.05139
0.02626,0.47714,-0.01947,-0.09045,-0.46788,-0.05276
0.02691,0.47864,-0.01941,-0.09068,-0.46809,-0.05411
0.02788,0.48014,-0.01947,-0.09155,-0.46828,-0.05573
0.02886,0.48163,-0.01952,-0.09242,-0.46847,-0.05734
0.02940,0.48303,-0.01949,-0.09268,-0.46872,-0.05879
0.02995,0.48443,-0.01946,-0.09292,-0.46897,-0.06023
0.03072,0.48585,-0.01937,-0.09315,-0.46922,-0.06176
0.03150,0.48727,-0.01926,-0.09338,-0.46948,-0.06329
0.03216,0.48862,-0.01904,-0.09342,-0.46970,-0.06487
0.03284,0.48998,-0.01882,-0.09347,-0.46993,-0.06645
0.03314,0.49149,-0.01861,-0.09334,-0.47016,-0.06766
0.03343,0.49300,-0.01839,-0.09318,-0.47038,-0.06885
0.03426,0.49411,-0.01788,-0.09309,-0.47085,-0.07090
0.03508,0.49523,-0.01738,-0.09300,-0.47132,-0.07295
0.03589,0.49621,-0.01662,-0.09246,-0.47174,-0.07487
0.03670,0.49720,-0.01586,-0.09191,-0.47216,-0.07678
0.03778,0.49836,-0.01567,-0.09229,-0.47259,-0.07869
0.03885,0.49953,-0.01547,-0.09267,-0.47302,-0.08060
0.03948,0.50053,-0.01453,-0.09141,-0.47355,-0.08277
0.04011,0.50153,-0.01360,-0.09016,-0.47409,-0.08494
0.04117,0.50265,-0.01373,-0.09134,-0.47462,-0.08706
0.04223,0.50378,-0.01387,-0.09253,-0.47515,-0.08918
0.04304,0.50486,-0.01318,-0.09201,-0.47560,-0.09100
0.04386,0.50594,-0.01248,-0.09149,-0.47605,-0.09281
0.04475,0.50683,-0.01162,-0.09060,-0.47661,-0.09477
0.04565,0.50772,-0.01075,-0.08970,-0.47718,-0.09675
0.04615,0.50908,-0.01074,-0.08996,-0.47762,-0.09802
0.04666,0.51043,-0.01071,-0.09021,-0.47805,-0.09928
0.04711,0.51188,-0.01136,-0.09092,-0.47858,-0.10061
0.04757,0.51334,-0.01202,-0.09164,-0.47912,-0.10195
0.04826,0.51451,-0.01185,-0.09182,-0.47962,-0.10364
0.04896,0.51568,-0.01169,-0.09200,-0.48011,-0.10533
0.04946,0.51692,-0.01117,-0.09239,-0.48053,-0.10717
0.04995,0.51815,-0.01064,-0.09276,-0.48096,-0.10900
0.05061,0.51918,-0.01004,-0.09197,-0.48159,-0.11048
0.05127,0.52021,-0.00942,-0.09118,-0.48222,-0.11197
0.05204,0.52137,-0.00931,-0.09138,-0.48273,-0.11372
0.05281,0.52253,-0.00922,-0.09157,-0.48324,-0.11546
0.05358,0.52356,-0.00907,-0.09202,-0.48377,-0.11763
0.05435,0.52460,-0.00892,-0.09248,-0.48428,-0.11981
0.05516,0.52570,-0.00851,-0.09239,-0.48479,-0.12160
0.05596,0.52680,-0.00810,-0.09231,-0.48531,-0.12338
0.05658,0.52798,-0.00752,-0.09183,-0.48577,-0.12467
0.05721,0.52915,-0.00693,-0.09134,-0.48623,-0.12596
0.05816,0.53016,-0.00657,-0.09117,-0.48676,-0.12767
0.05910,0.53115,-0.00621,-0.09101,-0.48729,-0.12939
0.05987,0.53225,-0.00633,-0.09198,-0.48769,-0.13160
0.06064,0.53335,-0.00646,-0.09295,-0.48809,-0.13381
0.06179,0.53429,-0.00586,-0.09343,-0.48848,-0.13614
0.06294,0.53523,-0.00527,-0.09390,-0.48888,-0.13847
0.06383,0.53638,-0.00478,-0.09381,-0.48936,-0.14025
0.06471,0.53752,-0.00429,-0.09372,-0.48985,-0.14201
0.06563,0.53846,-0.00385,-0.09383,-0.49034,-0.14404
0.06655,0.53939,-0.00342,-0.09392,-0.49083,-0.14607
0.06748,0.54031,-0.00296,-0.09399,-0.49133,-0.14812
0.06842,0.54123,-0.00251,-0.09408,-0.49181,-0.15018
0.06922,0.54205,-0.00223,-0.09395,-0.49233,-0.15220
0.07001,0.54287,-0.00194,-0.09383,-0.49286,-0.15421
0.07107,0.54385,-0.00128,-0.09404,-0.49330,-0.15628
0.07214,0.54484,-0.00061,-0.09427,-0.49374,-0.15835
0.07288,0.54573,-0.00035,-0.09401,-0.49429,-0.16021
0.07363,0.54664,-0.00007,-0.09376,-0.49485,-0.16208
0.07455,0.54754,0.00037,-0.09382,-0.49534,-0.16410
0.07549,0.54843,0.00082,-0.09389,-0.49584,-0.16613
0.07642,0.54934,0.00125,-0.09399,-0.49634,-0.16818
0.07736,0.55025,0.00168,-0.09409,-0.49682,-0.17022
0.07831,0.55115,0.00214,-0.09415,-0.49733,-0.17226
0.07926,0.55206,0.00262,-0.09423,-0.49784,-0.17431
0.08056,0.55264,0.00346,-0.09434,-0.49833,-0.17695
0.08188,0.55321,0.00430,-0.09447,-0.49882,-0.17959
0.08281,0.55406,0.00481,-0.09410,-0.49935,-0.18151
0.08377,0.55491,0.00531,-0.09375,-0.49986,-0.18344
0.08430,0.55612,0.00528,-0.09421,-0.50036,-0.18499
0.08483,0.55731,0.00525,-0.09468,-0.50087,-0.18653
0.08570,0.55823,0.00571,-0.09476,-0.50135,-0.18856
0.08658,0.55914,0.00618,-0.09484,-0.50183,-0.19059
0.08808,0.55975,0.00752,-0.09450,-0.50232,-0.19314
0.08958,0.56034,0.00886,-0.09417,-0.50280,-0.19568
0.08999,0.56151,0.00903,-0.09410,-0.50330,-0.19708
0.09038,0.56268,0.00920,-0.09405,-0.50378,-0.19847
0.09168,0.56315,0.01074,-0.09265,-0.50434,-0.20062
0.09298,0.56360,0.01229,-0.09124,-0.50489,-0.20277
0.09410,0.56435,0.01271,-0.09114,-0.50537,-0.20490
0.09522,0.56511,0.01313,-0.09102,-0.50585,-0.20704
0.09608,0.56582,0.01436,-0.09098,-0.50626,-0.20952
0.09693,0.56654,0.01562,-0.09091,-0.50665,-0.21199
0.09800,0.56723,0.01666,-0.09030,-0.50715,-0.21410
0.09906,0.56791,0.01768,-0.08970,-0.50764,-0.21620
0.10062,0.56840,0.01841,-0.08948,-0.50816,-0.21877
0.10218,0.56888,0.01913,-0.08928,-0.50867,-0.22135
0.10317,0.56945,0.02021,-0.08867,-0.50915,-0.22341
0.10416,0.57002,0.02129,-0.08804,-0.50964,-0.22545
0.10460,0.57080,0.02247,-0.08713,-0.51022,-0.22701
0.10504,0.57159,0.02366,-0.08623,-0.51081,-0.22858
0.10680,0.57119,0.02593,-0.08572,-0.51112,-0.23247
0.10856,0.57078,0.02819,-0.08521,-0.51142,-0.23637
0.10937,0.57168,0.02868,-0.08501,-0.51204,-0.23800
0.11019,0.57258,0.02915,-0.08481,-0.51264,-0.23962
0.11111,0.57304,0.02963,-0.08457,-0.51321,-0.24165
0.11202,0.57350,0.03010,-0.08433,-0.51379,-0.24368
0.11305,0.57377,0.03113,-0.08394,-0.51431,-0.24612
0.11408,0.57402,0.03217,-0.08355,-0.51485,-0.24857
0.11504,0.57439,0.03355,-0.08242,-0.51548,-0.25037
0.11599,0.57475,0.03492,-0.08131,-0.51613,-0.25218
0.11694,0.57557,0.03585,-0.08074,-0.51666,-0.25370
0.11788,0.57640,0.03679,-0.08016,-0.51720,-0.25521
0.11891,0.57686,0.03766,-0.07996,-0.51761,-0.25734
0.11995,0.57733,0.03852,-0.07977,-0.51802,-0.25947
0.12035,0.57761,0.04024,-0.07743,-0.51898,-0.26052
0.12077,0.57790,0.04195,-0.07508,-0.51993,-0.26158
0.12150,0.57869,0.04298,-0.07428,-0.52042,-0.26276
0.12223,0.57950,0.04400,-0.07349,-0.52091,-0.26394
0.12231,0.57950,0.04603,-0.07059,-0.52134,-0.26434
0.12238,0.57951,0.04806,-0.06769,-0.52175,-0.26474
0.12278,0.57959,0.04966,-0.06612,-0.52215,-0.26553
0.12318,0.57966,0.05127,-0.06454,-0.52256,-0.26630
0.12392,0.58026,0.05134,-0.06470,-0.52267,-0.26764
0.12467,0.58087,0.05141,-0.06488,-0.52278,-0.26898
0.12515,0.58116,0.05234,-0.06389,-0.52310,-0.26999
0.12562,0.58145,0.05327,-0.06289,-0.52341,-0.27099
0.12553,0.58205,0.05487,-0.06031,-0.52359,-0.27055
0.12544,0.58266,0.05648,-0.05772,-0.52377,-0.27009
0.12604,0.58326,0.05736,-0.05746,-0.52428,-0.27150
0.12665,0.58386,0.05825,-0.05719,-0.52479,-0.27290
0.12666,0.58452,0.05856,-0.05609,-0.52526,-0.27321
0.12667,0.58518,0.05890,-0.05497,-0.52574,-0.27351
0.12733,0.58548,0.06051,-0.05334,-0.52581,-0.27447
0.12799,0.58577,0.06212,-0.05171,-0.52588,-0.27543
0.12865,0.58641,0.06236,-0.05205,-0.52615,-0.27666
0.12930,0.58706,0.06258,-0.05239,-0.52642,-0.27789
0.12972,0.58723,0.06322,-0.05097,-0.52682,-0.27871
0.13013,0.58741,0.06385,-0.04953,-0.52723,-0.27952
0.13074,0.58789,0.06455,-0.04937,-0.52749,-0.28061
0.13135,0.58836,0.06526,-0.04919,-0.52777,-0.28169
0.13131,0.58898,0.06633,-0.04726,-0.52819,-0.28176
0.13126,0.58960,0.06742,-0.04533,-0.52862,-0.28182
0.13170,0.59009,0.06805,-0.04494,-0.52914,-0.28306
0.13215,0.59056,0.06869,-0.04457,-0.52965,-0.28431
0.13321,0.59060,0.06891,-0.04486,-0.52980,-0.28594
0.13427,0.59063,0.06914,-0.04514,-0.52996,-0.28757
0.13461,0.59128,0.06974,-0.04482,-0.53039,-0.28820
0.13496,0.59193,0.07035,-0.04451,-0.53082,-0.28884
0.13503,0.59251,0.07139,-0.04295,-0.53119,-0.28905
0.13506,0.59308,0.07245,-0.04138,-0.53156,-0.28924
0.13575,0.59340,0.07299,-0.04110,-0.53175,-0.29055
0.13643,0.59373,0.07352,-0.04081,-0.53195,-0.29186
0.13717,0.59426,0.07416,-0.04044,-0.53246,-0.29319
0.13790,0.59480,0.07479,-0.04007,-0.53298,-0.29451
0.13790,0.59514,0.07560,-0.03863,-0.53324,-0.29488
0.13787,0.59547,0.07641,-0.03720,-0.53350,-0.29524
0.13846,0.59604,0.07737,-0.03629,-0.53391,-0.29605
0.13905,0.59661,0.07834,-0.03539,-0.53432,-0.29687
0.13956,0.59710,0.07899,-0.03446,-0.53466,-0.29795
0.14006,0.59760,0.07965,-0.03351,-0.53501,-0.29903
0.14057,0.59819,0.08030,-0.03322,-0.53524,-0.29972
0.14108,0.59877,0.08095,-0.03294,-0.53548,-0.30041
0.14142,0.59925,0.08196,-0.03164,-0.53565,-0.30106
0.14175,0.59973,0.08299,-0.03032,-0.53581,-0.30168
0.14252,0.60002,0.08329,-0.03019,-0.53627,-0.30303
0.14329,0.60030,0.08360,-0.03006,-0.53672,-0.30439
0.14356,0.60077,0.08478,-0.02879,-0.53700,-0.30508
0.14383,0.60123,0.08596,-0.02753,-0.53729,-0.30576
0.14443,0.60145,0.08608,-0.02746,-0.53749,-0.30666
0.14503,0.60166,0.08620,-0.02741,-0.53771,-0.30757
0.14540,0.60200,0.08734,-0.02632,-0.53798,-0.30840
0.14578,0.60233,0.08847,-0.02524,-0.53826,-0.30923
0.14583,0.60276,0.08890,-0.02492,-0.53874,-0.30982
0.14589,0.60318,0.08934,-0.02459,-0.53923,-0.31041
0.14632,0.60341,0.08967,-0.02449,-0.53946,-0.31128
0.14677,0.60363,0.08999,-0.02440,-0.53970,-0.31216
0.14725,0.60378,0.09067,-0.02381,-0.53990,-0.31304
0.14772,0.60393,0.09135,-0.02321,-0.54009,-0.31390
0.14810,0.60405,0.09194,-0.02262,-0.54084,-0.31442
0.14849,0.60417,0.09254,-0.02202,-0.54157,-0.31494
0.14900,0.60444,0.09324,-0.02168,-0.54216,-0.31610
0.14952,0.60472,0.09393,-0.02133,-0.54275,-0.31725
0.14974,0.60500,0.09417,-0.02093,-0.54279,-0.31765
0.14995,0.60528,0.09440,-0.02052,-0.54283,-0.31804
0.15031,0.60552,0.09544,-0.01977,-0.54284,-0.31901
0.15066,0.60576,0.09649,-0.01903,-0.54285,-0.31996
0.15132,0.60603,0.09681,-0.01873,-0.54380,-0.32093
0.15196,0.60629,0.09713,-0.01844,-0.54474,-0.32189
0.15313,0.60695,0.09833,-0.01780,-0.54516,-0.32422
0.15432,0.60760,0.09954,-0.01718,-0.54558,-0.32654
0.15468,0.60786,0.10018,-0.01637,-0.54578,-0.32713
0.15504,0.60811,0.10081,-0.01556,-0.54598,-0.32771
0.15548,0.60851,0.10184,-0.01496,-0.54664,-0.32892
0.15594,0.60890,0.10285,-0.01437,-0.54731,-0.33014
0.15664,0.60913,0.10361,-0.01407,-0.54740,-0.33161
0.15734,0.60936,0.10437,-0.01379,-0.54748,-0.33310
0.15795,0.60966,0.10503,-0.01345,-0.54772,-0.33431
0.15856,0.60995,0.10569,-0.01310,-0.54797,-0.33551
0.15926,0.61035,0.10667,-0.01240,-0.54815,-0.33695
0.15995,0.61073,0.10766,-0.01171,-0.54833,-0.33839
0.16081,0.61101,0.10805,-0.01200,-0.54847,-0.34003
0.16167,0.61129,0.10843,-0.01229,-0.54862,-0.34166
0.16200,0.61149,0.10906,-0.01187,-0.54889,-0.34246
0.16233,0.61170,0.10970,-0.01146,-0.54915,-0.34325
0.16306,0.61206,0.11069,-0.01069,-0.54936,-0.34470
0.16379,0.61243,0.11167,-0.00991,-0.54958,-0.34615
0.16445,0.61256,0.11243,-0.00980,-0.55016,-0.34753
0.16509,0.61269,0.11319,-0.00968,-0.55074,-0.34890
0.16568,0.61293,0.11419,-0.00890,-0.55129,-0.35017
0.16627,0.61316,0.11520,-0.00812,-0.55183,-0.35144
0.16698,0.61341,0.11581,-0.00776,-0.55228,-0.35272
0.16768,0.61365,0.11642,-0.00740,-0.55274,-0.35398
0.16851,0.61393,0.11694,-0.00768,-0.55318,-0.35566
0.16933,0.61420,0.11746,-0.00795,-0.55361,-0.35734
0.16976,0.61449,0.11839,-0.00744,-0.55416,-0.35845
0.17019,0.61476,0.11931,-0.00695,-0.55470,-0.35958
0.17114,0.61513,0.12032,-0.00621,-0.55518,-0.36131
0.17210,0.61547,0.12134,-0.00548,-0.55565,-0.36304
0.17436,0.61633,0.12222,-0.00586,-0.55569,-0.36689
0.17664,0.61718,0.12311,-0.00624,-0.55572,-0.37072
0.17893,0.61804,0.12422,-0.00607,-0.55448,-0.37466
0.18122,0.61889,0.12535,-0.00586,-0.55323,-0.37858
0.18207,0.61921,0.12628,-0.00530,-0.55340,-0.38017
0.18291,0.61951,0.12721,-0.00474,-0.55357,-0.38177
0.18352,0.61968,0.12750,-0.00455,-0.55304,-0.38274
0.18411,0.61985,0.12780,-0.00434,-0.55251,-0.38369
0.18497,0.62008,0.12854,-0.00426,-0.55223,-0.38542
0.18584,0.62031,0.12928,-0.00418,-0.55195,-0.38715
0.18623,0.62049,0.12978,-0.00374,-0.55211,-0.38778
0.18663,0.62067,0.13028,-0.00331,-0.55228,-0.38843
0.18763,0.62112,0.13088,-0.00332,-0.55238,-0.39029
0.18864,0.62156,0.13149,-0.00332,-0.55249,-0.39213
0.18895,0.62169,0.13189,-0.00281,-0.55221,-0.39259
0.18926,0.62181,0.13229,-0.00230,-0.55192,-0.39306
0.18976,0.62204,0.13274,-0.00242,-0.55248,-0.39420
0.19026,0.62226,0.13320,-0.00252,-0.55304,-0.39534
0.19082,0.62240,0.13342,-0.00268,-0.55296,-0.39634
0.19137,0.62252,0.13364,-0.00282,-0.55289,-0.39733
0.19114,0.62257,0.13426,-0.00168,-0.55286,-0.39697
0.19089,0.62261,0.13488,-0.00053,-0.55281,-0.39660
0.19105,0.62282,0.13551,0.00023,-0.55312,-0.39693
0.19122,0.62302,0.13613,0.00098,-0.55341,-0.39727
0.19482,0.62434,0.13800,0.00011,-0.55249,-0.40410
0.19844,0.62562,0.13987,-0.00076,-0.55156,-0.41092
0.19872,0.62573,0.14012,-0.00049,-0.55123,-0.41131
0.19900,0.62583,0.14038,-0.00024,-0.55090,-0.41170
0.20006,0.62623,0.14109,-0.00025,-0.55078,-0.41380
0.20112,0.62662,0.14181,-0.00027,-0.55066,-0.41591
0.20236,0.62717,0.14298,0.00058,-0.55085,-0.41803
0.20359,0.62772,0.14415,0.00141,-0.55105,-0.42017
0.20430,0.62793,0.14447,0.00147,-0.55074,-0.42135
0.20502,0.62815,0.14479,0.00151,-0.55043,-0.42255
0.20618,0.62862,0.14540,0.00172,-0.55095,-0.42455
0.20734,0.62908,0.14603,0.00195,-0.55147,-0.42655
0.20857,0.62950,0.14685,0.00198,-0.55145,-0.42888
0.20979,0.62992,0.14767,0.00201,-0.55142,-0.43121
0.21133,0.63033,0.14789,0.00168,-0.54908,-0.43372
0.21285,0.63073,0.14811,0.00136,-0.54675,-0.43621
0.21340,0.63096,0.14852,0.00151,-0.54674,-0.43719
0.21394,0.63118,0.14893,0.00166,-0.54673,-0.43814
0.21476,0.63148,0.14950,0.00153,-0.54752,-0.43976
0.21556,0.63178,0.15008,0.00140,-0.54830,-0.44139
0.21620,0.63199,0.15053,0.00136,-0.54862,-0.44263
0.21686,0.63220,0.15098,0.00130,-0.54893,-0.44389
0.21704,0.63237,0.15174,0.00212,-0.54946,-0.44432
0.21721,0.63255,0.15251,0.00295,-0.55000,-0.44474
0.21735,0.63263,0.15283,0.00314,-0.55031,-0.44503
0.21749,0.63272,0.15316,0.00335,-0.55063,-0.44531
0.21849,0.63289,0.15315,0.00240,-0.54967,-0.44717
0.21948,0.63307,0.15313,0.00145,-0.54871,-0.44902
0.22028,0.63323,0.15370,0.00154,-0.54844,-0.45051
0.22108,0.63339,0.15427,0.00162,-0.54817,-0.45199
0.22165,0.63359,0.15498,0.00224,-0.54790,-0.45302
0.22222,0.63378,0.15571,0.00289,-0.54762,-0.45402
0.22272,0.63398,0.15650,0.00376,-0.54742,-0.45487
0.22322,0.63417,0.15730,0.00464,-0.54721,-0.45571
0.22434,0.63441,0.15783,0.00431,-0.54737,-0.45777
0.22547,0.63465,0.15836,0.00400,-0.54753,-0.45982
0.22633,0.63489,0.15878,0.00402,-0.54717,-0.46128
0.22721,0.63515,0.15918,0.00405,-0.54680,-0.46274
0.22898,0.63558,0.16044,0.00472,-0.54640,-0.46572
0.23074,0.63602,0.16172,0.00540,-0.54600,-0.46869
0.23165,0.63619,0.16241,0.00582,-0.54599,-0.47017
0.23254,0.63635,0.16312,0.00624,-0.54598,-0.47166
0.23406,0.63680,0.16363,0.00636,-0.54585,-0.47405
0.23555,0.63725,0.16415,0.00650,-0.54571,-0.47643
0.23657,0.63744,0.16474,0.00718,-0.54697,-0.47765
0.23760,0.63764,0.16534,0.00786,-0.54824,-0.47886
0.23848,0.63779,0.16599,0.00771,-0.54766,-0.48064
0.23936,0.63793,0.16664,0.00755,-0.54709,-0.48242
0.23997,0.63804,0.16748,0.00785,-0.54709,-0.48373
0.24060,0.63814,0.16831,0.00813,-0.54710,-0.48506
0.24143,0.63826,0.16874,0.00808,-0.54720,-0.48651
0.24227,0.63838,0.16918,0.00801,-0.54732,-0.48797
0.24299,0.63872,0.17012,0.00872,-0.54722,-0.48929
0.24371,0.63906,0.17106,0.00942,-0.54713,-0.49060
0.24498,0.63924,0.17169,0.00954,-0.54705,-0.49262
0.24624,0.63941,0.17233,0.00966,-0.54697,-0.49464
0.24736,0.63951,0.17235,0.00833,-0.54718,-0.49685
0.24847,0.63963,0.17237,0.00699,-0.54739,-0.49905
0.24919,0.64000,0.17271,0.00702,-0.54748,-0.50057
0.24992,0.64038,0.17305,0.00705,-0.54756,-0.50209
0.25080,0.64074,0.17413,0.00778,-0.54721,-0.50341
0.25167,0.64110,0.17521,0.00851,-0.54686,-0.50472
0.25254,0.64147,0.17591,0.00869,-0.54703,-0.50665
0.25339,0.64184,0.17661,0.00888,-0.54720,-0.50856
0.25401,0.64231,0.17701,0.00890,-0.54695,-0.50937
0.25462,0.64278,0.17741,0.00892,-0.54671,-0.51016
0.25571,0.64339,0.17822,0.00922,-0.54641,-0.51213
0.25679,0.64400,0.17905,0.00954,-0.54612,-0.51407
0.25794,0.64366,0.18018,0.00937,-0.54598,-0.51683
0.25907,0.64333,0.18132,0.00921,-0.54584,-0.51959
0.25961,0.64437,0.18137,0.01036,-0.54605,-0.51976
0.26013,0.64542,0.18143,0.01150,-0.54628,-0.51994
0.26111,0.64556,0.18255,0.01082,-0.54579,-0.52209
0.26207,0.64569,0.18367,0.01015,-0.54530,-0.52424
0.26305,0.64601,0.18406,0.01015,-0.54540,-0.52620
0.26401,0.64634,0.18446,0.01014,-0.54551,-0.52814
0.26477,0.64697,0.18527,0.01142,-0.54526,-0.52878
0.26555,0.64761,0.18609,0.01270,-0.54501,-0.52943
0.26627,0.64844,0.18694,0.01256,-0.54481,-0.53124
0.26700,0.64926,0.18780,0.01241,-0.54461,-0.53305
0.26794,0.64992,0.18896,0.01356,-0.54454,-0.53465
0.26888,0.65059,0.19013,0.01471,-0.54448,-0.53624
0.26932,0.65112,0.19035,0.01468,-0.54452,-0.53741
0.26974,0.65166,0.19055,0.01466,-0.54456,-0.53857
0.27101,0.65218,0.19136,0.01521,-0.54446,-0.54013
0.27228,0.65268,0.19216,0.01574,-0.54438,-0.54171
0.27267,0.65356,0.19249,0.01566,-0.54423,-0.54254
0.27307,0.65443,0.19282,0.01557,-0.54409,-0.54337
0.27425,0.65496,0.19370,0.01575,-0.54402,-0.54546
0.27544,0.65547,0.19458,0.01592,-0.54394,-0.54755
0.27626,0.65603,0.19524,0.01587,-0.54399,-0.54917
0.27709,0.65660,0.19590,0.01582,-0.54404,-0.55080
0.27879,0.65655,0.19698,0.01523,-0.54406,-0.55411
0.28050,0.65650,0.19806,0.01465,-0.54409,-0.55741
0.28091,0.65728,0.19901,0.01570,-0.54367,-0.55808
0.28133,0.65805,0.19996,0.01675,-0.54324,-0.55876
0.28234,0.65859,0.20141,0.01716,-0.54289,-0.56137
0.28335,0.65912,0.20289,0.01759,-0.54254,-0.56396
0.28472,0.65998,0.20368,0.01758,-0.54237,-0.56586
0.28608,0.66083,0.20448,0.01759,-0.54220,-0.56774
0.28643,0.66160,0.20467,0.01755,-0.54241,-0.56889
0.28679,0.66239,0.20487,0.01752,-0.54261,-0.57004
0.28761,0.66309,0.20537,0.01814,-0.54212,-0.57121
0.28843,0.66380,0.20588,0.01878,-0.54162,-0.57237
0.28932,0.66462,0.20616,0.01835,-0.54167,-0.57354
0.29020,0.66545,0.20644,0.01793,-0.54173,-0.57470
0.29070,0.66623,0.20707,0.01858,-0.54145,-0.57561
0.29120,0.66702,0.20771,0.01924,-0.54120,-0.57652
0.29176,0.66791,0.20801,0.01940,-0.54111,-0.57736
0.29232,0.66879,0.20830,0.01957,-0.54104,-0.57818
0.29275,0.66950,0.20909,0.01923,-0.54091,-0.57991
0.29319,0.67021,0.20987,0.01891,-0.54076,-0.58164
0.29425,0.67087,0.21049,0.01991,-0.54049,-0.58297
0.29530,0.67152,0.21111,0.02092,-0.54023,-0.58431
0.29603,0.67257,0.21184,0.02144,-0.53997,-0.58530
0.29676,0.67360,0.21258,0.02196,-0.53972,-0.58629
0.29690,0.67495,0.21239,0.02178,-0.53983,-0.58645
0.29704,0.67629,0.21222,0.02161,-0.53993,-0.58659
0.29886,0.67602,0.21403,0.02175,-0.53979,-0.58995
0.30069,0.67573,0.21586,0.02190,-0.53964,-0.59331
0.30055,0.67699,0.21616,0.02254,-0.53938,-0.59348
0.30042,0.67826,0.21647,0.02317,-0.53913,-0.59365
0.30128,0.67913,0.21675,0.02321,-0.53885,-0.59465
0.30214,0.68001,0.21705,0.02326,-0.53857,-0.59564
0.30308,0.68074,0.21786,0.02379,-0.53849,-0.59713
0.30402,0.68147,0.21867,0.02431,-0.53842,-0.59862
0.30413,0.68245,0.21900,0.02443,-0.53809,-0.59930
0.30423,0.68342,0.21933,0.02454,-0.53775,-0.59998
0.30548,0.68401,0.21992,0.02401,-0.53761,-0.60190
0.30674,0.68461,0.22051,0.02349,-0.53746,-0.60382
0.30757,0.68535,0.22130,0.02346,-0.53720,-0.60535
0.30842,0.68610,0.22209,0.02344,-0.53693,-0.60688
0.30910,0.68653,0.22314,0.02358,-0.53670,-0.60871
0.30978,0.68696,0.22420,0.02373,-0.53647,-0.61053
0.31086,0.68787,0.22449,0.02341,-0.53631,-0.61173
0.31193,0.68876,0.22479,0.02310,-0.53616,-0.61293
0.31342,0.68879,0.22564,0.02304,-0.53608,-0.61556
0.31490,0.68881,0.22649,0.02300,-0.53599,-0.61818
0.31557,0.68970,0.22663,0.02217,-0.53592,-0.61978
0.31624,0.69058,0.22677,0.02133,-0.53585,-0.62137
0.31745,0.69118,0.22706,0.02059,-0.53582,-0.62346
0.31868,0.69178,0.22734,0.01984,-0.53579,-0.62556
0.32014,0.69242,0.22757,0.01882,-0.53573,-0.62765
0.32160,0.69308,0.22780,0.01781,-0.53569,-0.62974
0.32277,0.69386,0.22791,0.01678,-0.53566,-0.63176
0.32395,0.69461,0.22804,0.01576,-0.53562,-0.63379
0.32464,0.69529,0.22803,0.01510,-0.53566,-0.63569
0.32532,0.69594,0.22803,0.01444,-0.53569,-0.63758
0.32660,0.69652,0.22835,0.01386,-0.53567,-0.63964
0.32791,0.69711,0.22865,0.01327,-0.53564,-0.64170
0.32947,0.69751,0.22928,0.01278,-0.53550,-0.64384
0.33104,0.69791,0.22992,0.01229,-0.53537,-0.64599
0.33227,0.69837,0.23109,0.01267,-0.53506,-0.64779
0.33349,0.69882,0.23226,0.01304,-0.53474,-0.64959
0.33493,0.69887,0.23259,0.01239,-0.53469,-0.65240
0.33637,0.69890,0.23293,0.01174,-0.53465,-0.65522
0.33751,0.69959,0.23318,0.01112,-0.53470,-0.65697
0.33865,0.70027,0.23345,0.01051,-0.53475,-0.65871
0.33966,0.70074,0.23402,0.01010,-0.53460,-0.66087
0.34067,0.70120,0.23458,0.00971,-0.53445,-0.66300
0.34250,0.70152,0.23513,0.00925,-0.53432,-0.66541
0.34433,0.70184,0.23567,0.00879,-0.53419,-0.66781
0.34521,0.70224,0.23645,0.00883,-0.53409,-0.66978
0.34609,0.70263,0.23724,0.00885,-0.53400,-0.67175
0.34786,0.70299,0.23789,0.00873,-0.53384,-0.67387
0.34962,0.70334,0.23855,0.00860,-0.53369,-0.67599
0.35062,0.70395,0.23904,0.00804,-0.53362,-0.67788
0.35160,0.70456,0.23953,0.00749,-0.53355,-0.67976
0.35277,0.70498,0.23984,0.00704,-0.53352,-0.68195
0.35394,0.70539,0.24013,0.00659,-0.53349,-0.68412
0.35512,0.70593,0.24036,0.00608,-0.53343,-0.68611
0.35633,0.70646,0.24060,0.00557,-0.53335,-0.68811
0.35757,0.70672,0.24129,0.00539,-0.53324,-0.69037
0.35881,0.70697,0.24200,0.00521,-0.53313,-0.69262
0.36004,0.70730,0.24267,0.00526,-0.53304,-0.69468
0.36127,0.70765,0.24334,0.00531,-0.53295,-0.69672
0.36149,0.70754,0.24365,0.00528,-0.53336,-0.69726
0.36173,0.70744,0.24397,0.00526,-0.53375,-0.69779
0.36193,0.70736,0.24429,0.00523,-0.53416,-0.69831
0.36216,0.70726,0.24460,0.00520,-0.53455,-0.69885
0.36240,0.70718,0.24494,0.00520,-0.53496,-0.69937
0.36267,0.70709,0.24528,0.00519,-0.53537,-0.69990
0.36284,0.70697,0.24561,0.00521,-0.53576,-0.70041
0.36301,0.70686,0.24593,0.00521,-0.53615,-0.70093
0.36323,0.70676,0.24626,0.00520,-0.53654,-0.70146
0.36345,0.70666,0.24657,0.00518,-0.53693,-0.70199
0.36368,0.70656,0.24690,0.00517,-0.53733,-0.70252
0.36391,0.70646,0.24721,0.00515,-0.53772,-0.70306
0.36432,0.70630,0.24775,0.00521,-0.53808,-0.70365
0.36473,0.70615,0.24828,0.00528,-0.53844,-0.70425
0.36494,0.70605,0.24858,0.00524,-0.53884,-0.70477
0.36515,0.70597,0.24889,0.00520,-0.53924,-0.70530
0.36547,0.70585,0.24904,0.00508,-0.53966,-0.70589
0.36581,0.70574,0.24920,0.00496,-0.54007,-0.70649
0.36570,0.70571,0.24956,0.00502,-0.54049,-0.70685
0.36560,0.70568,0.24993,0.00509,-0.54092,-0.70721
0.36588,0.70556,0.25016,0.00493,-0.54129,-0.70786
0.36614,0.70544,0.25039,0.00476,-0.54167,-0.70851
0.36636,0.70535,0.25070,0.00475,-0.54206,-0.70903
0.36658,0.70526,0.25101,0.00473,-0.54245,-0.70955
0.36665,0.70529,0.25141,0.00495,-0.54287,-0.70973
0.36672,0.70532,0.25183,0.00516,-0.54330,-0.70993
0.36688,0.70526,0.25215,0.00517,-0.54369,-0.71038
0.36706,0.70520,0.25247,0.00518,-0.54408,-0.71084
0.36725,0.70513,0.25279,0.00516,-0.54448,-0.71133
0.36745,0.70506,0.25310,0.00514,-0.54489,-0.71181
0.36633,0.70613,0.25284,0.00534,-0.54523,-0.71019
0.36521,0.70720,0.25259,0.00556,-0.54557,-0.70858
0.36627,0.70628,0.25339,0.00556,-0.54605,-0.71053
0.36734,0.70536,0.25420,0.00558,-0.54654,-0.71248
0.36704,0.70536,0.25436,0.00613,-0.54714,-0.71238
0.36677,0.70535,0.25451,0.00667,-0.54773,-0.71230
0.36653,0.70617,0.25459,0.00617,-0.54797,-0.71164
0.36630,0.70699,0.25466,0.00566,-0.54821,-0.71098
0.36654,0.70632,0.25552,0.00653,-0.54871,-0.71186
0.36678,0.70566,0.25638,0.00740,-0.54920,-0.71273
0.36753,0.70572,0.25566,0.00564,-0.54942,-0.71409
0.36828,0.70579,0.25494,0.00387,-0.54964,-0.71545
0.36850,0.70530,0.25625,0.00523,-0.55018,-0.71574
0.36872,0.70482,0.25755,0.00658,-0.55073,-0.71604
0.36890,0.70468,0.25745,0.00601,-0.55122,-0.71687
0.36907,0.70457,0.25736,0.00546,-0.55172,-0.71768
0.36924,0.70448,0.25768,0.00547,-0.55213,-0.71815
0.36941,0.70441,0.25800,0.00547,-0.55255,-0.71862
0.36935,0.70438,0.25828,0.00578,-0.55304,-0.71880
0.36929,0.70434,0.25856,0.00610,-0.55353,-0.71899
0.36960,0.70419,0.25948,0.00643,-0.55384,-0.71942
0.36992,0.70401,0.26040,0.00677,-0.55415,-0.71986
0.36929,0.70439,0.26073,0.00750,-0.55469,-0.71921
0.36865,0.70476,0.26106,0.00823,-0.55525,-0.71855
0.36865,0.70481,0.26149,0.00828,-0.55565,-0.71863
0.36863,0.70486,0.26193,0.00834,-0.55605,-0.71870
0.36946,0.70429,0.26218,0.00793,-0.55643,-0.72023
0.37030,0.70372,0.26243,0.00752,-0.55681,-0.72176
0.37014,0.70391,0.26263,0.00764,-0.55725,-0.72177
0.36999,0.70411,0.26283,0.00776,-0.55770,-0.72177
0.37012,0.70395,0.26331,0.00805,-0.55816,-0.72221
0.37027,0.70378,0.26379,0.00833,-0.55862,-0.72266
0.37019,0.70391,0.26370,0.00817,-0.55911,-0.72293
0.37012,0.70402,0.26361,0.00802,-0.55961,-0.72320
0.37026,0.70390,0.26402,0.00812,-0.56004,-0.72359
0.37040,0.70378,0.26443,0.00823,-0.56046,-0.72398
0.37066,0.70368,0.26539,0.00880,-0.56082,-0.72424
0.37092,0.70356,0.26635,0.00937,-0.56117,-0.72450
0.37093,0.70356,0.26664,0.00957,-0.56165,-0.72473
0.37094,0.70357,0.26692,0.00976,-0.56213,-0.72495
0.37097,0.70348,0.26742,0.00998,-0.56252,-0.72527
0.37101,0.70339,0.26791,0.01020,-0.56292,-0.72559
0.37106,0.70337,0.26827,0.01034,-0.56335,-0.72588
0.37111,0.70334,0.26863,0.01047,-0.56378,-0.72618
0.37144,0.70331,0.26892,0.01042,-0.56418,-0.72664
0.37177,0.70328,0.26921,0.01039,-0.56458,-0.72710
0.37154,0.70335,0.26956,0.01069,-0.56511,-0.72715
0.37131,0.70343,0.26991,0.01098,-0.56564,-0.72721
0.37118,0.70337,0.27038,0.01112,-0.56608,-0.72754
0.37105,0.70331,0.27084,0.01125,-0.56651,-0.72787
0.37112,0.70330,0.27119,0.01138,-0.56694,-0.72816
0.37117,0.70329,0.27155,0.01152,-0.56736,-0.72845
0.37123,0.70331,0.27187,0.01160,-0.56776,-0.72872
0.37127,0.70332,0.27221,0.01170,-0.56817,-0.72899
0.37134,0.70328,0.27247,0.01159,-0.56855,-0.72949
0.37138,0.70324,0.27273,0.01148,-0.56894,-0.72998
0.37143,0.70323,0.27307,0.01159,-0.56937,-0.73028
0.37149,0.70323,0.27342,0.01171,-0.56980,-0.73059
0.37154,0.70322,0.27377,0.01183,-0.57022,-0.73089
0.37158,0.70322,0.27412,0.01194,-0.57065,-0.73119
0.37176,0.70323,0.27455,0.01219,-0.57117,-0.73136
0.37194,0.70324,0.27500,0.01244,-0.57169,-0.73154
0.37199,0.70323,0.27535,0.01258,-0.57212,-0.73181
0.37204,0.70322,0.27570,0.01269,-0.57255,-0.73210
0.37210,0.70321,0.27605,0.01282,-0.57298,-0.73240
0.37215,0.70318,0.27639,0.01294,-0.57342,-0.73271
0.37222,0.70317,0.27675,0.01306,-0.57384,-0.73301
0.37228,0.70315,0.27710,0.01317,-0.57426,-0.73331
0.37227,0.70314,0.27743,0.01331,-0.57466,-0.73356
0.37226,0.70313,0.27777,0.01343,-0.57507,-0.73382
0.37329,0.70139,0.27853,0.01380,-0.57539,-0.73548
0.37432,0.69965,0.27930,0.01417,-0.57572,-0.73714
0.37523,0.69813,0.27988,0.01438,-0.57589,-0.73866
0.37614,0.69661,0.28045,0.01458,-0.57607,-0.74020
0.37682,0.69503,0.28118,0.01500,-0.57640,-0.74162
0.37748,0.69343,0.28192,0.01542,-0.57672,-0.74305
0.37811,0.69182,0.28272,0.01600,-0.57708,-0.74442
0.37874,0.69021,0.28351,0.01659,-0.57744,-0.74579
0.37936,0.68851,0.28419,0.01685,-0.57775,-0.74742
0.37999,0.68682,0.28487,0.01712,-0.57806,-0.74905
0.38079,0.68534,0.28546,0.01745,-0.57833,-0.75044
0.38159,0.68387,0.28606,0.01779,-0.57860,-0.75182
0.38249,0.68217,0.28687,0.01827,-0.57900,-0.75331
0.38340,0.68047,0.28767,0.01874,-0.57941,-0.75482
0.38376,0.67885,0.28853,0.01936,-0.57980,-0.75612
0.38411,0.67724,0.28938,0.01998,-0.58019,-0.75741
0.38440,0.67584,0.28986,0.02034,-0.58054,-0.75870
0.38469,0.67445,0.29033,0.02070,-0.58087,-0.75997
0.38528,0.67301,0.29089,0.02112,-0.58122,-0.76124
0.38588,0.67157,0.29144,0.02152,-0.58156,-0.76252
0.38652,0.67031,0.29204,0.02226,-0.58189,-0.76329
0.38717,0.66907,0.29262,0.02300,-0.58223,-0.76404
0.38746,0.66818,0.29278,0.02327,-0.58238,-0.76458
0.38775,0.66728,0.29293,0.02352,-0.58253,-0.76513
0.38855,0.66552,0.29340,0.02363,-0.58310,-0.76694
0.38935,0.66376,0.29388,0.02374,-0.58368,-0.76875
0.38975,0.66195,0.29484,0.02452,-0.58411,-0.77042
0.39013,0.66014,0.29579,0.02530,-0.58454,-0.77209
0.39015,0.65917,0.29650,0.02615,-0.58494,-0.77226
0.39017,0.65821,0.29722,0.02702,-0.58534,-0.77243
0.39030,0.65784,0.29713,0.02688,-0.58558,-0.77254
0.39045,0.65746,0.29704,0.02674,-0.58582,-0.77264
0.39053,0.65740,0.29739,0.02655,-0.58642,-0.77321
0.39059,0.65734,0.29773,0.02635,-0.58702,-0.77376
0.39036,0.65787,0.29762,0.02573,-0.58742,-0.77338
0.39011,0.65840,0.29751,0.02513,-0.58782,-0.77298
0.39055,0.65779,0.29725,0.02464,-0.58791,-0.77386
0.39099,0.65717,0.29699,0.02416,-0.58799,-0.77472
0.39115,0.65756,0.29713,0.02374,-0.58823,-0.77495
0.39131,0.65796,0.29727,0.02331,-0.58846,-0.77518
0.39108,0.65741,0.29741,0.02351,-0.58894,-0.77528
0.39085,0.65685,0.29756,0.02370,-0.58940,-0.77539
0.39067,0.65737,0.29718,0.02317,-0.58974,-0.77459
0.39049,0.65787,0.29681,0.02265,-0.59008,-0.77378
0.39065,0.65758,0.29763,0.02298,-0.59044,-0.77465
0.39081,0.65728,0.29845,0.02332,-0.59079,-0.77550
0.39090,0.65716,0.29808,0.02259,-0.59147,-0.77594
0.39098,0.65703,0.29770,0.02185,-0.59216,-0.77637
0.39099,0.65702,0.29737,0.02121,-0.59181,-0.77651
0.39101,0.65701,0.29702,0.02055,-0.59145,-0.77665
0.39046,0.65682,0.29739,0.02163,-0.59161,-0.77571
0.38990,0.65662,0.29777,0.02271,-0.59177,-0.77478
0.39081,0.65683,0.29714,0.02062,-0.59221,-0.77647
0.39170,0.65703,0.29652,0.01853,-0.59265,-0.77814
0.39095,0.65700,0.29707,0.02008,-0.59282,-0.77642
0.39018,0.65697,0.29763,0.02164,-0.59299,-0.77470
0.39050,0.65655,0.29713,0.02033,-0.59313,-0.77561
0.39082,0.65614,0.29663,0.01902,-0.59327,-0.77651
0.39088,0.65671,0.29686,0.01832,-0.59440,-0.77706
0.39095,0.65728,0.29708,0.01762,-0.59553,-0.77762
0.39003,0.65674,0.29632,0.01796,-0.59437,-0.77565
0.38910,0.65619,0.29558,0.01831,-0.59321,-0.77368
0.38990,0.65607,0.29524,0.01651,-0.59428,-0.77554
0.39068,0.65596,0.29491,0.01470,-0.59536,-0.77740
0.39049,0.65596,0.29490,0.01461,-0.59564,-0.77700
0.39031,0.65598,0.29491,0.01454,-0.59592,-0.77659
0.38932,0.65596,0.29468,0.01530,-0.59540,-0.77474
0.38833,0.65593,0.29448,0.01608,-0.59487,-0.77288
0.38906,0.65553,0.29504,0.01582,-0.59567,-0.77445
0.38979,0.65511,0.29562,0.01555,-0.59648,-0.77603
0.38951,0.65518,0.29618,0.01636,-0.59670,-0.77580
0.38924,0.65523,0.29674,0.01715,-0.59691,-0.77558
0.38957,0.65540,0.29619,0.01524,-0.59768,-0.77639
0.38990,0.65557,0.29564,0.01332,-0.59845,-0.77721
0.38833,0.65539,0.29648,0.01473,-0.59963,-0.77523
0.38676,0.65520,0.29732,0.01614,-0.60079,-0.77324
0.38682,0.65497,0.29609,0.01577,-0.59924,-0.77250
0.38688,0.65473,0.29486,0.01538,-0.59769,-0.77177
0.38718,0.65438,0.29488,0.01447,-0.59837,-0.77271
0.38748,0.65405,0.29489,0.01356,-0.59905,-0.77365
0.38493,0.65354,0.29600,0.01559,-0.60134,-0.77051
0.38238,0.65302,0.29711,0.01763,-0.60363,-0.76737
0.38456,0.65401,0.29542,0.01493,-0.60142,-0.76994
0.38675,0.65499,0.29371,0.01222,-0.59922,-0.77252
0.38702,0.65419,0.29433,0.01231,-0.60021,-0.77339
0.38730,0.65338,0.29494,0.01239,-0.60121,-0.77428
0.38685,0.65382,0.29497,0.01307,-0.60082,-0.77318
0.38642,0.65426,0.29501,0.01376,-0.60042,-0.77208
0.38588,0.65427,0.29504,0.01291,-0.60216,-0.77196
0.38535,0.65426,0.29507,0.01208,-0.60391,-0.77185
0.38526,0.65410,0.29539,0.01294,-0.60370,-0.77162
0.38518,0.65394,0.29572,0.01380,-0.60350,-0.77138
0.38557,0.65363,0.29494,0.01299,-0.60217,-0.77173
0.38597,0.65332,0.29414,0.01217,-0.60083,-0.77208
0.38605,0.65324,0.29500,0.01233,-0.60239,-0.77269
0.38613,0.65318,0.29584,0.01249,-0.60395,-0.77330
0.38615,0.65323,0.29559,0.01199,-0.60398,-0.77349
0.38617,0.65328,0.29531,0.01148,-0.60399,-0.77368
0.38544,0.65285,0.29527,0.01241,-0.60365,-0.77217
0.38472,0.65241,0.29524,0.01333,-0.60329,-0.77067
0.38358,0.65328,0.29639,0.01504,-0.60425,-0.76918
0.38244,0.65414,0.29754,0.01673,-0.60520,-0.76770
0.38567,0.65448,0.29686,0.01498,-0.60291,-0.77220
0.38889,0.65481,0.29617,0.01325,-0.60060,-0.77668
0.39011,0.65529,0.29690,0.01372,-0.60006,-0.77853
0.39133,0.65578,0.29765,0.01422,-0.59953,-0.78036
0.39244,0.65641,0.29705,0.01269,-0.59863,-0.78200
0.39355,0.65704,0.29643,0.01117,-0.59774,-0.78362
0.39413,0.65681,0.29658,0.01255,-0.59632,-0.78377
0.39472,0.65658,0.29672,0.01394,-0.59489,-0.78392
0.39429,0.65764,0.29636,0.01457,-0.59427,-0.78274
0.39386,0.65869,0.29600,0.01519,-0.59365,-0.78157
0.39551,0.65945,0.29769,0.01631,-0.59333,-0.78420
0.39718,0.66021,0.29940,0.01743,-0.59303,-0.78683
0.40009,0.66041,0.29841,0.01385,-0.59265,-0.79155
0.40301,0.66059,0.29742,0.01025,-0.59227,-0.79627
0.40418,0.66166,0.29662,0.00903,-0.59154,-0.79754
0.40536,0.66272,0.29581,0.00781,-0.59081,-0.79880
0.40573,0.66234,0.29644,0.00944,-0.58943,-0.79899
0.40611,0.66195,0.29707,0.01107,-0.58806,-0.79918
0.40710,0.66350,0.29677,0.01020,-0.58772,-0.80055
0.40809,0.66502,0.29647,0.00934,-0.58739,-0.80192
0.40973,0.66582,0.29589,0.00722,-0.58696,-0.80407
0.41135,0.66660,0.29531,0.00511,-0.58652,-0.80621
0.41153,0.66728,0.29595,0.00686,-0.58534,-0.80591
0.41171,0.66795,0.29659,0.00862,-0.58415,-0.80562
0.41260,0.66906,0.29636,0.00740,-0.58437,-0.80702
0.41349,0.67017,0.29614,0.00618,-0.58459,-0.80842
0.41493,0.67059,0.29416,0.00281,-0.58400,-0.81044
0.41636,0.67100,0.29218,-0.00056,-0.58340,-0.81245
0.41726,0.67211,0.29473,0.00334,-0.58204,-0.81311
0.41816,0.67319,0.29729,0.00723,-0.58068,-0.81379
0.41965,0.67384,0.29581,0.00447,-0.58011,-0.81585
0.42112,0.67447,0.29432,0.00171,-0.57954,-0.81790
0.42094,0.67518,0.29612,0.00465,-0.57897,-0.81744
0.42074,0.67588,0.29792,0.00759,-0.57839,-0.81698
0.42246,0.67641,0.29756,0.00663,-0.57739,-0.81914
0.42418,0.67693,0.29720,0.00566,-0.57638,-0.82132
0.42620,0.67784,0.29548,0.00265,-0.57586,-0.82393
0.42822,0.67877,0.29374,-0.00037,-0.57533,-0.82653
0.43001,0.67958,0.29173,-0.00340,-0.57383,-0.82871
0.43179,0.68039,0.28972,-0.00642,-0.57233,-0.83088
0.43226,0.68132,0.29117,-0.00466,-0.57188,-0.83163
0.43272,0.68224,0.29263,-0.00291,-0.57143,-0.83239
0.43349,0.68332,0.29341,-0.00232,-0.57091,-0.83328
0.43426,0.68438,0.29420,-0.00173,-0.57039,-0.83416
0.43539,0.68536,0.29381,-0.00257,-0.56992,-0.83558
0.43650,0.68635,0.29343,-0.00341,-0.56946,-0.83699
0.43783,0.68727,0.29451,-0.00244,-0.56876,-0.83874
0.43918,0.68818,0.29559,-0.00148,-0.56807,-0.84049
0.43981,0.68890,0.29431,-0.00312,-0.56762,-0.84112
0.44045,0.68962,0.29304,-0.00475,-0.56718,-0.84175
0.44183,0.68999,0.29282,-0.00551,-0.56619,-0.84346
0.44321,0.69036,0.29260,-0.00627,-0.56521,-0.84519
0.44418,0.69106,0.29333,-0.00497,-0.56435,-0.84595
0.44515,0.69176,0.29406,-0.00365,-0.56349,-0.84670
0.44670,0.69279,0.29374,-0.00505,-0.56247,-0.84913
0.44825,0.69380,0.29342,-0.00645,-0.56145,-0.85156
0.45029,0.69403,0.29446,-0.00578,-0.56065,-0.85407
0.45232,0.69427,0.29550,-0.00511,-0.55984,-0.85657
0.45316,0.69478,0.29570,-0.00507,-0.55928,-0.85762
0.45401,0.69528,0.29587,-0.00504,-0.55872,-0.85867
0.45531,0.69643,0.29481,-0.00643,-0.55782,-0.86031
0.45662,0.69759,0.29373,-0.00781,-0.55691,-0.86194
0.45794,0.69785,0.29381,-0.00755,-0.55561,-0.86339
0.45925,0.69813,0.29387,-0.00728,-0.55431,-0.86483
0.45988,0.69803,0.29498,-0.00591,-0.55354,-0.86561
0.46050,0.69794,0.29607,-0.00455,-0.55278,-0.86639
0.46116,0.69886,0.29599,-0.00442,-0.55197,-0.86715
0.46184,0.69977,0.29593,-0.00429,-0.55115,-0.86791
0.46311,0.69982,0.29592,-0.00421,-0.55024,-0.86949
0.46437,0.69987,0.29593,-0.00412,-0.54933,-0.87106
0.46612,0.70194,0.29586,-0.00537,-0.54871,-0.87333
0.46788,0.70401,0.29580,-0.00659,-0.54808,-0.87559
0.47021,0.70449,0.29533,-0.00823,-0.54712,-0.87900
0.47255,0.70496,0.29486,-0.00988,-0.54616,-0.88241
0.47411,0.70527,0.29462,-0.01010,-0.54471,-0.88416
0.47566,0.70559,0.29440,-0.01033,-0.54327,-0.88592
0.47531,0.70510,0.29580,-0.00832,-0.54294,-0.88540
0.47496,0.70459,0.29721,-0.00631,-0.54260,-0.88489
0.47736,0.70551,0.29540,-0.00801,-0.54011,-0.88714
0.47975,0.70642,0.29358,-0.00969,-0.53761,-0.88938
0.48000,0.70726,0.29343,-0.01135,-0.53907,-0.89044
0.48025,0.70808,0.29326,-0.01302,-0.54054,-0.89150
0.48231,0.70858,0.29365,-0.01261,-0.53906,-0.89404
0.48438,0.70908,0.29404,-0.01219,-0.53758,-0.89658
0.48618,0.70980,0.29311,-0.01304,-0.53568,-0.89826
0.48798,0.71052,0.29217,-0.01389,-0.53379,-0.89993
0.48978,0.71281,0.29274,-0.01396,-0.53341,-0.90216
0.49160,0.71508,0.29332,-0.01402,-0.53304,-0.90439
0.49448,0.71528,0.29379,-0.01558,-0.53259,-0.90876
0.49736,0.71547,0.29425,-0.01715,-0.53214,-0.91314
0.49758,0.71572,0.29407,-0.01731,-0.53191,-0.91327
0.49780,0.71598,0.29387,-0.01747,-0.53166,-0.91340
0.49966,0.71625,0.29473,-0.01713,-0.53080,-0.91617
0.50152,0.71651,0.29559,-0.01679,-0.52993,-0.91893
0.50062,0.71705,0.29531,-0.01642,-0.53003,-0.91752
0.49972,0.71757,0.29504,-0.01605,-0.53013,-0.91612
0.50217,0.71659,0.29587,-0.01650,-0.52961,-0.92012
0.50462,0.71560,0.29672,-0.01694,-0.52909,-0.92412
0.50525,0.71595,0.29583,-0.01780,-0.52817,-0.92433
0.50588,0.71631,0.29493,-0.01867,-0.52726,-0.92456
0.50649,0.71632,0.29517,-0.01903,-0.52762,-0.92602
0.50711,0.71634,0.29540,-0.01941,-0.52796,-0.92749
0.51131,0.71734,0.29684,-0.02114,-0.52829,-0.93395
0.51555,0.71832,0.29830,-0.02287,-0.52861,-0.94041
0.51516,0.71829,0.29673,-0.02373,-0.52811,-0.93949
0.51477,0.71826,0.29516,-0.02460,-0.52761,-0.93858
0.51546,0.71815,0.29596,-0.02529,-0.52874,-0.94020
0.51615,0.71805,0.29676,-0.02600,-0.52986,-0.94183
0.51732,0.71811,0.29626,-0.02717,-0.52948,-0.94341
0.51849,0.71815,0.29576,-0.02834,-0.52910,-0.94499
0.51874,0.71800,0.29536,-0.02835,-0.52834,-0.94510
0.51900,0.71784,0.29495,-0.02836,-0.52757,-0.94523
0.51957,0.71837,0.29482,-0.02914,-0.52743,-0.94614
0.52014,0.71889,0.29467,-0.02992,-0.52728,-0.94704
0.52180,0.72021,0.29512,-0.03157,-0.52797,-0.94991
0.52346,0.72153,0.29555,-0.03324,-0.52865,-0.95279
0.52582,0.72056,0.29663,-0.03407,-0.52883,-0.95699
0.52819,0.71958,0.29771,-0.03491,-0.52900,-0.96119
0.53195,0.71722,0.29717,-0.03870,-0.52830,-0.96761
0.53573,0.71484,0.29661,-0.04251,-0.52758,-0.97405
0.53707,0.71492,0.29897,-0.04220,-0.52947,-0.97700
0.53840,0.71500,0.30134,-0.04189,-0.53136,-0.97994
0.53910,0.71520,0.29977,-0.04353,-0.53010,-0.98087
0.53981,0.71539,0.29820,-0.04517,-0.52885,-0.98178
0.53921,0.71487,0.29934,-0.04471,-0.53029,-0.98155
0.53860,0.71435,0.30049,-0.04422,-0.53173,-0.98130
0.53866,0.71430,0.30097,-0.04489,-0.53289,-0.98204
0.53874,0.71422,0.30146,-0.04556,-0.53403,-0.98280
0.54058,0.71476,0.30183,-0.04731,-0.53465,-0.98599
0.54243,0.71530,0.30219,-0.04907,-0.53528,-0.98919
0.54262,0.71540,0.30221,-0.04919,-0.53535,-0.98923
0.54279,0.71549,0.30223,-0.04930,-0.53543,-0.98927
0.54629,0.71388,0.30208,-0.05226,-0.53462,-0.99538
0.54978,0.71225,0.30193,-0.05522,-0.53380,-1.00147
0.55027,0.71226,0.30330,-0.05406,-0.53410,-1.00217
0.55077,0.71226,0.30467,-0.05290,-0.53440,-1.00288
0.55108,0.71222,0.30379,-0.05402,-0.53392,-1.00326
0.55139,0.71219,0.30293,-0.05514,-0.53343,-1.00363
0.55223,0.71284,0.30346,-0.05521,-0.53389,-1.00503
0.55306,0.71347,0.30400,-0.05527,-0.53435,-1.00643
0.55550,0.71323,0.30308,-0.05821,-0.53394,-1.01041
0.55796,0.71298,0.30214,-0.06116,-0.53350,-1.01441
0.56158,0.71369,0.30048,-0.06428,-0.53111,-1.01870
0.56519,0.71439,0.29881,-0.06738,-0.52871,-1.02296
0.56507,0.71439,0.29992,-0.06753,-0.53089,-1.02397
0.56493,0.71440,0.30105,-0.06767,-0.53307,-1.02496
0.56874,0.71213,0.30082,-0.07181,-0.53052,-1.03130
0.57254,0.70985,0.30060,-0.07593,-0.52794,-1.03761
0.57338,0.70912,0.30068,-0.07717,-0.52833,-1.03940
0.57422,0.70840,0.30076,-0.07841,-0.52872,-1.04120
0.57556,0.70680,0.30049,-0.08004,-0.52857,-1.04407
0.57689,0.70520,0.30021,-0.08167,-0.52842,-1.04694
0.57742,0.70520,0.30061,-0.08216,-0.52902,-1.04794
0.57795,0.70520,0.30102,-0.08265,-0.52962,-1.04894
0.57962,0.70549,0.29979,-0.08514,-0.52878,-1.05119
0.58130,0.70578,0.29857,-0.08762,-0.52792,-1.05344
0.58207,0.70654,0.29840,-0.08848,-0.52820,-1.05454
0.58287,0.70729,0.29824,-0.08935,-0.52848,-1.05566
0.58497,0.71061,0.29772,-0.09093,-0.52770,-1.05677
0.58707,0.71395,0.29721,-0.09249,-0.52691,-1.05788
0.58866,0.71405,0.29793,-0.09423,-0.52642,-1.06106
0.59025,0.71416,0.29865,-0.09595,-0.52594,-1.06423
0.59158,0.71168,0.29923,-0.09757,-0.52659,-1.06766
0.59290,0.70919,0.29980,-0.09920,-0.52724,-1.07108
0.59352,0.71003,0.29928,-0.10012,-0.52729,-1.07173
0.59414,0.71087,0.29875,-0.10104,-0.52733,-1.07236
0.59469,0.71562,0.29912,-0.10070,-0.52650,-1.07072
0.59525,0.72038,0.29948,-0.10036,-0.52566,-1.06909
0.59665,0.71765,0.29949,-0.10220,-0.52622,-1.07274
0.59804,0.71493,0.29948,-0.10404,-0.52678,-1.07639
0.59968,0.71472,0.29877,-0.10643,-0.52601,-1.07935
0.60130,0.71452,0.29807,-0.10882,-0.52524,-1.08231
0.60292,0.71374,0.29862,-0.11038,-0.52523,-1.08484
0.60455,0.71294,0.29916,-0.11194,-0.52522,-1.08737
0.60588,0.71352,0.29995,-0.11258,-0.52558,-1.08926
0.60720,0.71408,0.30075,-0.11321,-0.52593,-1.09115
0.60733,0.71620,0.30011,-0.11391,-0.52483,-1.09064
0.60747,0.71832,0.29947,-0.11461,-0.52373,-1.09013
0.60656,0.71861,0.30089,-0.11324,-0.52479,-1.08925
0.60564,0.71889,0.30233,-0.11186,-0.52585,-1.08836
0.60959,0.71813,0.30146,-0.11640,-0.52518,-1.09459
0.61352,0.71733,0.30059,-0.12091,-0.52450,-1.10081
0.61463,0.71624,0.30037,-0.12225,-0.52452,-1.10276
0.61572,0.71513,0.30015,-0.12360,-0.52455,-1.10472
0.61736,0.71504,0.30028,-0.12513,-0.52475,-1.10724
0.61899,0.71495,0.30041,-0.12665,-0.52496,-1.10975
0.62029,0.71588,0.30117,-0.12790,-0.52473,-1.11152
0.62158,0.71681,0.30194,-0.12914,-0.52451,-1.11327
0.62253,0.71655,0.30141,-0.13060,-0.52427,-1.11502
0.62347,0.71630,0.30086,-0.13206,-0.52403,-1.11678
0.62449,0.71781,0.30083,-0.13323,-0.52399,-1.11809
0.62553,0.71931,0.30081,-0.13440,-0.52395,-1.11942
0.62704,0.71935,0.30110,-0.13613,-0.52330,-1.12195
0.62855,0.71936,0.30140,-0.13787,-0.52264,-1.12448
0.62945,0.71831,0.30249,-0.13878,-0.52365,-1.12693
0.63033,0.71726,0.30357,-0.13969,-0.52465,-1.12937
0.63313,0.71933,0.30297,-0.14217,-0.52326,-1.13260
0.63595,0.72140,0.30237,-0.14464,-0.52185,-1.13582
0.63523,0.72119,0.30342,-0.14191,-0.52175,-1.13451
0.63451,0.72100,0.30446,-0.13919,-0.52163,-1.13321
0.63265,0.72149,0.30566,-0.13678,-0.52262,-1.13199
0.63080,0.72196,0.30687,-0.13437,-0.52360,-1.13077
0.63124,0.72447,0.30814,-0.13275,-0.52340,-1.13056
0.63167,0.72699,0.30943,-0.13112,-0.52319,-1.13035
0.62973,0.72776,0.30870,-0.12920,-0.52388,-1.12869
0.62778,0.72852,0.30798,-0.12727,-0.52455,-1.12703
0.62853,0.72997,0.30969,-0.12512,-0.52400,-1.12668
0.62926,0.73142,0.31140,-0.12297,-0.52345,-1.12632
0.62921,0.73379,0.31306,-0.12111,-0.52318,-1.12615
0.62916,0.73618,0.31471,-0.11925,-0.52290,-1.12598
0.62784,0.73689,0.31583,-0.11670,-0.52298,-1.12451
0.62653,0.73760,0.31694,-0.11413,-0.52306,-1.12303
0.62749,0.73966,0.31842,-0.11240,-0.52254,-1.12303
0.62846,0.74172,0.31990,-0.11066,-0.52201,-1.12305
0.62509,0.74247,0.31765,-0.10909,-0.52352,-1.12067
0.62170,0.74323,0.31540,-0.10751,-0.52503,-1.11828
0.62093,0.74375,0.31627,-0.10506,-0.52508,-1.11685
0.62016,0.74427,0.31715,-0.10261,-0.52514,-1.11543
0.61945,0.74445,0.31839,-0.09992,-0.52511,-1.11400
0.61872,0.74464,0.31963,-0.09723,-0.52507,-1.11256
0.61685,0.74547,0.31997,-0.09486,-0.52540,-1.11088
0.61498,0.74630,0.32032,-0.09250,-0.52573,-1.10920
0.61410,0.74632,0.32138,-0.08976,-0.52566,-1.10756
0.61322,0.74633,0.32245,-0.08701,-0.52558,-1.10591
0.61344,0.74809,0.32315,-0.08526,-0.52537,-1.10545
0.61365,0.74983,0.32385,-0.08353,-0.52516,-1.10498
0.61276,0.75234,0.32435,-0.08187,-0.52532,-1.10436
0.61189,0.75484,0.32485,-0.08023,-0.52547,-1.10375
0.61033,0.75672,0.32459,-0.07850,-0.52579,-1.10251
0.60880,0.75858,0.32432,-0.07679,-0.52610,-1.10130
0.60852,0.75992,0.32401,-0.07523,-0.52636,-1.10045
0.60826,0.76126,0.32369,-0.07365,-0.52660,-1.09960
0.60834,0.76295,0.32308,-0.07241,-0.52689,-1.09909
0.60842,0.76464,0.32247,-0.07117,-0.52719,-1.09858
0.60849,0.76634,0.32187,-0.06992,-0.52749,-1.09806
0.60857,0.76804,0.32127,-0.06868,-0.52778,-1.09755
0.60865,0.76974,0.32069,-0.06743,-0.52808,-1.09704
0.60872,0.77145,0.32010,-0.06618,-0.52838,-1.09652
0.60879,0.77314,0.31951,-0.06494,-0.52867,-1.09601
0.60886,0.77485,0.31894,-0.06369,-0.52897,-1.09549
0.60894,0.77657,0.31835,-0.06244,-0.52926,-1.09497
0.60900,0.77828,0.31778,-0.06119,-0.52956,-1.09445
0.60907,0.78000,0.31721,-0.05995,-0.52986,-1.09394
0.60914,0.78171,0.31664,-0.05870,-0.53014,-1.09342
0.60921,0.78343,0.31608,-0.05745,-0.53044,-1.09290
0.60927,0.78515,0.31552,-0.05620,-0.53073,-1.09238
0.60934,0.78687,0.31496,-0.05495,-0.53102,-1.09187
0.60940,0.78860,0.31441,-0.05370,-0.53131,-1.09135
0.60946,0.79033,0.31387,-0.05244,-0.53160,-1.09082
0.60952,0.79205,0.31333,-0.05119,-0.53189,-1.09030
0.60958,0.79379,0.31278,-0.04994,-0.53217,-1.08978
0.60964,0.79552,0.31224,-0.04869,-0.53247,-1.08926
0.60970,0.79727,0.31170,-0.04744,-0.53276,-1.08873
0.60976,0.79900,0.31118,-0.04618,-0.53304,-1.08821
0.60981,0.80074,0.31066,-0.04492,-0.53333,-1.08769
0.60986,0.80249,0.31014,-0.04366,-0.53362,-1.08716
0.60993,0.80423,0.30962,-0.04241,-0.53390,-1.08664
0.60998,0.80598,0.30911,-0.04115,-0.53418,-1.08611
0.61003,0.80774,0.30859,-0.03990,-0.53447,-1.08558
0.61007,0.80949,0.30809,-0.03864,-0.53476,-1.08505
0.61012,0.81124,0.30759,-0.03738,-0.53505,-1.08453
0.61017,0.81300,0.30710,-0.03611,-0.53533,-1.08400
0.61022,0.81476,0.30660,-0.03485,-0.53561,-1.08347
0.61026,0.81652,0.30611,-0.03360,-0.53589,-1.08294
0.61031,0.81829,0.30561,-0.03234,-0.53617,-1.08242
0.61035,0.82005,0.30513,-0.03107,-0.53645,-1.08188
0.61039,0.82182,0.30466,-0.02981,-0.53674,-1.08135
0.61043,0.82359,0.30418,-0.02855,-0.53702,-1.08082
0.61046,0.82537,0.30371,-0.02729,-0.53730,-1.08028
0.61050,0.82714,0.30324,-0.02602,-0.53757,-1.07975
0.61054,0.82892,0.30277,-0.02475,-0.53786,-1.07921
0.61058,0.83069,0.30231,-0.02350,-0.53813,-1.07868
0.61061,0.83247,0.30185,-0.02223,-0.53841,-1.07815
0.61064,0.83425,0.30141,-0.02096,-0.53869,-1.07762
0.61067,0.83604,0.30096,-0.01969,-0.53896,-1.07708
0.61070,0.83783,0.30050,-0.01843,-0.53924,-1.07654
0.61073,0.83962,0.30007,-0.01716,-0.53952,-1.07600
0.61076,0.84141,0.29963,-0.01589,-0.53979,-1.07546
0.61078,0.84321,0.29919,-0.01462,-0.54006,-1.07492
0.61080,0.84500,0.29876,-0.01335,-0.54034,-1.07438
0.61083,0.84680,0.29834,-0.01208,-0.54060,-1.07385
0.61085,0.84860,0.29792,-0.01081,-0.54088,-1.07331
0.61088,0.85040,0.29750,-0.00954,-0.54115,-1.07277
0.61091,0.85220,0.29709,-0.00826,-0.54142,-1.07223
0.61093,0.85401,0.29667,-0.00700,-0.54169,-1.07169
0.61094,0.85583,0.29627,-0.00572,-0.54197,-1.07114
0.61095,0.85764,0.29587,-0.00445,-0.54224,-1.07060
0.61097,0.85944,0.29547,-0.00317,-0.54250,-1.07005
0.61098,0.86126,0.29508,-0.00190,-0.54277,-1.06951
0.61100,0.86308,0.29467,-0.00063,-0.54304,-1.06896
0.61101,0.86489,0.29429,0.00065,-0.54331,-1.06842
0.61101,0.86672,0.29391,0.00193,-0.54358,-1.06787
0.61103,0.86854,0.29352,0.00320,-0.54384,-1.06734
0.61103,0.87036,0.29315,0.00448,-0.54411,-1.06679
0.61104,0.87219,0.29279,0.00576,-0.54438,-1.06624
0.61104,0.87402,0.29241,0.00704,-0.54464,-1.06569
0.61105,0.87585,0.29204,0.00832,-0.54490,-1.06514
0.61104,0.87769,0.29168,0.00959,-0.54517,-1.06459
