1.45061,-0.46097,0.44456,0.28263,-0.82185,-1.77556
1.45050,-0.46178,0.44640,0.28218,-0.82155,-1.77565
1.45039,-0.46260,0.44824,0.28173,-0.82124,-1.77574
1.45029,-0.46341,0.45007,0.28128,-0.82093,-1.77583
1.45018,-0.46421,0.45188,0.28084,-0.82063,-1.77592
1.45007,-0.46503,0.45371,0.28040,-0.82032,-1.77601
1.44996,-0.46582,0.45550,0.27997,-0.82001,-1.77610
1.44982,-0.46672,0.45736,0.27937,-0.81956,-1.77638
1.44969,-0.46762,0.45920,0.27876,-0.81911,-1.77666
1.44951,-0.46831,0.46052,0.27822,-0.81871,-1.77664
1.44933,-0.46900,0.46184,0.27768,-0.81833,-1.77662
1.44915,-0.46988,0.46342,0.27691,-0.81786,-1.77653
1.44896,-0.47075,0.46499,0.27615,-0.81739,-1.77645
1.44878,-0.47176,0.46690,0.27533,-0.81686,-1.77677
1.44861,-0.47278,0.46880,0.27451,-0.81632,-1.77710
1.44844,-0.47349,0.47013,0.27396,-0.81589,-1.77701
1.44827,-0.47419,0.47146,0.27340,-0.81546,-1.77694
1.44808,-0.47500,0.47295,0.27276,-0.81501,-1.77690
1.44789,-0.47579,0.47443,0.27211,-0.81457,-1.77685
1.44771,-0.47644,0.47571,0.27166,-0.81414,-1.77688
1.44754,-0.47708,0.47698,0.27123,-0.81372,-1.77690
1.44737,-0.47766,0.47818,0.27085,-0.81331,-1.77679
1.44719,-0.47824,0.47937,0.27048,-0.81290,-1.77668
1.44701,-0.47903,0.48080,0.26982,-0.81246,-1.77661
1.44684,-0.47981,0.48221,0.26917,-0.81203,-1.77655
1.44667,-0.48058,0.48364,0.26855,-0.81158,-1.77657
1.44650,-0.48134,0.48505,0.26794,-0.81113,-1.77660
1.44631,-0.48221,0.48652,0.26713,-0.81069,-1.77639
1.44613,-0.48308,0.48798,0.26631,-0.81026,-1.77619
1.44596,-0.48377,0.48932,0.26581,-0.80982,-1.77627
1.44579,-0.48447,0.49066,0.26530,-0.80939,-1.77635
1.44561,-0.48523,0.49204,0.26465,-0.80896,-1.77629
1.44544,-0.48600,0.49342,0.26402,-0.80853,-1.77623
1.44527,-0.48670,0.49470,0.26344,-0.80811,-1.77615
1.44511,-0.48741,0.49598,0.26286,-0.80770,-1.77607
1.44493,-0.48817,0.49737,0.26223,-0.80725,-1.77603
1.44476,-0.48894,0.49876,0.26161,-0.80681,-1.77599
1.44458,-0.48976,0.50014,0.26082,-0.80640,-1.77578
1.44440,-0.49059,0.50152,0.26004,-0.80600,-1.77558
1.44423,-0.49127,0.50284,0.25955,-0.80554,-1.77563
1.44406,-0.49195,0.50416,0.25906,-0.80508,-1.77569
1.44389,-0.49267,0.50542,0.25845,-0.80468,-1.77554
1.44372,-0.49339,0.50670,0.25783,-0.80427,-1.77539
1.44355,-0.49422,0.50813,0.25708,-0.80382,-1.77532
1.44337,-0.49504,0.50955,0.25634,-0.80338,-1.77525
1.44321,-0.49569,0.51076,0.25585,-0.80297,-1.77514
1.44304,-0.49634,0.51196,0.25535,-0.80256,-1.77503
1.44287,-0.49714,0.51341,0.25468,-0.80209,-1.77508
1.44269,-0.49795,0.51487,0.25401,-0.80162,-1.77514
1.44253,-0.49868,0.51615,0.25338,-0.80120,-1.77502
1.44236,-0.49941,0.51745,0.25274,-0.80077,-1.77491
1.44219,-0.50018,0.51879,0.25207,-0.80035,-1.77483
1.44201,-0.50095,0.52012,0.25140,-0.79992,-1.77476
1.44185,-0.50169,0.52142,0.25076,-0.79950,-1.77468
1.44168,-0.50243,0.52273,0.25012,-0.79907,-1.77460
1.44152,-0.50313,0.52397,0.24954,-0.79865,-1.77450
1.44135,-0.50382,0.52521,0.24896,-0.79824,-1.77440
1.44119,-0.50455,0.52649,0.24833,-0.79781,-1.77431
1.44102,-0.50527,0.52776,0.24772,-0.79739,-1.77423
1.44084,-0.50617,0.52923,0.24687,-0.79694,-1.77410
1.44066,-0.50705,0.53068,0.24603,-0.79648,-1.77396
1.44049,-0.50776,0.53199,0.24547,-0.79604,-1.77396
1.44031,-0.50848,0.53331,0.24491,-0.79560,-1.77395
1.44014,-0.50917,0.53457,0.24435,-0.79518,-1.77391
1.43997,-0.50986,0.53582,0.24379,-0.79476,-1.77385
1.43980,-0.51052,0.53703,0.24326,-0.79435,-1.77382
1.43964,-0.51118,0.53823,0.24274,-0.79394,-1.77378
1.43948,-0.51184,0.53942,0.24220,-0.79353,-1.77373
1.43931,-0.51252,0.54063,0.24165,-0.79313,-1.77368
1.43913,-0.51320,0.54190,0.24111,-0.79269,-1.77365
1.43896,-0.51388,0.54316,0.24058,-0.79226,-1.77362
1.43879,-0.51452,0.54434,0.24008,-0.79186,-1.77359
1.43863,-0.51517,0.54551,0.23958,-0.79145,-1.77355
1.43846,-0.51584,0.54675,0.23904,-0.79103,-1.77352
1.43829,-0.51651,0.54796,0.23851,-0.79061,-1.77348
1.43811,-0.51717,0.54917,0.23801,-0.79019,-1.77345
1.43794,-0.51782,0.55037,0.23751,-0.78977,-1.77342
1.43776,-0.51854,0.55163,0.23688,-0.78938,-1.77338
1.43757,-0.51927,0.55290,0.23625,-0.78898,-1.77334
1.43743,-0.51973,0.55390,0.23606,-0.78850,-1.77336
1.43729,-0.52019,0.55489,0.23588,-0.78803,-1.77338
1.43712,-0.52082,0.55604,0.23538,-0.78763,-1.77333
1.43696,-0.52146,0.55719,0.23489,-0.78722,-1.77328
1.43679,-0.52222,0.55850,0.23422,-0.78677,-1.77320
1.43661,-0.52300,0.55982,0.23355,-0.78633,-1.77312
1.43645,-0.52365,0.56100,0.23303,-0.78590,-1.77303
1.43628,-0.52431,0.56218,0.23252,-0.78547,-1.77294
1.43612,-0.52480,0.56313,0.23218,-0.78512,-1.77276
1.43597,-0.52530,0.56409,0.23184,-0.78476,-1.77259
1.43580,-0.52598,0.56529,0.23127,-0.78435,-1.77253
1.43563,-0.52667,0.56649,0.23071,-0.78393,-1.77247
1.43547,-0.52727,0.56758,0.23026,-0.78353,-1.77242
1.43532,-0.52786,0.56866,0.22980,-0.78314,-1.77236
1.43516,-0.52843,0.56973,0.22940,-0.78273,-1.77230
1.43499,-0.52900,0.57080,0.22900,-0.78232,-1.77223
1.43483,-0.52978,0.57208,0.22829,-0.78186,-1.77202
1.43466,-0.53056,0.57336,0.22757,-0.78140,-1.77181
1.43450,-0.53113,0.57443,0.22716,-0.78100,-1.77177
1.43434,-0.53171,0.57550,0.22674,-0.78060,-1.77173
1.43418,-0.53227,0.57657,0.22636,-0.78021,-1.77173
1.43401,-0.53283,0.57763,0.22598,-0.77981,-1.77174
1.43391,-0.53318,0.57827,0.22574,-0.77960,-1.77182
1.43381,-0.53352,0.57889,0.22551,-0.77939,-1.77189
1.43371,-0.53388,0.57952,0.22527,-0.77918,-1.77196
1.43361,-0.53423,0.58015,0.22503,-0.77896,-1.77203
1.43351,-0.53457,0.58078,0.22481,-0.77875,-1.77215
1.43341,-0.53492,0.58142,0.22459,-0.77853,-1.77226
1.43330,-0.53583,0.58261,0.22351,-0.77826,-1.77229
1.43320,-0.53675,0.58380,0.22242,-0.77798,-1.77232
1.43310,-0.53704,0.58454,0.22245,-0.77764,-1.77296
1.43300,-0.53733,0.58528,0.22248,-0.77730,-1.77360
1.43286,-0.53780,0.58616,0.22215,-0.77713,-1.77421
1.43272,-0.53827,0.58703,0.22181,-0.77697,-1.77482
1.43259,-0.53893,0.58808,0.22118,-0.77674,-1.77534
1.43245,-0.53959,0.58913,0.22054,-0.77650,-1.77587
1.43228,-0.54005,0.59013,0.22030,-0.77634,-1.77682
1.43212,-0.54052,0.59113,0.22005,-0.77618,-1.77776
1.43195,-0.54107,0.59221,0.21965,-0.77604,-1.77868
1.43177,-0.54163,0.59329,0.21924,-0.77589,-1.77959
1.43161,-0.54212,0.59432,0.21895,-0.77573,-1.78053
1.43144,-0.54261,0.59534,0.21867,-0.77556,-1.78148
1.43128,-0.54313,0.59640,0.21835,-0.77535,-1.78238
1.43111,-0.54364,0.59745,0.21804,-0.77515,-1.78328
1.43094,-0.54415,0.59850,0.21773,-0.77497,-1.78423
1.43078,-0.54466,0.59955,0.21742,-0.77479,-1.78517
1.43061,-0.54536,0.60071,0.21677,-0.77458,-1.78578
1.43044,-0.54605,0.60186,0.21612,-0.77437,-1.78639
1.43029,-0.54657,0.60286,0.21577,-0.77418,-1.78726
1.43014,-0.54708,0.60386,0.21543,-0.77399,-1.78812
1.42997,-0.54777,0.60502,0.21482,-0.77375,-1.78880
1.42981,-0.54846,0.60618,0.21421,-0.77351,-1.78948
1.42964,-0.54909,0.60729,0.21367,-0.77332,-1.79021
1.42948,-0.54973,0.60841,0.21312,-0.77312,-1.79094
1.42931,-0.55028,0.60947,0.21275,-0.77291,-1.79183
1.42915,-0.55083,0.61054,0.21238,-0.77270,-1.79272
1.42898,-0.55149,0.61169,0.21182,-0.77247,-1.79344
1.42881,-0.55215,0.61285,0.21126,-0.77223,-1.79416
1.42865,-0.55307,0.61418,0.21026,-0.77193,-1.79450
1.42849,-0.55399,0.61550,0.20927,-0.77163,-1.79483
1.42831,-0.55445,0.61650,0.20900,-0.77151,-1.79580
1.42814,-0.55492,0.61749,0.20874,-0.77139,-1.79678
1.42800,-0.55549,0.61845,0.20826,-0.77108,-1.79722
1.42785,-0.55607,0.61942,0.20778,-0.77077,-1.79766
1.42771,-0.55679,0.62049,0.20706,-0.77051,-1.79798
1.42757,-0.55750,0.62156,0.20634,-0.77026,-1.79829
1.42740,-0.55853,0.62296,0.20514,-0.76996,-1.79836
1.42724,-0.55957,0.62437,0.20393,-0.76966,-1.79842
1.42709,-0.56029,0.62546,0.20321,-0.76940,-1.79872
1.42694,-0.56102,0.62656,0.20248,-0.76914,-1.79902
1.42680,-0.56172,0.62758,0.20175,-0.76888,-1.79916
1.42665,-0.56242,0.62860,0.20102,-0.76861,-1.79930
1.42651,-0.56319,0.62970,0.20020,-0.76824,-1.79940
1.42636,-0.56398,0.63081,0.19938,-0.76786,-1.79950
1.42622,-0.56445,0.63162,0.19904,-0.76757,-1.79995
1.42609,-0.56491,0.63242,0.19871,-0.76729,-1.80040
1.42595,-0.56588,0.63364,0.19756,-0.76690,-1.80007
1.42581,-0.56686,0.63487,0.19639,-0.76651,-1.79975
1.42569,-0.56744,0.63580,0.19585,-0.76631,-1.79995
1.42557,-0.56802,0.63672,0.19532,-0.76610,-1.80014
1.42546,-0.56861,0.63753,0.19474,-0.76574,-1.79997
1.42535,-0.56920,0.63834,0.19415,-0.76538,-1.79980
1.42523,-0.56986,0.63925,0.19344,-0.76509,-1.79963
1.42511,-0.57052,0.64016,0.19272,-0.76481,-1.79945
1.42495,-0.57118,0.64124,0.19211,-0.76461,-1.79993
1.42479,-0.57183,0.64231,0.19151,-0.76442,-1.80041
1.42466,-0.57247,0.64324,0.19088,-0.76412,-1.80043
1.42453,-0.57312,0.64419,0.19024,-0.76381,-1.80046
1.42441,-0.57363,0.64501,0.18982,-0.76347,-1.80063
1.42428,-0.57414,0.64582,0.18940,-0.76313,-1.80079
1.42415,-0.57490,0.64689,0.18861,-0.76283,-1.80084
1.42401,-0.57565,0.64797,0.18781,-0.76254,-1.80088
1.42387,-0.57629,0.64891,0.18716,-0.76228,-1.80091
1.42373,-0.57694,0.64985,0.18650,-0.76203,-1.80094
1.42361,-0.57759,0.65080,0.18588,-0.76167,-1.80095
1.42348,-0.57824,0.65175,0.18526,-0.76131,-1.80096
1.42337,-0.57850,0.65230,0.18517,-0.76113,-1.80118
1.42327,-0.57876,0.65285,0.18509,-0.76094,-1.80141
1.42313,-0.57959,0.65392,0.18416,-0.76053,-1.80109
1.42300,-0.58042,0.65499,0.18323,-0.76011,-1.80077
1.42289,-0.58041,0.65531,0.18353,-0.76006,-1.80130
1.42278,-0.58041,0.65562,0.18384,-0.76001,-1.80183
1.42270,-0.58070,0.65621,0.18376,-0.75974,-1.80205
1.42262,-0.58099,0.65681,0.18368,-0.75948,-1.80226
1.42243,-0.58248,0.65845,0.18170,-0.75889,-1.80132
1.42225,-0.58397,0.66009,0.17971,-0.75831,-1.80038
1.42213,-0.58449,0.66088,0.17927,-0.75801,-1.80035
1.42201,-0.58500,0.66167,0.17883,-0.75771,-1.80032
1.42188,-0.58555,0.66253,0.17832,-0.75746,-1.80038
1.42176,-0.58612,0.66341,0.17780,-0.75720,-1.80045
1.42165,-0.58660,0.66414,0.17740,-0.75690,-1.80038
1.42155,-0.58707,0.66487,0.17698,-0.75660,-1.80031
1.42144,-0.58753,0.66559,0.17662,-0.75631,-1.80028
1.42132,-0.58798,0.66631,0.17625,-0.75603,-1.80026
1.42121,-0.58842,0.66702,0.17590,-0.75576,-1.80024
1.42110,-0.58887,0.66773,0.17554,-0.75548,-1.80022
1.42099,-0.58931,0.66843,0.17519,-0.75520,-1.80019
1.42087,-0.58975,0.66915,0.17484,-0.75492,-1.80016
1.42075,-0.59021,0.66988,0.17447,-0.75464,-1.80015
1.42064,-0.59067,0.67061,0.17410,-0.75436,-1.80014
1.42053,-0.59111,0.67132,0.17374,-0.75409,-1.80012
1.42041,-0.59156,0.67203,0.17338,-0.75381,-1.80009
1.42026,-0.59247,0.67304,0.17256,-0.75324,-1.79926
1.42011,-0.59339,0.67407,0.17172,-0.75267,-1.79842
1.41998,-0.59425,0.67500,0.17095,-0.75210,-1.79749
1.41984,-0.59512,0.67594,0.17017,-0.75153,-1.79654
1.41968,-0.59596,0.67694,0.16946,-0.75102,-1.79595
1.41952,-0.59681,0.67794,0.16875,-0.75051,-1.79537
1.41936,-0.59781,0.67902,0.16779,-0.74989,-1.79443
1.41920,-0.59879,0.68009,0.16684,-0.74928,-1.79350
1.41906,-0.59981,0.68117,0.16584,-0.74865,-1.79243
1.41891,-0.60082,0.68225,0.16484,-0.74803,-1.79136
1.41877,-0.60141,0.68296,0.16449,-0.74757,-1.79073
1.41863,-0.60201,0.68368,0.16414,-0.74711,-1.79010
1.41851,-0.60253,0.68423,0.16389,-0.74647,-1.78924
1.41839,-0.60304,0.68479,0.16365,-0.74583,-1.78838
1.41827,-0.60383,0.68558,0.16296,-0.74521,-1.78712
1.41816,-0.60461,0.68637,0.16228,-0.74459,-1.78586
1.41803,-0.60541,0.68723,0.16159,-0.74404,-1.78499
1.41790,-0.60621,0.68809,0.16091,-0.74349,-1.78412
1.41777,-0.60722,0.68926,0.15999,-0.74292,-1.78353
1.41764,-0.60823,0.69044,0.15907,-0.74236,-1.78294
1.41751,-0.60901,0.69128,0.15840,-0.74180,-1.78203
1.41737,-0.60980,0.69212,0.15773,-0.74123,-1.78113
1.41724,-0.61059,0.69297,0.15706,-0.74067,-1.78023
1.41711,-0.61138,0.69383,0.15639,-0.74011,-1.77934
1.41698,-0.61214,0.69463,0.15574,-0.73955,-1.77832
1.41686,-0.61290,0.69543,0.15510,-0.73899,-1.77729
1.41672,-0.61360,0.69618,0.15455,-0.73847,-1.77648
1.41658,-0.61429,0.69693,0.15400,-0.73794,-1.77567
1.41645,-0.61522,0.69793,0.15315,-0.73734,-1.77481
1.41632,-0.61614,0.69893,0.15231,-0.73674,-1.77394
1.41619,-0.61680,0.69968,0.15184,-0.73623,-1.77324
1.41605,-0.61746,0.70043,0.15137,-0.73573,-1.77253
1.41593,-0.61839,0.70138,0.15047,-0.73511,-1.77144
1.41581,-0.61931,0.70233,0.14957,-0.73450,-1.77034
1.41566,-0.62005,0.70312,0.14896,-0.73397,-1.76951
1.41551,-0.62078,0.70391,0.14835,-0.73345,-1.76868
1.41537,-0.62161,0.70479,0.14762,-0.73287,-1.76776
1.41524,-0.62243,0.70566,0.14688,-0.73230,-1.76683
1.41514,-0.62320,0.70646,0.14622,-0.73174,-1.76577
1.41504,-0.62397,0.70727,0.14556,-0.73117,-1.76471
1.41491,-0.62487,0.70822,0.14472,-0.73060,-1.76370
1.41478,-0.62577,0.70916,0.14388,-0.73003,-1.76269
1.41464,-0.62658,0.71007,0.14318,-0.72948,-1.76187
1.41450,-0.62740,0.71098,0.14249,-0.72893,-1.76105
1.41437,-0.62817,0.71177,0.14180,-0.72836,-1.76011
1.41424,-0.62895,0.71255,0.14111,-0.72779,-1.75917
1.41413,-0.62974,0.71335,0.14041,-0.72717,-1.75808
1.41401,-0.63054,0.71415,0.13969,-0.72656,-1.75700
1.41386,-0.63144,0.71514,0.13887,-0.72598,-1.75618
1.41372,-0.63234,0.71613,0.13805,-0.72541,-1.75537
1.41359,-0.63323,0.71709,0.13725,-0.72479,-1.75453
1.41346,-0.63411,0.71804,0.13645,-0.72418,-1.75370
1.41334,-0.63481,0.71875,0.13588,-0.72362,-1.75261
1.41323,-0.63550,0.71946,0.13531,-0.72306,-1.75151
1.41308,-0.63641,0.72042,0.13447,-0.72243,-1.75066
1.41294,-0.63732,0.72139,0.13363,-0.72180,-1.74982
1.41282,-0.63795,0.72207,0.13318,-0.72128,-1.74889
1.41269,-0.63858,0.72275,0.13274,-0.72076,-1.74795
1.41257,-0.63925,0.72347,0.13226,-0.72018,-1.74704
1.41245,-0.63991,0.72419,0.13178,-0.71959,-1.74613
1.41232,-0.64065,0.72504,0.13122,-0.71905,-1.74548
1.41219,-0.64140,0.72590,0.13066,-0.71852,-1.74482
1.41204,-0.64226,0.72686,0.12990,-0.71798,-1.74417
1.41189,-0.64313,0.72784,0.12914,-0.71743,-1.74352
1.41175,-0.64369,0.72852,0.12884,-0.71691,-1.74295
1.41160,-0.64425,0.72919,0.12855,-0.71639,-1.74238
1.41147,-0.64477,0.72984,0.12831,-0.71593,-1.74182
1.41134,-0.64529,0.73047,0.12808,-0.71547,-1.74124
1.41119,-0.64581,0.73113,0.12786,-0.71501,-1.74086
1.41103,-0.64633,0.73178,0.12763,-0.71455,-1.74049
1.41091,-0.64699,0.73258,0.12722,-0.71403,-1.73986
1.41079,-0.64764,0.73337,0.12682,-0.71351,-1.73923
1.41066,-0.64827,0.73409,0.12640,-0.71301,-1.73861
1.41054,-0.64889,0.73480,0.12600,-0.71251,-1.73799
1.41040,-0.64946,0.73548,0.12570,-0.71199,-1.73737
1.41026,-0.65002,0.73615,0.12541,-0.71148,-1.73675
1.41011,-0.65067,0.73698,0.12502,-0.71096,-1.73623
1.40996,-0.65133,0.73781,0.12463,-0.71044,-1.73570
1.40982,-0.65188,0.73846,0.12435,-0.70994,-1.73521
1.40967,-0.65243,0.73911,0.12406,-0.70944,-1.73471
1.40950,-0.65303,0.73989,0.12377,-0.70891,-1.73435
1.40933,-0.65361,0.74065,0.12349,-0.70839,-1.73400
1.40921,-0.65417,0.74135,0.12323,-0.70794,-1.73353
1.40909,-0.65473,0.74205,0.12297,-0.70749,-1.73307
1.40890,-0.65522,0.74277,0.12287,-0.70700,-1.73289
1.40871,-0.65571,0.74350,0.12277,-0.70652,-1.73271
1.40857,-0.65641,0.74433,0.12231,-0.70596,-1.73216
1.40844,-0.65710,0.74515,0.12186,-0.70541,-1.73162
1.40829,-0.65765,0.74586,0.12159,-0.70496,-1.73126
1.40815,-0.65820,0.74656,0.12132,-0.70451,-1.73090
1.40796,-0.65871,0.74730,0.12118,-0.70405,-1.73085
1.40778,-0.65922,0.74804,0.12104,-0.70359,-1.73079
1.40765,-0.65993,0.74879,0.12047,-0.70307,-1.72999
1.40752,-0.66064,0.74955,0.11990,-0.70256,-1.72918
1.40736,-0.66136,0.75051,0.11946,-0.70206,-1.72901
1.40720,-0.66208,0.75145,0.11901,-0.70155,-1.72884
1.40705,-0.66269,0.75222,0.11869,-0.70106,-1.72843
1.40689,-0.66329,0.75298,0.11837,-0.70057,-1.72801
1.40671,-0.66378,0.75369,0.11824,-0.70016,-1.72787
1.40652,-0.66428,0.75440,0.11810,-0.69976,-1.72773
1.40640,-0.66433,0.75471,0.11856,-0.69942,-1.72783
1.40628,-0.66437,0.75501,0.11901,-0.69909,-1.72793
1.40607,-0.66439,0.75543,0.11958,-0.69890,-1.72876
1.40586,-0.66441,0.75587,0.12014,-0.69870,-1.72959
1.40569,-0.66470,0.75651,0.12028,-0.69843,-1.73011
1.40552,-0.66499,0.75716,0.12042,-0.69815,-1.73062
1.40538,-0.66538,0.75786,0.12040,-0.69782,-1.73091
1.40524,-0.66576,0.75856,0.12039,-0.69749,-1.73119
1.40509,-0.66575,0.75884,0.12095,-0.69718,-1.73140
1.40493,-0.66574,0.75912,0.12151,-0.69686,-1.73161
1.40481,-0.66564,0.75929,0.12215,-0.69662,-1.73172
1.40470,-0.66556,0.75948,0.12279,-0.69637,-1.73184
1.40452,-0.66538,0.75961,0.12356,-0.69613,-1.73232
1.40435,-0.66522,0.75975,0.12433,-0.69588,-1.73281
1.40420,-0.66545,0.76032,0.12455,-0.69559,-1.73321
1.40405,-0.66569,0.76088,0.12476,-0.69530,-1.73361
1.40386,-0.66563,0.76115,0.12540,-0.69501,-1.73400
1.40367,-0.66556,0.76140,0.12603,-0.69472,-1.73439
1.40352,-0.66558,0.76172,0.12654,-0.69447,-1.73477
1.40337,-0.66560,0.76205,0.12705,-0.69423,-1.73514
1.40324,-0.66576,0.76250,0.12737,-0.69393,-1.73533
1.40311,-0.66591,0.76296,0.12769,-0.69362,-1.73552
1.40291,-0.66595,0.76332,0.12817,-0.69337,-1.73604
1.40270,-0.66599,0.76369,0.12865,-0.69311,-1.73656
1.40255,-0.66607,0.76408,0.12908,-0.69286,-1.73692
1.40241,-0.66615,0.76447,0.12951,-0.69260,-1.73728
1.40224,-0.66618,0.76483,0.13000,-0.69235,-1.73768
1.40207,-0.66621,0.76518,0.13050,-0.69209,-1.73809
1.40193,-0.66627,0.76556,0.13099,-0.69182,-1.73840
1.40179,-0.66632,0.76594,0.13147,-0.69153,-1.73873
1.40162,-0.66635,0.76631,0.13200,-0.69127,-1.73915
1.40145,-0.66638,0.76669,0.13252,-0.69100,-1.73958
1.40124,-0.66653,0.76722,0.13288,-0.69077,-1.74026
1.40103,-0.66667,0.76774,0.13324,-0.69055,-1.74093
1.40090,-0.66666,0.76800,0.13378,-0.69026,-1.74107
1.40078,-0.66664,0.76824,0.13434,-0.68997,-1.74122
1.40061,-0.66675,0.76868,0.13473,-0.68971,-1.74165
1.40044,-0.66685,0.76911,0.13513,-0.68946,-1.74209
1.40025,-0.66678,0.76932,0.13574,-0.68922,-1.74250
1.40006,-0.66670,0.76954,0.13635,-0.68899,-1.74292
1.39989,-0.66704,0.77022,0.13642,-0.68870,-1.74334
1.39972,-0.66738,0.77090,0.13648,-0.68841,-1.74375
1.39954,-0.66771,0.77158,0.13657,-0.68817,-1.74432
1.39937,-0.66804,0.77226,0.13665,-0.68791,-1.74488
1.39920,-0.66835,0.77290,0.13675,-0.68763,-1.74529
1.39904,-0.66867,0.77355,0.13684,-0.68735,-1.74568
1.39885,-0.66904,0.77431,0.13689,-0.68712,-1.74641
1.39867,-0.66941,0.77507,0.13694,-0.68690,-1.74714
1.39851,-0.66974,0.77571,0.13700,-0.68663,-1.74753
1.39835,-0.67007,0.77635,0.13706,-0.68636,-1.74792
1.39828,-0.67045,0.77687,0.13696,-0.68602,-1.74774
1.39821,-0.67083,0.77741,0.13685,-0.68568,-1.74757
1.39807,-0.67110,0.77791,0.13694,-0.68540,-1.74774
1.39792,-0.67136,0.77840,0.13704,-0.68512,-1.74790
1.39776,-0.67183,0.77919,0.13692,-0.68484,-1.74835
1.39760,-0.67229,0.77997,0.13678,-0.68457,-1.74879
1.39749,-0.67249,0.78023,0.13686,-0.68419,-1.74830
1.39738,-0.67270,0.78051,0.13694,-0.68381,-1.74782
1.39720,-0.67305,0.78127,0.13704,-0.68357,-1.74857
1.39702,-0.67340,0.78204,0.13715,-0.68334,-1.74933
1.39687,-0.67381,0.78268,0.13704,-0.68303,-1.74947
1.39673,-0.67421,0.78331,0.13694,-0.68273,-1.74961
1.39661,-0.67451,0.78368,0.13690,-0.68238,-1.74925
1.39649,-0.67479,0.78405,0.13686,-0.68203,-1.74888
1.39633,-0.67487,0.78444,0.13730,-0.68177,-1.74926
1.39616,-0.67494,0.78482,0.13774,-0.68150,-1.74964
1.39598,-0.67504,0.78523,0.13813,-0.68123,-1.74998
1.39581,-0.67513,0.78564,0.13854,-0.68096,-1.75031
1.39564,-0.67521,0.78603,0.13897,-0.68070,-1.75069
1.39547,-0.67528,0.78641,0.13941,-0.68043,-1.75108
1.39530,-0.67530,0.78680,0.13998,-0.68018,-1.75162
1.39514,-0.67532,0.78718,0.14056,-0.67993,-1.75217
1.39499,-0.67555,0.78768,0.14073,-0.67964,-1.75244
1.39484,-0.67579,0.78818,0.14090,-0.67936,-1.75270
1.39469,-0.67617,0.78883,0.14086,-0.67905,-1.75292
1.39453,-0.67657,0.78948,0.14081,-0.67874,-1.75312
1.39435,-0.67670,0.78995,0.14116,-0.67848,-1.75355
1.39417,-0.67685,0.79043,0.14151,-0.67822,-1.75399
1.39400,-0.67696,0.79091,0.14196,-0.67795,-1.75453
1.39383,-0.67707,0.79140,0.14240,-0.67768,-1.75507
1.39367,-0.67714,0.79177,0.14285,-0.67740,-1.75540
1.39351,-0.67721,0.79214,0.14329,-0.67713,-1.75573
1.39334,-0.67733,0.79258,0.14365,-0.67687,-1.75613
1.39316,-0.67746,0.79303,0.14402,-0.67661,-1.75654
1.39299,-0.67758,0.79349,0.14441,-0.67635,-1.75699
1.39282,-0.67770,0.79395,0.14481,-0.67609,-1.75745
1.39263,-0.67791,0.79453,0.14509,-0.67584,-1.75802
1.39244,-0.67812,0.79511,0.14537,-0.67559,-1.75858
1.39225,-0.67831,0.79569,0.14570,-0.67535,-1.75924
1.39205,-0.67850,0.79627,0.14602,-0.67511,-1.75990
1.39190,-0.67853,0.79662,0.14653,-0.67487,-1.76028
1.39175,-0.67856,0.79697,0.14703,-0.67463,-1.76066
1.39158,-0.67872,0.79747,0.14736,-0.67438,-1.76112
1.39141,-0.67889,0.79798,0.14769,-0.67412,-1.76157
1.39123,-0.67902,0.79854,0.14814,-0.67392,-1.76238
1.39105,-0.67914,0.79910,0.14859,-0.67372,-1.76319
1.39088,-0.67930,0.79960,0.14893,-0.67346,-1.76365
1.39070,-0.67946,0.80011,0.14928,-0.67319,-1.76412
1.39052,-0.67961,0.80060,0.14963,-0.67293,-1.76458
1.39034,-0.67977,0.80111,0.14998,-0.67267,-1.76505
1.39040,-0.67994,0.80108,0.14956,-0.67243,-1.76396
1.39046,-0.68011,0.80105,0.14915,-0.67220,-1.76286
1.39047,-0.68053,0.80145,0.14852,-0.67196,-1.76227
1.39047,-0.68094,0.80183,0.14790,-0.67173,-1.76169
1.39047,-0.68131,0.80215,0.14731,-0.67149,-1.76104
1.39046,-0.68167,0.80247,0.14672,-0.67126,-1.76039
1.39047,-0.68208,0.80286,0.14611,-0.67102,-1.75977
1.39048,-0.68248,0.80324,0.14551,-0.67077,-1.75914
1.39048,-0.68280,0.80349,0.14496,-0.67054,-1.75842
1.39049,-0.68312,0.80372,0.14441,-0.67031,-1.75770
1.39051,-0.68352,0.80407,0.14377,-0.67007,-1.75701
1.39053,-0.68392,0.80442,0.14313,-0.66983,-1.75632
1.39054,-0.68428,0.80472,0.14257,-0.66958,-1.75557
1.39056,-0.68464,0.80504,0.14201,-0.66932,-1.75484
1.39057,-0.68496,0.80526,0.14145,-0.66907,-1.75400
1.39059,-0.68528,0.80549,0.14089,-0.66882,-1.75316
1.39060,-0.68565,0.80580,0.14029,-0.66857,-1.75241
1.39061,-0.68602,0.80610,0.13968,-0.66832,-1.75165
1.39064,-0.68641,0.80640,0.13905,-0.66806,-1.75080
1.39067,-0.68679,0.80668,0.13842,-0.66780,-1.74996
1.39067,-0.68721,0.80708,0.13776,-0.66754,-1.74930
1.39067,-0.68764,0.80747,0.13710,-0.66729,-1.74863
1.39067,-0.68780,0.80750,0.13671,-0.66709,-1.74778
1.39067,-0.68796,0.80753,0.13633,-0.66689,-1.74694
1.39071,-0.68852,0.80803,0.13548,-0.66659,-1.74609
1.39074,-0.68908,0.80853,0.13463,-0.66630,-1.74524
1.39075,-0.68943,0.80880,0.13403,-0.66606,-1.74443
1.39076,-0.68978,0.80907,0.13342,-0.66582,-1.74362
1.39078,-0.69016,0.80940,0.13282,-0.66556,-1.74289
1.39079,-0.69054,0.80972,0.13222,-0.66531,-1.74216
1.39081,-0.69089,0.80997,0.13160,-0.66507,-1.74129
1.39083,-0.69124,0.81021,0.13098,-0.66484,-1.74044
1.39082,-0.69158,0.81052,0.13044,-0.66459,-1.73977
1.39081,-0.69192,0.81083,0.12989,-0.66434,-1.73909
1.39084,-0.69237,0.81118,0.12915,-0.66409,-1.73823
1.39087,-0.69281,0.81153,0.12841,-0.66384,-1.73736
1.39086,-0.69317,0.81186,0.12783,-0.66360,-1.73671
1.39085,-0.69354,0.81219,0.12725,-0.66336,-1.73605
1.39087,-0.69392,0.81247,0.12660,-0.66310,-1.73519
1.39088,-0.69430,0.81276,0.12594,-0.66284,-1.73433
1.39089,-0.69470,0.81311,0.12529,-0.66259,-1.73359
1.39090,-0.69511,0.81346,0.12463,-0.66234,-1.73284
1.39093,-0.69557,0.81383,0.12387,-0.66208,-1.73195
1.39096,-0.69603,0.81419,0.12311,-0.66182,-1.73106
1.39090,-0.69636,0.81463,0.12268,-0.66163,-1.73091
1.39084,-0.69669,0.81508,0.12224,-0.66145,-1.73075
1.39085,-0.69711,0.81545,0.12156,-0.66119,-1.72998
1.39086,-0.69754,0.81582,0.12087,-0.66093,-1.72922
1.39087,-0.69793,0.81615,0.12023,-0.66070,-1.72839
1.39088,-0.69832,0.81648,0.11958,-0.66047,-1.72756
1.39090,-0.69880,0.81692,0.11884,-0.66021,-1.72689
1.39091,-0.69927,0.81735,0.11810,-0.65995,-1.72622
1.39088,-0.69902,0.81720,0.11849,-0.65980,-1.72587
1.39085,-0.69876,0.81705,0.11889,-0.65965,-1.72552
1.39082,-0.69846,0.81689,0.11939,-0.65954,-1.72542
1.39079,-0.69815,0.81673,0.11991,-0.65943,-1.72532
1.39075,-0.69781,0.81657,0.12046,-0.65938,-1.72532
1.39072,-0.69748,0.81641,0.12101,-0.65932,-1.72532
1.39065,-0.69720,0.81635,0.12152,-0.65928,-1.72556
1.39058,-0.69692,0.81630,0.12202,-0.65924,-1.72580
1.39055,-0.69665,0.81618,0.12248,-0.65913,-1.72565
1.39052,-0.69638,0.81606,0.12293,-0.65902,-1.72551
1.39049,-0.69609,0.81593,0.12342,-0.65894,-1.72546
1.39047,-0.69580,0.81579,0.12390,-0.65886,-1.72542
1.39040,-0.69560,0.81581,0.12431,-0.65877,-1.72555
1.39033,-0.69540,0.81585,0.12471,-0.65868,-1.72568
1.39028,-0.69511,0.81576,0.12521,-0.65863,-1.72576
1.39023,-0.69483,0.81567,0.12571,-0.65858,-1.72584
1.39017,-0.69466,0.81571,0.12609,-0.65846,-1.72593
1.39012,-0.69448,0.81575,0.12646,-0.65834,-1.72603
1.39008,-0.69465,0.81604,0.12627,-0.65818,-1.72588
1.39005,-0.69481,0.81632,0.12609,-0.65803,-1.72573
1.39002,-0.69498,0.81660,0.12591,-0.65788,-1.72559
1.38999,-0.69515,0.81689,0.12573,-0.65772,-1.72544
1.38995,-0.69531,0.81717,0.12555,-0.65757,-1.72530
1.38992,-0.69547,0.81744,0.12538,-0.65742,-1.72515
1.38985,-0.69534,0.81757,0.12571,-0.65735,-1.72543
1.38977,-0.69522,0.81769,0.12604,-0.65728,-1.72571
1.38972,-0.69496,0.81773,0.12662,-0.65715,-1.72605
1.38966,-0.69470,0.81775,0.12720,-0.65703,-1.72638
1.38958,-0.69472,0.81799,0.12730,-0.65698,-1.72656
1.38950,-0.69473,0.81823,0.12740,-0.65695,-1.72673
1.38940,-0.69455,0.81834,0.12781,-0.65689,-1.72709
1.38930,-0.69438,0.81845,0.12823,-0.65684,-1.72745
1.38924,-0.69429,0.81863,0.12853,-0.65674,-1.72770
1.38917,-0.69420,0.81881,0.12884,-0.65664,-1.72796
1.38913,-0.69437,0.81912,0.12868,-0.65644,-1.72777
1.38908,-0.69454,0.81944,0.12853,-0.65625,-1.72758
1.38904,-0.69470,0.81974,0.12838,-0.65606,-1.72740
1.38900,-0.69486,0.82004,0.12823,-0.65588,-1.72723
1.38896,-0.69501,0.82034,0.12809,-0.65569,-1.72704
1.38892,-0.69517,0.82064,0.12795,-0.65550,-1.72685
1.38888,-0.69532,0.82094,0.12782,-0.65532,-1.72670
1.38883,-0.69547,0.82124,0.12769,-0.65514,-1.72655
1.38881,-0.69566,0.82154,0.12749,-0.65493,-1.72627
1.38879,-0.69585,0.82185,0.12730,-0.65471,-1.72600
1.38874,-0.69601,0.82217,0.12716,-0.65453,-1.72585
1.38868,-0.69617,0.82249,0.12702,-0.65435,-1.72571
1.38864,-0.69635,0.82281,0.12684,-0.65417,-1.72554
1.38860,-0.69652,0.82313,0.12667,-0.65398,-1.72536
1.38858,-0.69645,0.82286,0.12699,-0.65393,-1.72518
1.38857,-0.69638,0.82259,0.12732,-0.65389,-1.72499
1.38847,-0.69566,0.82199,0.12881,-0.65402,-1.72573
1.38837,-0.69494,0.82139,0.13030,-0.65415,-1.72647
1.38836,-0.69489,0.82111,0.13055,-0.65408,-1.72612
1.38836,-0.69485,0.82082,0.13080,-0.65401,-1.72577
1.38824,-0.69412,0.82033,0.13239,-0.65411,-1.72692
1.38813,-0.69337,0.81983,0.13400,-0.65423,-1.72808
1.38804,-0.69273,0.81933,0.13540,-0.65434,-1.72888
1.38795,-0.69208,0.81882,0.13681,-0.65445,-1.72968
1.38782,-0.69139,0.81839,0.13833,-0.65467,-1.73096
1.38769,-0.69071,0.81797,0.13984,-0.65488,-1.73223
1.38757,-0.69006,0.81748,0.14121,-0.65504,-1.73305
1.38745,-0.68942,0.81700,0.14257,-0.65520,-1.73387
1.38739,-0.68883,0.81652,0.14388,-0.65524,-1.73454
1.38734,-0.68825,0.81604,0.14517,-0.65528,-1.73520
1.38728,-0.68764,0.81553,0.14649,-0.65536,-1.73588
1.38721,-0.68702,0.81501,0.14782,-0.65544,-1.73656
1.38710,-0.68650,0.81465,0.14902,-0.65559,-1.73730
1.38698,-0.68597,0.81429,0.15023,-0.65574,-1.73804
1.38686,-0.68534,0.81388,0.15163,-0.65587,-1.73918
1.38675,-0.68471,0.81348,0.15304,-0.65600,-1.74031
1.38665,-0.68396,0.81287,0.15453,-0.65615,-1.74112
1.38656,-0.68322,0.81225,0.15603,-0.65629,-1.74193
1.38649,-0.68296,0.81203,0.15679,-0.65633,-1.74244
1.38642,-0.68269,0.81181,0.15757,-0.65636,-1.74296
1.38635,-0.68262,0.81167,0.15798,-0.65638,-1.74310
1.38627,-0.68254,0.81153,0.15839,-0.65639,-1.74324
1.38620,-0.68202,0.81116,0.15960,-0.65646,-1.74408
1.38613,-0.68150,0.81078,0.16081,-0.65652,-1.74492
1.38603,-0.68124,0.81063,0.16161,-0.65658,-1.74560
1.38593,-0.68098,0.81048,0.16241,-0.65664,-1.74628
1.38585,-0.68089,0.81042,0.16290,-0.65671,-1.74666
1.38576,-0.68080,0.81035,0.16340,-0.65678,-1.74704
1.38564,-0.68028,0.81008,0.16465,-0.65688,-1.74822
1.38551,-0.67975,0.80980,0.16591,-0.65698,-1.74941
1.38544,-0.67949,0.80956,0.16664,-0.65709,-1.74983
1.38536,-0.67921,0.80932,0.16738,-0.65720,-1.75025
1.38528,-0.67897,0.80915,0.16814,-0.65723,-1.75091
1.38519,-0.67872,0.80898,0.16890,-0.65725,-1.75157
1.38505,-0.67833,0.80884,0.16997,-0.65741,-1.75277
1.38491,-0.67793,0.80871,0.17104,-0.65757,-1.75398
1.38483,-0.67771,0.80856,0.17173,-0.65760,-1.75441
1.38475,-0.67750,0.80840,0.17242,-0.65763,-1.75485
1.38468,-0.67720,0.80819,0.17327,-0.65764,-1.75552
1.38461,-0.67690,0.80797,0.17412,-0.65766,-1.75620
1.38447,-0.67662,0.80790,0.17498,-0.65781,-1.75711
1.38434,-0.67634,0.80782,0.17583,-0.65797,-1.75802
1.38423,-0.67604,0.80768,0.17671,-0.65805,-1.75884
1.38413,-0.67574,0.80753,0.17757,-0.65815,-1.75966
1.38401,-0.67534,0.80732,0.17856,-0.65827,-1.76055
1.38389,-0.67496,0.80711,0.17954,-0.65839,-1.76143
1.38379,-0.67465,0.80697,0.18042,-0.65848,-1.76226
1.38370,-0.67435,0.80683,0.18129,-0.65856,-1.76309
1.38359,-0.67403,0.80669,0.18219,-0.65864,-1.76394
1.38349,-0.67370,0.80655,0.18310,-0.65873,-1.76479
1.38338,-0.67338,0.80643,0.18400,-0.65882,-1.76567
1.38327,-0.67306,0.80629,0.18491,-0.65891,-1.76655
1.38319,-0.67271,0.80609,0.18582,-0.65898,-1.76734
1.38311,-0.67237,0.80590,0.18673,-0.65905,-1.76813
1.38300,-0.67204,0.80576,0.18765,-0.65913,-1.76900
1.38290,-0.67170,0.80560,0.18858,-0.65923,-1.76986
1.38279,-0.67135,0.80545,0.18951,-0.65933,-1.77074
1.38268,-0.67101,0.80531,0.19044,-0.65943,-1.77162
1.38259,-0.67064,0.80512,0.19140,-0.65948,-1.77241
1.38250,-0.67027,0.80491,0.19237,-0.65954,-1.77320
1.38241,-0.66993,0.80473,0.19329,-0.65962,-1.77396
1.38231,-0.66957,0.80454,0.19422,-0.65970,-1.77472
1.38222,-0.66926,0.80439,0.19509,-0.65975,-1.77544
1.38212,-0.66895,0.80422,0.19597,-0.65982,-1.77616
1.38204,-0.66864,0.80405,0.19684,-0.65984,-1.77683
1.38196,-0.66832,0.80388,0.19772,-0.65986,-1.77750
1.38187,-0.66805,0.80372,0.19850,-0.65993,-1.77815
1.38178,-0.66778,0.80356,0.19929,-0.65999,-1.77881
1.38160,-0.66745,0.80364,0.20028,-0.66024,-1.78027
1.38141,-0.66711,0.80371,0.20128,-0.66050,-1.78173
1.38139,-0.66675,0.80329,0.20210,-0.66047,-1.78187
1.38136,-0.66639,0.80287,0.20292,-0.66044,-1.78201
1.38125,-0.66606,0.80273,0.20383,-0.66054,-1.78289
1.38115,-0.66572,0.80260,0.20474,-0.66065,-1.78378
1.38106,-0.66541,0.80244,0.20559,-0.66073,-1.78450
1.38097,-0.66510,0.80227,0.20643,-0.66081,-1.78522
1.38087,-0.66477,0.80212,0.20731,-0.66091,-1.78602
1.38077,-0.66444,0.80196,0.20820,-0.66100,-1.78682
1.38067,-0.66427,0.80206,0.20893,-0.66107,-1.78790
1.38057,-0.66411,0.80218,0.20967,-0.66113,-1.78898
1.38048,-0.66377,0.80203,0.21059,-0.66125,-1.78984
1.38038,-0.66343,0.80189,0.21151,-0.66136,-1.79070
1.38027,-0.66310,0.80175,0.21238,-0.66147,-1.79155
1.38017,-0.66277,0.80160,0.21325,-0.66159,-1.79241
1.38008,-0.66228,0.80122,0.21428,-0.66171,-1.79303
1.37999,-0.66179,0.80084,0.21531,-0.66184,-1.79366
1.37988,-0.66146,0.80074,0.21621,-0.66195,-1.79457
1.37978,-0.66113,0.80064,0.21710,-0.66206,-1.79548
1.37966,-0.66076,0.80052,0.21805,-0.66219,-1.79647
1.37954,-0.66040,0.80040,0.21899,-0.66233,-1.79745
1.37942,-0.66004,0.80035,0.21994,-0.66249,-1.79858
1.37929,-0.65968,0.80030,0.22090,-0.66266,-1.79972
1.37918,-0.65947,0.80033,0.22166,-0.66278,-1.80071
1.37908,-0.65926,0.80037,0.22240,-0.66290,-1.80169
1.37888,-0.65891,0.80060,0.22350,-0.66306,-1.80327
1.37869,-0.65855,0.80082,0.22460,-0.66324,-1.80485
1.37848,-0.65826,0.80117,0.22560,-0.66345,-1.80661
1.37827,-0.65798,0.80153,0.22660,-0.66367,-1.80837
1.37811,-0.65756,0.80151,0.22767,-0.66380,-1.80955
1.37795,-0.65714,0.80149,0.22874,-0.66394,-1.81071
1.37769,-0.65690,0.80213,0.22984,-0.66421,-1.81313
1.37744,-0.65665,0.80277,0.23094,-0.66449,-1.81555
1.37731,-0.65615,0.80261,0.23211,-0.66453,-1.81637
1.37718,-0.65565,0.80244,0.23328,-0.66458,-1.81719
1.37697,-0.65539,0.80279,0.23423,-0.66478,-1.81886
1.37677,-0.65513,0.80313,0.23517,-0.66499,-1.82053
1.37653,-0.65490,0.80367,0.23615,-0.66521,-1.82257
1.37628,-0.65466,0.80422,0.23713,-0.66544,-1.82460
1.37617,-0.65446,0.80428,0.23786,-0.66547,-1.82539
1.37605,-0.65426,0.80433,0.23860,-0.66551,-1.82618
1.37598,-0.65399,0.80422,0.23943,-0.66544,-1.82675
1.37590,-0.65372,0.80410,0.24026,-0.66537,-1.82732
1.37575,-0.65343,0.80424,0.24118,-0.66546,-1.82848
1.37561,-0.65314,0.80436,0.24210,-0.66556,-1.82962
1.37546,-0.65284,0.80452,0.24306,-0.66569,-1.83073
1.37532,-0.65254,0.80468,0.24401,-0.66582,-1.83185
1.37511,-0.65245,0.80521,0.24474,-0.66594,-1.83347
1.37489,-0.65236,0.80576,0.24547,-0.66606,-1.83510
1.37475,-0.65205,0.80588,0.24642,-0.66616,-1.83629
1.37460,-0.65174,0.80600,0.24737,-0.66625,-1.83746
1.37445,-0.65131,0.80610,0.24853,-0.66639,-1.83880
1.37430,-0.65088,0.80619,0.24968,-0.66653,-1.84014
1.37412,-0.65059,0.80643,0.25062,-0.66668,-1.84152
1.37395,-0.65032,0.80668,0.25154,-0.66682,-1.84290
1.37378,-0.65020,0.80702,0.25221,-0.66696,-1.84417
1.37361,-0.65008,0.80737,0.25288,-0.66709,-1.84544
1.37343,-0.64981,0.80762,0.25377,-0.66724,-1.84682
1.37325,-0.64953,0.80786,0.25466,-0.66738,-1.84821
1.37315,-0.64900,0.80771,0.25588,-0.66752,-1.84922
1.37305,-0.64846,0.80756,0.25710,-0.66765,-1.85025
1.37288,-0.64795,0.80761,0.25829,-0.66791,-1.85164
1.37271,-0.64745,0.80767,0.25949,-0.66816,-1.85304
1.37253,-0.64715,0.80789,0.26041,-0.66834,-1.85441
1.37236,-0.64687,0.80812,0.26133,-0.66851,-1.85577
1.37219,-0.64650,0.80832,0.26236,-0.66871,-1.85721
1.37202,-0.64613,0.80852,0.26339,-0.66890,-1.85865
1.37185,-0.64576,0.80874,0.26443,-0.66910,-1.86012
1.37168,-0.64538,0.80893,0.26548,-0.66931,-1.86159
1.37152,-0.64501,0.80918,0.26651,-0.66951,-1.86317
1.37135,-0.64466,0.80944,0.26754,-0.66970,-1.86475
1.37118,-0.64427,0.80961,0.26857,-0.66994,-1.86613
1.37100,-0.64387,0.80978,0.26961,-0.67017,-1.86749
1.37084,-0.64358,0.81008,0.27056,-0.67035,-1.86905
1.37067,-0.64328,0.81038,0.27151,-0.67052,-1.87061
1.37051,-0.64291,0.81059,0.27253,-0.67073,-1.87207
1.37034,-0.64254,0.81081,0.27354,-0.67094,-1.87352
1.37017,-0.64216,0.81100,0.27457,-0.67116,-1.87497
1.37001,-0.64178,0.81120,0.27560,-0.67137,-1.87641
1.36984,-0.64141,0.81142,0.27662,-0.67159,-1.87787
1.36967,-0.64104,0.81165,0.27764,-0.67181,-1.87934
1.36947,-0.64051,0.81191,0.27889,-0.67215,-1.88118
1.36927,-0.63997,0.81216,0.28015,-0.67251,-1.88302
1.36909,-0.63966,0.81249,0.28109,-0.67275,-1.88467
1.36891,-0.63933,0.81279,0.28206,-0.67300,-1.88632
1.36880,-0.63907,0.81288,0.28288,-0.67306,-1.88719
1.36870,-0.63882,0.81297,0.28370,-0.67312,-1.88805
1.36854,-0.63844,0.81318,0.28471,-0.67335,-1.88950
1.36838,-0.63807,0.81338,0.28571,-0.67358,-1.89094
1.36814,-0.63761,0.81380,0.28686,-0.67401,-1.89297
1.36790,-0.63715,0.81422,0.28801,-0.67444,-1.89501
1.36778,-0.63697,0.81445,0.28873,-0.67455,-1.89610
1.36766,-0.63679,0.81467,0.28946,-0.67466,-1.89719
1.36739,-0.63652,0.81539,0.29038,-0.67512,-1.89962
1.36712,-0.63624,0.81611,0.29129,-0.67559,-1.90207
1.36695,-0.63581,0.81630,0.29235,-0.67588,-1.90369
1.36679,-0.63537,0.81649,0.29341,-0.67618,-1.90532
1.36660,-0.63493,0.81686,0.29452,-0.67658,-1.90713
1.36642,-0.63450,0.81723,0.29563,-0.67700,-1.90894
1.36621,-0.63416,0.81767,0.29658,-0.67737,-1.91085
1.36601,-0.63382,0.81811,0.29754,-0.67775,-1.91275
1.36581,-0.63327,0.81836,0.29875,-0.67816,-1.91474
1.36561,-0.63271,0.81860,0.29997,-0.67858,-1.91671
1.36541,-0.63239,0.81906,0.30088,-0.67895,-1.91859
1.36522,-0.63207,0.81953,0.30177,-0.67933,-1.92045
1.36502,-0.63199,0.82021,0.30240,-0.67961,-1.92218
1.36482,-0.63192,0.82089,0.30303,-0.67988,-1.92390
1.36456,-0.63106,0.82140,0.30465,-0.68075,-1.92693
1.36430,-0.63020,0.82191,0.30626,-0.68163,-1.92996
1.36414,-0.62999,0.82227,0.30702,-0.68181,-1.93129
1.36398,-0.62978,0.82262,0.30777,-0.68199,-1.93261
1.36383,-0.62942,0.82296,0.30870,-0.68227,-1.93425
1.36367,-0.62906,0.82330,0.30963,-0.68255,-1.93590
1.36348,-0.62862,0.82375,0.31067,-0.68299,-1.93789
1.36330,-0.62818,0.82421,0.31172,-0.68342,-1.93990
1.36307,-0.62801,0.82493,0.31241,-0.68380,-1.94191
1.36284,-0.62784,0.82565,0.31310,-0.68418,-1.94392
1.36266,-0.62767,0.82608,0.31375,-0.68445,-1.94538
1.36248,-0.62750,0.82652,0.31440,-0.68472,-1.94683
1.36232,-0.62707,0.82680,0.31534,-0.68512,-1.94846
1.36217,-0.62665,0.82707,0.31628,-0.68551,-1.95008
1.36189,-0.62690,0.82837,0.31650,-0.68579,-1.95239
1.36161,-0.62714,0.82965,0.31673,-0.68608,-1.95470
1.36144,-0.62707,0.83013,0.31720,-0.68634,-1.95605
1.36126,-0.62699,0.83061,0.31768,-0.68660,-1.95740
1.36105,-0.62726,0.83173,0.31761,-0.68702,-1.95951
1.36083,-0.62752,0.83283,0.31755,-0.68745,-1.96161
1.36065,-0.62760,0.83359,0.31771,-0.68778,-1.96315
1.36047,-0.62768,0.83436,0.31786,-0.68811,-1.96469
1.36042,-0.62728,0.83421,0.31856,-0.68837,-1.96551
1.36037,-0.62689,0.83407,0.31928,-0.68862,-1.96633
1.36024,-0.62678,0.83449,0.31966,-0.68893,-1.96767
1.36012,-0.62668,0.83492,0.32004,-0.68923,-1.96900
1.35996,-0.62706,0.83570,0.31971,-0.68951,-1.97028
1.35981,-0.62744,0.83648,0.31936,-0.68979,-1.97156
1.35966,-0.62729,0.83689,0.31992,-0.69002,-1.97274
1.35952,-0.62714,0.83730,0.32048,-0.69025,-1.97392
1.35942,-0.62727,0.83778,0.32061,-0.69032,-1.97490
1.35931,-0.62741,0.83826,0.32074,-0.69039,-1.97588
1.35917,-0.62727,0.83869,0.32106,-0.69091,-1.97750
1.35902,-0.62713,0.83912,0.32139,-0.69143,-1.97912
1.35895,-0.62685,0.83912,0.32199,-0.69161,-1.97978
1.35888,-0.62658,0.83913,0.32259,-0.69177,-1.98043
1.35876,-0.62651,0.83960,0.32291,-0.69206,-1.98193
1.35864,-0.62645,0.84008,0.32323,-0.69235,-1.98343
1.35854,-0.62626,0.84027,0.32369,-0.69258,-1.98429
1.35844,-0.62609,0.84047,0.32413,-0.69281,-1.98514
1.35830,-0.62634,0.84118,0.32407,-0.69301,-1.98643
1.35815,-0.62660,0.84190,0.32400,-0.69321,-1.98772
1.35803,-0.62647,0.84230,0.32450,-0.69341,-1.98887
1.35791,-0.62634,0.84269,0.32500,-0.69361,-1.99002
1.35785,-0.62584,0.84256,0.32577,-0.69394,-1.99096
1.35779,-0.62535,0.84245,0.32654,-0.69427,-1.99189
1.35769,-0.62538,0.84280,0.32677,-0.69435,-1.99256
1.35757,-0.62540,0.84315,0.32701,-0.69444,-1.99324
1.35744,-0.62559,0.84375,0.32701,-0.69464,-1.99438
1.35731,-0.62578,0.84437,0.32700,-0.69484,-1.99552
1.35723,-0.62546,0.84445,0.32759,-0.69517,-1.99659
1.35716,-0.62514,0.84454,0.32818,-0.69550,-1.99767
1.35703,-0.62495,0.84486,0.32874,-0.69574,-1.99885
1.35690,-0.62476,0.84519,0.32929,-0.69598,-2.00004
1.35680,-0.62483,0.84566,0.32939,-0.69623,-2.00121
1.35671,-0.62489,0.84614,0.32948,-0.69648,-2.00237
1.35657,-0.62486,0.84656,0.32977,-0.69673,-2.00351
1.35643,-0.62482,0.84699,0.33007,-0.69699,-2.00465
1.35633,-0.62465,0.84729,0.33054,-0.69732,-2.00599
1.35623,-0.62447,0.84760,0.33100,-0.69765,-2.00734
1.35614,-0.62439,0.84777,0.33129,-0.69783,-2.00799
1.35605,-0.62430,0.84795,0.33157,-0.69801,-2.00863
1.35595,-0.62424,0.84830,0.33181,-0.69836,-2.00986
1.35585,-0.62418,0.84864,0.33203,-0.69872,-2.01109
1.35575,-0.62391,0.84883,0.33263,-0.69895,-2.01214
1.35566,-0.62364,0.84901,0.33322,-0.69918,-2.01320
1.35554,-0.62363,0.84948,0.33343,-0.69951,-2.01444
1.35542,-0.62362,0.84995,0.33364,-0.69984,-2.01569
1.35537,-0.62339,0.84996,0.33406,-0.70002,-2.01636
1.35532,-0.62315,0.84998,0.33449,-0.70021,-2.01703
1.35520,-0.62308,0.85040,0.33476,-0.70055,-2.01826
1.35509,-0.62302,0.85082,0.33502,-0.70089,-2.01949
1.35500,-0.62306,0.85122,0.33523,-0.70094,-2.02017
1.35491,-0.62312,0.85163,0.33543,-0.70099,-2.02085
1.35485,-0.62294,0.85173,0.33580,-0.70117,-2.02152
1.35479,-0.62276,0.85184,0.33617,-0.70135,-2.02219
1.35472,-0.62259,0.85205,0.33651,-0.70164,-2.02314
1.35465,-0.62242,0.85225,0.33684,-0.70193,-2.02409
1.35450,-0.62256,0.85287,0.33695,-0.70194,-2.02493
1.35435,-0.62270,0.85349,0.33705,-0.70195,-2.02576
1.35423,-0.62260,0.85393,0.33747,-0.70213,-2.02683
1.35410,-0.62250,0.85437,0.33788,-0.70232,-2.02789
1.35407,-0.62240,0.85440,0.33808,-0.70249,-2.02840
1.35405,-0.62229,0.85443,0.33827,-0.70266,-2.02891
1.35399,-0.62207,0.85459,0.33863,-0.70308,-2.02996
1.35392,-0.62185,0.85476,0.33897,-0.70350,-2.03101
1.35376,-0.62189,0.85535,0.33932,-0.70350,-2.03201
1.35360,-0.62192,0.85595,0.33966,-0.70350,-2.03300
1.35346,-0.62138,0.85617,0.34064,-0.70414,-2.03495
1.35333,-0.62085,0.85639,0.34161,-0.70479,-2.03689
1.35325,-0.62076,0.85662,0.34183,-0.70505,-2.03778
1.35318,-0.62068,0.85685,0.34205,-0.70530,-2.03867
1.35303,-0.62062,0.85743,0.34244,-0.70554,-2.03994
1.35289,-0.62056,0.85800,0.34285,-0.70579,-2.04120
1.35283,-0.62016,0.85802,0.34346,-0.70624,-2.04232
1.35278,-0.61974,0.85803,0.34409,-0.70671,-2.04345
1.35270,-0.61947,0.85817,0.34458,-0.70704,-2.04447
1.35263,-0.61921,0.85831,0.34507,-0.70738,-2.04548
1.35255,-0.61886,0.85847,0.34565,-0.70788,-2.04684
1.35246,-0.61851,0.85862,0.34623,-0.70838,-2.04820
1.35242,-0.61804,0.85851,0.34696,-0.70875,-2.04909
1.35238,-0.61756,0.85839,0.34768,-0.70913,-2.04998
1.35231,-0.61745,0.85863,0.34796,-0.70935,-2.05078
1.35224,-0.61733,0.85887,0.34824,-0.70958,-2.05158
1.35215,-0.61699,0.85904,0.34882,-0.71009,-2.05299
1.35207,-0.61664,0.85921,0.34940,-0.71060,-2.05440
1.35195,-0.61646,0.85960,0.34988,-0.71084,-2.05545
1.35183,-0.61627,0.85998,0.35037,-0.71108,-2.05650
1.35171,-0.61612,0.86044,0.35080,-0.71143,-2.05787
1.35158,-0.61596,0.86090,0.35123,-0.71178,-2.05924
1.35148,-0.61572,0.86115,0.35173,-0.71208,-2.06035
1.35139,-0.61550,0.86142,0.35221,-0.71237,-2.06145
1.35130,-0.61513,0.86154,0.35290,-0.71268,-2.06243
1.35122,-0.61477,0.86167,0.35358,-0.71298,-2.06341
1.35110,-0.61468,0.86214,0.35394,-0.71324,-2.06452
1.35099,-0.61458,0.86259,0.35430,-0.71350,-2.06563
1.35087,-0.61422,0.86288,0.35497,-0.71401,-2.06724
1.35075,-0.61385,0.86317,0.35563,-0.71453,-2.06885
1.35070,-0.61258,0.86262,0.35739,-0.71561,-2.07100
1.35065,-0.61131,0.86206,0.35914,-0.71669,-2.07315
1.35077,-0.60953,0.86062,0.36106,-0.71836,-2.07538
1.35089,-0.60776,0.85919,0.36296,-0.72003,-2.07760
1.35082,-0.60733,0.85925,0.36359,-0.72058,-2.07894
1.35076,-0.60691,0.85932,0.36421,-0.72113,-2.08027
1.35082,-0.60637,0.85880,0.36471,-0.72165,-2.08084
1.35088,-0.60585,0.85829,0.36519,-0.72217,-2.08142
1.35089,-0.60521,0.85795,0.36593,-0.72282,-2.08244
1.35091,-0.60456,0.85760,0.36668,-0.72347,-2.08347
1.35086,-0.60443,0.85773,0.36691,-0.72371,-2.08414
1.35081,-0.60429,0.85785,0.36714,-0.72395,-2.08481
1.35078,-0.60373,0.85769,0.36794,-0.72449,-2.08595
1.35074,-0.60317,0.85754,0.36873,-0.72503,-2.08708
1.35076,-0.60292,0.85734,0.36895,-0.72537,-2.08758
1.35078,-0.60267,0.85714,0.36916,-0.72572,-2.08808
1.35069,-0.60253,0.85745,0.36956,-0.72587,-2.08883
1.35060,-0.60239,0.85776,0.36997,-0.72601,-2.08959
1.35061,-0.60203,0.85755,0.37042,-0.72632,-2.09008
1.35061,-0.60167,0.85735,0.37086,-0.72662,-2.09057
1.35058,-0.60181,0.85758,0.37063,-0.72676,-2.09100
1.35056,-0.60196,0.85782,0.37039,-0.72691,-2.09142
1.35048,-0.60199,0.85815,0.37045,-0.72707,-2.09212
1.35041,-0.60202,0.85846,0.37051,-0.72724,-2.09282
1.35051,-0.59946,0.85683,0.37357,-0.72953,-2.09616
1.35060,-0.59690,0.85518,0.37662,-0.73183,-2.09947
1.35064,-0.59664,0.85491,0.37681,-0.73212,-2.09976
1.35067,-0.59639,0.85464,0.37700,-0.73241,-2.10006
1.35068,-0.59567,0.85430,0.37790,-0.73312,-2.10126
1.35068,-0.59495,0.85396,0.37880,-0.73382,-2.10246
1.35061,-0.59434,0.85395,0.37963,-0.73462,-2.10422
1.35055,-0.59372,0.85393,0.38047,-0.73542,-2.10599
1.35059,-0.59320,0.85353,0.38102,-0.73591,-2.10664
1.35063,-0.59268,0.85311,0.38157,-0.73641,-2.10728
1.35054,-0.59220,0.85322,0.38237,-0.73692,-2.10870
1.35046,-0.59172,0.85332,0.38317,-0.73743,-2.11013
1.35045,-0.59095,0.85302,0.38414,-0.73820,-2.11149
1.35045,-0.59019,0.85272,0.38510,-0.73896,-2.11285
1.35079,-0.58843,0.85046,0.38651,-0.74048,-2.11353
1.35113,-0.58667,0.84821,0.38791,-0.74199,-2.11421
1.35113,-0.58635,0.84809,0.38831,-0.74234,-2.11484
1.35112,-0.58604,0.84798,0.38870,-0.74269,-2.11547
1.35100,-0.58582,0.84837,0.38927,-0.74292,-2.11653
1.35089,-0.58559,0.84876,0.38984,-0.74316,-2.11758
1.35084,-0.58531,0.84885,0.39030,-0.74345,-2.11835
1.35080,-0.58503,0.84892,0.39078,-0.74374,-2.11911
1.35069,-0.58512,0.84943,0.39081,-0.74389,-2.11994
1.35059,-0.58522,0.84995,0.39084,-0.74403,-2.12078
1.35054,-0.58526,0.85020,0.39090,-0.74407,-2.12113
1.35048,-0.58530,0.85046,0.39095,-0.74411,-2.12148
1.35064,-0.58431,0.84934,0.39189,-0.74482,-2.12177
1.35080,-0.58332,0.84821,0.39283,-0.74553,-2.12205
1.35084,-0.58274,0.84784,0.39345,-0.74613,-2.12287
1.35087,-0.58215,0.84746,0.39407,-0.74673,-2.12369
1.35089,-0.58172,0.84722,0.39447,-0.74729,-2.12454
1.35091,-0.58130,0.84698,0.39487,-0.74786,-2.12539
1.35092,-0.58096,0.84683,0.39517,-0.74840,-2.12630
1.35093,-0.58061,0.84669,0.39548,-0.74895,-2.12720
1.35091,-0.57999,0.84650,0.39630,-0.74950,-2.12822
1.35090,-0.57937,0.84630,0.39713,-0.75005,-2.12924
1.35095,-0.57874,0.84580,0.39778,-0.75066,-2.12998
1.35100,-0.57811,0.84528,0.39843,-0.75127,-2.13071
1.35105,-0.57695,0.84462,0.39965,-0.75253,-2.13264
1.35110,-0.57581,0.84395,0.40086,-0.75381,-2.13456
1.35109,-0.57530,0.84378,0.40143,-0.75439,-2.13561
1.35109,-0.57480,0.84360,0.40200,-0.75499,-2.13666
1.35112,-0.57390,0.84305,0.40304,-0.75585,-2.13802
1.35116,-0.57300,0.84251,0.40406,-0.75671,-2.13939
1.35097,-0.57302,0.84327,0.40440,-0.75685,-2.14076
1.35077,-0.57303,0.84405,0.40474,-0.75700,-2.14214
1.35086,-0.57225,0.84339,0.40548,-0.75775,-2.14288
1.35095,-0.57147,0.84274,0.40623,-0.75851,-2.14361
1.35095,-0.57107,0.84267,0.40668,-0.75902,-2.14448
1.35094,-0.57067,0.84260,0.40713,-0.75954,-2.14536
1.35093,-0.57022,0.84246,0.40769,-0.75998,-2.14616
1.35093,-0.56977,0.84232,0.40826,-0.76042,-2.14695
1.35093,-0.56931,0.84216,0.40874,-0.76106,-2.14802
1.35093,-0.56887,0.84201,0.40920,-0.76170,-2.14908
1.35095,-0.56813,0.84162,0.41001,-0.76244,-2.15022
1.35097,-0.56740,0.84124,0.41082,-0.76318,-2.15136
1.35099,-0.56675,0.84093,0.41175,-0.76354,-2.15189
1.35100,-0.56610,0.84063,0.41267,-0.76390,-2.15242
1.35101,-0.56562,0.84044,0.41329,-0.76439,-2.15330
1.35102,-0.56514,0.84025,0.41391,-0.76487,-2.15417
1.35105,-0.56459,0.83989,0.41439,-0.76562,-2.15515
1.35107,-0.56404,0.83954,0.41488,-0.76637,-2.15614
1.35107,-0.56348,0.83942,0.41560,-0.76701,-2.15732
1.35107,-0.56293,0.83930,0.41632,-0.76764,-2.15851
1.35110,-0.56257,0.83897,0.41668,-0.76801,-2.15886
1.35112,-0.56222,0.83864,0.41704,-0.76838,-2.15921
1.35117,-0.56147,0.83812,0.41785,-0.76923,-2.16034
1.35122,-0.56072,0.83762,0.41864,-0.77007,-2.16146
1.35128,-0.55980,0.83726,0.41961,-0.77102,-2.16280
1.35134,-0.55888,0.83690,0.42057,-0.77196,-2.16414
1.35130,-0.55881,0.83687,0.42073,-0.77222,-2.16491
1.35126,-0.55875,0.83685,0.42090,-0.77247,-2.16569
1.35133,-0.55795,0.83629,0.42170,-0.77324,-2.16630
1.35140,-0.55716,0.83574,0.42249,-0.77401,-2.16690
1.35143,-0.55653,0.83546,0.42327,-0.77463,-2.16797
1.35145,-0.55590,0.83520,0.42405,-0.77525,-2.16904
1.35146,-0.55555,0.83491,0.42430,-0.77588,-2.16997
1.35147,-0.55521,0.83463,0.42456,-0.77650,-2.17090
1.35151,-0.55461,0.83426,0.42528,-0.77717,-2.17170
1.35155,-0.55401,0.83389,0.42600,-0.77784,-2.17250
1.35156,-0.55345,0.83367,0.42656,-0.77869,-2.17391
1.35157,-0.55290,0.83345,0.42712,-0.77955,-2.17533
1.35160,-0.55253,0.83326,0.42762,-0.77993,-2.17594
1.35163,-0.55217,0.83307,0.42811,-0.78030,-2.17656
1.35164,-0.55158,0.83271,0.42872,-0.78102,-2.17761
1.35165,-0.55098,0.83234,0.42934,-0.78175,-2.17866
1.35167,-0.55069,0.83207,0.42973,-0.78207,-2.17899
1.35169,-0.55040,0.83180,0.43012,-0.78239,-2.17932
1.35172,-0.54968,0.83142,0.43092,-0.78320,-2.18046
1.35176,-0.54896,0.83103,0.43171,-0.78401,-2.18159
1.35177,-0.54847,0.83081,0.43233,-0.78455,-2.18240
1.35178,-0.54798,0.83060,0.43295,-0.78510,-2.18321
1.35182,-0.54691,0.83014,0.43415,-0.78611,-2.18459
1.35187,-0.54585,0.82968,0.43534,-0.78713,-2.18597
1.35192,-0.54549,0.82932,0.43560,-0.78778,-2.18672
1.35197,-0.54513,0.82896,0.43585,-0.78842,-2.18747
1.35206,-0.54421,0.82844,0.43677,-0.78956,-2.18890
1.35214,-0.54329,0.82793,0.43769,-0.79070,-2.19033
1.35217,-0.54259,0.82741,0.43847,-0.79145,-2.19119
1.35220,-0.54190,0.82689,0.43924,-0.79220,-2.19206
1.35221,-0.54162,0.82682,0.43972,-0.79251,-2.19270
1.35222,-0.54134,0.82675,0.44019,-0.79283,-2.19333
1.35231,-0.54073,0.82610,0.44073,-0.79356,-2.19410
1.35240,-0.54012,0.82544,0.44127,-0.79430,-2.19486
1.35239,-0.53976,0.82518,0.44179,-0.79461,-2.19521
1.35239,-0.53940,0.82492,0.44231,-0.79492,-2.19556
1.35243,-0.53900,0.82456,0.44269,-0.79549,-2.19627
1.35248,-0.53861,0.82421,0.44306,-0.79607,-2.19697
1.35250,-0.53830,0.82392,0.44346,-0.79644,-2.19744
1.35252,-0.53800,0.82365,0.44385,-0.79681,-2.19791
1.35257,-0.53748,0.82337,0.44449,-0.79738,-2.19855
1.35263,-0.53696,0.82308,0.44513,-0.79797,-2.19919
1.35269,-0.53634,0.82254,0.44569,-0.79878,-2.20028
1.35276,-0.53572,0.82200,0.44625,-0.79959,-2.20138
1.35279,-0.53531,0.82161,0.44668,-0.80018,-2.20204
1.35282,-0.53490,0.82122,0.44710,-0.80077,-2.20270
1.35280,-0.53490,0.82112,0.44731,-0.80075,-2.20270
1.35278,-0.53492,0.82103,0.44752,-0.80073,-2.20271
1.35285,-0.53378,0.82053,0.44859,-0.80203,-2.20436
1.35292,-0.53264,0.82003,0.44967,-0.80335,-2.20600
1.35296,-0.53253,0.81978,0.44982,-0.80365,-2.20634
1.35300,-0.53242,0.81954,0.44997,-0.80395,-2.20667
1.35305,-0.53196,0.81902,0.45047,-0.80442,-2.20708
1.35310,-0.53150,0.81850,0.45096,-0.80490,-2.20748
1.35313,-0.53097,0.81815,0.45152,-0.80560,-2.20844
1.35316,-0.53044,0.81781,0.45209,-0.80630,-2.20939
1.35323,-0.53014,0.81744,0.45242,-0.80668,-2.20968
1.35329,-0.52985,0.81706,0.45276,-0.80707,-2.20996
1.35334,-0.52917,0.81655,0.45354,-0.80769,-2.21055
1.35338,-0.52849,0.81604,0.45432,-0.80831,-2.21114
1.35344,-0.52793,0.81558,0.45492,-0.80896,-2.21176
1.35349,-0.52736,0.81512,0.45552,-0.80961,-2.21237
1.35356,-0.52674,0.81475,0.45614,-0.81039,-2.21324
1.35363,-0.52611,0.81437,0.45676,-0.81117,-2.21411
1.35366,-0.52564,0.81388,0.45733,-0.81160,-2.21444
1.35368,-0.52517,0.81341,0.45790,-0.81202,-2.21478
1.35376,-0.52424,0.81286,0.45885,-0.81298,-2.21598
1.35384,-0.52331,0.81231,0.45980,-0.81395,-2.21718
1.35390,-0.52281,0.81191,0.46050,-0.81434,-2.21749
1.35395,-0.52230,0.81150,0.46121,-0.81472,-2.21780
1.35401,-0.52160,0.81100,0.46209,-0.81530,-2.21840
1.35406,-0.52090,0.81049,0.46296,-0.81589,-2.21899
1.35410,-0.52018,0.80992,0.46386,-0.81642,-2.21943
1.35414,-0.51947,0.80937,0.46476,-0.81694,-2.21987
1.35419,-0.51881,0.80885,0.46565,-0.81743,-2.22029
1.35425,-0.51814,0.80834,0.46654,-0.81791,-2.22071
1.35432,-0.51755,0.80794,0.46735,-0.81840,-2.22131
1.35440,-0.51696,0.80755,0.46815,-0.81888,-2.22190
1.35445,-0.51626,0.80705,0.46900,-0.81949,-2.22256
1.35451,-0.51555,0.80653,0.46986,-0.82010,-2.22322
1.35456,-0.51478,0.80596,0.47070,-0.82082,-2.22390
1.35460,-0.51400,0.80538,0.47154,-0.82154,-2.22459
1.35467,-0.51330,0.80485,0.47216,-0.82242,-2.22548
1.35473,-0.51259,0.80431,0.47279,-0.82330,-2.22638
1.35484,-0.51161,0.80368,0.47388,-0.82416,-2.22736
1.35495,-0.51064,0.80306,0.47496,-0.82501,-2.22835
1.35498,-0.51008,0.80267,0.47570,-0.82548,-2.22886
1.35501,-0.50953,0.80229,0.47642,-0.82595,-2.22936
1.35510,-0.50880,0.80178,0.47725,-0.82668,-2.23010
1.35519,-0.50807,0.80128,0.47806,-0.82740,-2.23085
1.35525,-0.50717,0.80059,0.47902,-0.82822,-2.23166
1.35532,-0.50628,0.79991,0.47997,-0.82903,-2.23247
1.35540,-0.50562,0.79951,0.48067,-0.82980,-2.23336
1.35548,-0.50496,0.79912,0.48136,-0.83056,-2.23425
1.35553,-0.50413,0.79846,0.48219,-0.83137,-2.23507
1.35559,-0.50332,0.79781,0.48302,-0.83219,-2.23589
1.35565,-0.50271,0.79739,0.48376,-0.83277,-2.23645
1.35571,-0.50211,0.79698,0.48449,-0.83333,-2.23700
1.35579,-0.50136,0.79647,0.48535,-0.83402,-2.23777
1.35587,-0.50063,0.79596,0.48621,-0.83470,-2.23853
1.35595,-0.49994,0.79544,0.48703,-0.83531,-2.23915
1.35602,-0.49924,0.79489,0.48786,-0.83593,-2.23978
1.35611,-0.49845,0.79437,0.48868,-0.83676,-2.24068
1.35620,-0.49766,0.79386,0.48949,-0.83758,-2.24157
1.35628,-0.49693,0.79336,0.49024,-0.83838,-2.24248
1.35635,-0.49620,0.79286,0.49099,-0.83918,-2.24339
1.35631,-0.49620,0.79315,0.49108,-0.83924,-2.24374
1.35626,-0.49620,0.79343,0.49117,-0.83931,-2.24409
1.35622,-0.49620,0.79373,0.49125,-0.83937,-2.24444
1.35617,-0.49620,0.79401,0.49134,-0.83943,-2.24479
1.35612,-0.49620,0.79430,0.49142,-0.83950,-2.24516
1.35607,-0.49620,0.79459,0.49150,-0.83957,-2.24552
1.35603,-0.49620,0.79488,0.49158,-0.83964,-2.24588
1.35599,-0.49621,0.79518,0.49165,-0.83970,-2.24624
1.35595,-0.49620,0.79546,0.49174,-0.83978,-2.24660
1.35590,-0.49619,0.79574,0.49182,-0.83984,-2.24695
1.35586,-0.49619,0.79602,0.49191,-0.83991,-2.24731
1.35581,-0.49619,0.79630,0.49199,-0.83998,-2.24766
1.35576,-0.49615,0.79656,0.49208,-0.84012,-2.24806
1.35571,-0.49610,0.79681,0.49216,-0.84025,-2.24846
1.35566,-0.49610,0.79710,0.49225,-0.84031,-2.24881
1.35562,-0.49611,0.79739,0.49233,-0.84037,-2.24915
1.35558,-0.49607,0.79763,0.49247,-0.84042,-2.24950
1.35554,-0.49603,0.79786,0.49261,-0.84048,-2.24984
1.35549,-0.49612,0.79826,0.49261,-0.84049,-2.25018
1.35544,-0.49622,0.79865,0.49261,-0.84051,-2.25051
1.35541,-0.49616,0.79888,0.49276,-0.84059,-2.25085
1.35537,-0.49612,0.79912,0.49290,-0.84066,-2.25119
1.35533,-0.49611,0.79940,0.49299,-0.84073,-2.25154
1.35529,-0.49611,0.79968,0.49307,-0.84079,-2.25188
1.35522,-0.49623,0.80005,0.49301,-0.84079,-2.25220
1.35515,-0.49636,0.80044,0.49296,-0.84080,-2.25252
1.35511,-0.49639,0.80074,0.49302,-0.84085,-2.25286
1.35506,-0.49640,0.80103,0.49308,-0.84090,-2.25320
1.35501,-0.49642,0.80132,0.49315,-0.84095,-2.25353
1.35497,-0.49644,0.80162,0.49322,-0.84100,-2.25387
1.35485,-0.49720,0.80224,0.49266,-0.84034,-2.25335
1.35473,-0.49795,0.80285,0.49210,-0.83970,-2.25283
1.35473,-0.49746,0.80298,0.49258,-0.84027,-2.25387
1.35473,-0.49697,0.80310,0.49305,-0.84085,-2.25492
1.35466,-0.49723,0.80365,0.49288,-0.84076,-2.25536
1.35459,-0.49748,0.80419,0.49272,-0.84068,-2.25580
1.35448,-0.49790,0.80456,0.49250,-0.84025,-2.25530
1.35437,-0.49831,0.80492,0.49229,-0.83981,-2.25478
1.35435,-0.49819,0.80530,0.49233,-0.84022,-2.25578
1.35433,-0.49807,0.80568,0.49238,-0.84062,-2.25678
1.35434,-0.49773,0.80550,0.49302,-0.84056,-2.25661
1.35435,-0.49740,0.80531,0.49366,-0.84049,-2.25643
1.35427,-0.49749,0.80587,0.49343,-0.84083,-2.25739
1.35419,-0.49758,0.80643,0.49320,-0.84116,-2.25834
1.35416,-0.49752,0.80671,0.49345,-0.84114,-2.25862
1.35413,-0.49748,0.80699,0.49369,-0.84112,-2.25890
1.35408,-0.49750,0.80730,0.49374,-0.84117,-2.25924
1.35403,-0.49753,0.80762,0.49380,-0.84122,-2.25959
1.35397,-0.49767,0.80804,0.49374,-0.84121,-2.25999
1.35392,-0.49780,0.80845,0.49368,-0.84121,-2.26040
1.35385,-0.49782,0.80877,0.49364,-0.84139,-2.26083
1.35379,-0.49783,0.80909,0.49360,-0.84158,-2.26126
1.35369,-0.49829,0.80974,0.49323,-0.84137,-2.26151
1.35359,-0.49876,0.81041,0.49285,-0.84115,-2.26176
1.35352,-0.49894,0.81081,0.49276,-0.84108,-2.26193
1.35344,-0.49911,0.81123,0.49266,-0.84101,-2.26211
1.35345,-0.49873,0.81126,0.49311,-0.84134,-2.26273
1.35345,-0.49835,0.81129,0.49356,-0.84168,-2.26334
1.35339,-0.49855,0.81171,0.49348,-0.84157,-2.26355
1.35332,-0.49876,0.81213,0.49339,-0.84147,-2.26376
1.35327,-0.49880,0.81250,0.49340,-0.84157,-2.26425
1.35322,-0.49883,0.81286,0.49341,-0.84168,-2.26474
1.35317,-0.49896,0.81323,0.49346,-0.84156,-2.26497
1.35312,-0.49908,0.81359,0.49350,-0.84145,-2.26520
1.35306,-0.49914,0.81394,0.49351,-0.84150,-2.26556
1.35301,-0.49919,0.81429,0.49352,-0.84155,-2.26592
1.35293,-0.49926,0.81466,0.49341,-0.84172,-2.26640
1.35286,-0.49933,0.81502,0.49330,-0.84190,-2.26688
1.35280,-0.49945,0.81542,0.49326,-0.84189,-2.26724
1.35274,-0.49958,0.81582,0.49323,-0.84187,-2.26759
1.35269,-0.49965,0.81618,0.49320,-0.84194,-2.26797
1.35263,-0.49973,0.81654,0.49317,-0.84200,-2.26834
1.35258,-0.49982,0.81690,0.49315,-0.84202,-2.26868
1.35252,-0.49991,0.81726,0.49314,-0.84204,-2.26902
1.35247,-0.49991,0.81752,0.49322,-0.84208,-2.26933
1.35241,-0.49992,0.81778,0.49330,-0.84212,-2.26964
1.35234,-0.50014,0.81829,0.49318,-0.84206,-2.26999
1.35227,-0.50036,0.81880,0.49306,-0.84200,-2.27034
1.35222,-0.50047,0.81923,0.49302,-0.84202,-2.27071
1.35217,-0.50058,0.81965,0.49299,-0.84205,-2.27106
1.35211,-0.50066,0.82000,0.49298,-0.84207,-2.27140
1.35206,-0.50075,0.82035,0.49297,-0.84209,-2.27173
1.35200,-0.50084,0.82069,0.49296,-0.84209,-2.27203
1.35195,-0.50093,0.82104,0.49295,-0.84210,-2.27233
1.35191,-0.50095,0.82132,0.49303,-0.84213,-2.27263
1.35187,-0.50097,0.82163,0.49311,-0.84216,-2.27293
1.35182,-0.50106,0.82198,0.49310,-0.84218,-2.27326
1.35176,-0.50115,0.82234,0.49310,-0.84219,-2.27359
1.35171,-0.50123,0.82269,0.49309,-0.84221,-2.27392
1.35165,-0.50132,0.82305,0.49308,-0.84222,-2.27425
1.35157,-0.50147,0.82347,0.49301,-0.84221,-2.27461
1.35148,-0.50161,0.82390,0.49295,-0.84220,-2.27498
1.35142,-0.50171,0.82426,0.49293,-0.84221,-2.27530
1.35137,-0.50180,0.82462,0.49292,-0.84222,-2.27563
1.35131,-0.50189,0.82498,0.49291,-0.84224,-2.27597
1.35126,-0.50197,0.82533,0.49290,-0.84226,-2.27632
1.35120,-0.50205,0.82568,0.49290,-0.84228,-2.27664
1.35115,-0.50214,0.82603,0.49289,-0.84230,-2.27697
1.35110,-0.50223,0.82638,0.49287,-0.84231,-2.27729
1.35105,-0.50232,0.82673,0.49285,-0.84232,-2.27760
1.35108,-0.50178,0.82674,0.49316,-0.84296,-2.27863
1.35111,-0.50124,0.82675,0.49347,-0.84360,-2.27967
1.35117,-0.50070,0.82665,0.49380,-0.84419,-2.28052
1.35122,-0.50016,0.82655,0.49413,-0.84478,-2.28137
1.35126,-0.49972,0.82665,0.49436,-0.84534,-2.28233
1.35129,-0.49929,0.82674,0.49458,-0.84591,-2.28329
1.35133,-0.49887,0.82687,0.49477,-0.84649,-2.28431
1.35136,-0.49846,0.82701,0.49495,-0.84706,-2.28533
1.35142,-0.49796,0.82707,0.49524,-0.84766,-2.28631
1.35147,-0.49746,0.82713,0.49554,-0.84826,-2.28730
1.35152,-0.49700,0.82712,0.49580,-0.84881,-2.28817
1.35155,-0.49654,0.82712,0.49605,-0.84935,-2.28904
1.35158,-0.49608,0.82722,0.49628,-0.84995,-2.29007
1.35160,-0.49561,0.82732,0.49652,-0.85055,-2.29110
1.35163,-0.49526,0.82754,0.49664,-0.85110,-2.29212
1.35167,-0.49491,0.82776,0.49676,-0.85166,-2.29314
1.35173,-0.49454,0.82789,0.49697,-0.85213,-2.29403
1.35178,-0.49418,0.82801,0.49717,-0.85261,-2.29491
1.35182,-0.49379,0.82809,0.49737,-0.85311,-2.29580
1.35186,-0.49339,0.82817,0.49758,-0.85362,-2.29669
1.35186,-0.49313,0.82828,0.49762,-0.85403,-2.29750
1.35186,-0.49287,0.82838,0.49766,-0.85445,-2.29829
1.35189,-0.49267,0.82839,0.49774,-0.85468,-2.29872
1.35191,-0.49247,0.82840,0.49781,-0.85491,-2.29915
1.35195,-0.49197,0.82856,0.49818,-0.85546,-2.30022
1.35199,-0.49148,0.82872,0.49853,-0.85601,-2.30129
1.35206,-0.49099,0.82889,0.49874,-0.85674,-2.30257
1.35214,-0.49050,0.82905,0.49895,-0.85748,-2.30384
1.35210,-0.49053,0.82943,0.49874,-0.85768,-2.30446
1.35207,-0.49056,0.82981,0.49854,-0.85789,-2.30508
1.35203,-0.49059,0.82998,0.49853,-0.85781,-2.30515
1.35200,-0.49062,0.83014,0.49853,-0.85773,-2.30522
1.35193,-0.49071,0.83062,0.49859,-0.85771,-2.30558
1.35186,-0.49080,0.83110,0.49865,-0.85769,-2.30594
1.35175,-0.49119,0.83158,0.49852,-0.85724,-2.30560
1.35163,-0.49157,0.83206,0.49839,-0.85679,-2.30526
1.35167,-0.49128,0.83192,0.49870,-0.85694,-2.30546
1.35172,-0.49098,0.83178,0.49900,-0.85710,-2.30566
1.35166,-0.49106,0.83197,0.49907,-0.85700,-2.30562
1.35161,-0.49114,0.83216,0.49915,-0.85690,-2.30557
1.35156,-0.49128,0.83261,0.49903,-0.85684,-2.30590
1.35152,-0.49141,0.83304,0.49892,-0.85679,-2.30623
1.35139,-0.49186,0.83346,0.49871,-0.85622,-2.30573
1.35126,-0.49232,0.83389,0.49849,-0.85565,-2.30523
1.35126,-0.49219,0.83415,0.49858,-0.85599,-2.30589
1.35125,-0.49206,0.83439,0.49868,-0.85632,-2.30653
1.35117,-0.49221,0.83487,0.49880,-0.85605,-2.30664
1.35109,-0.49235,0.83535,0.49892,-0.85577,-2.30674
1.35114,-0.49221,0.83506,0.49907,-0.85573,-2.30637
1.35119,-0.49207,0.83475,0.49923,-0.85570,-2.30599
1.35114,-0.49240,0.83511,0.49877,-0.85560,-2.30615
1.35109,-0.49273,0.83546,0.49831,-0.85552,-2.30633
1.35107,-0.49244,0.83547,0.49902,-0.85541,-2.30622
1.35104,-0.49215,0.83549,0.49973,-0.85529,-2.30610
1.35094,-0.49273,0.83600,0.49897,-0.85505,-2.30614
1.35083,-0.49331,0.83651,0.49821,-0.85480,-2.30618
1.35085,-0.49312,0.83649,0.49857,-0.85471,-2.30601
1.35086,-0.49292,0.83646,0.49894,-0.85461,-2.30585
1.35069,-0.49330,0.83739,0.49900,-0.85427,-2.30614
1.35051,-0.49367,0.83831,0.49907,-0.85393,-2.30643
1.35061,-0.49382,0.83772,0.49857,-0.85361,-2.30534
1.35071,-0.49398,0.83714,0.49806,-0.85329,-2.30426
1.35061,-0.49387,0.83770,0.49866,-0.85313,-2.30460
1.35051,-0.49376,0.83826,0.49926,-0.85297,-2.30494
1.35044,-0.49403,0.83860,0.49908,-0.85270,-2.30481
1.35036,-0.49430,0.83896,0.49890,-0.85243,-2.30469
1.35037,-0.49469,0.83891,0.49830,-0.85210,-2.30406
1.35037,-0.49508,0.83886,0.49770,-0.85176,-2.30344
1.35032,-0.49488,0.83927,0.49805,-0.85205,-2.30428
1.35027,-0.49466,0.83967,0.49840,-0.85235,-2.30512
1.35023,-0.49482,0.83996,0.49818,-0.85244,-2.30548
1.35020,-0.49496,0.84023,0.49797,-0.85253,-2.30584
1.35008,-0.49513,0.84079,0.49829,-0.85203,-2.30555
1.34995,-0.49530,0.84133,0.49861,-0.85153,-2.30526
1.34969,-0.49647,0.84295,0.49752,-0.85081,-2.30547
1.34943,-0.49763,0.84455,0.49644,-0.85009,-2.30568
1.34964,-0.49718,0.84321,0.49657,-0.85015,-2.30465
1.34986,-0.49674,0.84188,0.49671,-0.85022,-2.30362
1.34979,-0.49675,0.84234,0.49693,-0.85010,-2.30384
1.34971,-0.49677,0.84281,0.49716,-0.84997,-2.30405
1.34924,-0.49877,0.84571,0.49540,-0.84863,-2.30446
1.34877,-0.50077,0.84860,0.49366,-0.84729,-2.30487
1.34919,-0.49906,0.84589,0.49532,-0.84817,-2.30393
1.34961,-0.49735,0.84316,0.49700,-0.84906,-2.30298
1.34950,-0.49743,0.84392,0.49701,-0.84911,-2.30376
1.34940,-0.49751,0.84468,0.49703,-0.84918,-2.30455
1.34940,-0.49771,0.84454,0.49670,-0.84908,-2.30424
1.34941,-0.49790,0.84439,0.49639,-0.84899,-2.30393
1.34912,-0.49876,0.84604,0.49610,-0.84813,-2.30410
1.34883,-0.49961,0.84769,0.49581,-0.84728,-2.30427
1.34887,-0.49954,0.84754,0.49567,-0.84752,-2.30451
1.34891,-0.49948,0.84740,0.49554,-0.84775,-2.30474
1.34913,-0.49882,0.84615,0.49595,-0.84805,-2.30405
1.34935,-0.49816,0.84489,0.49637,-0.84835,-2.30335
1.34912,-0.49861,0.84619,0.49624,-0.84816,-2.30423
1.34890,-0.49906,0.84749,0.49611,-0.84797,-2.30512
1.34890,-0.49904,0.84748,0.49622,-0.84788,-2.30498
1.34891,-0.49902,0.84746,0.49634,-0.84779,-2.30483
1.34891,-0.49932,0.84748,0.49579,-0.84758,-2.30449
1.34891,-0.49962,0.84749,0.49524,-0.84738,-2.30415
1.34869,-0.50054,0.84873,0.49442,-0.84703,-2.30462
1.34848,-0.50145,0.84995,0.49362,-0.84668,-2.30509
1.34904,-0.49894,0.84675,0.49577,-0.84864,-2.30543
1.34960,-0.49642,0.84353,0.49794,-0.85061,-2.30576
1.34977,-0.49553,0.84259,0.49863,-0.85167,-2.30659
1.34995,-0.49465,0.84166,0.49931,-0.85273,-2.30743
1.35013,-0.49381,0.84048,0.50021,-0.85319,-2.30708
1.35032,-0.49297,0.83929,0.50111,-0.85365,-2.30674
1.35059,-0.49216,0.83784,0.50133,-0.85458,-2.30697
1.35085,-0.49135,0.83638,0.50155,-0.85551,-2.30719
1.35090,-0.49147,0.83595,0.50135,-0.85543,-2.30676
1.35095,-0.49159,0.83551,0.50116,-0.85535,-2.30633
1.35112,-0.49053,0.83463,0.50198,-0.85687,-2.30784
1.35130,-0.48946,0.83375,0.50279,-0.85838,-2.30936
1.35153,-0.48781,0.83229,0.50483,-0.85927,-2.30956
1.35176,-0.48616,0.83082,0.50688,-0.86015,-2.30975
1.35191,-0.48546,0.82971,0.50772,-0.86050,-2.30945
1.35206,-0.48476,0.82859,0.50856,-0.86085,-2.30914
1.35232,-0.48398,0.82727,0.50868,-0.86187,-2.30950
1.35258,-0.48321,0.82595,0.50880,-0.86288,-2.30985
1.35268,-0.48267,0.82520,0.50958,-0.86326,-2.30989
1.35277,-0.48214,0.82446,0.51034,-0.86365,-2.30994
1.35288,-0.48133,0.82353,0.51142,-0.86400,-2.30968
1.35298,-0.48054,0.82261,0.51250,-0.86435,-2.30941
1.35318,-0.48004,0.82149,0.51251,-0.86516,-2.30967
1.35337,-0.47954,0.82037,0.51253,-0.86597,-2.30992
1.35337,-0.47925,0.82020,0.51318,-0.86608,-2.31001
1.35336,-0.47897,0.82003,0.51383,-0.86620,-2.31009
1.35351,-0.47815,0.81892,0.51508,-0.86612,-2.30917
1.35365,-0.47734,0.81782,0.51634,-0.86604,-2.30825
1.35394,-0.47635,0.81631,0.51646,-0.86798,-2.30981
1.35422,-0.47536,0.81479,0.51658,-0.86993,-2.31137
1.35436,-0.47452,0.81370,0.51779,-0.87005,-2.31074
1.35451,-0.47369,0.81261,0.51899,-0.87018,-2.31012
1.35461,-0.47350,0.81217,0.51864,-0.87112,-2.31106
1.35472,-0.47331,0.81172,0.51829,-0.87205,-2.31200
1.35496,-0.47214,0.81017,0.51940,-0.87293,-2.31208
1.35521,-0.47097,0.80862,0.52051,-0.87381,-2.31216
1.35537,-0.46994,0.80732,0.52201,-0.87405,-2.31166
1.35553,-0.46891,0.80603,0.52351,-0.87429,-2.31116
1.35583,-0.46763,0.80399,0.52503,-0.87466,-2.31013
1.35612,-0.46634,0.80195,0.52655,-0.87502,-2.30909
1.35625,-0.46586,0.80134,0.52673,-0.87604,-2.31003
1.35637,-0.46538,0.80075,0.52690,-0.87704,-2.31097
1.35648,-0.46486,0.80001,0.52729,-0.87777,-2.31138
1.35659,-0.46435,0.79928,0.52768,-0.87849,-2.31180
1.35671,-0.46370,0.79839,0.52847,-0.87894,-2.31181
1.35684,-0.46306,0.79752,0.52925,-0.87938,-2.31183
1.35703,-0.46212,0.79638,0.52993,-0.88061,-2.31271
1.35723,-0.46119,0.79522,0.53062,-0.88185,-2.31358
1.35731,-0.46084,0.79454,0.53124,-0.88171,-2.31293
1.35738,-0.46049,0.79386,0.53186,-0.88157,-2.31228
1.35760,-0.45949,0.79247,0.53277,-0.88232,-2.31226
1.35782,-0.45849,0.79109,0.53368,-0.88308,-2.31224
1.35801,-0.45775,0.78993,0.53407,-0.88408,-2.31281
1.35820,-0.45701,0.78875,0.53446,-0.88507,-2.31339
1.35845,-0.45585,0.78723,0.53571,-0.88591,-2.31335
1.35870,-0.45469,0.78570,0.53696,-0.88675,-2.31330
1.35895,-0.45340,0.78423,0.53792,-0.88823,-2.31429
1.35920,-0.45210,0.78276,0.53888,-0.88970,-2.31527
1.35934,-0.45149,0.78191,0.53940,-0.89031,-2.31549
1.35948,-0.45088,0.78107,0.53992,-0.89091,-2.31570
1.35969,-0.44997,0.77964,0.54101,-0.89139,-2.31541
1.35990,-0.44906,0.77821,0.54211,-0.89187,-2.31511
1.36019,-0.44792,0.77649,0.54292,-0.89293,-2.31531
1.36048,-0.44678,0.77476,0.54373,-0.89399,-2.31552
1.36067,-0.44609,0.77383,0.54396,-0.89499,-2.31615
1.36085,-0.44541,0.77290,0.54419,-0.89598,-2.31678
1.36102,-0.44479,0.77182,0.54472,-0.89657,-2.31683
1.36120,-0.44416,0.77073,0.54527,-0.89717,-2.31689
1.36144,-0.44314,0.76934,0.54605,-0.89809,-2.31721
1.36169,-0.44213,0.76794,0.54684,-0.89902,-2.31753
1.36184,-0.44122,0.76671,0.54805,-0.89974,-2.31759
1.36199,-0.44030,0.76548,0.54925,-0.90046,-2.31764
1.36230,-0.43876,0.76366,0.55088,-0.90157,-2.31788
1.36260,-0.43722,0.76184,0.55251,-0.90268,-2.31810
1.36293,-0.43592,0.75985,0.55355,-0.90375,-2.31814
1.36325,-0.43462,0.75787,0.55459,-0.90481,-2.31818
1.36331,-0.43455,0.75772,0.55415,-0.90537,-2.31874
1.36338,-0.43449,0.75757,0.55370,-0.90593,-2.31930
1.36387,-0.43255,0.75424,0.55551,-0.90703,-2.31848
1.36436,-0.43059,0.75089,0.55733,-0.90814,-2.31766
1.36413,-0.43108,0.75220,0.55755,-0.90757,-2.31786
1.36390,-0.43157,0.75352,0.55777,-0.90701,-2.31807
1.36429,-0.42994,0.75124,0.55903,-0.90860,-2.31866
1.36468,-0.42832,0.74896,0.56029,-0.91020,-2.31926
1.36505,-0.42684,0.74645,0.56159,-0.91117,-2.31880
1.36543,-0.42536,0.74393,0.56289,-0.91213,-2.31834
1.36557,-0.42449,0.74282,0.56396,-0.91313,-2.31897
1.36572,-0.42363,0.74171,0.56502,-0.91413,-2.31961
1.36597,-0.42203,0.74026,0.56675,-0.91550,-2.32037
1.36623,-0.42042,0.73881,0.56848,-0.91686,-2.32113
1.36626,-0.42027,0.73850,0.56864,-0.91693,-2.32101
1.36630,-0.42012,0.73818,0.56881,-0.91700,-2.32089
1.36661,-0.41875,0.73658,0.56993,-0.91848,-2.32175
1.36691,-0.41739,0.73497,0.57104,-0.91995,-2.32259
1.36682,-0.41791,0.73536,0.57057,-0.91948,-2.32227
1.36674,-0.41843,0.73575,0.57010,-0.91902,-2.32195
1.36705,-0.41680,0.73430,0.57151,-0.92060,-2.32305
1.36737,-0.41518,0.73285,0.57292,-0.92219,-2.32415
1.36749,-0.41468,0.73177,0.57342,-0.92227,-2.32349
1.36762,-0.41418,0.73069,0.57394,-0.92236,-2.32284
1.36765,-0.41389,0.73075,0.57436,-0.92270,-2.32337
1.36768,-0.41360,0.73079,0.57479,-0.92303,-2.32389
1.36790,-0.41173,0.72961,0.57707,-0.92494,-2.32559
1.36812,-0.40986,0.72843,0.57934,-0.92685,-2.32728
1.36816,-0.40991,0.72803,0.57939,-0.92633,-2.32641
1.36819,-0.40995,0.72763,0.57944,-0.92581,-2.32553
1.36806,-0.41005,0.72858,0.57965,-0.92589,-2.32624
1.36793,-0.41014,0.72952,0.57987,-0.92596,-2.32695
1.36805,-0.40947,0.72874,0.58067,-0.92631,-2.32687
1.36817,-0.40880,0.72797,0.58147,-0.92666,-2.32680
1.36831,-0.40836,0.72710,0.58174,-0.92692,-2.32656
1.36845,-0.40791,0.72621,0.58203,-0.92719,-2.32631
1.36850,-0.40762,0.72591,0.58248,-0.92734,-2.32624
1.36854,-0.40734,0.72559,0.58293,-0.92749,-2.32616
1.36850,-0.40693,0.72577,0.58392,-0.92787,-2.32673
1.36847,-0.40652,0.72593,0.58491,-0.92826,-2.32729
1.36866,-0.40525,0.72529,0.58618,-0.92957,-2.32853
1.36886,-0.40399,0.72465,0.58745,-0.93089,-2.32978
1.36925,-0.40168,0.72283,0.58993,-0.93233,-2.33023
1.36965,-0.39938,0.72099,0.59242,-0.93377,-2.33067
1.36949,-0.39940,0.72244,0.59267,-0.93448,-2.33258
1.36932,-0.39943,0.72389,0.59291,-0.93520,-2.33449
1.36956,-0.39860,0.72240,0.59385,-0.93536,-2.33365
1.36979,-0.39777,0.72090,0.59478,-0.93552,-2.33281
1.36954,-0.39858,0.72262,0.59409,-0.93516,-2.33348
1.36929,-0.39939,0.72435,0.59338,-0.93479,-2.33415
1.36911,-0.39982,0.72558,0.59328,-0.93451,-2.33458
1.36893,-0.40024,0.72679,0.59319,-0.93423,-2.33500
1.36893,-0.39970,0.72690,0.59423,-0.93470,-2.33563
1.36893,-0.39915,0.72700,0.59527,-0.93518,-2.33626
1.36891,-0.39917,0.72705,0.59529,-0.93514,-2.33625
1.36888,-0.39920,0.72711,0.59531,-0.93510,-2.33623
1.36930,-0.39698,0.72525,0.59765,-0.93672,-2.33688
1.36972,-0.39477,0.72338,0.59999,-0.93833,-2.33753
1.36973,-0.39462,0.72348,0.59994,-0.93894,-2.33837
1.36974,-0.39446,0.72355,0.59990,-0.93956,-2.33921
1.36981,-0.39418,0.72304,0.60031,-0.93945,-2.33868
1.36988,-0.39389,0.72252,0.60072,-0.93935,-2.33816
1.36988,-0.39369,0.72264,0.60110,-0.93975,-2.33881
1.36988,-0.39350,0.72277,0.60148,-0.94014,-2.33946
1.37009,-0.39221,0.72167,0.60320,-0.94080,-2.33949
1.37030,-0.39091,0.72056,0.60494,-0.94146,-2.33951
1.37083,-0.38852,0.71711,0.60754,-0.94279,-2.33876
1.37135,-0.38613,0.71365,0.61015,-0.94412,-2.33799
1.37104,-0.38699,0.71591,0.60974,-0.94379,-2.33917
1.37073,-0.38786,0.71819,0.60933,-0.94345,-2.34034
1.37135,-0.38495,0.71497,0.61212,-0.94528,-2.33980
1.37196,-0.38205,0.71175,0.61492,-0.94710,-2.33925
1.37196,-0.38180,0.71204,0.61538,-0.94723,-2.33952
1.37195,-0.38154,0.71231,0.61586,-0.94737,-2.33980
1.37212,-0.38065,0.71185,0.61682,-0.94793,-2.34012
1.37229,-0.37977,0.71138,0.61779,-0.94849,-2.34043
1.37222,-0.37982,0.71191,0.61793,-0.94853,-2.34081
1.37214,-0.37988,0.71244,0.61807,-0.94857,-2.34119
1.37231,-0.37896,0.71128,0.61937,-0.94881,-2.34060
1.37248,-0.37804,0.71011,0.62067,-0.94905,-2.34000
1.37245,-0.37794,0.71021,0.62111,-0.94909,-2.34014
1.37242,-0.37783,0.71030,0.62155,-0.94913,-2.34028
1.37244,-0.37730,0.70908,0.62267,-0.94929,-2.33958
1.37247,-0.37678,0.70785,0.62378,-0.94945,-2.33888
1.37263,-0.37587,0.70722,0.62491,-0.95024,-2.33905
1.37279,-0.37496,0.70660,0.62603,-0.95101,-2.33922
1.37284,-0.37436,0.70711,0.62673,-0.95154,-2.34006
1.37289,-0.37378,0.70764,0.62742,-0.95207,-2.34090
1.37287,-0.37370,0.70755,0.62782,-0.95197,-2.34076
1.37286,-0.37361,0.70746,0.62823,-0.95186,-2.34060
1.37276,-0.37386,0.70659,0.62833,-0.95169,-2.33966
1.37266,-0.37410,0.70570,0.62845,-0.95153,-2.33872
1.37276,-0.37336,0.70603,0.62931,-0.95207,-2.33955
1.37287,-0.37263,0.70635,0.63018,-0.95260,-2.34037
1.37308,-0.37160,0.70535,0.63153,-0.95310,-2.34012
1.37329,-0.37058,0.70436,0.63288,-0.95359,-2.33986
1.37332,-0.36999,0.70424,0.63364,-0.95403,-2.34007
1.37336,-0.36940,0.70412,0.63440,-0.95446,-2.34027
1.37334,-0.36913,0.70427,0.63491,-0.95487,-2.34078
1.37332,-0.36887,0.70441,0.63542,-0.95529,-2.34129
1.37340,-0.36865,0.70337,0.63585,-0.95519,-2.34032
1.37348,-0.36843,0.70232,0.63629,-0.95509,-2.33934
1.37329,-0.36920,0.70362,0.63544,-0.95495,-2.34001
1.37309,-0.36998,0.70493,0.63458,-0.95481,-2.34069
1.37336,-0.36820,0.70368,0.63709,-0.95575,-2.34073
1.37362,-0.36643,0.70246,0.63958,-0.95668,-2.34077
1.37368,-0.36594,0.70235,0.64020,-0.95692,-2.34093
1.37374,-0.36546,0.70226,0.64083,-0.95715,-2.34109
1.37376,-0.36499,0.70225,0.64165,-0.95750,-2.34142
1.37377,-0.36452,0.70226,0.64246,-0.95784,-2.34175
1.37378,-0.36416,0.70206,0.64311,-0.95817,-2.34168
1.37378,-0.36381,0.70187,0.64375,-0.95849,-2.34162
1.37387,-0.36332,0.70153,0.64449,-0.95867,-2.34155
1.37396,-0.36284,0.70119,0.64523,-0.95886,-2.34148
1.37395,-0.36266,0.70106,0.64585,-0.95896,-2.34141
1.37394,-0.36247,0.70094,0.64648,-0.95905,-2.34134
1.37407,-0.36169,0.70026,0.64749,-0.95959,-2.34121
1.37421,-0.36091,0.69959,0.64850,-0.96013,-2.34107
1.37413,-0.36088,0.70068,0.64874,-0.96042,-2.34199
1.37405,-0.36086,0.70177,0.64899,-0.96071,-2.34291
1.37429,-0.35956,0.69995,0.65085,-0.96147,-2.34237
1.37452,-0.35826,0.69811,0.65272,-0.96222,-2.34183
1.37462,-0.35821,0.69770,0.65213,-0.96282,-2.34247
1.37471,-0.35815,0.69728,0.65153,-0.96341,-2.34309
1.37466,-0.35888,0.69837,0.65056,-0.96354,-2.34414
1.37460,-0.35960,0.69946,0.64958,-0.96367,-2.34518
1.37464,-0.35949,0.69889,0.64962,-0.96432,-2.34563
1.37468,-0.35938,0.69832,0.64966,-0.96498,-2.34608
1.37470,-0.35998,0.69887,0.64899,-0.96479,-2.34671
1.37471,-0.36058,0.69940,0.64832,-0.96461,-2.34735
1.37481,-0.36019,0.69839,0.64828,-0.96553,-2.34778
1.37490,-0.35981,0.69738,0.64824,-0.96644,-2.34821
1.37498,-0.35971,0.69690,0.64818,-0.96721,-2.34876
1.37506,-0.35961,0.69640,0.64812,-0.96799,-2.34929
1.37511,-0.35989,0.69643,0.64741,-0.96836,-2.34988
1.37515,-0.36017,0.69646,0.64669,-0.96874,-2.35048
1.37524,-0.35977,0.69544,0.64686,-0.96962,-2.35088
1.37533,-0.35936,0.69442,0.64703,-0.97051,-2.35128
1.37526,-0.36063,0.69599,0.64603,-0.96957,-2.35201
1.37519,-0.36191,0.69758,0.64502,-0.96862,-2.35274
1.37522,-0.36209,0.69742,0.64441,-0.96898,-2.35327
1.37525,-0.36227,0.69728,0.64379,-0.96934,-2.35381
1.37529,-0.36238,0.69705,0.64311,-0.96982,-2.35440
1.37533,-0.36249,0.69683,0.64243,-0.97030,-2.35498
1.37537,-0.36299,0.69717,0.64166,-0.97039,-2.35560
1.37540,-0.36349,0.69752,0.64089,-0.97048,-2.35621
1.37545,-0.36363,0.69729,0.64016,-0.97089,-2.35674
1.37549,-0.36378,0.69706,0.63941,-0.97130,-2.35727
1.37556,-0.36365,0.69643,0.63938,-0.97186,-2.35771
1.37563,-0.36353,0.69581,0.63935,-0.97240,-2.35815
1.37568,-0.36380,0.69581,0.63915,-0.97272,-2.35872
1.37573,-0.36406,0.69581,0.63895,-0.97303,-2.35927
1.37576,-0.36452,0.69605,0.63854,-0.97304,-2.35979
1.37581,-0.36497,0.69627,0.63813,-0.97305,-2.36030
1.37583,-0.36512,0.69610,0.63795,-0.97320,-2.36080
1.37585,-0.36527,0.69592,0.63778,-0.97336,-2.36130
1.37588,-0.36535,0.69566,0.63781,-0.97351,-2.36180
1.37590,-0.36544,0.69541,0.63784,-0.97366,-2.36231
1.37592,-0.36553,0.69517,0.63786,-0.97380,-2.36282
1.37595,-0.36561,0.69492,0.63789,-0.97395,-2.36332
1.37597,-0.36570,0.69467,0.63792,-0.97410,-2.36383
1.37599,-0.36579,0.69443,0.63794,-0.97424,-2.36433
1.37601,-0.36588,0.69418,0.63797,-0.97439,-2.36483
1.37603,-0.36597,0.69394,0.63799,-0.97453,-2.36534
1.37605,-0.36606,0.69369,0.63801,-0.97468,-2.36584
1.37608,-0.36616,0.69346,0.63803,-0.97483,-2.36634
1.37610,-0.36625,0.69322,0.63805,-0.97497,-2.36685
1.37612,-0.36634,0.69297,0.63808,-0.97512,-2.36734
1.37614,-0.36644,0.69273,0.63809,-0.97526,-2.36784
1.37616,-0.36653,0.69250,0.63811,-0.97541,-2.36835
1.37618,-0.36663,0.69226,0.63813,-0.97555,-2.36885
1.37620,-0.36672,0.69202,0.63815,-0.97570,-2.36935
1.37622,-0.36682,0.69179,0.63817,-0.97584,-2.36985
1.37624,-0.36692,0.69155,0.63818,-0.97599,-2.37035
1.37626,-0.36702,0.69131,0.63820,-0.97613,-2.37084
1.37628,-0.36712,0.69108,0.63822,-0.97628,-2.37134
1.37630,-0.36722,0.69084,0.63823,-0.97642,-2.37183
1.37632,-0.36732,0.69061,0.63825,-0.97657,-2.37233
1.37634,-0.36742,0.69038,0.63826,-0.97671,-2.37283
1.37635,-0.36752,0.69015,0.63827,-0.97685,-2.37332
1.37637,-0.36762,0.68991,0.63829,-0.97700,-2.37382
1.37639,-0.36773,0.68969,0.63830,-0.97715,-2.37432
1.37641,-0.36783,0.68946,0.63831,-0.97729,-2.37481
1.37643,-0.36794,0.68924,0.63831,-0.97743,-2.37531
1.37644,-0.36805,0.68901,0.63832,-0.97757,-2.37580
1.37646,-0.36816,0.68879,0.63833,-0.97772,-2.37629
1.37648,-0.36826,0.68856,0.63834,-0.97786,-2.37679
1.37650,-0.36837,0.68834,0.63835,-0.97800,-2.37728
1.37651,-0.36848,0.68811,0.63836,-0.97815,-2.37777
1.37653,-0.36859,0.68789,0.63836,-0.97829,-2.37826
1.37655,-0.36870,0.68767,0.63836,-0.97843,-2.37876
1.37656,-0.36882,0.68745,0.63837,-0.97857,-2.37925
1.37658,-0.36893,0.68723,0.63837,-0.97871,-2.37973
1.37659,-0.36904,0.68701,0.63838,-0.97886,-2.38022
1.37661,-0.36916,0.68680,0.63838,-0.97900,-2.38072
1.37662,-0.36927,0.68658,0.63838,-0.97914,-2.38120
1.37664,-0.36938,0.68636,0.63838,-0.97928,-2.38169
1.37666,-0.36950,0.68615,0.63838,-0.97942,-2.38218
1.37667,-0.36962,0.68593,0.63838,-0.97957,-2.38267
1.37669,-0.36974,0.68572,0.63838,-0.97971,-2.38315
1.37670,-0.36986,0.68551,0.63837,-0.97985,-2.38364
1.37671,-0.36997,0.68529,0.63837,-0.97999,-2.38413
1.37673,-0.37009,0.68508,0.63837,-0.98013,-2.38461
1.37674,-0.37022,0.68488,0.63836,-0.98027,-2.38510
1.37676,-0.37034,0.68466,0.63836,-0.98041,-2.38558
1.37677,-0.37046,0.68446,0.63835,-0.98055,-2.38607
1.37678,-0.37058,0.68425,0.63835,-0.98069,-2.38655
1.37680,-0.37071,0.68404,0.63834,-0.98083,-2.38704
1.37681,-0.37083,0.68384,0.63834,-0.98097,-2.38752
1.37682,-0.37096,0.68364,0.63833,-0.98111,-2.38800
1.37683,-0.37109,0.68344,0.63832,-0.98125,-2.38849
1.37685,-0.37121,0.68323,0.63830,-0.98139,-2.38897
1.37686,-0.37134,0.68303,0.63829,-0.98153,-2.38945
1.37687,-0.37147,0.68283,0.63829,-0.98167,-2.38993
1.37688,-0.37160,0.68263,0.63827,-0.98181,-2.39041
1.37689,-0.37173,0.68244,0.63826,-0.98194,-2.39089
1.37691,-0.37186,0.68223,0.63825,-0.98209,-2.39137
1.37692,-0.37199,0.68204,0.63823,-0.98222,-2.39185
1.37693,-0.37213,0.68184,0.63822,-0.98236,-2.39233
1.37694,-0.37227,0.68165,0.63820,-0.98250,-2.39281
1.37695,-0.37239,0.68145,0.63819,-0.98264,-2.39329
1.37696,-0.37253,0.68126,0.63817,-0.98277,-2.39376
